"","ligand","receptor"
"1","1700013F07Rik","Plscr4"
"2","9530003J23Rik","Itgal"
"3","A2m","Lrp1"
"4","Aanat","Mtnr1a"
"5","Aanat","Mtnr1b"
"6","Apoa1","Abca1"
"7","Apoe","Abca1"
"8","Lin7c","Abca1"
"9","Pltp","Abca1"
"10","Rims2","Abca1"
"11","Shank1","Abca1"
"12","Ghrl","Ace2"
"13","Ace","Agtr2"
"14","Ace","Bdkrb2"
"15","Ccl1","Ackr1"
"16","Ccl11","Ackr1"
"17","Ccl17","Ackr1"
"18","Ccl5","Ackr1"
"19","Ccl7","Ackr1"
"20","Ccl8","Ackr1"
"21","Cxcl1","Ackr1"
"22","Cxcl10","Ackr1"
"23","Cxcl11","Ackr1"
"24","Cxcl13","Ackr1"
"25","Cxcl2","Ackr1"
"26","Cxcl3","Ackr1"
"27","Cxcl5","Ackr1"
"28","Cxcl9","Ackr1"
"29","Ppbp","Ackr1"
"30","Ccl11","Ackr2"
"31","Ccl17","Ackr2"
"32","Ccl19","Ackr2"
"33","Ccl21a","Ackr2"
"34","Ccl21d","Ackr2"
"35","Ccl22","Ackr2"
"36","Ccl24","Ackr2"
"37","Ccl25","Ackr2"
"38","Ccl26","Ackr2"
"39","Ccl27a","Ackr2"
"40","Ccl27b","Ackr2"
"41","Ccl28","Ackr2"
"42","Ccl3","Ackr2"
"43","Ccl4","Ackr2"
"44","Ccl5","Ackr2"
"45","Ccl7","Ackr2"
"46","Ccl8","Ackr2"
"47","Ccl9","Ackr2"
"48","Cxcl11","Ackr3"
"49","Cxcl12","Ackr3"
"50","Mif","Ackr3"
"51","Ccl1","Ackr4"
"52","Ccl11","Ackr4"
"53","Ccl19","Ackr4"
"54","Ccl20","Ackr4"
"55","Ccl21a","Ackr4"
"56","Ccl21b","Ackr4"
"57","Ccl21c","Ackr4"
"58","Ccl21d","Ackr4"
"59","Ccl25","Ackr4"
"60","Ccl5","Ackr4"
"61","Ccl7","Ackr4"
"62","Ccl8","Ackr4"
"63","Cxcl13","Ackr4"
"64","Bmp5","Acvr1,Acvr2a"
"65","Bmp6","Acvr1,Acvr2a"
"66","Bmp7","Acvr1,Acvr2a"
"67","Bmp8a","Acvr1,Acvr2a"
"68","Bmp8b","Acvr1,Acvr2a"
"69","Inhba","Acvr1,Acvr2a"
"70","Inhba,Inhbb","Acvr1,Acvr2a"
"71","Inhbb","Acvr1,Acvr2a"
"72","Bmp5","Acvr1,Acvr2b"
"73","Bmp6","Acvr1,Acvr2b"
"74","Bmp7","Acvr1,Acvr2b"
"75","Bmp8a","Acvr1,Acvr2b"
"76","Bmp8b","Acvr1,Acvr2b"
"77","Inhba","Acvr1,Acvr2b"
"78","Inhba,Inhbb","Acvr1,Acvr2b"
"79","Inhbb","Acvr1,Acvr2b"
"80","Amh","Amhr2,Acvr1"
"81","Bmp10","Acvr1"
"82","Bmp15","Acvr1"
"83","Bmp2","Acvr1"
"84","Bmp3","Acvr1"
"85","Bmp4","Acvr1"
"86","Bmp5","Acvr1,Bmpr2"
"87","Bmp6","Acvr1,Bmpr2"
"88","Bmp7","Acvr1,Bmpr2"
"89","Bmp8a","Acvr1,Bmpr2"
"90","Bmp8b","Acvr1,Bmpr2"
"91","Gdf1","Acvr1"
"92","Gdf10","Acvr1"
"93","Gdf2","Acvr1"
"94","Gdf5","Acvr1"
"95","Inha","Acvr1"
"96","Inhbc","Acvr1"
"97","Inhbe","Acvr1"
"98","Lefty1","Acvr1"
"99","Tgfb1","Acvr1,Tgfbr1"
"100","Tgfb1","Tgfbr2,Acvr1"
"101","Tgfb2","Acvr1,Tgfbr1"
"102","Tgfb2","Tgfbr2,Acvr1"
"103","Tgfb3","Acvr1,Tgfbr1"
"104","Tgfb3","Tgfbr2,Acvr1"
"105","Bmp3","Acvr1b,Acvr2a"
"106","Gdf1","Acvr1b,Acvr2a"
"107","Gdf10","Acvr1b,Acvr2a"
"108","Gdf11","Acvr1b,Acvr2a"
"109","Gdf3","Acvr1b,Acvr2a"
"110","Inhba","Acvr1b,Acvr2a"
"111","Inhba,Inhbb","Acvr1b,Acvr2a"
"112","Inhbb","Acvr1b,Acvr2a"
"113","Inhbc","Acvr1b,Acvr2a"
"114","Inhbe","Acvr1b,Acvr2a"
"115","Mstn","Acvr1b,Acvr2a"
"116","Nodal","Acvr1b,Acvr2a"
"117","Gdf1","Acvr1b,Acvr2b"
"118","Gdf10","Acvr1b,Acvr2b"
"119","Gdf11","Acvr1b,Acvr2b"
"120","Gdf3","Acvr1b,Acvr2b"
"121","Inhba","Acvr1b,Acvr2b"
"122","Inhba,Inhbb","Acvr1b,Acvr2b"
"123","Inhbb","Acvr1b,Acvr2b"
"124","Inhbc","Acvr1b,Acvr2b"
"125","Inhbe","Acvr1b,Acvr2b"
"126","Mstn","Acvr1b,Acvr2b"
"127","Nodal","Acvr1b,Acvr2b"
"128","Nodal","Acvr1b,Acvr2b,Tdgf1"
"129","Bmp15","Acvr1b"
"130","Gdf9","Acvr1b,Bmpr2"
"131","Inha","Acvr1b"
"132","Lefty1","Acvr1b"
"133","Lefty2","Acvr1b"
"134","Tgfb1","Acvr1b,Tgfbr2"
"135","Tgfb2","Acvr1b,Tgfbr2"
"136","Tgfb3","Acvr1b,Tgfbr2"
"137","Gdf1","Acvr1c,Acvr2a"
"138","Gdf3","Acvr1c,Acvr2a"
"139","Inhba","Acvr1c,Acvr2a"
"140","Inhba,Inhbb","Acvr1c,Acvr2a"
"141","Inhbb","Acvr1c,Acvr2a"
"142","Inhbc","Acvr1c,Acvr2a"
"143","Inhbe","Acvr1c,Acvr2a"
"144","Nodal","Acvr1c,Acvr2a"
"145","Gdf1","Acvr1c,Acvr2b"
"146","Gdf3","Acvr1c,Acvr2b"
"147","Inhba","Acvr1c,Acvr2b"
"148","Inhba,Inhbb","Acvr1c,Acvr2b"
"149","Inhbb","Acvr1c,Acvr2b"
"150","Inhbc","Acvr1c,Acvr2b"
"151","Inhbe","Acvr1c,Acvr2b"
"152","Nodal","Acvr1c,Acvr2b"
"153","Bmp15","Acvr1c"
"154","Gdf11","Acvr1c"
"155","Gdf9","Acvr1c"
"156","Tdgf1","Acvr1c"
"157","Tgfb1","Acvr1c,Tgfbr2"
"158","Tgfb2","Acvr1c,Tgfbr2"
"159","Tgfb3","Acvr1c,Tgfbr2"
"160","Bmp10","Acvrl1,Acvr2a"
"161","Gdf2","Acvrl1,Acvr2a"
"162","Bmp15","Acvr2a"
"163","Bmp2","Bmpr1a,Acvr2a"
"164","Bmp2","Bmpr1b,Acvr2a"
"165","Bmp4","Bmpr1a,Acvr2a"
"166","Bmp4","Bmpr1b,Acvr2a"
"167","Bmp5","Bmpr1a,Acvr2a"
"168","Bmp5","Bmpr1b,Acvr2a"
"169","Bmp6","Bmpr1a,Acvr2a"
"170","Bmp6","Bmpr1b,Acvr2a"
"171","Bmp7","Bmpr1a,Acvr2a"
"172","Bmp7","Bmpr1b,Acvr2a"
"173","Bmp8a","Bmpr1a,Acvr2a"
"174","Bmp8a","Bmpr1b,Acvr2a"
"175","Bmp8b","Bmpr1a,Acvr2a"
"176","Bmp8b","Bmpr1b,Acvr2a"
"177","Gdf5","Bmpr1a,Acvr2a"
"178","Gdf6","Bmpr1a,Acvr2a"
"179","Gdf7","Bmpr1a,Acvr2a"
"180","Gdf5","Bmpr1b,Acvr2a"
"181","Gdf6","Bmpr1b,Acvr2a"
"182","Gdf7","Bmpr1b,Acvr2a"
"183","Gdf11","Tgfbr1,Acvr2a"
"184","Gdf9","Acvr2a"
"185","Inha","Acvr2a"
"186","Inhbc","Acvr2a"
"187","Inhbe","Acvr2a"
"188","Lefty1","Acvr2a"
"189","Lefty2","Acvr2a"
"190","Mstn","Tgfbr1,Acvr2a"
"191","Tdgf1","Acvr2a"
"192","Bmp10","Acvrl1,Acvr2b"
"193","Gdf2","Acvrl1,Acvr2b"
"194","Bmp15","Acvr2b"
"195","Bmp2","Bmpr1a,Acvr2b"
"196","Bmp2","Bmpr1b,Acvr2b"
"197","Bmp3","Acvr2b"
"198","Bmp4","Bmpr1a,Acvr2b"
"199","Bmp4","Bmpr1b,Acvr2b"
"200","Bmp5","Bmpr1a,Acvr2b"
"201","Bmp5","Bmpr1b,Acvr2b"
"202","Bmp6","Bmpr1a,Acvr2b"
"203","Bmp6","Bmpr1b,Acvr2b"
"204","Bmp7","Bmpr1a,Acvr2b"
"205","Bmp7","Bmpr1b,Acvr2b"
"206","Bmp8a","Bmpr1a,Acvr2b"
"207","Bmp8a","Bmpr1b,Acvr2b"
"208","Bmp8b","Bmpr1a,Acvr2b"
"209","Bmp8b","Bmpr1b,Acvr2b"
"210","Gdf5","Bmpr1a,Acvr2b"
"211","Gdf6","Bmpr1a,Acvr2b"
"212","Gdf7","Bmpr1a,Acvr2b"
"213","Gdf5","Bmpr1b,Acvr2b"
"214","Gdf6","Bmpr1b,Acvr2b"
"215","Gdf7","Bmpr1b,Acvr2b"
"216","Gdf11","Tgfbr1,Acvr2b"
"217","Inha","Acvr2b"
"218","Inhbc","Acvr2b"
"219","Inhbe","Acvr2b"
"220","Lefty1","Acvr2b"
"221","Lefty2","Acvr2b"
"222","Mstn","Tgfbr1,Acvr2b"
"223","Bmp10","Acvrl1,Bmpr2"
"224","Bmp7","Acvrl1"
"225","Gdf2","Acvrl1,Bmpr2"
"226","Tgfb1","Acvrl1"
"227","Tgfb3","Acvrl1"
"228","Ada","Adora1"
"229","Ada","Adora2b"
"230","Ada","Dpp4"
"231","Adam10","Axl"
"232","Adam10","Cadm1"
"233","Adam10","Efna3"
"234","Adam10","Epha3"
"235","Adam10","Erbb2"
"236","Adam10","Fcer2a"
"237","Adam10","Gpnmb"
"238","Adam10","Il6ra"
"239","Adam10","Itgav"
"240","Adam10","Lrp1"
"241","Adam10","Notch1"
"242","Adam10","Notch3"
"243","Adam10","Tspan10"
"244","Adam10","Tspan14"
"245","Adam10","Tspan15"
"246","Adam10","Tspan17"
"247","Adam10","Tspan5"
"248","Adam11","Itga4"
"249","Lgi1","Adam11"
"250","Lgi2","Adam11"
"251","Lgi4","Adam11"
"252","Adam12","Epha1"
"253","Adam12","Itga9"
"254","Adam12","Itgb1"
"255","Adam12","Sdc4"
"256","Adam12","Tgfbr2"
"257","Adam15","Itga5"
"258","Adam15","Itga9"
"259","Adam15","Itgav"
"260","Adam15","Itgb1"
"261","Adam15","Itgb3"
"262","Adam17","Aplp2"
"263","Adam17","Cd40"
"264","Adam17","Cd9"
"265","Adam17","Erbb4"
"266","Adam17","Ghr"
"267","Adam17","Itga5"
"268","Adam17","Itga6"
"269","Adam17","Itgb1"
"270","Adam17","Itgb6"
"271","Adam17","Nectin4"
"272","Adam17","Notch1"
"273","Adam17","Notch2"
"274","Adam17","Rhbdf2"
"275","Timp3","Adam17"
"276","Adam17","Tnfrsf1a"
"277","Adam17","Tnfrsf1b"
"278","Lgi1","Adam22"
"279","Lgi2","Adam22"
"280","Lgi3","Adam22"
"281","Lgi4","Adam22"
"282","Adam23","Itga4"
"283","Adam23","Itga5"
"284","Adam23","Itgb3"
"285","Lgi1","Adam23"
"286","Lgi2","Adam23"
"287","Lgi3","Adam23"
"288","Lgi4","Adam23"
"289","Adam28","Itga4"
"290","Adam29","Itga4"
"291","Adam2","Cd9"
"292","Adam2","Itga6"
"293","Adam2","Itga9"
"294","Adam2","Itgb1"
"295","Adam2","Itgb7"
"296","Adam3","Cd9"
"297","Adam7","Itga4"
"298","Adam7","Itgb7"
"299","Adam9","Itga3"
"300","Adam9","Itga6"
"301","Adam9","Itgav"
"302","Adam9","Itgb1"
"303","Adam9","Itgb5"
"304","Adamts3","Ccbe1"
"305","Adcyap1","Adcyap1r1"
"306","Adcyap1","Adrb2"
"307","Adcyap1","Adrb3"
"308","Adcyap1","Dpp4"
"309","Adcyap1","Gpr20"
"310","Adcyap1","Pth1r"
"311","Adcyap1","Ramp2"
"312","Adcyap1","Ramp3"
"313","Adcyap1","Sctr"
"314","Adcyap1","Tshr"
"315","Adcyap1","Vipr1"
"316","Adcyap1","Vipr2"
"317","Adm","Adcyap1r1"
"318","Adm2","Adcyap1r1"
"319","Avp","Adcyap1r1"
"320","Calca","Adcyap1r1"
"321","Calcb","Adcyap1r1"
"322","Cga","Adcyap1r1"
"323","Crh","Adcyap1r1"
"324","Fshb","Adcyap1r1"
"325","Gcg","Adcyap1r1"
"326","Ghrh","Adcyap1r1"
"327","Gip","Adcyap1r1"
"328","Iapp","Adcyap1r1"
"329","Nps","Adcyap1r1"
"330","Pomc","Adcyap1r1"
"331","Pth","Adcyap1r1"
"332","Pth2","Adcyap1r1"
"333","Pthlh","Adcyap1r1"
"334","Rln1","Adcyap1r1"
"335","Rln3","Adcyap1r1"
"336","Sct","Adcyap1r1"
"337","Tshb","Adcyap1r1"
"338","Vip","Adcyap1r1"
"339","Wnt7a","Adgra2"
"340","Wnt7b","Adgra2"
"341","Adgrb1","Rtn4r"
"342","Adgrb1","Rtn4rl1"
"343","Adgrb1","Rtn4rl2"
"344","Shank1","Adgrb2"
"345","Cd55","Adgre5"
"346","Adgre5","Cd55b"
"347","Tgm2","Adgrg1"
"348","Fam3c","Adgrg5"
"349","Tnfsf9","Adgrg5"
"350","Nrg1","Adgrl1"
"351","Shank1","Adgrl1"
"352","Shank1","Adgrl2"
"353","Edn1","Adgrl4"
"354","Gpha2","Adgrv1"
"355","Ifne","Adgrv1"
"356","Pdgfb","Adgrv1"
"357","Xcl1","Adgrv1"
"358","Adipoq","Adipor1"
"359","Adipoq","Adipor2"
"360","Adipoq","Asgr2"
"361","Adipoq","Cd200r1"
"362","Adipoq","Clec2d"
"363","Adipoq","Cnr2"
"364","Adipoq","Ffar3"
"365","Adipoq","Gpr152"
"366","Adipoq","Prokr2"
"367","Adm2","Adrb2"
"368","Adm2","Adrb3"
"369","Adm2","Calcr"
"370","Adm2","Calcrl"
"371","Adm2","Gpr20"
"372","Adm2","Pth1r"
"373","Adm2","Ramp1"
"374","Adm2","Ramp2"
"375","Adm2","Ramp3"
"376","Adm2","Tshr"
"377","Adm2","Vipr1"
"378","Adm","Adrb2"
"379","Adm","Adrb3"
"380","Adm","Calcr"
"381","Adm","Calcrl"
"382","Adm","Gpr182"
"383","Adm","Gpr20"
"384","Adm","Mrgprx2"
"385","Adm","Pth1r"
"386","Adm","Ramp2"
"387","Adm","Ramp3"
"388","Adm","Tshr"
"389","Adm","Vipr1"
"390","Entpd1","Adora1"
"391","Entpd1","Adora2a"
"392","Nampt","Adora2a"
"393","Entpd1","Adora2b"
"394","Ntn1","Adora2b"
"395","Entpd1","Adora3"
"396","Agt","Adra2a"
"397","Anxa1","Adra2a"
"398","Apln","Adra2a"
"399","App","Adra2a"
"400","C3","Adra2a"
"401","Ccl19","Adra2a"
"402","Ccl20","Adra2a"
"403","Ccl21d","Adra2a"
"404","Ccl27b","Adra2a"
"405","Ccl28","Adra2a"
"406","Ccl9","Adra2a"
"407","Cort","Adra2a"
"408","Cxcl10","Adra2a"
"409","Cxcl11","Adra2a"
"410","Cxcl12","Adra2a"
"411","Cxcl13","Adra2a"
"412","Cxcl5","Adra2a"
"413","Cxcl9","Adra2a"
"414","Gal","Adra2a"
"415","Hc","Adra2a"
"416","Hebp1","Adra2a"
"417","Insl5","Adra2a"
"418","Kng1","Adra2a"
"419","Nms","Adra2a"
"420","Nmu","Adra2a"
"421","Npw","Adra2a"
"422","Npy","Adra2a"
"423","Pdyn","Adra2a"
"424","Penk","Adra2a"
"425","Pmch","Adra2a"
"426","Pnoc","Adra2a"
"427","Pomc","Adra2a"
"428","Ppbp","Adra2a"
"429","Pyy","Adra2a"
"430","Rln3","Adra2a"
"431","Sst","Adra2a"
"432","Apob","Adrb2"
"433","Avp","Adrb2"
"434","Calca","Adrb2"
"435","Calcb","Adrb2"
"436","Cga","Adrb2"
"437","Crh","Adrb2"
"438","Egf","Adrb2"
"439","Fshb","Adrb2"
"440","Gcg","Adrb2"
"441","Ghrh","Adrb2"
"442","Gip","Adrb2"
"443","Iapp","Adrb2"
"444","Il1b","Adrb2"
"445","Nps","Adrb2"
"446","Pomc","Adrb2"
"447","Pth","Adrb2"
"448","Pth2","Adrb2"
"449","Pthlh","Adrb2"
"450","Rln1","Adrb2"
"451","Rln3","Adrb2"
"452","Rps27a","Adrb2"
"453","Sct","Adrb2"
"454","Trf","Adrb2"
"455","Tshb","Adrb2"
"456","Vegfb","Adrb2"
"457","Vip","Adrb2"
"458","Wnt5a","Adrb2"
"459","Avp","Adrb3"
"460","Calca","Adrb3"
"461","Calcb","Adrb3"
"462","Cga","Adrb3"
"463","Crh","Adrb3"
"464","Fshb","Adrb3"
"465","Gcg","Adrb3"
"466","Ghrh","Adrb3"
"467","Gip","Adrb3"
"468","Iapp","Adrb3"
"469","Nps","Adrb3"
"470","Pomc","Adrb3"
"471","Pth","Adrb3"
"472","Pth2","Adrb3"
"473","Pthlh","Adrb3"
"474","Rln1","Adrb3"
"475","Rln3","Adrb3"
"476","Sct","Adrb3"
"477","Tshb","Adrb3"
"478","Vip","Adrb3"
"479","Afdn","Epha7"
"480","Afdn","Ephb2"
"481","Afdn","Ephb3"
"482","Afdn","Ephb6"
"483","Afdn","F11r"
"484","Afdn","Nectin1"
"485","Afdn","Nectin2"
"486","Afdn","Nectin3"
"487","Afdn","Nectin4"
"488","Afdn","Nrxn2"
"489","Afdn","Nrxn3"
"490","Hmgb1","Ager"
"491","S100a9","Ager"
"492","Ttr","Ager"
"493","Agrn","Atp1a3"
"494","Agrn","Dag1"
"495","Agrn","Itgb1"
"496","Agrn","Lrp1"
"497","Agrn","Lrp2"
"498","Agrn","Lrp4"
"499","Agrn","Musk"
"500","Agrp","Mc3r"
"501","Agrp","Mc4r"
"502","Agrp","Mc5r"
"503","Agrp","Sdc3"
"504","Agt","Agtr1a"
"505","Agt","Agtr1b"
"506","Agt","Agtr2"
"507","Agt","Enpep"
"508","Agt","Grm7"
"509","Agt","Lrp2"
"510","Agt","Mas1"
"511","Agt","Mtnr1a"
"512","Cxcl12","Agtr1a"
"513","Hras","Agtr1b"
"514","Timp3","Agtr2"
"515","Agtrap","Rack1"
"516","Icam1","Ahr"
"517","Ahsg","Insr"
"518","Aimp1","Ntrk1"
"519","Alb","B2m,Fcgrt"
"520","Alb","Lrp2"
"521","Cd6","Alcam"
"522","Alcam","Chl1"
"523","Alcam","L1cam"
"524","Alcam","Nrp1"
"525","S100b","Alcam"
"526","Alkal1","Alk"
"527","Alkal2","Alk"
"528","Bmp10","Alk"
"529","Gdf2","Alk"
"530","Mdk","Alk"
"531","Ptn","Alk"
"532","Vcl","Alk"
"533","Alkal1","Ltk"
"534","Alkal2","Ltk"
"535","Ambn","Cd63"
"536","Amelx","Cd63"
"537","Amelx","Lamp1"
"538","Amelx","Lamp2"
"539","Gpi1","Amfr"
"540","Amh","Amhr2,Bmpr1a"
"541","Amh","Amhr2,Bmpr1b"
"542","Amh","Egfr"
"543","Ang","Egfr"
"544","Ang","Plxnb2"
"545","Angpt1","Itga5"
"546","Angpt1","Itgb1"
"547","Angpt1","Tek"
"548","Angpt1","Tie1"
"549","Angpt2","Itga5,Itgb1"
"550","Angpt2","Itgav"
"551","Angpt2","Itgb2"
"552","Angpt2","Tek"
"553","Angpt2","Tie1"
"554","Angpt4","Tek"
"555","Angpt4","Tie1"
"556","Angptl1","Itga1,Itgb1"
"557","Angptl1","Pirb"
"558","Angptl1","Tek"
"559","Angptl2","Itga5,Itgb1"
"560","Angptl2","Pirb"
"561","Angptl2","Tie1"
"562","Angptl2","Tlr4"
"563","Angptl3","Itga5"
"564","Angptl3","Itgav,Itgb3"
"565","Angptl4","Cdh11"
"566","Angptl4","Cdh5"
"567","Angptl4","Gpihbp1"
"568","Angptl4","Itga5,Itgb1"
"569","Angptl4","Itgav,Itgb3"
"570","Angptl4","Sdc1"
"571","Angptl4","Sdc2"
"572","Angptl4","Sdc3"
"573","Angptl4","Sdc4"
"574","Angptl4","Tie1"
"575","Angptl7","Pirb"
"576","Angptl8","Gpihbp1"
"577","Anpep","Sele"
"578","Gdf11","Antxr1"
"579","Wnt5a","Antxr1"
"580","Anxa1","Dysf"
"581","Anxa1","Egfr"
"582","Anxa1","Fpr1"
"583","Anxa1","Fpr2"
"584","Anxa1","Fpr2,Fpr3"
"585","Anxa1","Fpr3"
"586","Anxa1","Grm7"
"587","Anxa1","Mtnr1a"
"588","Anxa2","Cd44"
"589","Wnt3a","Apcdd1"
"590","Apela","Aplnr"
"591","Apln","Aplnr"
"592","Apln","Grm7"
"593","Apln","Mtnr1a"
"594","Pcsk9","Aplp2"
"595","Apoa1","Ldlr"
"596","Apoa1","Lrp1"
"597","Apoa1","Lrp2"
"598","Apoa4","Ldlr"
"599","Apoa4","Lrp1"
"600","Apoa4","Lrp2"
"601","Apob","Apobr"
"602","Apob","Calcr"
"603","Apob","Cd36"
"604","Apob","Eno1"
"605","Apob","Itgam"
"606","Apob","Itgb2"
"607","Apob","Ldlr"
"608","Apob","Lrp1"
"609","Apob","Lrp2"
"610","Apob","Lrp6"
"611","Apob","Lrp8"
"612","Apob","Lsr"
"613","Apob","Scarb1"
"614","Apob","Tlr4"
"615","Apob","Tlr6"
"616","Apob","Vldlr"
"617","Apoc2","Ldlr"
"618","Apoc2","Lrp1"
"619","Apoc2","Lrp2"
"620","Apoc3","Gpihbp1"
"621","Apoc3","Ldlr"
"622","Apoc3","Lrp1"
"623","Apoc3","Lrp2"
"624","Apoc3","Sdc2"
"625","Apoc3","Tlr2"
"626","Apoc4","Vldlr"
"627","Apod","Lepr"
"628","Apoe","Chrna4"
"629","Apoe","Ldlr"
"630","Apoe","Lrp1"
"631","Apoe","Lrp2"
"632","Apoe","Lrp5"
"633","Apoe","Lrp6"
"634","Apoe","Lrp8"
"635","Apoe","Scarb1"
"636","Apoe","Sdc1"
"637","Apoe","Sdc4"
"638","Apoe","Sorl1"
"639","Apoe","Trem2"
"640","Apoe","Vldlr"
"641","Apom","Lrp2"
"642","App","Casr"
"643","App","Cav1"
"644","App","Cd47"
"645","App","Cd74"
"646","App","Dcc"
"647","App","Drd3"
"648","App","Fpr2"
"649","App","Gpc1"
"650","App","Gpr3"
"651","App","Grm7"
"652","App","Lrp1"
"653","App","Lrp10"
"654","App","Lrp2"
"655","App","Lrp4"
"656","App","Lrp6"
"657","App","Lrp8"
"658","App","Mtnr1a"
"659","App","Ncstn"
"660","App","Ngfr"
"661","App","Notch1"
"662","App","Notch2"
"663","App","Slc45a3"
"664","Slit2","App"
"665","App","Sorcs1"
"666","App","Sorl1"
"667","Spon1","App"
"668","App","Tnfrsf21"
"669","App","Trpc6"
"670","App","Tspan12"
"671","App","Tspan15"
"672","App","Vldlr"
"673","Efemp2","Aqp1"
"674","Sertad1","Ar"
"675","Areg","Egfr"
"676","Areg","Egfr,Erbb2"
"677","Areg","Erbb3"
"678","Areg","Erbb4"
"679","Areg","Icam1"
"680","Areg","Igf1r"
"681","Arf1","Chrm3"
"682","Arf1","Insr"
"683","Arf4","Lrp2"
"684","Arf6","Pld1"
"685","Artn","Gfra1"
"686","Artn","Ret,Gfra1"
"687","Artn","Gfra2"
"688","Artn","Gfra3"
"689","Artn","Ret,Gfra3"
"690","Artn","Sdc3"
"691","Hp","Asgr1"
"692","Tg","Asgr1"
"693","F8","Asgr2"
"694","Hp","Asgr2"
"695","Ren1","Asic3"
"696","Ren1","Atp6ap2"
"697","Wnt3a","Atp6ap2"
"698","Avp","Avpr1a"
"699","Avp","Avpr1b"
"700","Avp","Avpr2"
"701","Avp","Gpr20"
"702","Avp","Ldlr"
"703","Avp","Lrp2"
"704","Avp","Oxtr"
"705","Avp","Pth1r"
"706","Avp","Ramp2"
"707","Avp","Ramp3"
"708","Avp","Tshr"
"709","Avp","Vipr1"
"710","Cxcl12","Avpr1a"
"711","Oxt","Avpr1a"
"712","Vip","Avpr1a"
"713","Oxt","Avpr1b"
"714","C1qtnf1","Avpr2"
"715","Oxt","Avpr2"
"716","Gas6","Axl"
"717","Il15ra","Axl"
"718","Pros1","Axl"
"719","Vegfa","Axl"
"720","Azgp1","Itgav"
"721","B2m","Cd247"
"722","B2m","Cd3d"
"723","B2m","Cd3g"
"724","B2m","Hfe"
"725","B2m","Kir3dl1"
"726","B2m","Klrd1"
"727","B2m","Tfrc"
"728","BC055324","Plscr4"
"729","Bag6","Ncr3-ps"
"730","Inhba","Bambi"
"731","Lama5","Bcam"
"732","Bcan","Egfr"
"733","Bcan","Nrcam"
"734","Kng1","Bdkrb1"
"735","Kng2","Bdkrb1"
"736","Kng1","Bdkrb2"
"737","Kng2","Bdkrb2"
"738","Bdnf","Bex3"
"739","Bdnf","Ddr1"
"740","Bdnf","Drd4"
"741","Bdnf","F11r"
"742","Bdnf","Gpr152"
"743","Bdnf","Insrr"
"744","Bdnf","Ncam1"
"745","Bdnf","Ngfr"
"746","Bdnf","Ntrk1"
"747","Bdnf","Ntrk2"
"748","Bdnf","Ntrk3"
"749","Bdnf","Sorcs2"
"750","Bdnf","Sort1"
"751","Ngf","Bex3"
"752","Ntf5","Bex3"
"753","Bgn","Cd44"
"754","Bgn","Fgfr3"
"755","Bgn","Ly96"
"756","Bgn","P2rx4"
"757","Bgn","P2rx7"
"758","Bgn","Tlr1"
"759","Bgn","Tlr2"
"760","Bgn","Tlr4"
"761","Bmp10","Bmpr1a"
"762","Bmp10","Bmpr1b"
"763","Bmp10","Eng"
"764","Bmp10","Ffar2"
"765","Bmp10","Gpr152"
"766","Bmp10","Kir3dl1"
"767","Bmp10","Tgfbr1"
"768","Bmp10","Vsir"
"769","Bmp15","Bmpr1a"
"770","Bmp15","Bmpr1b,Bmpr2"
"771","Bmp15","Tgfbr1"
"772","Bmp2","Bmpr1a,Bmpr2"
"773","Bmp2","Bmpr1b,Bmpr2"
"774","Bmp2","Eng"
"775","Bmp2","Hjv"
"776","Bmp2","Rgmb"
"777","Bmp2","Smo"
"778","Bmp2","Tgfbr3"
"779","Bmp3","Bmpr1a"
"780","Bmp3","Bmpr1b"
"781","Bmp3","Bmpr2"
"782","Bmp4","Bmpr1a,Bmpr2"
"783","Bmp4","Bmpr1b,Bmpr2"
"784","Bmp4","Hjv"
"785","Bmp4","Musk"
"786","Bmp4","Rgmb"
"787","Bmp5","Bmpr1a,Bmpr2"
"788","Bmp5","Bmpr1b,Bmpr2"
"789","Bmp5","Hjv"
"790","Bmp6","Bmpr1a,Bmpr2"
"791","Bmp6","Bmpr1b,Bmpr2"
"792","Bmp6","Hjv"
"793","Bmp7","Bmpr1a,Bmpr2"
"794","Bmp7","Bmpr1b,Bmpr2"
"795","Bmp7","Eng"
"796","Bmp7","Hjv"
"797","Bmp7","Ptprk"
"798","Bmp8a","Bmpr1a,Bmpr2"
"799","Bmp8a","Bmpr1b,Bmpr2"
"800","Bmp8a","Tgfbr1"
"801","Bmp8a","Tgfbr2"
"802","Bmp8b","Bmpr1a,Bmpr2"
"803","Bmp8b","Bmpr1b,Bmpr2"
"804","Bmp8b","Tgfbr2"
"805","Bmpr1b,Bmpr2","Bmpr1a"
"806","Gdf5","Bmpr1a,Bmpr2"
"807","Gdf6","Bmpr1a,Bmpr2"
"808","Gdf7","Bmpr1a,Bmpr2"
"809","Gdf1","Bmpr1a"
"810","Gdf10","Bmpr1a"
"811","Gdf9","Bmpr1a"
"812","Gdf5","Bmpr1b,Bmpr2"
"813","Gdf6","Bmpr1b,Bmpr2"
"814","Gdf7","Bmpr1b,Bmpr2"
"815","Fst","Bmpr1b"
"816","Gdf10","Bmpr1b"
"817","Gdf9","Bmpr1b"
"818","Rgma","Bmpr1b"
"819","Rgmb","Bmpr1b"
"820","Fst","Bmpr2"
"821","Gdf1","Bmpr2"
"822","Gdf9","Tgfbr1,Bmpr2"
"823","Rgma","Bmpr2"
"824","Rgmb","Bmpr2"
"825","Dhh","Boc"
"826","Ihh","Boc"
"827","Shh","Boc"
"828","Grp","Brs3"
"829","Nmb","Brs3"
"830","Bsg","Cav1"
"831","Bsg","Cd44"
"832","Bsg","Itgb2"
"833","Bsg","Sele"
"834","Bsg","Slc16a1"
"835","Bsg","Slc16a7"
"836","Bsg","Spn"
"837","Bst1","Cav1"
"838","Bst2","Pira2"
"839","Btc","Egfr"
"840","Btc","Egfr,Erbb2"
"841","Btc","Erbb2,Erbb4"
"842","Btc","Erbb3"
"843","Btc","Erbb4"
"844","Btla","Cd247"
"845","Btla","Vtcn1"
"846","C1qa","Cd93"
"847","C1qa","Cspg4"
"848","C1qb","Lrp1"
"849","C1qtnf5","Mfrp"
"850","C3","C3ar1"
"851","C3","C5ar2"
"852","C3","Cd19"
"853","C3","Cd55"
"854","C3","Cd81"
"855","C3","Cr2"
"856","C3","Grm7"
"857","C3","Ifitm1"
"858","C3","Itgb2,Itgam"
"859","C3","Itgax,Itgb2"
"860","C3","Lrp1"
"861","C3","Mtnr1a"
"862","C3","Nrp1"
"863","C4a","C3ar1"
"864","C4b","C3ar1"
"865","Cd14","C3ar1"
"866","C4b","C5ar2"
"867","C4b","Cr2"
"868","C4b","Nrp1"
"869","Fn1","C5ar1"
"870","Hc","C5ar1"
"871","Rps19","C5ar1"
"872","Hc","C5ar2"
"873","Ecm1","Cachd1"
"874","Hhipl2","Cachd1"
"875","Lta","Cachd1"
"876","Ncam1","Cacna1c"
"877","Rims1","Cacna1c"
"878","Cadm1","Cadm1"
"879","Cadm3","Cadm1"
"880","Crtam","Cadm1"
"881","Cadm1","Nectin3"
"882","Cadm3","Cadm3"
"883","Cadm3","Cadm4"
"884","Cadm3","Epb41l1"
"885","Cadm3","Nectin1"
"886","Cadm3","Nectin3"
"887","Calca","Calcr"
"888","Calca","Calcrl"
"889","Calca","Calcrl,Ramp1"
"890","Calca","Calcrl,Ramp2"
"891","Calca","Calcrl,Ramp3"
"892","Calca","Gpr20"
"893","Calca","Pth1r"
"894","Calca","Tshr"
"895","Calca","Vipr1"
"896","Calcb","Calcr"
"897","Calcb","Calcrl"
"898","Calcb","Gpr20"
"899","Calcb","Pth1r"
"900","Calcb","Ramp1"
"901","Calcb","Ramp2"
"902","Calcb","Ramp3"
"903","Calcb","Tshr"
"904","Calcb","Vipr1"
"905","Iapp","Calcr"
"906","Mbl2","Calcr"
"907","Iapp","Calcrl"
"908","Calr","Itga2b"
"909","Calr","Itga3"
"910","Calr","Itgav"
"911","Calr","Lrp1"
"912","Calr","Mpl"
"913","Calr","Mtnr1a"
"914","Calr","Scarf1"
"915","Calr","Tshr"
"916","Camp","Egfr"
"917","Camp","Fpr2"
"918","Camp","Igf1r"
"919","Camp","P2rx7"
"920","Retn","Cap1"
"921","Crisp2","Catsper1"
"922","Efemp2","Catsper1"
"923","Ccn1","Cav1"
"924","Egf","Cav1"
"925","Hras","Cav1"
"926","Icam1","Cav1"
"927","Igfbp5","Cav1"
"928","Ptgs2","Cav1"
"929","Shh","Cav1"
"930","Tgfb1","Cav1"
"931","Vegfc","Ccbe1"
"932","Cck","Cckar"
"933","Cck","Cckbr"
"934","Gast","Cckar"
"935","Gast","Cckbr"
"936","Ccl11","Ccr2"
"937","Ccl11","Ccr3"
"938","Ccl11","Ccr5"
"939","Ccl11","Cxcr3"
"940","Ccl11","Dpp4"
"941","Ccl12","Ccr2"
"942","Ccl12","Ccr4"
"943","Ccl17","Ccr4"
"944","Ccl17","Ccr8"
"945","Ccl19","Ccr10"
"946","Ccl19","Ccr7"
"947","Ccl19","Ccrl2"
"948","Ccl19","Cxcr3"
"949","Ccl19","Grm7"
"950","Ccl19","Mtnr1a"
"951","Ccl1","Ccr8"
"952","Ccl20","Ccr6"
"953","Ccl20","Cxcr3"
"954","Ccl20","Grm7"
"955","Ccl20","Mtnr1a"
"956","Ccl21a","Ccr7"
"957","Ccl21a","Cxcr3"
"958","Ccl21b","Ccr7"
"959","Ccl21b","Cxcr3"
"960","Ccl21c","Ccr7"
"961","Ccl21c","Cxcr3"
"962","Ccl21d","Ccr10"
"963","Ccl21d","Ccr7"
"964","Ccl21d","Cxcr3"
"965","Ccl21d","Grm7"
"966","Ccl21d","Mtnr1a"
"967","Ccl22","Ccr4"
"968","Ccl22","Dpp4"
"969","Ccl24","Ccr2"
"970","Ccl24","Ccr3"
"971","Ccl25","Ccr9"
"972","Ccl26","Ccr2"
"973","Ccl26","Ccr3"
"974","Ccl26","Cx3cr1"
"975","Ccl27a","Ccr10"
"976","Ccl27a","Ccr2"
"977","Ccl27a","Ccr3"
"978","Ccl27b","Ccr10"
"979","Ccl27b","Ccr2"
"980","Ccl27b","Ccr3"
"981","Ccl27b","Grm7"
"982","Ccl27b","Mtnr1a"
"983","Ccl28","Ccr10"
"984","Ccl28","Ccr3"
"985","Ccl28","Grm7"
"986","Ccl28","Mtnr1a"
"987","Ccl3","Ccr1"
"988","Ccl3","Ccr1l1"
"989","Ccl3","Ccr3"
"990","Ccl3","Ccr4"
"991","Ccl3","Ccr5"
"992","Ccl3","Ccr8"
"993","Ccl3","Erg28"
"994","Ccl3","Ide"
"995","Ccl3","Pitpnm3"
"996","Ccl4","Ccr1"
"997","Ccl4","Ccr3"
"998","Ccl4","Ccr5"
"999","Ccl4","Ccr8"
"1000","Ccl4","Cnr2"
"1001","Ccl4","Ffar2"
"1002","Ccl4","Ffar3"
"1003","Ccl4","Gpr101"
"1004","Ccl4","Gpr151"
"1005","Ccl4","Gpr152"
"1006","Ccl4","Gprc5d"
"1007","Ccl4","Pgrmc2"
"1008","Ccl4","Slc7a1"
"1009","Ccl4","Vsir"
"1010","Ccl5","Ccr1"
"1011","Ccl5","Ccr1l1"
"1012","Ccl5","Ccr3"
"1013","Ccl5","Ccr4"
"1014","Ccl5","Ccr5"
"1015","Ccl5","Ccrl2"
"1016","Ccl5","Gpr75"
"1017","Ccl6","Ccr1"
"1018","Ccl6","Ccr1l1"
"1019","Ccl6","Ccr2"
"1020","Ccl6","Ccr3"
"1021","Ccl7","Ccr1"
"1022","Ccl7","Ccr10"
"1023","Ccl7","Ccr1l1"
"1024","Ccl7","Ccr2"
"1025","Ccl7","Ccr3"
"1026","Ccl7","Ccr5"
"1027","Ccl7","Cxcr3"
"1028","Ccl8","Ccr1"
"1029","Ccl8","Ccr1l1"
"1030","Ccl8","Ccr2"
"1031","Ccl8","Ccr3"
"1032","Ccl8","Ccr5"
"1033","Ccl8","Ccr8"
"1034","Ccl9","Ccr1"
"1035","Ccl9","Ccr1l1"
"1036","Ccl9","Ccr3"
"1037","Ccl9","Fpr2"
"1038","Ccl9","Grm7"
"1039","Ccl9","Ide"
"1040","Ccl9","Mtnr1a"
"1041","Ccn1","Itga5"
"1042","Ccn1","Itgam"
"1043","Ccn1","Itgav"
"1044","Ccn1","Itgb2"
"1045","Ccn1","Itgb3"
"1046","Ccn1","Itgb5"
"1047","Ccn1","Sdc4"
"1048","Ccn1","Tlr2"
"1049","Ccn2","Egfr"
"1050","Ccn2","Erbb4"
"1051","Ccn2","Fgfr2"
"1052","Ccn2","Igf2r"
"1053","Ccn2","Itga5"
"1054","Ccn2","Itgam"
"1055","Ccn2","Itgb2"
"1056","Ccn2","Lrp1"
"1057","Ccn2","Lrp6"
"1058","Ccn2","Ntrk1"
"1059","Ccn3","Notch1"
"1060","Ccn3","Plxna1"
"1061","Ccn4","Itga5"
"1062","Ccn4","Itgb1"
"1063","Ccn6","Sorl1"
"1064","Cxcl13","Ccr10"
"1065","Pf4","Ccr1"
"1066","Cytl1","Ccr2"
"1067","Defb14","Ccr2"
"1068","Msmp","Ccr2"
"1069","Cxcl10","Ccr3"
"1070","Cxcl11","Ccr3"
"1071","Cxcl9","Ccr3"
"1072","Cklf","Ccr4"
"1073","Cxcl12","Ccr4"
"1074","Cxcl11","Ccr5"
"1075","Il16","Ccr5"
"1076","Defb14","Ccr6"
"1077","Spp1","Ccr8"
"1078","Rarres2","Ccrl2"
"1079","Tgfb1","Cd109"
"1080","Cd14","Cd55"
"1081","Cd14","Itga4"
"1082","Cd14","Itgb1"
"1083","Cd14","Itgb2"
"1084","Cd14","Ly96"
"1085","Cd14","Ripk1"
"1086","Cd14","Tlr2"
"1087","Cd14","Tlr3"
"1088","Cd14","Tlr4"
"1089","Cd14","Tlr6"
"1090","Cd14","Tlr9"
"1091","Dusp18","Cd151"
"1092","Lamb3","Cd151"
"1093","Lamc2","Cd151"
"1094","Mmp7","Cd151"
"1095","Hp","Cd163"
"1096","Tnfsf12","Cd163"
"1097","Ly86","Cd180"
"1098","Ceacam1","Cd1d1"
"1099","Cd1d1","Ceacam5"
"1100","Cd1d2","Pira2"
"1101","Cd200","Cd200r1"
"1102","Cd200","Cd200r2"
"1103","Cd200","Cd200r3"
"1104","Cd209a","Ceacam1"
"1105","Icam5","Cd209a"
"1106","Icam5","Cd209f"
"1107","Itgal","Cd226"
"1108","Itgb2","Cd226"
"1109","Itgb2l","Cd226"
"1110","Cd226","Nectin2"
"1111","Pvr","Cd226"
"1112","Ptpn6","Cd22"
"1113","Ptprc","Cd22"
"1114","St6gal1","Cd22"
"1115","Cd48","Cd244a"
"1116","Fyn","Cd244a"
"1117","Mmrn2","Cd248"
"1118","Cd24a","Selp"
"1119","Cd80","Cd274"
"1120","Pdcd1","Cd274"
"1121","Cd28","Cd80"
"1122","Cd28","Cd86"
"1123","Icosl","Cd28"
"1124","Il12a","Cd28"
"1125","Cd48","Cd2"
"1126","Cd34","Sele"
"1127","Sell","Cd34"
"1128","Selp","Cd34"
"1129","Col1a1","Cd36"
"1130","Col1a2","Cd36"
"1131","Comp","Cd36"
"1132","Thbs1","Cd36"
"1133","Thbs2","Cd36"
"1134","Thbs3","Cd36"
"1135","Thbs4","Cd36"
"1136","Cd36","Tlr4"
"1137","Cd36","Tlr6"
"1138","Wnt1","Cd36"
"1139","Pecam1","Cd38"
"1140","Cd40lg","Cd40"
"1141","Htra2","Cd40"
"1142","Lgals9","Cd40"
"1143","Ltb","Cd40"
"1144","Tnf","Cd40"
"1145","Tnfsf13b","Cd40"
"1146","Cd40lg","Itga2b,Itgb3"
"1147","Cd40lg","Itgb1,Itga5"
"1148","Cd40lg","Itgam,Itgb2"
"1149","Cd40lg","Traf1"
"1150","Cd40lg","Traf2"
"1151","Cd40lg","Traf3"
"1152","Mif","Cd74,Cd44"
"1153","Col14a1","Cd44"
"1154","Col1a1","Cd44"
"1155","Col1a2","Cd44"
"1156","Col2a1","Cd44"
"1157","Col4a1","Cd44"
"1158","Col4a2","Cd44"
"1159","Col4a3","Cd44"
"1160","Col4a4","Cd44"
"1161","Col4a5","Cd44"
"1162","Col4a6","Cd44"
"1163","Col6a1","Cd44"
"1164","Col6a2","Cd44"
"1165","Col6a3","Cd44"
"1166","Col6a4","Cd44"
"1167","Col6a5","Cd44"
"1168","Col6a6","Cd44"
"1169","Col9a1","Cd44"
"1170","Col9a2","Cd44"
"1171","Col9a3","Cd44"
"1172","Egf","Cd44"
"1173","Fgf1","Cd44"
"1174","Fgf2","Cd44"
"1175","Fgfr2","Cd44"
"1176","Fn1","Cd44"
"1177","Has2","Cd44"
"1178","Hbegf","Cd44"
"1179","Hgf","Cd44"
"1180","Lama1","Cd44"
"1181","Lama2","Cd44"
"1182","Lama3","Cd44"
"1183","Lama4","Cd44"
"1184","Lama5","Cd44"
"1185","Lamb1","Cd44"
"1186","Lamb2","Cd44"
"1187","Lamb3","Cd44"
"1188","Lamc1","Cd44"
"1189","Lamc2","Cd44"
"1190","Lamc3","Cd44"
"1191","Lgals9","Cd44"
"1192","Lpl","Cd44"
"1193","Mmp1a","Cd44"
"1194","Mmp7","Cd44"
"1195","Mmp9","Cd44"
"1196","Prg4","Cd44"
"1197","Psen1","Cd44"
"1198","Sele","Cd44"
"1199","Spp1","Cd44"
"1200","Vcan","Cd44"
"1201","Col4a1","Cd47"
"1202","Col4a3","Cd47"
"1203","Col4a4","Cd47"
"1204","Col4a5","Cd47"
"1205","Col4a6","Cd47"
"1206","Comp","Cd47"
"1207","Sirpa","Cd47"
"1208","Cd47","Sirpa,Tyrobp"
"1209","Thbs1","Cd47"
"1210","Thbs2","Cd47"
"1211","Thbs3","Cd47"
"1212","Thbs4","Cd47"
"1213","Vtn","Cd47"
"1214","Il18","Cd48"
"1215","Cxcl12","Cd4"
"1216","H2-Aa","Cd4"
"1217","H2-Ab1","Cd4"
"1218","H2-DMa","Cd4"
"1219","H2-DMb1","Cd4"
"1220","H2-DMb2","Cd4"
"1221","H2-Ea","Cd4"
"1222","H2-Eb1","Cd4"
"1223","H2-Oa","Cd4"
"1224","H2-Ob","Cd4"
"1225","Il16","Cd4"
"1226","Slpi","Cd4"
"1227","Siglecg","Cd52"
"1228","Il2","Cd53"
"1229","Il4","Cd53"
"1230","Cd5l","Cd5"
"1231","Cd72","Cd5"
"1232","Enam","Cd63"
"1233","Timp1","Cd63"
"1234","Lgals1","Cd69"
"1235","Myl9","Cd69"
"1236","Cd72","Sema4d"
"1237","Copa","Cd74"
"1238","Mif","Cd74,Cxcr2"
"1239","Mif","Cd74,Cxcr4"
"1240","Mif","Cd74"
"1241","Ctla4","Cd80"
"1242","Gpc3","Cd81"
"1243","Hbegf","Cd82"
"1244","Fgfr2","Cd83"
"1245","Cd84","Cd84"
"1246","Ctla4","Cd86"
"1247","Lck","Cd8a,Cd8b1"
"1248","Ceacam1","Cd8a"
"1249","Cd8a","Ceacam5"
"1250","Gm10499","Cd8a"
"1251","Gm11127","Cd8a"
"1252","Gm7030","Cd8a"
"1253","Gm8909","Cd8a"
"1254","H2-Bl","Cd8a"
"1255","H2-D1","Cd8a"
"1256","H2-K1","Cd8a"
"1257","H2-M1","Cd8a"
"1258","H2-M10.1","Cd8a"
"1259","H2-M10.2","Cd8a"
"1260","H2-M10.3","Cd8a"
"1261","H2-M10.4","Cd8a"
"1262","H2-M10.5","Cd8a"
"1263","H2-M10.6","Cd8a"
"1264","H2-M11","Cd8a"
"1265","H2-M2","Cd8a"
"1266","H2-M3","Cd8a"
"1267","H2-M5","Cd8a"
"1268","H2-M9","Cd8a"
"1269","H2-Q1","Cd8a"
"1270","H2-Q10","Cd8a"
"1271","H2-Q2","Cd8a"
"1272","H2-Q4","Cd8a"
"1273","H2-Q6","Cd8a"
"1274","H2-Q7","Cd8a"
"1275","H2-T-ps","Cd8a"
"1276","H2-T10","Cd8a"
"1277","H2-T22","Cd8a"
"1278","H2-T23","Cd8a"
"1279","H2-T24","Cd8a"
"1280","H2-T3","Cd8a"
"1281","Lnx2","Cd8a"
"1282","Gm10499","Cd8b1"
"1283","Gm11127","Cd8b1"
"1284","Gm7030","Cd8b1"
"1285","Gm8909","Cd8b1"
"1286","H2-Bl","Cd8b1"
"1287","H2-D1","Cd8b1"
"1288","H2-K1","Cd8b1"
"1289","H2-M1","Cd8b1"
"1290","H2-M10.1","Cd8b1"
"1291","H2-M10.2","Cd8b1"
"1292","H2-M10.3","Cd8b1"
"1293","H2-M10.4","Cd8b1"
"1294","H2-M10.5","Cd8b1"
"1295","H2-M10.6","Cd8b1"
"1296","H2-M11","Cd8b1"
"1297","H2-M2","Cd8b1"
"1298","H2-M3","Cd8b1"
"1299","H2-M5","Cd8b1"
"1300","H2-M9","Cd8b1"
"1301","H2-Q1","Cd8b1"
"1302","H2-Q10","Cd8b1"
"1303","H2-Q2","Cd8b1"
"1304","H2-Q4","Cd8b1"
"1305","H2-Q6","Cd8b1"
"1306","H2-Q7","Cd8b1"
"1307","H2-T-ps","Cd8b1"
"1308","H2-T10","Cd8b1"
"1309","H2-T22","Cd8b1"
"1310","H2-T23","Cd8b1"
"1311","H2-T24","Cd8b1"
"1312","H2-T3","Cd8b1"
"1313","Col1a1","Cd93"
"1314","Col1a2","Cd93"
"1315","Col4a1","Cd93"
"1316","Col4a2","Cd93"
"1317","Col4a3","Cd93"
"1318","Col4a4","Cd93"
"1319","Col4a5","Cd93"
"1320","Col4a6","Cd93"
"1321","F12","Cd93"
"1322","Kng1","Cd93"
"1323","Mbl2","Cd93"
"1324","Mmrn2","Cd93"
"1325","Sftpa1","Cd93"
"1326","Nectin1","Cd96"
"1327","Nectin2","Cd96"
"1328","Pvr","Cd96"
"1329","Hbegf","Cd9"
"1330","Izumo1","Cd9"
"1331","Cd9","L1cam"
"1332","Ptn","Cdh10"
"1333","Cdh15","Cdh15"
"1334","Mia","Cdh19"
"1335","Cdh1","Cdh1"
"1336","Cdh1","Cdh2"
"1337","Cdh1","Egfr"
"1338","Cdh1","Erbb3"
"1339","Cdh1","Fgfr1"
"1340","Cdh1","Igf1r"
"1341","Cdh1","Itga1,Itgb1"
"1342","Cdh1","Itgb1,Itga2"
"1343","Cdh1","Itgb7,Itgae"
"1344","Cdh1","Klrg1"
"1345","Cdh1","Lrp5"
"1346","Cdh1","Ptprf"
"1347","Cdh1","Ptprj"
"1348","Cdh1","Ptprm"
"1349","Cdh2","Cdh2"
"1350","Ncan","Cdh2"
"1351","Cdh3","Cdh3"
"1352","Cdh4","Cdh4"
"1353","Cdh5","Cdh5"
"1354","Fga","Cdh5"
"1355","Mmp7","Cdh6"
"1356","Mia","Cdh7"
"1357","Dhh","Cdon"
"1358","Ihh","Cdon"
"1359","Ntn3","Cdon"
"1360","Shh","Cdon"
"1361","Ceacam16","Tecta"
"1362","Ceacam16","Tectb"
"1363","Ceacam1","Ceacam1"
"1364","Ceacam1","Ceacam5"
"1365","Ceacam1","Havcr2"
"1366","Ceacam1","Plaur"
"1367","Ceacam1","Sdc4"
"1368","Ceacam1","Sele"
"1369","Cel","Cxcr4"
"1370","Cela3b","Chrm3"
"1371","Psap","Celsr1"
"1372","Tnf","Celsr2"
"1373","Csf1","Celsr3"
"1374","Wnt7a","Celsr3"
"1375","Wnt7b","Celsr3"
"1376","Cer1","Mrc2"
"1377","Cfh","Itgam"
"1378","Cfh","Sell"
"1379","Cfp","Ncr1"
"1380","Cga","Fshr"
"1381","Cga","Gpr20"
"1382","Cga","Lhcgr"
"1383","Cga","Pth1r"
"1384","Cga","Ramp2"
"1385","Cga","Ramp3"
"1386","Cga","Sirpa"
"1387","Cga","Tshr"
"1388","Cga","Vipr1"
"1389","Cgn","F11r"
"1390","Cgn","Ocln"
"1391","Cgn","Tgfbr1"
"1392","Cgn","Tgfbr2"
"1393","Chad","Itga2,Itgb1"
"1394","Gzmb","Chrm3"
"1395","Hspg2","Chrm3"
"1396","Slurp1","Chrna10"
"1397","Slurp2","Chrna10"
"1398","Slurp1","Chrna1"
"1399","Slurp2","Chrna1"
"1400","Slurp1","Chrna2"
"1401","Slurp2","Chrna2"
"1402","Slurp1","Chrna3"
"1403","Slurp2","Chrna3"
"1404","Slurp1","Chrna4"
"1405","Slurp2","Chrna4"
"1406","Slurp1","Chrna5"
"1407","Slurp2","Chrna5"
"1408","Slurp1","Chrna6"
"1409","Slurp2","Chrna6"
"1410","Slurp1","Chrna7"
"1411","Slurp2","Chrna7"
"1412","Zp3","Chrna7"
"1413","Slurp1","Chrna9"
"1414","Slurp2","Chrna9"
"1415","Slurp1","Chrnb1"
"1416","Slurp2","Chrnb1"
"1417","Slurp1","Chrnb2"
"1418","Slurp2","Chrnb2"
"1419","Slurp1","Chrnb3"
"1420","Slurp2","Chrnb3"
"1421","Slurp1","Chrnb4"
"1422","Slurp2","Chrnb4"
"1423","Slurp1","Chrnd"
"1424","Slurp2","Chrnd"
"1425","Slurp1","Chrne"
"1426","Slurp2","Chrne"
"1427","Slurp1","Chrng"
"1428","Slurp2","Chrng"
"1429","Cklf","Lrp6"
"1430","Clcf1,Crlf1","Cntfr,Il6st"
"1431","Clcf1","Cntfr,Lifr,Il6st"
"1432","Clcf1","Cntfr,Lifr"
"1433","Cldn11","Cldn11"
"1434","Shbg","Cldn4"
"1435","Clec11a","Itga10"
"1436","Clec11a","Itga11"
"1437","Clec11a","Itgb1"
"1438","Clec11a","Kit"
"1439","Mmrn2","Clec14a"
"1440","Fam3c","Clec2d"
"1441","Klrb1","Clec2d"
"1442","Clec2d","Klrb1b"
"1443","Clec2f","Klrb1f"
"1444","Clec2g","Klrb1"
"1445","Clec2g","Klrb1f"
"1446","Clec2h","Klrb1"
"1447","Clec2i","Klrb1"
"1448","Clec2i","Klrb1f"
"1449","Clec3a","Mgl2"
"1450","Clec4g","Lag3"
"1451","Clec4g","Tyrobp"
"1452","Lgals9","Clec7a"
"1453","Clu","Lrp2"
"1454","Clu","Lrp8"
"1455","Clu","Vldlr"
"1456","Cxcl12","Cmklr1"
"1457","Rarres2","Cmklr1"
"1458","Tcn2","Cnr1"
"1459","Cntf","Cntfr,Il6st"
"1460","Cntf","Cntfr,Lifr,Il6st"
"1461","Cntf","Cntfr,Lifr"
"1462","Cntf","Egfr"
"1463","Cntf","Il6ra"
"1464","Cntf","Lifr,Il6st"
"1465","Cntn2","Cntn1"
"1466","Nfasc","Cntn1,Cntnap1"
"1467","L1cam","Cntn1"
"1468","Cntn1","Notch1"
"1469","Cntn1","Notch2"
"1470","Cntn1","Nrcam"
"1471","Cntn1","Ptprz1"
"1472","Tnc","Cntn1"
"1473","Cntn2","Cntn2"
"1474","Cntn2","Cntn2,Cntnap2"
"1475","Cntn2","L1cam"
"1476","Cntn2","Nrcam"
"1477","Cntn2","Nrp1"
"1478","Cntn4","Ptprg"
"1479","Cntn6","Notch1"
"1480","Rtn4","Cntnap1"
"1481","Col11a1","Ddr1"
"1482","Col11a1","Itgb1,Itga10"
"1483","Col11a1","Itgb1,Itga11"
"1484","Col11a1","Itgb1,Itga1"
"1485","Col11a1","Itgb1,Itga2"
"1486","Col11a2","Itgb1,Itga10"
"1487","Col11a2","Itgb1,Itga11"
"1488","Col11a2","Itgb1,Itga1"
"1489","Col11a2","Itgb1,Itga2"
"1490","Col12a1","Itgb1,Itga10"
"1491","Col12a1","Itgb1,Itga11"
"1492","Col12a1","Itgb1,Itga1"
"1493","Col12a1","Itgb1,Itga2"
"1494","Fn1","Col13a1"
"1495","Hspg2","Col13a1"
"1496","Col13a1","Itgb1,Itga10"
"1497","Col13a1","Itgb1,Itga11"
"1498","Col13a1","Itgb1,Itga1"
"1499","Col13a1","Itgb1,Itga2"
"1500","Nid1","Col13a1"
"1501","Nid2","Col13a1"
"1502","Col14a1","Itgb1,Itga10"
"1503","Col14a1","Itgb1,Itga11"
"1504","Col14a1","Itgb1,Itga1"
"1505","Col14a1","Itgb1,Itga2"
"1506","Col15a1","Itgb1,Itga10"
"1507","Col15a1","Itgb1,Itga11"
"1508","Col15a1","Itgb1,Itga1"
"1509","Col15a1","Itgb1,Itga2"
"1510","Col16a1","Itgb1,Itga10"
"1511","Col16a1","Itgb1,Itga11"
"1512","Col16a1","Itgb1,Itga1"
"1513","Col16a1","Itgb1,Itga2"
"1514","Col17a1","Itgb1,Itga10"
"1515","Col17a1","Itgb1,Itga11"
"1516","Col17a1","Itgb1,Itga1"
"1517","Col17a1","Itgb1,Itga2"
"1518","Lamb3","Col17a1"
"1519","Lamc2","Col17a1"
"1520","Col18a1","Gpc1"
"1521","Col18a1","Gpc4"
"1522","Col18a1","Itgb1,Itga10"
"1523","Col18a1","Itgb1,Itga11"
"1524","Col18a1","Itgb1,Itga1"
"1525","Col18a1","Itgb1,Itga2"
"1526","Col18a1","Itga3"
"1527","Col18a1","Itga5"
"1528","Col18a1","Itgb3"
"1529","Col18a1","Itgb5"
"1530","Col18a1","Kdr"
"1531","Col18a1","Ptprs"
"1532","Col19a1","Itgb1,Itga10"
"1533","Col19a1","Itgb1,Itga11"
"1534","Col19a1","Itgb1,Itga1"
"1535","Col19a1","Itgb1,Itga2"
"1536","Col1a1","Ddr1"
"1537","Col1a1","Ddr2"
"1538","Col1a1","Flt4"
"1539","Col1a1","Gp6"
"1540","Col1a1","Itgb1,Itga10"
"1541","Col1a1","Itgb1,Itga11"
"1542","Col1a1","Itgb1,Itga1"
"1543","Col1a1","Itgb1,Itga2"
"1544","Col1a1","Itga3,Itgb1"
"1545","Col1a1","Itga5"
"1546","Col1a1","Itga9,Itgb1"
"1547","Col1a1","Itgav,Itgb8"
"1548","Col1a1","Sdc1"
"1549","Col1a1","Sdc4"
"1550","Col1a1","Tmprss6"
"1551","Col1a2","Flt4"
"1552","Col1a2","Gp6"
"1553","Col1a2","Itgb1,Itga10"
"1554","Col1a2","Itgb1,Itga11"
"1555","Col1a2","Itgb1,Itga1"
"1556","Col1a2","Itgb1,Itga2"
"1557","Col1a2","Itga2b"
"1558","Col1a2","Itga3,Itgb1"
"1559","Col1a2","Itga9,Itgb1"
"1560","Col1a2","Itgav,Itgb8"
"1561","Col1a2","Itgb3"
"1562","Col1a2","Sdc1"
"1563","Col1a2","Sdc4"
"1564","Col20a1","Itgb1,Itga10"
"1565","Col20a1","Itgb1,Itga11"
"1566","Col20a1","Itgb1,Itga1"
"1567","Col20a1","Itgb1,Itga2"
"1568","Col26a1","Itgb1,Itga10"
"1569","Col26a1","Itgb1,Itga11"
"1570","Col26a1","Itgb1,Itga1"
"1571","Col26a1","Itgb1,Itga2"
"1572","Col27a1","Itgb1,Itga10"
"1573","Col27a1","Itgb1,Itga11"
"1574","Col27a1","Itgb1,Itga1"
"1575","Col27a1","Itgb1,Itga2"
"1576","Col28a1","Itgb1,Itga10"
"1577","Col28a1","Itgb1,Itga11"
"1578","Col28a1","Itgb1,Itga1"
"1579","Col28a1","Itgb1,Itga2"
"1580","Col2a1","Ddr1"
"1581","Col2a1","Gp6"
"1582","Col2a1","Itgb1,Itga10"
"1583","Col2a1","Itgb1,Itga11"
"1584","Col2a1","Itgb1,Itga1"
"1585","Col2a1","Itgb1,Itga2"
"1586","Col2a1","Itga2b"
"1587","Col2a1","Itga3,Itgb1"
"1588","Col2a1","Itga9,Itgb1"
"1589","Col2a1","Itgav,Itgb8"
"1590","Col2a1","Mag"
"1591","Col2a1","Sdc1"
"1592","Col2a1","Sdc4"
"1593","Col3a1","Ddr1"
"1594","Col3a1","Ddr2"
"1595","Col3a1","Itgb1,Itga10"
"1596","Col3a1","Itgb1,Itga11"
"1597","Col3a1","Itgb1,Itga1"
"1598","Col3a1","Itgb1,Itga2"
"1599","Col3a1","Mag"
"1600","Col4a1","Gp6"
"1601","Col4a1","Itgb1,Itga10"
"1602","Col4a1","Itgb1,Itga11"
"1603","Col4a1","Itgb1,Itga1"
"1604","Col4a1","Itgb1,Itga2"
"1605","Col4a1","Itga3,Itgb1"
"1606","Col4a1","Itga9,Itgb1"
"1607","Col4a1","Itgav,Itgb8"
"1608","Col4a1","Sdc1"
"1609","Col4a1","Sdc4"
"1610","Col4a2","Gp6"
"1611","Col4a2","Itgb1,Itga10"
"1612","Col4a2","Itgb1,Itga11"
"1613","Col4a2","Itgb1,Itga1"
"1614","Col4a2","Itgb1,Itga2"
"1615","Col4a2","Itga3,Itgb1"
"1616","Col4a2","Itga9,Itgb1"
"1617","Col4a2","Itgav,Itgb8"
"1618","Col4a2","Itgb3"
"1619","Col4a2","Itgb5"
"1620","Col4a2","Sdc1"
"1621","Col4a2","Sdc4"
"1622","Col4a3","Gp6"
"1623","Col4a3","Itgb1,Itga10"
"1624","Col4a3","Itgb1,Itga11"
"1625","Col4a3","Itgb1,Itga1"
"1626","Col4a3","Itgb1,Itga2"
"1627","Col4a3","Itga3,Itgb1"
"1628","Col4a3","Itga9,Itgb1"
"1629","Col4a3","Itgav,Itgb8"
"1630","Col4a3","Itgb3"
"1631","Col4a3","Sdc1"
"1632","Col4a3","Sdc4"
"1633","Col4a4","Gp6"
"1634","Col4a4","Itgb1,Itga10"
"1635","Col4a4","Itgb1,Itga11"
"1636","Col4a4","Itgb1,Itga1"
"1637","Col4a4","Itgb1,Itga2"
"1638","Col4a4","Itga3,Itgb1"
"1639","Col4a4","Itga9,Itgb1"
"1640","Col4a4","Itgav,Itgb8"
"1641","Col4a4","Itgb3"
"1642","Col4a4","Sdc1"
"1643","Col4a4","Sdc4"
"1644","Col4a5","Gp6"
"1645","Col4a5","Itgb1,Itga10"
"1646","Col4a5","Itgb1,Itga11"
"1647","Col4a5","Itgb1,Itga1"
"1648","Col4a5","Itgb1,Itga2"
"1649","Col4a5","Itga3,Itgb1"
"1650","Col4a5","Itga9,Itgb1"
"1651","Col4a5","Itgav,Itgb8"
"1652","Col4a5","Sdc1"
"1653","Col4a5","Sdc4"
"1654","Col4a6","Gp6"
"1655","Col4a6","Itgb1,Itga10"
"1656","Col4a6","Itgb1,Itga11"
"1657","Col4a6","Itgb1,Itga1"
"1658","Col4a6","Itgb1,Itga2"
"1659","Col4a6","Itga3,Itgb1"
"1660","Col4a6","Itga9,Itgb1"
"1661","Col4a6","Itgav,Itgb8"
"1662","Col4a6","Sdc1"
"1663","Col4a6","Sdc4"
"1664","Col5a1","Itgb1,Itga10"
"1665","Col5a1","Itgb1,Itga11"
"1666","Col5a1","Itgb1,Itga1"
"1667","Col5a1","Itgb1,Itga2"
"1668","Col5a1","Sdc3"
"1669","Col5a2","Ddr1"
"1670","Col5a2","Itgb1,Itga10"
"1671","Col5a2","Itgb1,Itga11"
"1672","Col5a2","Itgb1,Itga1"
"1673","Col5a2","Itgb1,Itga2"
"1674","Col5a3","Itgb1,Itga10"
"1675","Col5a3","Itgb1,Itga11"
"1676","Col5a3","Itgb1,Itga1"
"1677","Col5a3","Itgb1,Itga2"
"1678","Col5a3","Sdc3"
"1679","Col6a1","Gp6"
"1680","Col6a1","Itgb1,Itga10"
"1681","Col6a1","Itgb1,Itga11"
"1682","Col6a1","Itgb1,Itga1"
"1683","Col6a1","Itgb1,Itga2"
"1684","Col6a1","Itga3,Itgb1"
"1685","Col6a1","Itga6"
"1686","Col6a1","Itga9,Itgb1"
"1687","Col6a1","Itgav,Itgb8"
"1688","Col6a1","Sdc1"
"1689","Col6a1","Sdc4"
"1690","Col6a2","Gp6"
"1691","Col6a2","Itgb1,Itga10"
"1692","Col6a2","Itgb1,Itga11"
"1693","Col6a2","Itgb1,Itga1"
"1694","Col6a2","Itgb1,Itga2"
"1695","Col6a2","Itga3,Itgb1"
"1696","Col6a2","Itga9,Itgb1"
"1697","Col6a2","Itgav,Itgb8"
"1698","Col6a2","Sdc1"
"1699","Col6a2","Sdc4"
"1700","Col6a3","Gp6"
"1701","Col6a3","Itgb1,Itga10"
"1702","Col6a3","Itgb1,Itga11"
"1703","Col6a3","Itgb1,Itga1"
"1704","Col6a3","Itgb1,Itga2"
"1705","Col6a3","Itga3,Itgb1"
"1706","Col6a3","Itga9,Itgb1"
"1707","Col6a3","Itgav,Itgb8"
"1708","Col6a3","Sdc1"
"1709","Col6a3","Sdc4"
"1710","Col6a4","Gp6"
"1711","Col6a4","Itga10,Itgb1"
"1712","Col6a4","Itga11,Itgb1"
"1713","Col6a4","Itga1,Itgb1"
"1714","Col6a4","Itga2,Itgb1"
"1715","Col6a4","Itga3,Itgb1"
"1716","Col6a4","Itga9,Itgb1"
"1717","Col6a4","Itgav,Itgb8"
"1718","Col6a4","Sdc1"
"1719","Col6a4","Sdc4"
"1720","Col6a5","Gp6"
"1721","Col6a5","Itgb1,Itga10"
"1722","Col6a5","Itgb1,Itga11"
"1723","Col6a5","Itgb1,Itga1"
"1724","Col6a5","Itgb1,Itga2"
"1725","Col6a5","Itga3,Itgb1"
"1726","Col6a5","Itga9,Itgb1"
"1727","Col6a5","Itgav,Itgb8"
"1728","Col6a5","Sdc1"
"1729","Col6a5","Sdc4"
"1730","Col6a6","Gp6"
"1731","Col6a6","Itgb1,Itga10"
"1732","Col6a6","Itgb1,Itga11"
"1733","Col6a6","Itgb1,Itga1"
"1734","Col6a6","Itgb1,Itga2"
"1735","Col6a6","Itga3,Itgb1"
"1736","Col6a6","Itga9,Itgb1"
"1737","Col6a6","Itgav,Itgb8"
"1738","Col6a6","Sdc1"
"1739","Col6a6","Sdc4"
"1740","Col8a1","Itgb1,Itga10"
"1741","Col8a1","Itgb1,Itga11"
"1742","Col8a1","Itgb1,Itga1"
"1743","Col8a1","Itgb1,Itga2"
"1744","Col8a2","Itgb1,Itga10"
"1745","Col8a2","Itgb1,Itga11"
"1746","Col8a2","Itgb1,Itga1"
"1747","Col8a2","Itgb1,Itga2"
"1748","Col9a1","Gp6"
"1749","Col9a1","Itgb1,Itga10"
"1750","Col9a1","Itgb1,Itga11"
"1751","Col9a1","Itgb1,Itga1"
"1752","Col9a1","Itgb1,Itga2"
"1753","Col9a1","Itga3,Itgb1"
"1754","Col9a1","Itga9,Itgb1"
"1755","Col9a1","Itgav,Itgb8"
"1756","Col9a1","Mag"
"1757","Col9a1","Sdc1"
"1758","Col9a1","Sdc4"
"1759","Col9a2","Gp6"
"1760","Col9a2","Itgb1,Itga10"
"1761","Col9a2","Itgb1,Itga11"
"1762","Col9a2","Itgb1,Itga1"
"1763","Col9a2","Itgb1,Itga2"
"1764","Col9a2","Itga3,Itgb1"
"1765","Col9a2","Itga9,Itgb1"
"1766","Col9a2","Itgav,Itgb8"
"1767","Col9a2","Mag"
"1768","Col9a2","Sdc1"
"1769","Col9a2","Sdc4"
"1770","Col9a3","Gp6"
"1771","Col9a3","Itga10,Itgb1"
"1772","Col9a3","Itga11,Itgb1"
"1773","Col9a3","Itga1,Itgb1"
"1774","Col9a3","Itga2,Itgb1"
"1775","Col9a3","Itga3,Itgb1"
"1776","Col9a3","Itga9,Itgb1"
"1777","Col9a3","Itgav,Itgb8"
"1778","Col9a3","Mag"
"1779","Col9a3","Sdc1"
"1780","Col9a3","Sdc4"
"1781","Colq","Musk"
"1782","Comp","Itga2b"
"1783","Comp","Itga3,Itgb1"
"1784","Comp","Itga5"
"1785","Comp","Itga7"
"1786","Comp","Itgav,Itgb3"
"1787","Comp","Notch1"
"1788","Comp","Notch3"
"1789","Comp","Sdc1"
"1790","Comp","Sdc4"
"1791","Copa","Egfr"
"1792","Copa","Mtnr1b"
"1793","Copa","Ntrk1"
"1794","Copa","Ntsr2"
"1795","Copa","P2ry6"
"1796","Copa","Sort1"
"1797","Cort","Ghsr"
"1798","Cort","Grm7"
"1799","Cort","Mrgprx2"
"1800","Cort","Mtnr1a"
"1801","Cort","Sstr1"
"1802","Cort","Sstr2"
"1803","Cort","Sstr3"
"1804","Cort","Sstr4"
"1805","Cort","Sstr5"
"1806","Cp","Slc40a1"
"1807","Fcer2a","Cr2"
"1808","Ifna1","Cr2"
"1809","Crh","Crhr1"
"1810","Crh","Crhr2"
"1811","Crh","Gpr20"
"1812","Crh","Mc2r"
"1813","Crh","Pth1r"
"1814","Crh","Ramp2"
"1815","Crh","Ramp3"
"1816","Crh","Tshr"
"1817","Crh","Vipr1"
"1818","Ucn","Crhr1"
"1819","Ucn2","Crhr1"
"1820","Ucn3","Crhr1"
"1821","Ucn","Crhr2"
"1822","Ucn2","Crhr2"
"1823","Ucn3","Crhr2"
"1824","Epo","Crlf3"
"1825","Crp","Fcgr1"
"1826","Crp","Tlr4"
"1827","Csf1","Csf1r"
"1828","Il34,Csf1","Csf1r"
"1829","Csf1","Flt4"
"1830","Csf1","Sirpa"
"1831","Csf1","Slc7a1"
"1832","Csf2","Csf1r"
"1833","Csf3","Csf1r"
"1834","Il34","Csf1r"
"1835","Csf2","Csf2rb,Csf2ra"
"1836","Csf2","Csf3r"
"1837","Csf2","Itga9"
"1838","Csf2","Itgb1"
"1839","Csf2","Sdc2"
"1840","Il3","Csf2rb2"
"1841","Il3","Il3ra,Csf2rb"
"1842","Il5","Csf2rb,Il5ra"
"1843","Csf3","Csf3r"
"1844","Fgf1","Cspg4"
"1845","Cspg4","Itga2,Itgb1"
"1846","Cspg4","Itgb1,Itga3"
"1847","Cst3","Lrp2"
"1848","Ctf1","Lifr,Il6st"
"1849","Cthrc1","Fzd3"
"1850","Cthrc1","Fzd5"
"1851","Cthrc1","Fzd6"
"1852","Cthrc1","Ror2"
"1853","Icosl","Ctla4"
"1854","Ctsd","Lrp1"
"1855","Ctsg","F2r"
"1856","Ctsg","F2rl1"
"1857","Ctsg","F2rl2"
"1858","Ctsg","F2rl3"
"1859","Ctsg","Pard3"
"1860","Cubn","Lrp2"
"1861","Cx3cl1","Cx3cr1"
"1862","Cx3cl1","Itga4"
"1863","Cx3cl1","Itgav"
"1864","Cx3cl1","Itgb1"
"1865","Cx3cl1","Itgb3"
"1866","Cxadr","Cxadr"
"1867","Fam3c","Cxadr"
"1868","Lnx2","Cxadr"
"1869","Cxcl10","Cxcr3"
"1870","Cxcl10","Cxcr4"
"1871","Cxcl10","Dpp4"
"1872","Cxcl10","Grm7"
"1873","Cxcl10","Mtnr1a"
"1874","Cxcl10","Sdc4"
"1875","Cxcl10","Tlr4"
"1876","Cxcl11","Cxcr3"
"1877","Cxcl11","Dpp4"
"1878","Cxcl11","Grm7"
"1879","Cxcl11","Mtnr1a"
"1880","Cxcl12","Cxcr3"
"1881","Cxcl12","Cxcr4"
"1882","Cxcl12","Dpp4"
"1883","Cxcl12","Gpr17"
"1884","Cxcl12","Grm7"
"1885","Cxcl12","Itga4"
"1886","Cxcl12","Itga5"
"1887","Cxcl12","Itgav"
"1888","Cxcl12","Itgb1"
"1889","Cxcl12","Itgb3"
"1890","Cxcl12","Mtnr1a"
"1891","Cxcl12","Oprd1"
"1892","Cxcl12","Oprm1"
"1893","Cxcl12","Sdc4"
"1894","Cxcl13","Cxcr3"
"1895","Cxcl13","Cxcr5"
"1896","Cxcl13","Grm7"
"1897","Cxcl13","Htr2a"
"1898","Cxcl13","Mtnr1a"
"1899","Cxcl13","Oprd1"
"1900","Cxcl14","Cxcr4"
"1901","Cxcl17","Gpr35"
"1902","Cxcl1","Cxcr1"
"1903","Cxcl1","Cxcr2"
"1904","Cxcl2","Cxcr1"
"1905","Cxcl2","Cxcr2"
"1906","Cxcl3","Cxcr1"
"1907","Cxcl3","Cxcr2"
"1908","Cxcl3","Cxcr3"
"1909","Cxcl5","Cxcr1"
"1910","Cxcl5","Cxcr2"
"1911","Cxcl5","Grm7"
"1912","Cxcl5","Mtnr1a"
"1913","Cxcl9","Cxcr3"
"1914","Cxcl9","Dpp4"
"1915","Cxcl9","Grm7"
"1916","Cxcl9","Kir3dl1"
"1917","Cxcl9","Mtnr1a"
"1918","Ppbp","Cxcr1"
"1919","Ppbp","Cxcr2"
"1920","Selplg","Cxcr2"
"1921","Yars","Cxcr2"
"1922","Pf4","Cxcr3"
"1923","Hmgb1","Cxcr4"
"1924","Mif","Cxcr4"
"1925","Tff2","Cxcr4"
"1926","Tgfb1","Cxcr4"
"1927","Hspg2","Dag1"
"1928","Lama1","Dag1"
"1929","Lama2","Dag1"
"1930","Lama3","Dag1"
"1931","Dag1","Lama4"
"1932","Lama5","Dag1"
"1933","Lamb1","Dag1"
"1934","Lamb2","Dag1"
"1935","Lamb3","Dag1"
"1936","Lamc1","Dag1"
"1937","Lamc2","Dag1"
"1938","Lamc3","Dag1"
"1939","Tnf","Dag1"
"1940","Sema4b","Dcbld2"
"1941","Draxin","Dcc"
"1942","Dscam","Dcc"
"1943","Ntn1","Dcc"
"1944","Ntn3","Dcc"
"1945","Ntn4","Dcc"
"1946","Slit2","Dcc"
"1947","Fat4","Dchs1"
"1948","Dcn","Egfr"
"1949","Dcn","Erbb4"
"1950","Dcn","Met"
"1951","Dcn","Tlr2"
"1952","Dcn","Tlr4"
"1953","Ttr","Ddr1"
"1954","Dhh","Hhip"
"1955","Dhh","Ptch1"
"1956","Dhh","Ptch2"
"1957","Fstl1","Dip2a"
"1958","Dkk1","Kremen1"
"1959","Dkk1","Kremen2"
"1960","Dkk1","Lrp4"
"1961","Dkk1","Lrp5"
"1962","Dkk1","Lrp6"
"1963","Dkk2","Kremen1"
"1964","Dkk2","Kremen2"
"1965","Dkk2","Lrp5"
"1966","Dkk2","Lrp6"
"1967","Dkk3","Kremen1"
"1968","Dkk4","Kremen1"
"1969","Dkk4","Kremen2"
"1970","Dkk4","Lrp6"
"1971","Dlk1","Notch1"
"1972","Dlk1","Notch2"
"1973","Dlk1","Notch3"
"1974","Dlk1","Notch4"
"1975","Dlk2","Notch1"
"1976","Dll1","Notch1"
"1977","Dll1","Notch2"
"1978","Dll1","Notch3"
"1979","Dll1","Notch4"
"1980","Dll3","Notch1"
"1981","Dll3","Notch2"
"1982","Dll3","Notch3"
"1983","Dll3","Notch4"
"1984","Dll4","Notch1"
"1985","Dll4","Notch2"
"1986","Dll4","Notch3"
"1987","Dll4","Notch4"
"1988","Dmp1","Itgav,Itgb3"
"1989","Dmp1","Phex"
"1990","Dnajb11","Prtg"
"1991","Gcg","Dpp4"
"1992","Gip","Dpp4"
"1993","Npy","Dpp4"
"1994","Pyy","Dpp4"
"1995","Vip","Dpp4"
"1996","Dsg1b","Dsc1"
"1997","Dsc1","Dsg1c"
"1998","Dsc1","Dsg2"
"1999","Dsc1","Dsg3"
"2000","Dsc1","Dsg4"
"2001","Dsg1b","Dsc2"
"2002","Dsc2","Dsg1c"
"2003","Dsc2","Dsg2"
"2004","Dsc2","Dsg3"
"2005","Dsc2","Dsg4"
"2006","Dsg1b","Dsc3"
"2007","Dsg1c","Dsc3"
"2008","Dsg2","Dsc3"
"2009","Dsc3","Dsg3"
"2010","Dsc3","Dsg4"
"2011","Dspp","Itgav,Itgb1"
"2012","Dspp","Itgav,Itgb6"
"2013","Dusp18","Itga1"
"2014","Dusp18","Itga2"
"2015","Dusp18","Itga3"
"2016","Dusp18","Itga6"
"2017","Dusp18","Itga7"
"2018","Dusp18","Itgb1"
"2019","Dusp18","Itgb4"
"2020","Dusp18","Rpsa"
"2021","Qdpr","Dysf"
"2022","Ebi3,Il12a","Il6st,Il12rb2"
"2023","Ebi3,Il27","Il27ra,Il6st"
"2024","Ebi3","Il27ra,Il6st"
"2025","Ecm1","Itgb4"
"2026","Eda","Eda2r"
"2027","Eda","Edar"
"2028","Epo","Eda"
"2029","Edil3","Itgav"
"2030","Edil3","Itgb3"
"2031","Edil3","Itgb5"
"2032","Edn1","Ednra"
"2033","Edn1","Ednrb"
"2034","Edn1","Kel"
"2035","Edn2","Ednra"
"2036","Edn2","Ednrb"
"2037","Edn2","Kel"
"2038","Edn3","Ednra"
"2039","Edn3","Ednrb"
"2040","Edn3","Kel"
"2041","Lta","Ednra"
"2042","Gdnf","Ednrb"
"2043","Efemp1","Egfr"
"2044","Efemp2","Lingo1"
"2045","Efemp2","Plscr4"
"2046","Efna1","Epha1"
"2047","Efna1","Epha2"
"2048","Efna1","Epha3"
"2049","Efna1","Epha4"
"2050","Efna1","Epha5"
"2051","Efna1","Epha6"
"2052","Efna1","Epha7"
"2053","Efna1","Epha8"
"2054","Efna1","Ephb1"
"2055","Efna1","Ephb6"
"2056","Efna2","Epha1"
"2057","Efna2","Epha2"
"2058","Efna2","Epha3"
"2059","Efna2","Epha4"
"2060","Efna2","Epha5"
"2061","Efna2","Epha6"
"2062","Efna2","Epha7"
"2063","Efna2","Epha8"
"2064","Efna3","Epha1"
"2065","Efna3","Epha2"
"2066","Efna3","Epha3"
"2067","Efna3","Epha4"
"2068","Efna3","Epha5"
"2069","Efna3","Epha6"
"2070","Efna3","Epha7"
"2071","Efna3","Epha8"
"2072","Efna3","Ephb1"
"2073","Efna3","Ephb6"
"2074","Efna3","Erbb2"
"2075","Efna4","Epha1"
"2076","Efna4","Epha2"
"2077","Efna4","Epha3"
"2078","Efna4","Epha4"
"2079","Efna4","Epha5"
"2080","Efna4","Epha6"
"2081","Efna4","Epha7"
"2082","Efna4","Epha8"
"2083","Efna5","Epha1"
"2084","Efna5","Epha2"
"2085","Efna5","Epha3"
"2086","Efna5","Epha4"
"2087","Efna5","Epha5"
"2088","Efna5","Epha6"
"2089","Efna5","Epha7"
"2090","Efna5","Epha8"
"2091","Efna5","Ephb1"
"2092","Efna5","Ephb2"
"2093","Efna5","Ephb6"
"2094","Efnb1","Egfr"
"2095","Efnb1","Epha4"
"2096","Efnb1","Epha5"
"2097","Efnb1","Epha6"
"2098","Efnb1","Epha7"
"2099","Efnb1","Ephb1"
"2100","Efnb1","Ephb2"
"2101","Efnb1","Ephb3"
"2102","Efnb1","Ephb4"
"2103","Efnb1","Ephb6"
"2104","Efnb1","Erbb2"
"2105","Efnb2","Epha3"
"2106","Efnb2","Epha4"
"2107","Efnb2","Epha6"
"2108","Efnb2","Epha7"
"2109","Efnb2","Ephb1"
"2110","Ephb2","Efnb2"
"2111","Efnb2","Ephb3"
"2112","Efnb2","Ephb4"
"2113","Ephb6","Efnb2"
"2114","Epo","Efnb2"
"2115","Efnb2","Grm1"
"2116","Efnb2","Grm5"
"2117","Efnb2","Pecam1"
"2118","Efnb2","Rhbdl2"
"2119","Epha4","Efnb3"
"2120","Ephb1","Efnb3"
"2121","Ephb2","Efnb3"
"2122","Ephb3","Efnb3"
"2123","Ephb4","Efnb3"
"2124","Ephb6","Efnb3"
"2125","Efnb3","Rhbdl2"
"2126","Egf","Egfr"
"2127","Egf","Egfr,Erbb2"
"2128","Egf","Erbb3"
"2129","Egf","Erbb4"
"2130","Egf","Fshr"
"2131","Egf","Ldlr"
"2132","Egf","Lrp2"
"2133","Egf","Nrg1"
"2134","Egf","Nrp1"
"2135","Egfl7","Itgav"
"2136","Egfl7","Notch1"
"2137","Egfl7","Notch2"
"2138","Egfl7","Notch3"
"2139","Epgn","Egfr"
"2140","Ereg","Egfr,Erbb2"
"2141","Hbegf","Egfr,Erbb2"
"2142","Tgfa","Egfr,Erbb2"
"2143","Ereg","Egfr"
"2144","Fgf1","Egfr"
"2145","Fgl1","Egfr"
"2146","Gdf15","Egfr"
"2147","Grn","Egfr"
"2148","Egfr","Hbegf"
"2149","Hsp90aa1","Egfr"
"2150","Icam1","Egfr"
"2151","Il6","Egfr"
"2152","L1cam","Egfr"
"2153","Lrig1","Egfr"
"2154","Mif","Egfr"
"2155","Egfr","Nrg1"
"2156","Nrg4","Egfr"
"2157","Osm","Egfr"
"2158","Pgf","Egfr"
"2159","Postn","Egfr"
"2160","S100a4","Egfr"
"2161","Spink1","Egfr"
"2162","Tgfa","Egfr"
"2163","Tgfb1","Egfr"
"2164","Tnc","Egfr"
"2165","Tnfsf12","Egfr"
"2166","Vcan","Egfr"
"2167","Vegfa","Egfr"
"2168","Wnt3","Egfr"
"2169","Wnt9a","Egfr"
"2170","Zp3","Egfr"
"2171","Gdf2","Eng"
"2172","Inhba","Eng"
"2173","Tgfb1","Eng"
"2174","Tgfb2","Eng"
"2175","Tgfb3","Eng"
"2176","Enho","Gpr19"
"2177","Epcam","Epcam"
"2178","Fgfr2","Epha4"
"2179","Fgfr3","Epha4"
"2180","Fgfr4","Epha4"
"2181","Gpha2","Epha6"
"2182","Wnt5a","Epha7"
"2183","L1cam","Ephb2"
"2184","Mmp9","Ephb2"
"2185","Psen1","Ephb2"
"2186","Vegfa","Ephb2"
"2187","Epo","Ephb4"
"2188","Epo","Epor"
"2189","Epo","Mpl"
"2190","Kitl","Epor"
"2191","Nucb2","Erap1"
"2192","Nrg1","Erbb2,Erbb3"
"2193","Nrg2","Erbb2,Erbb3"
"2194","Ereg","Erbb2,Erbb4"
"2195","Hbegf","Erbb2,Erbb4"
"2196","Nrg1","Erbb2,Erbb4"
"2197","Nrg2","Erbb2,Erbb4"
"2198","Nrg3","Erbb2,Erbb4"
"2199","Nrg4","Erbb2,Erbb4"
"2200","Hrg","Erbb2"
"2201","L1cam","Erbb2"
"2202","Rps27a","Erbb2"
"2203","S100a4","Erbb2"
"2204","Sema4d","Erbb2"
"2205","Ereg","Erbb3"
"2206","Hbegf","Erbb3"
"2207","Hrg","Erbb3"
"2208","L1cam","Erbb3"
"2209","Erbb3","Nrg1"
"2210","Nrg2","Erbb3"
"2211","Nrg3","Erbb3"
"2212","Tgfa","Erbb3"
"2213","Ereg","Erbb4"
"2214","Hbegf","Erbb4"
"2215","Mmp7","Erbb4"
"2216","Nrg1","Erbb4"
"2217","Nrg2","Erbb4"
"2218","Nrg3","Erbb4"
"2219","Nrg4","Erbb4"
"2220","Psen1","Erbb4"
"2221","Tgfa","Erbb4"
"2222","Erfe","Lrp1"
"2223","Esam","Esam"
"2224","Selplg","Esam"
"2225","Vcam1","Ezr"
"2226","F10","F3"
"2227","F10","Itgb2,Itgam"
"2228","F11","Gp1ba"
"2229","F11r","F11r"
"2230","Itgb2,Itgal","F11r,Itgb2"
"2231","F11r","Jam2"
"2232","F11r","Jam3"
"2233","F12","Gp1ba"
"2234","F13a1","Itga4"
"2235","F13a1","Itga9"
"2236","F13a1","Itgb1"
"2237","F2","F2r"
"2238","F2","F2rl1"
"2239","F2","F2rl2"
"2240","F2","F2rl3"
"2241","F2","Gp1ba,Gp1bb"
"2242","F2","Gp9"
"2243","F2","Itga2b,Itgb3"
"2244","F2","Itgav,Itgb3"
"2245","F2","Pard3"
"2246","F2","Thbd"
"2247","Gm10334","F2r"
"2248","Gzma","F2r"
"2249","Plg","F2r"
"2250","Prss2","F2r"
"2251","Try10","F2r"
"2252","Try4","F2r"
"2253","Try5","F2r"
"2254","F7","F2rl1"
"2255","Gm10334","F2rl1"
"2256","Gzma","F2rl1"
"2257","Plg","F2rl1"
"2258","Prss2","F2rl1"
"2259","Try10","F2rl1"
"2260","Try4","F2rl1"
"2261","Try5","F2rl1"
"2262","Gm10334","F2rl2"
"2263","Gzma","F2rl2"
"2264","Prss2","F2rl2"
"2265","Try10","F2rl2"
"2266","Try4","F2rl2"
"2267","Try5","F2rl2"
"2268","Gm10334","F2rl3"
"2269","Gzma","F2rl3"
"2270","Plg","F2rl3"
"2271","Prss2","F2rl3"
"2272","Try10","F2rl3"
"2273","Try4","F2rl3"
"2274","Try5","F2rl3"
"2275","F7","F3"
"2276","Il6","F3"
"2277","Plg","F3"
"2278","Tfpi","F3"
"2279","F8","Ldlr"
"2280","F8","Lrp1"
"2281","F9","Lrp1"
"2282","Fabp5","Rxra"
"2283","Fam3b","Lrp5"
"2284","Fam3c","Ffar2"
"2285","Fam3c","Ffar3"
"2286","Fam3c","Glra2"
"2287","Fam3c","Kir3dl1"
"2288","Fam3c","Lamp1"
"2289","Fam3c","Lifr"
"2290","Fam3c","Pdcd1"
"2291","Fam3d","Fpr1"
"2292","Fam3d","Fpr2"
"2293","Npy","Fap"
"2294","Pyy","Fap"
"2295","Farp2","Plxna1"
"2296","Farp2","Plxna2"
"2297","Farp2","Plxna3"
"2298","Farp2","Plxna4"
"2299","Fasl","Fas"
"2300","Tnf","Fas"
"2301","Tnfsf13","Fas"
"2302","Tnfsf14","Fas"
"2303","Fasl","Tnfrsf1a"
"2304","Fbln1","Itgb1"
"2305","Fbln2","Itgb3"
"2306","Fbn1","Itgb1,Itga5"
"2307","Fbn1","Itgav"
"2308","Fbn1","Itgb3"
"2309","Fbn1","Itgb6"
"2310","Itgb2,Itgam","Fcer2a,Itgb2"
"2311","Itgav,Itgb3","Fcer2a,Itgb3"
"2312","Itgax,Itgb2","Fcer2a,Itgb2"
"2313","Hrg","Fcgr1"
"2314","Tnf","Ffar2"
"2315","Itga2b,Itgb3","Fga,Fgg,Fgb"
"2316","Itgb2,Itgam","Fga,Fgg,Fgb"
"2317","Itgax,Itgb2","Fga,Fgg,Fgb"
"2318","Fga","Itga5"
"2319","Fga","Itgad"
"2320","Fga","Itgav"
"2321","Fga","Itgb1"
"2322","Fga","Plaur"
"2323","Fga","Tlr4"
"2324","Fgb","Itga5"
"2325","Fgb","Itgav"
"2326","Fgb","Itgb1"
"2327","Fgb","Tlr4"
"2328","Fgf10","Fgfr1"
"2329","Fgf10","Fgfr2"
"2330","Fgf10","Fgfr3"
"2331","Fgf10","Fgfr4"
"2332","Fgf10","Fgfrl1"
"2333","Fgf11","Fgfr1"
"2334","Fgf11","Fgfr2"
"2335","Fgf11","Fgfr3"
"2336","Fgf11","Fgfr4"
"2337","Fgf12","Fgfr1"
"2338","Fgf12","Fgfr2"
"2339","Fgf12","Fgfr3"
"2340","Fgf12","Fgfr4"
"2341","Fgf13","Fgfr1"
"2342","Fgf13","Fgfr2"
"2343","Fgf13","Fgfr3"
"2344","Fgf13","Fgfr4"
"2345","Fgf13","Scn5a"
"2346","Fgf14","Fgfr1"
"2347","Fgf14","Fgfr2"
"2348","Fgf14","Fgfr3"
"2349","Fgf14","Fgfr4"
"2350","Fgf16","Fgfr1"
"2351","Fgf16","Fgfr2"
"2352","Fgf16","Fgfr3"
"2353","Fgf16","Fgfr4"
"2354","Fgf17","Fgfr1"
"2355","Fgf17","Fgfr2"
"2356","Fgf17","Fgfr3"
"2357","Fgf17","Fgfr4"
"2358","Fgf18","Fgfr1"
"2359","Fgf18","Fgfr2"
"2360","Fgf18","Fgfr3"
"2361","Fgf18","Fgfr4"
"2362","Fgf1","Fgfr1"
"2363","Fgf1","Fgfr2"
"2364","Fgf1","Fgfr3"
"2365","Fgf1","Fgfr4"
"2366","Fgf1","Fgfrl1"
"2367","Fgf1","Itgav,Itgb3"
"2368","Fgf1","Nrp1"
"2369","Fgf1","Tgfbr3"
"2370","Fgf20","Fgfr1"
"2371","Fgf20","Fgfr2"
"2372","Fgf20","Fgfr3"
"2373","Fgf20","Fgfr4"
"2374","Fgf21","Fgfr1"
"2375","Fgf21","Fgfr2"
"2376","Fgf21","Fgfr3"
"2377","Fgf21","Fgfr4"
"2378","Fgf21","Klb"
"2379","Fgf22","Fgfr1"
"2380","Fgf22","Fgfr2"
"2381","Fgf22","Fgfrl1"
"2382","Fgf23","Fgfr1"
"2383","Fgf23","Fgfr2"
"2384","Fgf23","Fgfr3"
"2385","Fgf23","Fgfr4"
"2386","Fgf23","Kl"
"2387","Fgf23","Phex"
"2388","Fgf2","Fgfr1"
"2389","Fgf2","Fgfr2"
"2390","Fgf2","Fgfr3"
"2391","Fgf2","Fgfr4"
"2392","Fgf2","Fgfrl1"
"2393","Fgf2","Gpc4"
"2394","Fgf2","Itgav,Itgb3"
"2395","Fgf2","Kit"
"2396","Fgf2","Lyve1"
"2397","Fgf2","Notch1"
"2398","Fgf2","Nrp1"
"2399","Fgf2","Ptprz1"
"2400","Fgf2","Sdc1"
"2401","Fgf2","Sdc2"
"2402","Fgf2","Sdc3"
"2403","Fgf2","Sdc4"
"2404","Fgf3","Fgfr1"
"2405","Fgf3","Fgfr2"
"2406","Fgf3","Fgfr3"
"2407","Fgf3","Fgfr4"
"2408","Fgf3","Fgfrl1"
"2409","Fgf4","Fgfr1"
"2410","Fgf4","Fgfr2"
"2411","Fgf4","Fgfr3"
"2412","Fgf4","Fgfr4"
"2413","Fgf4","Fgfrl1"
"2414","Fgf4","Nrp1"
"2415","Fgf5","Fgfr1"
"2416","Fgf5","Fgfr2"
"2417","Fgf5","Fgfr3"
"2418","Fgf5","Fgfr4"
"2419","Fgf6","Fgfr1"
"2420","Fgf6","Fgfr2"
"2421","Fgf6","Fgfr3"
"2422","Fgf6","Fgfr4"
"2423","Fgf6","Sdc4"
"2424","Fgf7","Fgfr1"
"2425","Fgf7","Fgfr2"
"2426","Fgf7","Fgfr3"
"2427","Fgf7","Fgfr4"
"2428","Fgf7","Nrp1"
"2429","Fgf8","Fgfr1"
"2430","Fgf8","Fgfr2"
"2431","Fgf8","Fgfr3"
"2432","Fgf8","Fgfr4"
"2433","Fgf8","Fgfrl1"
"2434","Fgf9","Fgfr1"
"2435","Fgf9","Fgfr2"
"2436","Fgf9","Fgfr3"
"2437","Fgf9","Fgfr4"
"2438","Fgfr2","Fgfr1"
"2439","Kl","Fgfr1"
"2440","Ncam1","Fgfr1"
"2441","S100b","Fgfr1"
"2442","Fgfr2","Fgfr3"
"2443","L1cam","Fgfr2"
"2444","Ncam1","Fgfr2"
"2445","Fgfr2","Nectin1"
"2446","Pf4","Fgfr2"
"2447","Fgfr2","Ptprr"
"2448","Fgfr2","Ros1"
"2449","Rps27a","Fgfr2"
"2450","Tff1","Fgfr2"
"2451","Timp1","Fgfr2"
"2452","Vegfd","Fgfr2"
"2453","Fgfr2","Xpr1"
"2454","Hsp90aa1","Fgfr3"
"2455","Fgfr3","Nectin1"
"2456","Fgfr4","Ptprr"
"2457","Scgb3a1","Fgfr4"
"2458","Fgg","Itga5"
"2459","Fgg","Itgav"
"2460","Fgg","Itgb1"
"2461","Fgg","Tlr4"
"2462","Fgl1","Lag3"
"2463","Lgi3","Flot1"
"2464","Fn1","Flrt2"
"2465","Slit1","Flrt3"
"2466","Pgf","Flt1,Kdr"
"2467","Vegfa","Flt1,Kdr"
"2468","Vegfb","Flt1,Kdr"
"2469","Mmp14","Flt1"
"2470","Pdgfc","Flt1"
"2471","Pgf","Flt1"
"2472","Pigf","Flt1"
"2473","Plg","Flt1"
"2474","Vegfa","Flt1"
"2475","Vegfb","Flt1"
"2476","Vegfc","Flt1"
"2477","Vegfd","Flt1"
"2478","Flt3l","Flt3"
"2479","Fn1","Flt4"
"2480","Pdgfc","Flt4"
"2481","Tnf","Flt4"
"2482","Vegfc","Flt4"
"2483","Vegfd","Flt4"
"2484","Fn1","Il17rc"
"2485","Fn1","Itgb1,Itga10"
"2486","Fn1","Itgb1,Itga11"
"2487","Fn1","Itgb1,Itga2"
"2488","Fn1","Itga2b,Itgb3"
"2489","Fn1","Itgb1,Itga3"
"2490","Fn1","Itgb1,Itga4"
"2491","Fn1","Itgb7,Itga4"
"2492","Fn1","Itgb1,Itga5"
"2493","Fn1","Itga6"
"2494","Fn1","Itgb1,Itga8"
"2495","Fn1","Itga9"
"2496","Fn1","Itgav"
"2497","Fn1","Itgb1,Itgav"
"2498","Fn1","Itgav,Itgb3"
"2499","Fn1","Itgb5,Itgav"
"2500","Fn1","Itgav,Itgb6"
"2501","Fn1","Itgav,Itgb8"
"2502","Fn1","Mag"
"2503","Fn1","Nt5e"
"2504","Fn1","Plaur"
"2505","Fn1","Robo4"
"2506","Fn1","Sdc1"
"2507","Fn1","Sdc2"
"2508","Fn1","Sdc4"
"2509","Fn1","Tmprss6"
"2510","Fn1","Tnfrsf11b"
"2511","Fn1","Tshr"
"2512","Fndc5","Itgav"
"2513","Fndc5","Itgb5"
"2514","Tafa4","Fpr1"
"2515","Hebp1","Fpr2"
"2516","Saa2","Fpr2"
"2517","Hebp1","Fpr3"
"2518","Fshb","Fshr"
"2519","Fshb","Gpr20"
"2520","Fshb","Pth1r"
"2521","Fshb","Ramp2"
"2522","Fshb","Ramp3"
"2523","Fshb","Tshr"
"2524","Fshb","Vipr1"
"2525","Fst","Hjv"
"2526","Gdf9","Fxyd6"
"2527","Fyn","Spn"
"2528","Fyn","Thy1"
"2529","Wnt1","Fzd10,Lrp5"
"2530","Wnt10a","Fzd10,Lrp5"
"2531","Wnt10b","Fzd10,Lrp5"
"2532","Wnt16","Fzd10,Lrp5"
"2533","Wnt2","Fzd10,Lrp5"
"2534","Wnt2b","Fzd10,Lrp5"
"2535","Wnt3","Fzd10,Lrp5"
"2536","Wnt3a","Fzd10,Lrp5"
"2537","Wnt4","Fzd10,Lrp5"
"2538","Wnt5b","Fzd10,Lrp5"
"2539","Wnt6","Fzd10,Lrp5"
"2540","Wnt7a","Fzd10,Lrp5"
"2541","Wnt7b","Fzd10,Lrp5"
"2542","Wnt8a","Fzd10,Lrp5"
"2543","Wnt8b","Fzd10,Lrp5"
"2544","Wnt9a","Fzd10,Lrp5"
"2545","Wnt9b","Fzd10,Lrp5"
"2546","Wnt1","Fzd10,Lrp6"
"2547","Wnt10a","Fzd10,Lrp6"
"2548","Wnt10b","Fzd10,Lrp6"
"2549","Wnt16","Fzd10,Lrp6"
"2550","Wnt2","Fzd10,Lrp6"
"2551","Wnt2b","Fzd10,Lrp6"
"2552","Wnt3","Fzd10,Lrp6"
"2553","Wnt3a","Fzd10,Lrp6"
"2554","Wnt4","Fzd10,Lrp6"
"2555","Wnt5b","Fzd10,Lrp6"
"2556","Wnt6","Fzd10,Lrp6"
"2557","Wnt7a","Fzd10,Lrp6"
"2558","Wnt7b","Fzd10,Lrp6"
"2559","Wnt8a","Fzd10,Lrp6"
"2560","Wnt8b","Fzd10,Lrp6"
"2561","Wnt9a","Fzd10,Lrp6"
"2562","Wnt9b","Fzd10,Lrp6"
"2563","Myoc","Fzd10"
"2564","Wnt11","Fzd10"
"2565","Wnt5a","Fzd10"
"2566","Wnt5b","Fzd10"
"2567","Wnt7b","Fzd10"
"2568","Wnt1","Fzd1,Lrp5"
"2569","Wnt10a","Fzd1,Lrp5"
"2570","Wnt10b","Fzd1,Lrp5"
"2571","Wnt16","Fzd1,Lrp5"
"2572","Wnt2","Fzd1,Lrp5"
"2573","Wnt2b","Fzd1,Lrp5"
"2574","Wnt3","Fzd1,Lrp5"
"2575","Wnt3a","Fzd1,Lrp5"
"2576","Wnt4","Fzd1,Lrp5"
"2577","Wnt5b","Fzd1,Lrp5"
"2578","Wnt6","Fzd1,Lrp5"
"2579","Wnt7a","Fzd1,Lrp5"
"2580","Wnt7b","Fzd1,Lrp5"
"2581","Wnt8a","Fzd1,Lrp5"
"2582","Wnt8b","Fzd1,Lrp5"
"2583","Wnt9a","Fzd1,Lrp5"
"2584","Wnt9b","Fzd1,Lrp5"
"2585","Wnt1","Fzd1,Lrp6"
"2586","Wnt10a","Fzd1,Lrp6"
"2587","Wnt10b","Fzd1,Lrp6"
"2588","Wnt16","Fzd1,Lrp6"
"2589","Wnt2","Fzd1,Lrp6"
"2590","Wnt2b","Fzd1,Lrp6"
"2591","Wnt3","Fzd1,Lrp6"
"2592","Wnt3a","Fzd1,Lrp6"
"2593","Wnt4","Fzd1,Lrp6"
"2594","Wnt5b","Fzd1,Lrp6"
"2595","Wnt6","Fzd1,Lrp6"
"2596","Wnt7a","Fzd1,Lrp6"
"2597","Wnt7b","Fzd1,Lrp6"
"2598","Wnt8a","Fzd1,Lrp6"
"2599","Wnt8b","Fzd1,Lrp6"
"2600","Wnt9a","Fzd1,Lrp6"
"2601","Wnt9b","Fzd1,Lrp6"
"2602","Myoc","Fzd1"
"2603","Wnt1","Fzd1"
"2604","Wnt11","Fzd1"
"2605","Wnt2","Fzd1"
"2606","Wnt3","Fzd1"
"2607","Wnt3a","Fzd1"
"2608","Wnt4","Fzd1"
"2609","Wnt5a","Fzd1"
"2610","Wnt5b","Fzd1"
"2611","Wnt7b","Fzd1"
"2612","Wnt1","Fzd2,Lrp5"
"2613","Wnt10a","Fzd2,Lrp5"
"2614","Wnt10b","Fzd2,Lrp5"
"2615","Wnt16","Fzd2,Lrp5"
"2616","Wnt2","Fzd2,Lrp5"
"2617","Wnt2b","Fzd2,Lrp5"
"2618","Wnt3","Fzd2,Lrp5"
"2619","Wnt3a","Fzd2,Lrp5"
"2620","Wnt4","Fzd2,Lrp5"
"2621","Wnt5b","Fzd2,Lrp5"
"2622","Wnt6","Fzd2,Lrp5"
"2623","Wnt7a","Fzd2,Lrp5"
"2624","Wnt7b","Fzd2,Lrp5"
"2625","Wnt8a","Fzd2,Lrp5"
"2626","Wnt8b","Fzd2,Lrp5"
"2627","Wnt9a","Fzd2,Lrp5"
"2628","Wnt9b","Fzd2,Lrp5"
"2629","Wnt1","Fzd2,Lrp6"
"2630","Wnt10a","Fzd2,Lrp6"
"2631","Wnt10b","Fzd2,Lrp6"
"2632","Wnt16","Fzd2,Lrp6"
"2633","Wnt2","Fzd2,Lrp6"
"2634","Wnt2b","Fzd2,Lrp6"
"2635","Wnt3","Fzd2,Lrp6"
"2636","Wnt3a","Fzd2,Lrp6"
"2637","Wnt4","Fzd2,Lrp6"
"2638","Wnt5b","Fzd2,Lrp6"
"2639","Wnt6","Fzd2,Lrp6"
"2640","Wnt7a","Fzd2,Lrp6"
"2641","Wnt7b","Fzd2,Lrp6"
"2642","Wnt8a","Fzd2,Lrp6"
"2643","Wnt8b","Fzd2,Lrp6"
"2644","Wnt9a","Fzd2,Lrp6"
"2645","Wnt9b","Fzd2,Lrp6"
"2646","Sfrp1","Fzd2"
"2647","Wnt11","Fzd2"
"2648","Wnt2","Fzd2"
"2649","Wnt3a","Fzd2"
"2650","Wnt5a","Fzd2"
"2651","Wnt5b","Fzd2"
"2652","Wnt1","Fzd3,Lrp5"
"2653","Wnt10a","Fzd3,Lrp5"
"2654","Wnt10b","Fzd3,Lrp5"
"2655","Wnt16","Fzd3,Lrp5"
"2656","Wnt2","Fzd3,Lrp5"
"2657","Wnt2b","Fzd3,Lrp5"
"2658","Wnt3","Fzd3,Lrp5"
"2659","Wnt3a","Fzd3,Lrp5"
"2660","Wnt4","Fzd3,Lrp5"
"2661","Wnt5b","Fzd3,Lrp5"
"2662","Wnt6","Fzd3,Lrp5"
"2663","Wnt7a","Fzd3,Lrp5"
"2664","Wnt7b","Fzd3,Lrp5"
"2665","Wnt8a","Fzd3,Lrp5"
"2666","Wnt8b","Fzd3,Lrp5"
"2667","Wnt9a","Fzd3,Lrp5"
"2668","Wnt9b","Fzd3,Lrp5"
"2669","Wnt1","Fzd3,Lrp6"
"2670","Wnt10a","Fzd3,Lrp6"
"2671","Wnt10b","Fzd3,Lrp6"
"2672","Wnt16","Fzd3,Lrp6"
"2673","Wnt2","Fzd3,Lrp6"
"2674","Wnt2b","Fzd3,Lrp6"
"2675","Wnt3","Fzd3,Lrp6"
"2676","Wnt3a","Fzd3,Lrp6"
"2677","Wnt4","Fzd3,Lrp6"
"2678","Wnt5b","Fzd3,Lrp6"
"2679","Wnt6","Fzd3,Lrp6"
"2680","Wnt7a","Fzd3,Lrp6"
"2681","Wnt7b","Fzd3,Lrp6"
"2682","Wnt8a","Fzd3,Lrp6"
"2683","Wnt8b","Fzd3,Lrp6"
"2684","Wnt9a","Fzd3,Lrp6"
"2685","Wnt9b","Fzd3,Lrp6"
"2686","Myoc","Fzd3"
"2687","Wnt1","Fzd3"
"2688","Wnt11","Fzd3"
"2689","Wnt2","Fzd3"
"2690","Wnt5a","Fzd3"
"2691","Wnt5b","Fzd3"
"2692","Wnt1","Fzd4,Lrp5"
"2693","Wnt10a","Fzd4,Lrp5"
"2694","Wnt10b","Fzd4,Lrp5"
"2695","Wnt16","Fzd4,Lrp5"
"2696","Wnt2","Fzd4,Lrp5"
"2697","Wnt2b","Fzd4,Lrp5"
"2698","Wnt3","Fzd4,Lrp5"
"2699","Wnt3a","Fzd4,Lrp5"
"2700","Wnt4","Fzd4,Lrp5"
"2701","Wnt6","Fzd4,Lrp5"
"2702","Wnt7a","Fzd4,Lrp5"
"2703","Wnt7b","Fzd4,Lrp5"
"2704","Wnt8a","Fzd4,Lrp5"
"2705","Wnt8b","Fzd4,Lrp5"
"2706","Wnt9a","Fzd4,Lrp5"
"2707","Wnt9b","Fzd4,Lrp5"
"2708","Wnt1","Fzd4,Lrp6"
"2709","Wnt10a","Fzd4,Lrp6"
"2710","Wnt10b","Fzd4,Lrp6"
"2711","Wnt16","Fzd4,Lrp6"
"2712","Wnt2","Fzd4,Lrp6"
"2713","Wnt2b","Fzd4,Lrp6"
"2714","Wnt3","Fzd4,Lrp6"
"2715","Wnt3a","Fzd4,Lrp6"
"2716","Wnt4","Fzd4,Lrp6"
"2717","Wnt6","Fzd4,Lrp6"
"2718","Wnt7a","Fzd4,Lrp6"
"2719","Wnt7b","Fzd4,Lrp6"
"2720","Wnt8a","Fzd4,Lrp6"
"2721","Wnt8b","Fzd4,Lrp6"
"2722","Wnt9a","Fzd4,Lrp6"
"2723","Wnt9b","Fzd4,Lrp6"
"2724","Myoc","Fzd4"
"2725","Ndp","Fzd4"
"2726","Wnt11","Fzd4"
"2727","Wnt2","Fzd4"
"2728","Wnt2b","Fzd4"
"2729","Wnt5a","Fzd4"
"2730","Wnt5b","Fzd4"
"2731","Wnt7b","Fzd4"
"2732","Wnt1","Fzd5,Lrp5"
"2733","Wnt10a","Fzd5,Lrp5"
"2734","Wnt10b","Fzd5,Lrp5"
"2735","Wnt16","Fzd5,Lrp5"
"2736","Wnt2","Fzd5,Lrp5"
"2737","Wnt2b","Fzd5,Lrp5"
"2738","Wnt3","Fzd5,Lrp5"
"2739","Wnt3a","Fzd5,Lrp5"
"2740","Wnt4","Fzd5,Lrp5"
"2741","Wnt5b","Fzd5,Lrp5"
"2742","Wnt6","Fzd5,Lrp5"
"2743","Wnt7a","Fzd5,Lrp5"
"2744","Wnt7b","Fzd5,Lrp5"
"2745","Wnt8a","Fzd5,Lrp5"
"2746","Wnt8b","Fzd5,Lrp5"
"2747","Wnt9a","Fzd5,Lrp5"
"2748","Wnt9b","Fzd5,Lrp5"
"2749","Wnt1","Fzd5,Lrp6"
"2750","Wnt10a","Fzd5,Lrp6"
"2751","Wnt10b","Fzd5,Lrp6"
"2752","Wnt16","Fzd5,Lrp6"
"2753","Wnt2","Fzd5,Lrp6"
"2754","Wnt2b","Fzd5,Lrp6"
"2755","Wnt3","Fzd5,Lrp6"
"2756","Wnt3a","Fzd5,Lrp6"
"2757","Wnt4","Fzd5,Lrp6"
"2758","Wnt5b","Fzd5,Lrp6"
"2759","Wnt6","Fzd5,Lrp6"
"2760","Wnt7a","Fzd5,Lrp6"
"2761","Wnt7b","Fzd5,Lrp6"
"2762","Wnt8a","Fzd5,Lrp6"
"2763","Wnt8b","Fzd5,Lrp6"
"2764","Wnt9a","Fzd5,Lrp6"
"2765","Wnt9b","Fzd5,Lrp6"
"2766","Sfrp2","Fzd5"
"2767","Wnt11","Fzd5"
"2768","Wnt5a","Fzd5"
"2769","Wnt5b","Fzd5"
"2770","Wnt7a","Fzd5"
"2771","Wnt1","Fzd6,Lrp5"
"2772","Wnt10a","Fzd6,Lrp5"
"2773","Wnt10b","Fzd6,Lrp5"
"2774","Wnt16","Fzd6,Lrp5"
"2775","Wnt2","Fzd6,Lrp5"
"2776","Wnt2b","Fzd6,Lrp5"
"2777","Wnt3","Fzd6,Lrp5"
"2778","Wnt3a","Fzd6,Lrp5"
"2779","Wnt4","Fzd6,Lrp5"
"2780","Wnt5b","Fzd6,Lrp5"
"2781","Wnt6","Fzd6,Lrp5"
"2782","Wnt7a","Fzd6,Lrp5"
"2783","Wnt7b","Fzd6,Lrp5"
"2784","Wnt8a","Fzd6,Lrp5"
"2785","Wnt8b","Fzd6,Lrp5"
"2786","Wnt9a","Fzd6,Lrp5"
"2787","Wnt9b","Fzd6,Lrp5"
"2788","Wnt1","Fzd6,Lrp6"
"2789","Wnt10a","Fzd6,Lrp6"
"2790","Wnt10b","Fzd6,Lrp6"
"2791","Wnt16","Fzd6,Lrp6"
"2792","Wnt2","Fzd6,Lrp6"
"2793","Wnt2b","Fzd6,Lrp6"
"2794","Wnt3","Fzd6,Lrp6"
"2795","Wnt3a","Fzd6,Lrp6"
"2796","Wnt4","Fzd6,Lrp6"
"2797","Wnt5b","Fzd6,Lrp6"
"2798","Wnt6","Fzd6,Lrp6"
"2799","Wnt7a","Fzd6,Lrp6"
"2800","Wnt7b","Fzd6,Lrp6"
"2801","Wnt8a","Fzd6,Lrp6"
"2802","Wnt8b","Fzd6,Lrp6"
"2803","Wnt9a","Fzd6,Lrp6"
"2804","Wnt9b","Fzd6,Lrp6"
"2805","Sfrp1","Fzd6"
"2806","Wnt11","Fzd6"
"2807","Wnt4","Fzd6"
"2808","Wnt5a","Fzd6"
"2809","Wnt5b","Fzd6"
"2810","Wnt1","Fzd7,Lrp5"
"2811","Wnt10a","Fzd7,Lrp5"
"2812","Wnt10b","Fzd7,Lrp5"
"2813","Wnt16","Fzd7,Lrp5"
"2814","Wnt2","Fzd7,Lrp5"
"2815","Wnt2b","Fzd7,Lrp5"
"2816","Wnt3","Fzd7,Lrp5"
"2817","Wnt3a","Fzd7,Lrp5"
"2818","Wnt4","Fzd7,Lrp5"
"2819","Wnt5b","Fzd7,Lrp5"
"2820","Wnt6","Fzd7,Lrp5"
"2821","Wnt7a","Fzd7,Lrp5"
"2822","Wnt7b","Fzd7,Lrp5"
"2823","Wnt8a","Fzd7,Lrp5"
"2824","Wnt8b","Fzd7,Lrp5"
"2825","Wnt9a","Fzd7,Lrp5"
"2826","Wnt9b","Fzd7,Lrp5"
"2827","Wnt1","Fzd7,Lrp6"
"2828","Wnt10a","Fzd7,Lrp6"
"2829","Wnt10b","Fzd7,Lrp6"
"2830","Wnt16","Fzd7,Lrp6"
"2831","Wnt2","Fzd7,Lrp6"
"2832","Wnt2b","Fzd7,Lrp6"
"2833","Wnt3","Fzd7,Lrp6"
"2834","Wnt3a","Fzd7,Lrp6"
"2835","Wnt4","Fzd7,Lrp6"
"2836","Wnt5b","Fzd7,Lrp6"
"2837","Wnt6","Fzd7,Lrp6"
"2838","Wnt7a","Fzd7,Lrp6"
"2839","Wnt7b","Fzd7,Lrp6"
"2840","Wnt8a","Fzd7,Lrp6"
"2841","Wnt8b","Fzd7,Lrp6"
"2842","Wnt9a","Fzd7,Lrp6"
"2843","Wnt9b","Fzd7,Lrp6"
"2844","Myoc","Fzd7"
"2845","Tdgf1","Fzd7"
"2846","Wnt11","Fzd7"
"2847","Wnt3","Fzd7"
"2848","Wnt5a","Fzd7"
"2849","Wnt5b","Fzd7"
"2850","Igfbp4","Fzd8"
"2851","Wnt1","Fzd8,Lrp5"
"2852","Wnt10a","Fzd8,Lrp5"
"2853","Wnt10b","Fzd8,Lrp5"
"2854","Wnt16","Fzd8,Lrp5"
"2855","Wnt2","Fzd8,Lrp5"
"2856","Wnt2b","Fzd8,Lrp5"
"2857","Wnt3","Fzd8,Lrp5"
"2858","Wnt3a","Fzd8,Lrp5"
"2859","Wnt4","Fzd8,Lrp5"
"2860","Wnt5b","Fzd8,Lrp5"
"2861","Wnt6","Fzd8,Lrp5"
"2862","Wnt7a","Fzd8,Lrp5"
"2863","Wnt7b","Fzd8,Lrp5"
"2864","Wnt8a","Fzd8,Lrp5"
"2865","Wnt8b","Fzd8,Lrp5"
"2866","Wnt9a","Fzd8,Lrp5"
"2867","Wnt9b","Fzd8,Lrp5"
"2868","Wnt1","Fzd8,Lrp6"
"2869","Wnt10a","Fzd8,Lrp6"
"2870","Wnt10b","Fzd8,Lrp6"
"2871","Wnt16","Fzd8,Lrp6"
"2872","Wnt2","Fzd8,Lrp6"
"2873","Wnt2b","Fzd8,Lrp6"
"2874","Wnt3","Fzd8,Lrp6"
"2875","Wnt3a","Fzd8,Lrp6"
"2876","Wnt4","Fzd8,Lrp6"
"2877","Wnt5b","Fzd8,Lrp6"
"2878","Wnt6","Fzd8,Lrp6"
"2879","Wnt7a","Fzd8,Lrp6"
"2880","Wnt7b","Fzd8,Lrp6"
"2881","Wnt8a","Fzd8,Lrp6"
"2882","Wnt8b","Fzd8,Lrp6"
"2883","Wnt9a","Fzd8,Lrp6"
"2884","Wnt9b","Fzd8,Lrp6"
"2885","Rspo1","Fzd8"
"2886","Rspo3","Fzd8"
"2887","Wnt1","Fzd8"
"2888","Wnt11","Fzd8"
"2889","Wnt3a","Fzd8"
"2890","Wnt4","Fzd8"
"2891","Wnt5a","Fzd8"
"2892","Wnt5b","Fzd8"
"2893","Wnt1","Fzd9,Lrp5"
"2894","Wnt10a","Fzd9,Lrp5"
"2895","Wnt10b","Fzd9,Lrp5"
"2896","Wnt16","Fzd9,Lrp5"
"2897","Wnt2","Fzd9,Lrp5"
"2898","Wnt2b","Fzd9,Lrp5"
"2899","Wnt3","Fzd9,Lrp5"
"2900","Wnt3a","Fzd9,Lrp5"
"2901","Wnt4","Fzd9,Lrp5"
"2902","Wnt5b","Fzd9,Lrp5"
"2903","Wnt6","Fzd9,Lrp5"
"2904","Wnt7a","Fzd9,Lrp5"
"2905","Wnt7b","Fzd9,Lrp5"
"2906","Wnt8a","Fzd9,Lrp5"
"2907","Wnt8b","Fzd9,Lrp5"
"2908","Wnt9a","Fzd9,Lrp5"
"2909","Wnt9b","Fzd9,Lrp5"
"2910","Wnt1","Fzd9,Lrp6"
"2911","Wnt10a","Fzd9,Lrp6"
"2912","Wnt10b","Fzd9,Lrp6"
"2913","Wnt16","Fzd9,Lrp6"
"2914","Wnt2","Fzd9,Lrp6"
"2915","Wnt2b","Fzd9,Lrp6"
"2916","Wnt3","Fzd9,Lrp6"
"2917","Wnt3a","Fzd9,Lrp6"
"2918","Wnt4","Fzd9,Lrp6"
"2919","Wnt5b","Fzd9,Lrp6"
"2920","Wnt6","Fzd9,Lrp6"
"2921","Wnt7a","Fzd9,Lrp6"
"2922","Wnt7b","Fzd9,Lrp6"
"2923","Wnt8a","Fzd9,Lrp6"
"2924","Wnt8b","Fzd9,Lrp6"
"2925","Wnt9a","Fzd9,Lrp6"
"2926","Wnt9b","Fzd9,Lrp6"
"2927","Wnt1","Fzd9"
"2928","Wnt11","Fzd9"
"2929","Wnt2","Fzd9"
"2930","Wnt5a","Fzd9"
"2931","Wnt5b","Fzd9"
"2932","Wnt7a","Fzd9"
"2933","Gad1","Grm4"
"2934","Gal","Galr1"
"2935","Gal","Galr2"
"2936","Gal","Galr3"
"2937","Gal","Gpr151"
"2938","Gal","Grm7"
"2939","Gal","Mtnr1a"
"2940","Galp","Galr1"
"2941","Galp","Galr2"
"2942","Galp","Galr3"
"2943","Spx","Galr2"
"2944","Spx","Galr3"
"2945","Shh","Gas1"
"2946","Gas6","Mertk"
"2947","Gas6","Tyro3"
"2948","Gast","Gpr152"
"2949","Gast","Kir3dl1"
"2950","Gc","Lrp2"
"2951","Gcg","Gcgr"
"2952","Gcg","Gipr"
"2953","Gcg","Glp1r"
"2954","Gcg","Glp2r"
"2955","Gcg","Gpr20"
"2956","Gcg","Ide"
"2957","Gcg","Pth1r"
"2958","Gcg","Ramp2"
"2959","Gcg","Ramp3"
"2960","Gcg","Tshr"
"2961","Gcg","Vipr1"
"2962","Gdf15","Gfral"
"2963","Gdf15","Ret"
"2964","Gdf15","Tgfbr1"
"2965","Gdf15","Tgfbr2"
"2966","Gdf1","Htr4"
"2967","Gdf3","Tdgf1"
"2968","Gdf3","Tgfbr1"
"2969","Gdf5","Ror2"
"2970","Gdf9","Orai2"
"2971","Gdnf","Gfra1"
"2972","Gdnf","Ret,Gfra1"
"2973","Gdnf","Gfra2,Ret"
"2974","Gdnf","Gfra3"
"2975","Gdnf","Gfra4"
"2976","Gdnf","Ncam1"
"2977","Gdnf","Sdc3"
"2978","Gdnf","Slc44a5"
"2979","Gdnf","Sorl1"
"2980","Ncam1","Gfra1"
"2981","Nrtn","Gfra1,Ret"
"2982","Nrtn","Gfra2"
"2983","Nrtn","Ret,Gfra2"
"2984","Nrtn","Gfra3"
"2985","Pspn","Gfra4"
"2986","Gh","Ghr"
"2987","Gh","Prlr"
"2988","Ghrh","Ghrhr"
"2989","Ghrh","Ghsr"
"2990","Ghrh","Gpr20"
"2991","Ghrh","Pth1r"
"2992","Ghrh","Ramp2"
"2993","Ghrh","Ramp3"
"2994","Ghrh","Tshr"
"2995","Ghrh","Vipr1"
"2996","Ghrh","Vipr2"
"2997","Ghrl","Ghrhr"
"2998","Ghrl","Ghsr"
"2999","Ghrl","Gpr39"
"3000","Ghrl","Ptger3"
"3001","Ghrl","Ptgir"
"3002","Ghrl","Tbxa2r"
"3003","Leap2","Ghsr"
"3004","Gip","Gipr"
"3005","Gip","Gpr20"
"3006","Gip","Insr"
"3007","Gip","Pth1r"
"3008","Gip","Ramp2"
"3009","Gip","Ramp3"
"3010","Gip","Tshr"
"3011","Gip","Vipr1"
"3012","Rtn4","Gjb2"
"3013","Sele","Glg1"
"3014","Sell","Glycam1"
"3015","Gm10334","Pard3"
"3016","Gnb1","Kcnj6"
"3017","Gnb2","Kcnj6"
"3018","Gnb4","Kcnj6"
"3019","Gnb5","Kcnj6"
"3020","Gng10","Kcnj6"
"3021","Gng11","Kcnj6"
"3022","Gng12","Kcnj6"
"3023","Gng13","Kcnj6"
"3024","Gng2","Kcnj6"
"3025","Gng3","Kcnj6"
"3026","Gng4","Kcnj6"
"3027","Gng5","Kcnj6"
"3028","Gng7","Kcnj6"
"3029","Gng8","Kcnj6"
"3030","Gnrh1","Gnrhr"
"3031","Vwf","Gp1ba,Gp1bb"
"3032","Gp1ba","Itgb2,Itgam"
"3033","Kng1","Gp1ba"
"3034","Vwf","Gp5"
"3035","Ltf","Gp9"
"3036","Vwf","Gp9"
"3037","Ihh","Gpc1"
"3038","Lama1","Gpc1"
"3039","Nrg1","Gpc1"
"3040","Serpinc1","Gpc1"
"3041","Shh","Gpc1"
"3042","Slit1","Gpc1"
"3043","Slit2","Gpc1"
"3044","Tdgf1","Gpc1"
"3045","Vegfa","Gpc1"
"3046","Gpc3","Igf1r"
"3047","Gpc3","Lrp1"
"3048","Gpc3","Lrp2"
"3049","Shh","Gpc5"
"3050","Gpc6","Lrp1"
"3051","Gpc6","Lrp2"
"3052","Shh","Gpc6"
"3053","Gpha2","Tshr"
"3054","Gphb5","Tshr"
"3055","Gpi1","Ntrk1"
"3056","Lpl","Gpihbp1"
"3057","Kng1","Gpr135"
"3058","Ifna6","Gpr152"
"3059","Igf2","Gpr152"
"3060","Ltf","Gpr162"
"3061","P4hb","Gpr162"
"3062","Trf","Gpr162"
"3063","Iapp","Gpr20"
"3064","Nps","Gpr20"
"3065","Pomc","Gpr20"
"3066","Pth","Gpr20"
"3067","Pth2","Gpr20"
"3068","Pthlh","Gpr20"
"3069","Rln1","Gpr20"
"3070","Rln3","Gpr20"
"3071","Sct","Gpr20"
"3072","Tshb","Gpr20"
"3073","Vip","Gpr20"
"3074","Retn","Gpr25"
"3075","Psap","Gpr37"
"3076","Psap","Gpr37l1"
"3077","Npy","Gpr83"
"3078","Ppy","Gpr83"
"3079","Pyy","Gpr83"
"3080","Shbg","Gprc6a"
"3081","Grem1","Kdr"
"3082","Il16","Grin2a"
"3083","Il16","Grin2b"
"3084","Vegfa","Grin2b"
"3085","Il16","Grin2c"
"3086","Hras","Grin2d"
"3087","Hspa1a","Grin2d"
"3088","Il16","Grin2d"
"3089","Hc","Grm7"
"3090","Hebp1","Grm7"
"3091","Insl5","Grm7"
"3092","Kng1","Grm7"
"3093","Nms","Grm7"
"3094","Nmu","Grm7"
"3095","Npw","Grm7"
"3096","Npy","Grm7"
"3097","Pdyn","Grm7"
"3098","Penk","Grm7"
"3099","Pmch","Grm7"
"3100","Pnoc","Grm7"
"3101","Pomc","Grm7"
"3102","Ppbp","Grm7"
"3103","Pyy","Grm7"
"3104","Rln3","Grm7"
"3105","Sst","Grm7"
"3106","Grn","Ntrk1"
"3107","Grn","Sort1"
"3108","Grn","Tnfrsf1a"
"3109","Grn","Tnfrsf1b"
"3110","Grp","Grpr"
"3111","Grp","Nmbr"
"3112","Nmb","Grpr"
"3113","Tac1","Grpr"
"3114","Gstp1","Traf2"
"3115","Gzma","Pard3"
"3116","Gzmb","Igf2r"
"3117","Gzmb","Pgrmc1"
"3118","H2-Ab1","Lag3"
"3119","Prl","H2-Ab1"
"3120","H2-D1","Kir3dl1"
"3121","H2-Ea","Lag3"
"3122","H2-Eb2","Lag3"
"3123","Ogn","H2-Eb2"
"3124","H2-K1","Kir3dl1"
"3125","H2-Q10","Kir3dl1"
"3126","H2-Q1","Kir3dl1"
"3127","H2-Q2","Kir3dl1"
"3128","H2-Q4","Kir3dl1"
"3129","H2-Q6","Kir3dl1"
"3130","H2-Q7","Kir3dl1"
"3131","H2-T23","Klrd1,Klrc1"
"3132","H2-T23","Klrd1,Klrc2"
"3133","Has2","Hmmr"
"3134","Hmgb1","Havcr2"
"3135","Lgals9","Havcr2"
"3136","Hbegf","Prlr"
"3137","Hc","Mtnr1a"
"3138","Hcrt","Hcrtr1"
"3139","Hcrt","Hcrtr2"
"3140","Hcrt","Npffr2"
"3141","Hdc","Hrh1"
"3142","Hdc","Hrh2"
"3143","Hdc","Hrh3"
"3144","Hdc","Hrh4"
"3145","Hebp1","Mtnr1a"
"3146","Hgf","Itgb1"
"3147","Hgf","Met"
"3148","Hgf","Nrp1"
"3149","Hgf","Nrp2"
"3150","Hgf","Plxnb1"
"3151","Hgf","Sdc1"
"3152","Hgf","Sdc2"
"3153","Hgf","St14"
"3154","Ihh","Hhip"
"3155","Shh","Hhip"
"3156","Rgma","Hjv"
"3157","Rgmb","Hjv"
"3158","Hmgb1","Itgam"
"3159","Hmgb1","Itgav"
"3160","Hmgb1","Itgb3"
"3161","Hmgb1","Ly96"
"3162","Hmgb1","Sdc1"
"3163","Hmgb1","Thbd"
"3164","Hmgb1","Tlr1"
"3165","Hmgb1","Tlr2"
"3166","Hmgb1","Tlr4"
"3167","Hmgb1","Tlr9"
"3168","Hp","Itgam"
"3169","Hp","Itgb2"
"3170","Hpx","Lrp1"
"3171","Hras","Insr"
"3172","Hras","Sdc2"
"3173","Hras","Tlr2"
"3174","Hras","Tlr9"
"3175","Il6","Hrh1"
"3176","Hsp90aa1","Lrp1"
"3177","Hspa1a","Tlr4"
"3178","Hspa1b","Lrp1"
"3179","Hspg2","Itga2"
"3180","Hspg2","Itgb1"
"3181","Hspg2","Lrp1"
"3182","Hspg2","Lrp2"
"3183","Hspg2","Ptprs"
"3184","Hspg2","Sdc1"
"3185","Tph1","Htr1a"
"3186","Tph1","Htr1b"
"3187","Tph1","Htr1f"
"3188","Pon2","Htr2a"
"3189","Tph1","Htr2a"
"3190","Tph1","Htr2b"
"3191","Lin7c","Htr2c"
"3192","Tph1","Htr2c"
"3193","Tph1","Htr4"
"3194","Tph1","Htr5a"
"3195","Tph1","Htr6"
"3196","Tph1","Htr7"
"3197","Iapp","Ide"
"3198","Iapp","Pth1r"
"3199","Iapp","Ramp1"
"3200","Iapp","Ramp2"
"3201","Iapp","Ramp3"
"3202","Iapp","Tshr"
"3203","Iapp","Vipr1"
"3204","Ibsp","Itgav,Itgb3"
"3205","Ibsp","Itgav,Itgb5"
"3206","Icam1","Il2ra"
"3207","Icam1","Il2rg"
"3208","Icam1","Itgal"
"3209","Itgb2,Itgal","Icam1,Itgb2"
"3210","Icam1","Itgal,Itgb2l"
"3211","Itgb2,Itgam","Icam1,Itgb2"
"3212","Icam1","Itgam,Itgb2l"
"3213","Icam1","Itgav"
"3214","Itgax,Itgb2","Icam1,Itgb2"
"3215","Icam1","Itgb2"
"3216","Itgb2l","Icam1"
"3217","Icam1","Muc1"
"3218","Spn","Icam1"
"3219","Icam2","Itgb2,Itgal"
"3220","Icam2","Itgal,Itgb2l"
"3221","Icam2","Itgam,Itgb2"
"3222","Icam2","Itgam,Itgb2l"
"3223","Icam2","Itgb2"
"3224","Itgb2l","Icam2"
"3225","Icam5","Itgal"
"3226","Icam5","Itgb2"
"3227","Icosl","Icos"
"3228","Tnf","Icos"
"3229","Igf2","Ide"
"3230","Ins2","Ide"
"3231","Ifna11","Ifnar1,Ifnar2"
"3232","Ifna12","Ifnar1,Ifnar2"
"3233","Ifna13","Ifnar1,Ifnar2"
"3234","Ifna14","Ifnar1,Ifnar2"
"3235","Ifna15","Ifnar1,Ifnar2"
"3236","Ifna16","Ifnar1,Ifnar2"
"3237","Ifna1","Ifnar1,Ifnar2"
"3238","Ifna2","Ifnar1,Ifnar2"
"3239","Ifna4","Ifnar1,Ifnar2"
"3240","Ifna5","Ifnar1,Ifnar2"
"3241","Ifna6","Ifnar1,Ifnar2"
"3242","Ifna7","Ifnar1,Ifnar2"
"3243","Ifna9","Ifnar1,Ifnar2"
"3244","Ifnab","Ifnar1,Ifnar2"
"3245","Ifne","Ifnar1,Ifnar2"
"3246","Ifnl2","Il10rb,Ifnlr1"
"3247","Ifnl3","Ifnlr1,Il10rb"
"3248","Igf1","Igf1r"
"3249","Igf1","Insr"
"3250","Igf1","Itgb4,Itga6"
"3251","Igf1","Itgav,Itgb3"
"3252","Igf1","Trpv2"
"3253","Igf2","Igf1r"
"3254","Ins2","Igf1r"
"3255","Wnt3a","Igf1r"
"3256","Igf2","Igf2r"
"3257","Igf2","Insr"
"3258","Igf2","Itga6,Itgb4"
"3259","Igf2","Itgav,Itgb3"
"3260","Plau","Igf2r"
"3261","Plg","Igf2r"
"3262","Igfbp4","Lrp6"
"3263","Lgals9","Ighm"
"3264","Igsf11","Vsir"
"3265","Ihh","Ptch1"
"3266","Ihh","Ptch2"
"3267","Ihh","Smo"
"3268","Il10","Il10ra,Il10rb"
"3269","Il10","Sirpa"
"3270","Il22","Il10ra"
"3271","Il22","Il22ra1,Il10rb"
"3272","Ucn2","Il10rb"
"3273","Ucn3","Il10rb"
"3274","Il11","Il11ra1,Il6st"
"3275","Il11","Il11ra2,Il6st"
"3276","Il15","Il11ra1"
"3277","Osm","Il11ra1"
"3278","Il12a,Il12b","Il12rb1,Il12rb2"
"3279","Il27,Il12a","Il27ra,Il12rb2"
"3280","Il12b","Il12rb1,Il12rb2"
"3281","Il12b,Il23a","Il12rb1,Il23r"
"3282","Il23a","Il23r,Il12rb1"
"3283","Il13","Il13ra1"
"3284","Il13","Il13ra1,Il4ra"
"3285","Il13","Il13ra2"
"3286","Il13","Il4ra,Il13ra2"
"3287","Il13","Il2rg"
"3288","Il13","Tmem219"
"3289","Il4","Il13ra1,Il4ra"
"3290","Il4","Il13ra2"
"3291","Il4","Il4ra,Il13ra2"
"3292","Lgals3","Il13ra2"
"3293","Nampt","Il13ra2"
"3294","Tnfsf9","Il13ra2"
"3295","Il15","Il15ra"
"3296","Il15","Il15ra,Il2rb"
"3297","Il15","Il15ra,Il2rb,Il2rg"
"3298","Il15","Il2ra"
"3299","Il15","Il2rb,Il2rg"
"3300","Il16","Kcna3"
"3301","Il16","Kcnd1"
"3302","Il16","Kcnd2"
"3303","Il16","Kcnj10"
"3304","Il16","Kcnj15"
"3305","Il16","Kcnj4"
"3306","Il17a,Il17f","Il17ra,Il17rc"
"3307","Il17a","Il17ra,Il17rc"
"3308","Il17a","Il17rd"
"3309","Il17b","Il17rb"
"3310","Il17c","Il17ra,Il17re"
"3311","Il17f","Il17ra,Il17rc"
"3312","Il25","Il17ra,Il17rb"
"3313","Il25","Il17rb"
"3314","Il18","Il18,Il18r1,Il18rap"
"3315","Il18","Il18bp"
"3316","Il18","Il18r1,Il18rap"
"3317","Il18","Il1rapl1"
"3318","Il18","Il1rl2"
"3319","Il19","Il20ra,Il20rb"
"3320","Il1a","Il1r1,Il1rap"
"3321","Il1a","Il1r2"
"3322","Il1a","Il1r2,Il1rap"
"3323","Il1b","Il1r1,Il1rap"
"3324","Il1b","Il1r2"
"3325","Il1b","Il1r2,Il1rap"
"3326","Il1f10","Il1r1"
"3327","Il1f10","Il1rl2,Il1rap"
"3328","Il1f10","Il1rapl1"
"3329","Il1f10","Il1rapl2"
"3330","Il1f10","Il1rl2"
"3331","Il1f10","Sigirr"
"3332","Il1rn","Il1r1,Il1rap"
"3333","Il1rn","Il1r1"
"3334","Il1rn","Il1r2,Il1rap"
"3335","Il1rn","Il1r2"
"3336","Il33","Il1rl1,Il1rap"
"3337","Il36a","Il1rl2,Il1rap"
"3338","Il36b","Il1rl2,Il1rap"
"3339","Il36rn","Il1rl2,Il1rap"
"3340","Il1rapl1","Ptprd"
"3341","Il1rapl1","Ptprf"
"3342","Il1rapl1","Ptprs"
"3343","Il1rn","Il1rl2"
"3344","Il36rn","Il1rl2"
"3345","Il20","Il20ra,Il20rb"
"3346","Il20","Il22ra1,Il20rb"
"3347","Il24","Il20ra,Il20rb"
"3348","Il22","Il22ra1,Il20rb"
"3349","Il24","Il22ra1,Il20rb"
"3350","Il21","Il21r,Il2rg"
"3351","Il22","Il21r"
"3352","Il22","Il22ra2"
"3353","Il24","Notch2"
"3354","Il2","Il2ra,Il2rb"
"3355","Il2","Il2ra,Il2rb,Il2rg"
"3356","Il2","Il2rb,Il2rg"
"3357","Il2","Ngfr"
"3358","Il3","Il2ra"
"3359","Il4","Il2ra"
"3360","Il4","Il2rg,Il4ra"
"3361","Il7","Il7r,Il2rg"
"3362","Il9","Il9r,Il2rg"
"3363","Il33","Kit"
"3364","Il34","Ptprz1"
"3365","Il36b","Il36rn"
"3366","Il3","Il4ra"
"3367","Il4","Il4ra"
"3368","Il4","Tlr2"
"3369","Il6","Il6ra,Il6st"
"3370","Lif","Lifr,Il6st"
"3371","Osm","Lifr,Il6st"
"3372","Osm","Osmr,Il6st"
"3373","Inha","Tgfbr3"
"3374","Inhba","Tgfbr1"
"3375","Inhba","Tgfbr3"
"3376","Ins1","Insr"
"3377","Ins2","Insr"
"3378","Ins2","Lrp2"
"3379","Insl3","Rxfp1"
"3380","Insl3","Rxfp2"
"3381","Insl3","Rxfp3"
"3382","Insl3","Rxfp4"
"3383","Insl5","Mtnr1a"
"3384","Insl5","Rxfp1"
"3385","Insl5","Rxfp2"
"3386","Insl5","Rxfp3"
"3387","Insl5","Rxfp4"
"3388","Nampt","Insr"
"3389","Sorbs1","Insr"
"3390","Lama1","Itga1,Itgb1"
"3391","Lama2","Itga1,Itgb1"
"3392","Lama3","Itga1,Itgb1"
"3393","Lama4","Itga1,Itgb1"
"3394","Lama5","Itga1,Itgb1"
"3395","Lamb1","Itga1,Itgb1"
"3396","Lamb2","Itga1,Itgb1"
"3397","Lamb3","Itga1,Itgb1"
"3398","Lamc1","Itga1,Itgb1"
"3399","Lamc2","Itga1,Itgb1"
"3400","Lamc3","Itga1,Itgb1"
"3401","Sema7a","Itgb1,Itga1"
"3402","Matn1","Itga1"
"3403","Sorbs1","Itga1"
"3404","Thbs1","Itga1"
"3405","Vegfd","Itga1"
"3406","Lama1","Itga2,Itgb1"
"3407","Lama2","Itga2,Itgb1"
"3408","Lama3","Itga2,Itgb1"
"3409","Lama4","Itga2,Itgb1"
"3410","Lama5","Itga2,Itgb1"
"3411","Lamb1","Itga2,Itgb1"
"3412","Lamb2","Itga2,Itgb1"
"3413","Lamb3","Itga2,Itgb1"
"3414","Lamc1","Itgb1,Itga2"
"3415","Lamc2","Itga2,Itgb1"
"3416","Lamc3","Itga2,Itgb1"
"3417","Mmp1a","Itga2"
"3418","Thbs1","Itga2"
"3419","Tnc","Itga2"
"3420","Vegfd","Itga2"
"3421","Vwf","Itga2"
"3422","Plg","Itga2b,Itgb3"
"3423","Thbs1","Itga2b,Itgb3"
"3424","Tnc","Itga2b,Itgb3"
"3425","Tnn","Itga2b,Itgb3"
"3426","Tnr","Itga2b,Itgb3"
"3427","Tnxb","Itga2b,Itgb3"
"3428","Vtn","Itga2b,Itgb3"
"3429","Vwf","Itga2b,Itgb3"
"3430","Reln","Itga2b"
"3431","Tnfsf11","Itga2b"
"3432","Jam2","Itga3,Itgb1"
"3433","Lama1","Itga3,Itgb1"
"3434","Lama2","Itga3,Itgb1"
"3435","Lama3","Itgb1,Itga3"
"3436","Lama4","Itga3,Itgb1"
"3437","Lama5","Itga3,Itgb1"
"3438","Lamb1","Itga3,Itgb1"
"3439","Lamb2","Itga3,Itgb1"
"3440","Lamb3","Itga3,Itgb1"
"3441","Lamc1","Itga3,Itgb1"
"3442","Lamc2","Itga3,Itgb1"
"3443","Lamc3","Itga3,Itgb1"
"3444","Reln","Itga3,Itgb1"
"3445","Thbs1","Itgb1,Itga3"
"3446","Thbs2","Itga3,Itgb1"
"3447","Thbs3","Itga3,Itgb1"
"3448","Thbs4","Itga3,Itgb1"
"3449","Lgals3","Itga3"
"3450","Lgals8","Itga3"
"3451","Nid1","Itga3"
"3452","Plau","Itga3"
"3453","Timp2","Itga3"
"3454","Vtn","Itga3"
"3455","Jam2","Itgb1,Itga4"
"3456","Mdk","Itga4,Itgb1"
"3457","Itgb1,Itga4","Plaur"
"3458","Spp1","Itgb1,Itga4"
"3459","Tnc","Itgb1,Itga4"
"3460","Vcam1","Itgb1,Itga4"
"3461","L1cam","Itga4,Itgb7"
"3462","Vcam1","Itgb7,Itga4"
"3463","Jam3","Itga4"
"3464","Spon2","Itga4"
"3465","Tgm2","Itga4"
"3466","Thbs1","Itga4"
"3467","Thbs2","Itga4"
"3468","Vasp","Itga4"
"3469","Vcan","Itga4"
"3470","Vegfd","Itga4"
"3471","Vwf","Itga4"
"3472","L1cam","Itgb1,Itga5"
"3473","Nampt","Itga5,Itgb1"
"3474","Spp1","Itga5,Itgb1"
"3475","Plau","Itga5"
"3476","Postn","Itga5"
"3477","Reln","Itga5"
"3478","Spon2","Itga5"
"3479","Thbs1","Itga5"
"3480","Tnc","Itga5"
"3481","Vegfd","Itga5"
"3482","Vtn","Itga5"
"3483","Lama1","Itga6,Itgb1"
"3484","Lama2","Itga6,Itgb1"
"3485","Lama3","Itga6,Itgb1"
"3486","Lama4","Itga6,Itgb1"
"3487","Lama5","Itga6,Itgb1"
"3488","Lamb1","Itga6,Itgb1"
"3489","Lamb2","Itga6,Itgb1"
"3490","Lamb3","Itga6,Itgb1"
"3491","Lamc1","Itgb1,Itga6"
"3492","Lamc2","Itga6,Itgb1"
"3493","Lamc3","Itga6,Itgb1"
"3494","Mdk","Itga6,Itgb1"
"3495","Lama1","Itga6,Itgb4"
"3496","Lama2","Itga6,Itgb4"
"3497","Lama3","Itga6,Itgb4"
"3498","Lama4","Itga6,Itgb4"
"3499","Lama5","Itga6,Itgb4"
"3500","Lamb1","Itga6,Itgb4"
"3501","Lamb2","Itga6,Itgb4"
"3502","Lamb3","Itga6,Itgb4"
"3503","Lamc1","Itga6,Itgb4"
"3504","Lamc2","Itga6,Itgb4"
"3505","Lamc3","Itga6,Itgb4"
"3506","Itgb4,Itga6","Nrg1"
"3507","Thbs1","Itga6"
"3508","Thbs2","Itga6"
"3509","Lama1","Itga7,Itgb1"
"3510","Lama2","Itga7,Itgb1"
"3511","Lama3","Itga7,Itgb1"
"3512","Lama4","Itga7,Itgb1"
"3513","Lama5","Itga7,Itgb1"
"3514","Lamb1","Itga7,Itgb1"
"3515","Lamb2","Itga7,Itgb1"
"3516","Lamb3","Itga7,Itgb1"
"3517","Lamc1","Itgb1,Itga7"
"3518","Lamc2","Itga7,Itgb1"
"3519","Lamc3","Itga7,Itgb1"
"3520","Tnc","Itga7"
"3521","Npnt","Itga8,Itgb1"
"3522","Spp1","Itga8,Itgb1"
"3523","Tnc","Itgb1,Itga8"
"3524","Tnn","Itga8,Itgb1"
"3525","Tnr","Itga8,Itgb1"
"3526","Tnxb","Itga8,Itgb1"
"3527","Vtn","Itga8,Itgb1"
"3528","Lama1","Itga9,Itgb1"
"3529","Lama2","Itga9,Itgb1"
"3530","Lama3","Itga9,Itgb1"
"3531","Lama4","Itga9,Itgb1"
"3532","Lama5","Itga9,Itgb1"
"3533","Lamb1","Itga9,Itgb1"
"3534","Lamb2","Itga9,Itgb1"
"3535","Lamb3","Itga9,Itgb1"
"3536","Lamc1","Itga9,Itgb1"
"3537","Lamc2","Itga9,Itgb1"
"3538","Lamc3","Itga9,Itgb1"
"3539","Spp1","Itgb1,Itga9"
"3540","Tnc","Itgb1,Itga9"
"3541","Tnn","Itga9,Itgb1"
"3542","Tnr","Itga9,Itgb1"
"3543","Tnxb","Itga9,Itgb1"
"3544","Vcam1","Itgb1,Itga9"
"3545","Plg","Itga9"
"3546","Tgm2","Itga9"
"3547","Vegfa","Itga9"
"3548","Vegfc","Itga9"
"3549","Vegfd","Itga9"
"3550","Vcam1","Itgb2,Itgad"
"3551","Jam3","Itgal"
"3552","Jam3","Itgb2,Itgam"
"3553","Thy1","Itgb2,Itgam"
"3554","Jam3","Itgam,Itgb2l"
"3555","Kng1","Itgam"
"3556","Mmp9","Itgam"
"3557","Plat","Itgam"
"3558","Plau","Itgam"
"3559","Plg","Itgam"
"3560","Selplg","Itgam"
"3561","Spon2","Itgam"
"3562","Jam2","Itgav,Itgb1"
"3563","Spp1","Itgav,Itgb1"
"3564","Vtn","Itgb1,Itgav"
"3565","L1cam","Itgav,Itgb3"
"3566","Lamc1","Itgav,Itgb3"
"3567","Mmp2","Itgav,Itgb3"
"3568","Nrg1","Itgav,Itgb3"
"3569","Omd","Itgav,Itgb3"
"3570","Itgav,Itgb3","Plaur"
"3571","Postn","Itgav,Itgb3"
"3572","Ptn","Itgav,Itgb3"
"3573","Spp1","Itgav,Itgb3"
"3574","Thbs1","Itgav,Itgb3"
"3575","Thbs2","Itgav,Itgb3"
"3576","Thbs3","Itgav,Itgb3"
"3577","Thbs4","Itgav,Itgb3"
"3578","Thy1","Itgav,Itgb3"
"3579","Tnc","Itgav,Itgb3"
"3580","Tnn","Itgav,Itgb3"
"3581","Tnr","Itgav,Itgb3"
"3582","Tnxb","Itgav,Itgb3"
"3583","Vtn","Itgav,Itgb3"
"3584","Vwf","Itgav,Itgb3"
"3585","Postn","Itgav,Itgb5"
"3586","Spp1","Itgav,Itgb5"
"3587","Vtn","Itgav,Itgb5"
"3588","Spp1","Itgav,Itgb6"
"3589","Tgfb1","Itgav,Itgb6"
"3590","Tnc","Itgav,Itgb6"
"3591","Tnn","Itgav,Itgb6"
"3592","Tnr","Itgav,Itgb6"
"3593","Tnxb","Itgav,Itgb6"
"3594","Lama1","Itgav,Itgb8"
"3595","Lama2","Itgav,Itgb8"
"3596","Lama3","Itgav,Itgb8"
"3597","Lama4","Itgav,Itgb8"
"3598","Lama5","Itgav,Itgb8"
"3599","Lamb1","Itgav,Itgb8"
"3600","Lamb2","Itgav,Itgb8"
"3601","Lamb3","Itgav,Itgb8"
"3602","Lamc1","Itgav,Itgb8"
"3603","Lamc2","Itgav,Itgb8"
"3604","Lamc3","Itgav,Itgb8"
"3605","Vtn","Itgav,Itgb8"
"3606","Mfge8","Itgav"
"3607","Nid1","Itgav"
"3608","Pdgfb","Itgav"
"3609","Plau","Itgav"
"3610","Serpine1","Itgav"
"3611","Vegfa","Itgav"
"3612","Vtn","Itgav"
"3613","Thy1","Itgax,Itgb2"
"3614","Itgb1bp1","Itgb1"
"3615","Jam3","Itgb1"
"3616","Lgals1","Itgb1"
"3617","Lgals3","Itgb1"
"3618","Lgals3bp","Itgb1"
"3619","Lum","Itgb1"
"3620","Matn1","Itgb1"
"3621","Mfge8","Itgb1"
"3622","Mmp2","Itgb1"
"3623","Nid1","Itgb1"
"3624","Plau","Itgb1"
"3625","Plg","Itgb1"
"3626","Postn","Itgb1"
"3627","Spon2","Itgb1"
"3628","Tgfb1","Itgb1"
"3629","Tgfb3","Itgb1"
"3630","Tgm2","Itgb1"
"3631","Timp1","Itgb1"
"3632","Timp2","Itgb1"
"3633","Vcan","Itgb1"
"3634","Vegfa","Itgb1"
"3635","Vegfc","Itgb1"
"3636","Vegfd","Itgb1"
"3637","Kng1","Itgb2"
"3638","Mmp9","Itgb2"
"3639","Plat","Itgb2"
"3640","Plau","Itgb2"
"3641","Plg","Itgb2"
"3642","Selplg","Itgb2"
"3643","Spon2","Itgb2"
"3644","Itgb3bp","Itgb3"
"3645","Lgals3","Itgb3"
"3646","Mfge8","Itgb3"
"3647","Nid1","Itgb3"
"3648","Reln","Itgb3"
"3649","Tgfb1","Itgb3"
"3650","Tgfb3","Itgb3"
"3651","Tgm2","Itgb3"
"3652","Vegfa","Itgb3"
"3653","Itgb3bp","Itgb5"
"3654","Lgals3","Itgb4"
"3655","Ltbp1","Itgb5"
"3656","Ltbp3","Itgb5"
"3657","Mfge8","Itgb5"
"3658","Plau","Itgb5"
"3659","Serpine1","Itgb5"
"3660","Sorbs1","Itgb5"
"3661","Tgfb1","Itgb5"
"3662","Tgfb3","Itgb5"
"3663","Vcl","Itgb5"
"3664","Tgfb3","Itgb6"
"3665","Thbs1","Itgb6"
"3666","Vtn","Itgb6"
"3667","Tgfb1","Itgb8"
"3668","Thbs1","Itgb8"
"3669","Izumo1","Izumo1r"
"3670","Jag1","Notch1"
"3671","Jag1","Notch2"
"3672","Jag1","Notch3"
"3673","Jag1","Notch4"
"3674","Jag2","Notch1"
"3675","Jag2","Notch2"
"3676","Jag2","Notch3"
"3677","Jag2","Notch4"
"3678","Jam2","Jam2"
"3679","Jam3","Jam2"
"3680","Jam3","Jam3"
"3681","Lin7c","Kcnj4"
"3682","Pdgfc","Kdr"
"3683","Sema6d","Plxna1,Kdr"
"3684","Timp3","Kdr"
"3685","Vegfa","Kdr"
"3686","Vegfc","Kdr"
"3687","Vegfd","Kdr"
"3688","Vtn","Kdr"
"3689","Ngf","Kidins220"
"3690","Kitl","Kit"
"3691","Klk1b4","Ngfr"
"3692","Tnfsf9","Klrg2"
"3693","Wnt11","Klrg2"
"3694","Wnt5b","Klrg2"
"3695","Kng1","Mtnr1a"
"3696","Kng1","Plaur"
"3697","Kng1","Rxfp4"
"3698","Kng1","Sdc2"
"3699","L1cam","L1cam"
"3700","L1cam","Ncam1"
"3701","Ncam2","L1cam"
"3702","L1cam","Nrp1"
"3703","L1cam","Ptprz1"
"3704","Lgals3","Lag3"
"3705","Snca","Lag3"
"3706","Lair1","Pira2"
"3707","Sftpd","Lair1"
"3708","Lama1","Nt5e"
"3709","Lama1","Rpsa"
"3710","Lama1","Sdc2"
"3711","Lama1","Sdc4"
"3712","Lama1","Sv2a"
"3713","Lama1","Sv2b"
"3714","Lama1","Sv2c"
"3715","Lama1","Tmprss6"
"3716","Lama2","Rpsa"
"3717","Lama2","Sv2a"
"3718","Lama2","Sv2b"
"3719","Lama2","Sv2c"
"3720","Lama3","Sdc2"
"3721","Lama3","Sv2a"
"3722","Lama3","Sv2b"
"3723","Lama3","Sv2c"
"3724","Lama4","Sv2a"
"3725","Lama4","Sv2b"
"3726","Lama4","Sv2c"
"3727","Lama5","Sdc1"
"3728","Lama5","Sv2a"
"3729","Lama5","Sv2b"
"3730","Lama5","Sv2c"
"3731","Lamb1","Sv2a"
"3732","Lamb1","Sv2b"
"3733","Lamb1","Sv2c"
"3734","Lamb2","Rpsa"
"3735","Lamb2","Sv2a"
"3736","Lamb2","Sv2b"
"3737","Lamb2","Sv2c"
"3738","Lamb3","Sv2a"
"3739","Lamb3","Sv2b"
"3740","Lamb3","Sv2c"
"3741","Lamc1","Sv2a"
"3742","Lamc1","Sv2b"
"3743","Lamc1","Sv2c"
"3744","Lamc2","Sv2a"
"3745","Lamc2","Sv2b"
"3746","Lamc2","Sv2c"
"3747","Lamc3","Sv2a"
"3748","Lamc3","Sv2b"
"3749","Lamc3","Sv2c"
"3750","Lcn2","Lrp2"
"3751","Lcn2","Slc22a17"
"3752","Lipc","Ldlr"
"3753","Lrpap1","Ldlr"
"3754","Pcsk9","Ldlr"
"3755","Rps27a","Ldlr"
"3756","Trf","Ldlr"
"3757","Wnt5a","Ldlr"
"3758","Wnt7a","Ldlr"
"3759","Lefty1","Tdgf1"
"3760","Lefty2","Tdgf1"
"3761","Lep","Lepr"
"3762","Lep","Leprot"
"3763","Lep","Lrp2"
"3764","Lgals1","Lgals1"
"3765","Lgals1","Ptprc"
"3766","Lgals3","Mag"
"3767","Lgals3","Mertk"
"3768","Lgals3bp","Vangl1"
"3769","Lgals9","Ptprc"
"3770","Lgi1","Rtn4r"
"3771","Lgi3","Stx1a"
"3772","Rspo4","Lgr4,Lrp5"
"3773","Rspo4","Lgr4,Lrp6"
"3774","Ndp","Lgr4"
"3775","Nrg1","Lgr4"
"3776","Rspo1","Lgr4"
"3777","Rspo2","Lgr4"
"3778","Rspo3","Lgr4"
"3779","Rspo4","Lgr4"
"3780","Tnfsf11","Lgr4"
"3781","Rspo4","Lgr5,Lrp5"
"3782","Rspo4","Lgr5,Lrp6"
"3783","Rspo1","Lgr5"
"3784","Rspo2","Lgr5"
"3785","Rspo3","Lgr5"
"3786","Rspo4","Lgr5"
"3787","Rspo1","Lgr6"
"3788","Rspo2","Lgr6"
"3789","Rspo3","Lgr6"
"3790","Rspo4","Lgr6"
"3791","Lhb","Lhcgr"
"3792","Omg","Lingo1"
"3793","Rtn4","Lingo1"
"3794","Lipc","Lrp1"
"3795","Lipc","Scarb1"
"3796","Liph","Lpar1"
"3797","Liph","Lpar2"
"3798","Liph","Lpar4"
"3799","Scgb1a1","Lmbr1l"
"3800","Lpl","Lrp1"
"3801","Lpl","Lrp2"
"3802","Lpl","Sdc1"
"3803","Lpl","Vldlr"
"3804","Lrfn3","Lrfn3"
"3805","Lrfn5","Lrfn5"
"3806","Ltf","Lrp11"
"3807","Lrpap1","Lrp1"
"3808","Ltf","Lrp1"
"3809","Mdk","Lrp1"
"3810","Mmp13","Lrp1"
"3811","Mmp9","Lrp1"
"3812","Pcsk9","Lrp1"
"3813","Pdgfb","Lrp1"
"3814","Pf4","Lrp1"
"3815","Plat","Lrp1"
"3816","Plau","Lrp1"
"3817","Psap","Lrp1"
"3818","Serpinc1","Lrp1"
"3819","Serpine1","Lrp1"
"3820","Serpine2","Lrp1"
"3821","Serping1","Lrp1"
"3822","Tfpi","Lrp1"
"3823","Thbs1","Lrp1"
"3824","Timp1","Lrp1"
"3825","Vwf","Lrp1"
"3826","Wnt3a","Lrp1"
"3827","Lrp1b","Plaur"
"3828","Serpine1","Lrp1b"
"3829","Lrpap1","Lrp2"
"3830","Plau","Lrp2"
"3831","Plg","Lrp2"
"3832","Rps27a","Lrp2"
"3833","Scgb1a1","Lrp2"
"3834","Selenop","Lrp2"
"3835","Serpine1","Lrp2"
"3836","Shh","Lrp2"
"3837","Tcn2","Lrp2"
"3838","Tg","Lrp2"
"3839","Trf","Lrp2"
"3840","Wnt5a","Lrp2"
"3841","Sost","Lrp4"
"3842","Sostdc1","Lrp4"
"3843","Wnt7a","Lrp4"
"3844","Sost","Lrp5"
"3845","Sostdc1","Lrp5"
"3846","Tdgf1","Lrp5"
"3847","Thbs1","Lrp5"
"3848","Wnt5a","Lrp5"
"3849","Mdk","Lrp6"
"3850","Pth","Lrp6"
"3851","Rspo1","Lrp6"
"3852","Rspo3","Lrp6"
"3853","Sost","Lrp6"
"3854","Sostdc1","Lrp6"
"3855","Tdgf1","Lrp6"
"3856","Wnt5a","Lrp6"
"3857","Lrpap1","Lrp8"
"3858","Pcsk9","Lrp8"
"3859","Reln","Lrp8"
"3860","Selenop","Lrp8"
"3861","Spon1","Lrp8"
"3862","Lrpap1","Sorl1"
"3863","Lrpap1","Sort1"
"3864","Lrpap1","Vldlr"
"3865","Ntng2","Lrrc4"
"3866","Lrrc4b","Ptprd"
"3867","Lrrc4b","Ptprf"
"3868","Lrrc4b","Ptprs"
"3869","Ntng1","Lrrc4c"
"3870","Ntng2","Lrrc4c"
"3871","Nrg1","Lsr"
"3872","Ltb,Lta","Ltbr,Ltbr"
"3873","Lta","Ltbr"
"3874","Lta","Ripk1"
"3875","Lta","Tnfrsf1a"
"3876","Lta","Tnfrsf1b"
"3877","Ltb","Ltbr"
"3878","Ltb","Tnfrsf1a"
"3879","Tnf","Ltbr"
"3880","Tnfsf14","Ltbr"
"3881","Ltf","Tfrc"
"3882","S100a8","Ly96"
"3883","Sftpd","Ly96"
"3884","Ly9","Ly9"
"3885","Vegfc","Lyve1"
"3886","Mag","Mag"
"3887","Ngf","Maged1"
"3888","Scgb3a1","Marco"
"3889","Scgb3a2","Marco"
"3890","Npff","Mas1"
"3891","Matn1","Ptprd"
"3892","Pomc","Mc1r"
"3893","Pomc","Mc2r"
"3894","Pomc","Mc3r"
"3895","Npy","Mc4r"
"3896","Pomc","Mc4r"
"3897","Pomc","Mc5r"
"3898","Mcam","Mcam"
"3899","Ntn1","Mcam"
"3900","Wnt5a","Mcam"
"3901","Pmch","Mchr1"
"3902","Mdk","Ncl"
"3903","Mdk","Ptprz1"
"3904","Mdk","Sdc1"
"3905","Mdk","Sdc2"
"3906","Mdk","Sdc4"
"3907","Meltf","Plg"
"3908","Meltf","Tfrc"
"3909","Pmch","Mertk"
"3910","Pros1","Mertk"
"3911","Zp3","Mertk"
"3912","Sema4d","Met"
"3913","Sema5a","Met"
"3914","Mfap2","Notch1"
"3915","Mfap5","Notch1"
"3916","Mfge8","Pdgfrb"
"3917","Mfng","Notch1"
"3918","Mfng","Notch2"
"3919","Mmp12","Plaur"
"3920","Mmp2","Sdc2"
"3921","Mmp9","Tlr4"
"3922","Mmp9","Tlr9"
"3923","Thpo","Mpl"
"3924","Mpz","Mpz"
"3925","Mpz","Mpzl1"
"3926","Mpzl1","Mpzl1"
"3927","Ptprc","Mrc1"
"3928","Plau","Mrc2"
"3929","Penk","Mrgprx1"
"3930","Nrg1","Ms4a4a"
"3931","Vcam1","Msn"
"3932","Mst1","Mst1r"
"3933","Nms","Mtnr1a"
"3934","Nmu","Mtnr1a"
"3935","Npw","Mtnr1a"
"3936","Npy","Mtnr1a"
"3937","Pdyn","Mtnr1a"
"3938","Penk","Mtnr1a"
"3939","Pmch","Mtnr1a"
"3940","Pnoc","Mtnr1a"
"3941","Pomc","Mtnr1a"
"3942","Ppbp","Mtnr1a"
"3943","Pyy","Mtnr1a"
"3944","Rln3","Mtnr1a"
"3945","Sst","Mtnr1a"
"3946","Tff2","Muc6"
"3947","Wnt11","Musk"
"3948","Wnt4","Musk"
"3949","Nampt","Ntrk1"
"3950","Nampt","P2ry6"
"3951","Ncam1","Ncam1"
"3952","Ncam1","Ncam2"
"3953","Ncam1","Ptpra"
"3954","Ncam1","Ptprz1"
"3955","Ncam1","Robo1"
"3956","Ncam1","Robo3"
"3957","Ncan","Sdc3"
"3958","Ptn","Ncl"
"3959","Psen1","Ncstn"
"3960","Nectin1","Nectin1"
"3961","Nectin3","Nectin1"
"3962","Nectin1","Nectin4"
"3963","Psen1","Nectin1"
"3964","Nectin2","Nectin2"
"3965","Nectin3","Nectin2"
"3966","Tigit","Nectin2"
"3967","Nectin3","Nectin3"
"3968","Nectin3","Pvr"
"3969","Tigit","Nectin3"
"3970","Nectin4","Nectin4"
"3971","Papln","Nectin4"
"3972","Nectin4","Tigit"
"3973","Negr1","Negr1"
"3974","Nell2","Robo3"
"3975","Ntn1","Neo1"
"3976","Ntn3","Neo1"
"3977","Rgma","Neo1"
"3978","Rgmb","Neo1"
"3979","Nrg1","Neto2"
"3980","Ngf","Ngfr"
"3981","Ngf","Ntrk1"
"3982","Ngf","Ntrk3"
"3983","Ngf","Sorcs2"
"3984","Ngf","Sorcs3"
"3985","Ngf","Sort1"
"3986","Ngf","Trpv1"
"3987","Ntf3","Ngfr"
"3988","Ntf5","Ngfr"
"3989","Nts","Ngfr"
"3990","Omg","Ngfr"
"3991","Rtn4","Ngfr"
"3992","Ttr","Ngfr"
"3993","Nid1","Ptprf"
"3994","Nlgn1","Nrxn1"
"3995","Nlgn1","Nrxn2"
"3996","Nlgn1","Nrxn3"
"3997","Nlgn2","Nrxn1"
"3998","Nlgn2","Nrxn2"
"3999","Nlgn2","Nrxn3"
"4000","Nlgn3","Nrxn1"
"4001","Nlgn3","Nrxn2"
"4002","Nlgn3","Nrxn3"
"4003","Nmb","Nmbr"
"4004","Nms","Nmur1"
"4005","Nms","Nmur2"
"4006","Nmu","Nmur1"
"4007","Nmu","Nmur2"
"4008","Psen1","Notch1"
"4009","Rbp3","Notch1"
"4010","Reln","Notch1"
"4011","Thbs4","Notch1"
"4012","Tnf","Notch1"
"4013","Wnt4","Notch1"
"4014","Wnt5a","Notch1"
"4015","Psen1","Notch2"
"4016","Psen2","Notch2"
"4017","Psen1","Notch3"
"4018","Scgb3a1","Notch3"
"4019","Thbs2","Notch3"
"4020","Psen1","Notch4"
"4021","Npw","Npbwr1"
"4022","Npff","Npffr1"
"4023","Npff","Npffr2"
"4024","Npvf","Npffr1"
"4025","Npvf","Npffr2"
"4026","Npy","Npffr2"
"4027","Nppa","Npr1"
"4028","Nppa","Npr2"
"4029","Nppa","Npr3"
"4030","Nppc","Npr1"
"4031","Nppc","Npr2"
"4032","Nppc","Npr3"
"4033","Vegfa","Npr1"
"4034","Ostn","Npr3"
"4035","Vip","Npr3"
"4036","Nps","Npsr1"
"4037","Nps","Pth1r"
"4038","Nps","Ramp2"
"4039","Nps","Ramp3"
"4040","Nps","Tshr"
"4041","Nps","Vipr1"
"4042","Nptx1","Nptxr"
"4043","Nptx2","Nptxr"
"4044","Ppy","Npy1r"
"4045","Pyy","Npy1r"
"4046","Ppy","Npy2r"
"4047","Pyy","Npy2r"
"4048","Ppy","Npy4r"
"4049","Pyy","Npy4r"
"4050","Ppy","Npy5r"
"4051","Pyy","Npy5r"
"4052","Ppy","Npy6r"
"4053","Pyy","Npy6r"
"4054","Npy","Npy1r"
"4055","Npy","Npy2r"
"4056","Npy","Npy4r"
"4057","Npy","Npy5r"
"4058","Npy","Npy6r"
"4059","Npy","Pgr15l"
"4060","Npy","Prlhr"
"4061","Sema6d","Nrcam"
"4062","Sema3c","Nrp1,Nrp2"
"4063","Pgf","Nrp1"
"4064","Sema3a","Nrp1,Plxna1"
"4065","Sema3b","Nrp1,Plxna1"
"4066","Sema3c","Nrp1,Plxna1"
"4067","Sema3d","Nrp1,Plxna1"
"4068","Sema4a","Nrp1,Plxna1"
"4069","Sema3a","Nrp1,Plxna2"
"4070","Sema3b","Nrp1,Plxna2"
"4071","Sema3c","Nrp1,Plxna2"
"4072","Sema3d","Nrp1,Plxna2"
"4073","Sema4a","Nrp1,Plxna2"
"4074","Sema3a","Nrp1,Plxna3"
"4075","Sema3b","Nrp1,Plxna3"
"4076","Sema3c","Nrp1,Plxna3"
"4077","Sema3d","Nrp1,Plxna3"
"4078","Sema4a","Nrp1,Plxna3"
"4079","Sema3a","Nrp1,Plxna4"
"4080","Sema3b","Nrp1,Plxna4"
"4081","Sema3c","Nrp1,Plxna4"
"4082","Sema3d","Nrp1,Plxna4"
"4083","Sema4a","Nrp1,Plxna4"
"4084","Ptn","Nrp1"
"4085","Sema3a","Nrp1"
"4086","Sema3e","Nrp1"
"4087","Sema3f","Nrp1"
"4088","Sema4a","Nrp1"
"4089","Vegfa","Nrp1"
"4090","Vegfb","Nrp1"
"4091","Pgf","Nrp2"
"4092","Sema3b","Nrp2,Plxna1"
"4093","Sema3c","Nrp2,Plxna1"
"4094","Sema3d","Nrp2,Plxna1"
"4095","Sema3f","Nrp2,Plxna1"
"4096","Sema3g","Nrp2,Plxna1"
"4097","Sema3b","Nrp2,Plxna2"
"4098","Sema3c","Nrp2,Plxna2"
"4099","Sema3d","Nrp2,Plxna2"
"4100","Sema3f","Nrp2,Plxna2"
"4101","Sema3g","Nrp2,Plxna2"
"4102","Sema3b","Nrp2,Plxna3"
"4103","Sema3c","Nrp2,Plxna3"
"4104","Sema3d","Nrp2,Plxna3"
"4105","Sema3f","Nrp2,Plxna3"
"4106","Sema3g","Nrp2,Plxna3"
"4107","Sema3b","Nrp2,Plxna4"
"4108","Sema3c","Nrp2,Plxna4"
"4109","Sema3d","Nrp2,Plxna4"
"4110","Sema3f","Nrp2,Plxna4"
"4111","Sema3g","Nrp2,Plxna4"
"4112","Sema3a","Nrp2"
"4113","Sema3c","Nrp2"
"4114","Sema3f","Nrp2"
"4115","Sema4f","Nrp2"
"4116","Vegfa","Nrp2"
"4117","Vegfc","Nrp2"
"4118","Vegfd","Nrp2"
"4119","Spink1","Nrsn1"
"4120","Nrtn","Sdc3"
"4121","Nxph1","Nrxn1"
"4122","Nxph2","Nrxn1"
"4123","Nxph3","Nrxn1"
"4124","Rph3a","Nrxn1"
"4125","Nxph1","Nrxn2"
"4126","Nxph3","Nrxn2"
"4127","Nxph1","Nrxn3"
"4128","Nxph3","Nrxn3"
"4129","Tnc","Nt5e"
"4130","Ntf3","Ntrk1"
"4131","Ntf3","Ntrk2"
"4132","Ntf3","Ntrk3"
"4133","Ntf5","Ntrk1"
"4134","Ntf5","Ntrk2"
"4135","Ntf5","Ntrk3"
"4136","Ntn1","Robo3"
"4137","Ntn1","Unc5a"
"4138","Ntn1","Unc5b"
"4139","Ntn1","Unc5c"
"4140","Ntn1","Unc5d"
"4141","Ntn4","Unc5a"
"4142","Vgf","Ntrk1"
"4143","Ntrk3","Ptprd"
"4144","Ntrk3","Ptprf"
"4145","Ntrk3","Ptprs"
"4146","Nts","Ntsr1"
"4147","Nts","Ntsr2"
"4148","Nts","Sort1"
"4149","Ocln","Ocln"
"4150","Olfm2","Robo2"
"4151","Omg","Rtn4r"
"4152","Omg","Rtn4rl1"
"4153","Omg","Tnfrsf1b"
"4154","Pdyn","Oprd1"
"4155","Penk","Oprd1"
"4156","Pomc","Oprd1"
"4157","Pdyn","Oprk1"
"4158","Penk","Oprk1"
"4159","Pomc","Oprk1"
"4160","Pdyn","Oprl1"
"4161","Penk","Oprl1"
"4162","Pnoc","Oprl1"
"4163","Pomc","Oprl1"
"4164","Pdyn","Oprm1"
"4165","Penk","Oprm1"
"4166","Pomc","Oprm1"
"4167","Oxt","Oxtr"
"4168","Qrfp","P2ry14"
"4169","Papln","Sirpa"
"4170","Plg","Pard3"
"4171","Prss2","Pard3"
"4172","Try10","Pard3"
"4173","Try4","Pard3"
"4174","Try5","Pard3"
"4175","Pcsk9","Sort1"
"4176","Pcsk9","Vldlr"
"4177","Pdap1","Pdgfrb"
"4178","Pdcd1lg2","Pdcd1"
"4179","Pdcd1lg2","Pdcd2"
"4180","Pdcd1lg2","Rgmb"
"4181","Pdgfa","Pdgfra"
"4182","Pdgfa","Pdgfrb"
"4183","Pdgfb","Pdgfra"
"4184","Pdgfb","Pdgfra,Pdgfrb"
"4185","Pdgfb","Pdgfrb"
"4186","Pdgfb","S1pr1"
"4187","Pdgfc","Pdgfra"
"4188","Pdgfc","Pdgfrb"
"4189","Pdgfd","Pdgfra,Pdgfrb"
"4190","Pdgfd","Pdgfrb"
"4191","Plekho2","Pdgfrb"
"4192","Pecam1","Pecam1"
"4193","Pf4","Procr"
"4194","Pf4","Thbd"
"4195","Ppy","Pgr15l"
"4196","Pyy","Pgr15l"
"4197","Prl8a2","Pgr"
"4198","Pla2g1b","Pla2r1"
"4199","Pla2g5","Pla2r1"
"4200","Plau","Plaur"
"4201","Plau","St14"
"4202","Plau","Vldlr"
"4203","Plg","Plaur"
"4204","Serpine1","Plaur"
"4205","Serpine2","Plaur"
"4206","Srpx2","Plaur"
"4207","Vtn","Plaur"
"4208","Plg","Plgrkt"
"4209","Slpi","Plscr1"
"4210","Slpi","Plscr4"
"4211","Serpinf1","Plxdc1"
"4212","Serpinf1","Plxdc2"
"4213","Sema3e","Plxna1"
"4214","Sema5a","Plxna1"
"4215","Sema5b","Plxna1"
"4216","Sema6c","Plxna1"
"4217","Sema6d","Plxna1"
"4218","Sema6d","Plxna1,Trem2"
"4219","Sema6d","Plxna1,Trem2,Tyrobp"
"4220","Slit1","Plxna1"
"4221","Slit2","Plxna1"
"4222","Slit3","Plxna1"
"4223","Sema4d","Plxna2"
"4224","Sema6a","Plxna2"
"4225","Sema6b","Plxna2"
"4226","Sema5a","Plxna3"
"4227","Sema5b","Plxna3"
"4228","Sema6a","Plxna4"
"4229","Sema6b","Plxna4"
"4230","Sema6d","Plxna4"
"4231","Sema3c","Plxnb1"
"4232","Sema4a","Plxnb1"
"4233","Plxnb1","Sema4d"
"4234","Ptn","Plxnb2"
"4235","Sema4a","Plxnb2"
"4236","Plxnb2","Sema4c"
"4237","Plxnb2","Sema4d"
"4238","Sema4g","Plxnb2"
"4239","Sema4a","Plxnb3"
"4240","Sema4d","Plxnb3"
"4241","Sema5a","Plxnb3"
"4242","Sema7a","Plxnc1"
"4243","Sema3c","Plxnd1"
"4244","Sema3e","Plxnd1"
"4245","Sema4a","Plxnd1"
"4246","Podxl2","Sell"
"4247","Pomc","Pth1r"
"4248","Pomc","Ramp2"
"4249","Pomc","Ramp3"
"4250","Pomc","Tshr"
"4251","Pomc","Vipr1"
"4252","Postn","Ptk7"
"4253","Prg4","Tlr2"
"4254","Prg4","Tlr4"
"4255","Prl2a1","Prlr"
"4256","Prl2b1","Prlr"
"4257","Prl2c1","Prlr"
"4258","Prl2c2","Prlr"
"4259","Prl2c3","Prlr"
"4260","Prl2c5","Prlr"
"4261","Prl3a1","Prlr"
"4262","Prl3b1","Prlr"
"4263","Prl3c1","Prlr"
"4264","Prl3d1","Prlr"
"4265","Prl3d2","Prlr"
"4266","Prl3d3","Prlr"
"4267","Prl4a1","Prlr"
"4268","Prl5a1","Prlr"
"4269","Prl6a1","Prlr"
"4270","Prl7a1","Prlr"
"4271","Prl7a2","Prlr"
"4272","Prl7b1","Prlr"
"4273","Prl7c1","Prlr"
"4274","Prl7d1","Prlr"
"4275","Prl8a1","Prlr"
"4276","Prl8a6","Prlr"
"4277","Prl8a8","Prlr"
"4278","Prl8a9","Prlr"
"4279","Prl","Prlr"
"4280","Prlh","Prlhr"
"4281","Pthlh","Prlhr"
"4282","Prnd","Rpsa"
"4283","Proc","Procr"
"4284","Prok1","Prokr1"
"4285","Prok1","Prokr2"
"4286","Prok2","Prokr1"
"4287","Prok2","Prokr2"
"4288","Pros1","Tyro3"
"4289","Prss23","Tmem222"
"4290","Psap","Sort1"
"4291","Pspn","Ret"
"4292","Shh","Ptch1"
"4293","Shh","Ptch2"
"4294","Ptdss1","Scarb1"
"4295","Ptgs2","Ptgdr2"
"4296","Ptgs2","Ptger1"
"4297","Ptgs2","Ptger2"
"4298","Ptgs2","Ptger3"
"4299","Ptgs2","Ptger4"
"4300","Spp1","Ptger4"
"4301","Pth2","Pth1r"
"4302","Pthlh","Pth1r"
"4303","Rln1","Pth1r"
"4304","Rln3","Pth1r"
"4305","Sct","Pth1r"
"4306","Tshb","Pth1r"
"4307","Vip","Pth1r"
"4308","Pth2","Pth2r"
"4309","Pth2","Ramp1"
"4310","Pth2","Ramp2"
"4311","Pth2","Ramp3"
"4312","Pth2","Tshr"
"4313","Pth2","Vipr1"
"4314","Pthlh","Pth2r"
"4315","Pth","Pth1r"
"4316","Pth","Pth2r"
"4317","Pth","Ramp1"
"4318","Pth","Ramp2"
"4319","Pth","Ramp3"
"4320","Pth","Tshr"
"4321","Pth","Vipr1"
"4322","Pthlh","Ramp2"
"4323","Pthlh","Ramp3"
"4324","Pthlh","Tshr"
"4325","Pthlh","Vipr1"
"4326","Wnt3a","Ptk7"
"4327","Wnt8a","Ptk7"
"4328","Wnt8b","Ptk7"
"4329","Ptma","Vipr1"
"4330","Ptn","Ptprb"
"4331","Ptn","Ptprs"
"4332","Ptn","Ptprz1"
"4333","Ptn","Sdc1"
"4334","Ptn","Sdc2"
"4335","Ptn","Sdc3"
"4336","Ptn","Sdc4"
"4337","Ptpn11","Ros1"
"4338","Ptpn6","Ros1"
"4339","Sptan1","Ptpra"
"4340","Sptbn2","Ptpra"
"4341","Tnc","Ptprb"
"4342","Vegfa","Ptprb"
"4343","Slitrk1","Ptprd"
"4344","Slitrk2","Ptprd"
"4345","Slitrk3","Ptprd"
"4346","Slitrk5","Ptprd"
"4347","Sdc2","Ptprj"
"4348","Thbs1","Ptprj"
"4349","Ptprk","Ptprk"
"4350","Wnt5a","Ptprk"
"4351","Ptprm","Ptprm"
"4352","Slitrk1","Ptprs"
"4353","Slitrk2","Ptprs"
"4354","Slitrk3","Ptprs"
"4355","Slitrk6","Ptprs"
"4356","Tnf","Ptprs"
"4357","Tnc","Ptprz1"
"4358","Vegfa","Ptprz1"
"4359","Shh","Pvr"
"4360","Tigit","Pvr"
"4361","Tnfsf9","Pvr"
"4362","Vtn","Pvr"
"4363","Qrfp","Qrfpr"
"4364","Vip","Ramp1"
"4365","Rln1","Ramp2"
"4366","Rln3","Ramp2"
"4367","Sct","Ramp2"
"4368","Tshb","Ramp2"
"4369","Vip","Ramp2"
"4370","Rln1","Ramp3"
"4371","Rln3","Ramp3"
"4372","Sct","Ramp3"
"4373","Tshb","Ramp3"
"4374","Vip","Ramp3"
"4375","Rbp4","Stra6"
"4376","Wnt7a","Reck"
"4377","Reln","Vldlr"
"4378","Shank3","Ret"
"4379","Vegfa","Ret"
"4380","Vegfb","Ret"
"4381","Retn","Tlr4"
"4382","Tnf","Rhbdf2"
"4383","Rims1","Slc17a7"
"4384","Rims1","Slc18a2"
"4385","Rims1","Slc18a3"
"4386","Rps27a","Ripk1"
"4387","Tnf","Ripk1"
"4388","Tnfsf10","Ripk1"
"4389","Rln1","Rxfp1"
"4390","Rln1","Rxfp2"
"4391","Rln1","Rxfp3"
"4392","Rln1","Rxfp4"
"4393","Rln1","Tshr"
"4394","Rln1","Vipr1"
"4395","Rln3","Rxfp1"
"4396","Rln3","Rxfp2"
"4397","Rln3","Rxfp3"
"4398","Rln3","Rxfp4"
"4399","Rln3","Tshr"
"4400","Rln3","Vipr1"
"4401","Rspo2","Rnf43"
"4402","Robo1","Robo1"
"4403","Slit1","Robo1"
"4404","Slit2","Robo1"
"4405","Slit3","Robo1"
"4406","Robo2","Robo2"
"4407","Slit1","Robo2"
"4408","Slit2","Robo2"
"4409","Slit3","Robo2"
"4410","Slit2","Robo3"
"4411","Slit3","Robo3"
"4412","Slit2","Robo4"
"4413","Slit3","Robo4"
"4414","Wnt3","Ror1"
"4415","Wnt5a","Ror1"
"4416","Wnt1","Ror2"
"4417","Wnt3","Ror2"
"4418","Wnt5a","Ror2"
"4419","Rps27a","Tgfbr1"
"4420","Rps27a","Tgfbr2"
"4421","Rps27a","Tlr4"
"4422","Rspo1","Znrf3"
"4423","Rspo2","Znrf3"
"4424","Rspo3","Sdc4"
"4425","Rtn2","Rtn4r"
"4426","Rtn3","Rtn4r"
"4427","Rtn4","Rtn4r"
"4428","Rtn4","Rtn4rl1"
"4429","Rtn4","Rtn4rl2"
"4430","Rtn4","S1pr2"
"4431","Rtn4","Tnfrsf19"
"4432","Tgs1","Rxra"
"4433","Wnt1","Ryk"
"4434","Wnt11","Ryk"
"4435","Wnt3","Ryk"
"4436","Wnt3a","Ryk"
"4437","Wnt5a","Ryk"
"4438","S100a1","Ryr1"
"4439","S100a1","Ryr2"
"4440","S100a10","Trpv5"
"4441","S100a10","Trpv6"
"4442","S100a1","Tlr4"
"4443","S100a8","Tlr4"
"4444","S100a9","Tlr4"
"4445","Spp1","S1pr1"
"4446","Thbs1","Scarb1"
"4447","Thbs1","Scarb2"
"4448","Sct","Sctr"
"4449","Sct","Tshr"
"4450","Sct","Vipr1"
"4451","Sct","Vipr2"
"4452","Vip","Sctr"
"4453","Slit1","Sdc1"
"4454","Slit2","Sdc1"
"4455","Thbs1","Sdc1"
"4456","Thbs2","Sdc1"
"4457","Thbs3","Sdc1"
"4458","Thbs4","Sdc1"
"4459","Tnc","Sdc1"
"4460","Tnn","Sdc1"
"4461","Tnr","Sdc1"
"4462","Tnxb","Sdc1"
"4463","Serpinc1","Sdc2"
"4464","Tgfb1","Sdc2"
"4465","Tnfsf13","Sdc2"
"4466","Vegfa","Sdc2"
"4467","Tfpi","Sdc4"
"4468","Tgm2","Sdc4"
"4469","Thbs1","Sdc4"
"4470","Thbs2","Sdc4"
"4471","Thbs3","Sdc4"
"4472","Thbs4","Sdc4"
"4473","Tnc","Sdc4"
"4474","Tnn","Sdc4"
"4475","Tnr","Sdc4"
"4476","Tnxb","Sdc4"
"4477","Sele","Selplg"
"4478","Serping1","Sele"
"4479","Sell","Selplg"
"4480","Vcan","Sell"
"4481","Selp","Selplg"
"4482","Serping1","Selp"
"4483","Vcan","Selp"
"4484","Vwf","Selp"
"4485","Selplg","Vsir"
"4486","Sema4a","Timd2"
"4487","Tnf","Sema4c"
"4488","Serpina7","Slc16a2"
"4489","Serpine1","Vldlr"
"4490","Sftpa1","Sirpa"
"4491","Sftpa1","Tlr2"
"4492","Sftpd","Sirpa"
"4493","Sftpd","Tlr4"
"4494","Shank1","Sstr2"
"4495","Shbg","Slc37a1"
"4496","Shh","Smo"
"4497","Siglec1","Spn"
"4498","Thpo","Sirpa"
"4499","Vegfa","Sirpa"
"4500","Vwf","Sirpa"
"4501","Tnf","Slc5a11"
"4502","Wnt4","Smo"
"4503","Spint1","St14"
"4504","Sst","Sstr1"
"4505","Sst","Sstr2"
"4506","Sst","Sstr3"
"4507","Sst","Sstr4"
"4508","Sst","Sstr5"
"4509","Uts2b","Sstr5"
"4510","Vwf","Stab2"
"4511","Txlna","Stx1a"
"4512","Txlna","Stx3"
"4513","Txlna","Stx4a"
"4514","Tac1","Tacr1"
"4515","Tac1","Tacr2"
"4516","Tac1","Tacr3"
"4517","Tac2","Tacr1"
"4518","Tac2","Tacr2"
"4519","Tac2","Tacr3"
"4520","Tgm2","Tbxa2r"
"4521","Tctn1","Tmem67"
"4522","Tdgf1","Tgfbr1"
"4523","Tfpi","Vldlr"
"4524","Trf","Tfr2"
"4525","Tnfsf13b","Tfrc"
"4526","Trf","Tfrc"
"4527","Tgfb1","Tgfbr1,Tgfbr2"
"4528","Tgfb1","Tgfbr3"
"4529","Tgfb1","Vasn"
"4530","Tgfb2","Tgfbr1,Tgfbr2"
"4531","Tgfb2","Tgfbr3"
"4532","Tgfb3","Tgfbr1,Tgfbr2"
"4533","Tgfb3","Tgfbr3"
"4534","Thbs1","Tnfrsf11b"
"4535","Thbs1","Vldlr"
"4536","Vcan","Tlr1"
"4537","Vcan","Tlr2"
"4538","Tnc","Tlr4"
"4539","Tnfsf9","Tmem126a"
"4540","Tnf","Tnfrsf1a"
"4541","Tnf","Tnfrsf1b"
"4542","Tnf","Tnfrsf21"
"4543","Tnf","Tradd"
"4544","Tnf","Traf2"
"4545","Tnf","Vsir"
"4546","Tnfsf10","Tnfrsf10b"
"4547","Tnfsf11","Tnfrsf11a"
"4548","Tnfrsf11b","Tnfsf10"
"4549","Tnfrsf11b","Tnfsf11"
"4550","Tnfsf13","Tnfrsf11b"
"4551","Vtn","Tnfrsf11b"
"4552","Vwf","Tnfrsf11b"
"4553","Tnfsf12","Tnfrsf12a"
"4554","Tnfsf13","Tnfrsf17"
"4555","Tnfsf13b","Tnfrsf17"
"4556","Tnfsf13","Tnfrsf1a"
"4557","Tnfsf12","Tnfrsf25"
"4558","Tnfsf15","Tnfrsf25"
"4559","Tnfsf9","Tnfrsf9"
"4560","Tnfsf9","Traf1"
"4561","Tnfsf9","Traf2"
"4562","Trh","Trhr"
"4563","Trh","Trhr2"
"4564","Tshb","Tshr"
"4565","Tshb","Vipr1"
"4566","Vip","Tshr"
"4567","Vegfa","Tyro3"
"4568","Vegfb","Tyro3"
"4569","Uts2","Uts2r"
"4570","Uts2b","Uts2r"
"4571","Vegfc","Vipr2"
"4572","Vip","Vipr1"
"4573","Vip","Vipr2"
"4574","Xcl1","Xcr1"
"4575","Zp3","Zp3r"
"4576","a","Atrn"
"4577","a","F11r"
"4578","a","Mc1r"
"4579","a","Mc2r"
"4580","a","Mc3r"
"4581","a","Mc4r"
"4582","a","Mc5r"
