"","ligand","receptor","Ligand.receptor.pair","Source","PMID.support","Ligand.HGNC.ID","Ligand.location","Receptor.HGNC.ID","HGNC.L.R","secondary.source."
"1","A2M","LRP1","A2M LRP1","Ramilowski_2015_Literature_supported","1702392, 10652313, 12194978,","HGNC:7","secreted","HGNC:6692","HGNC:7 HGNC:6692",""
"2","AANAT","MTNR1A","AANAT MTNR1A","Ramilowski_2015_Literature_supported","12943195,","HGNC:19","secreted","HGNC:7463","HGNC:19 HGNC:7463",""
"3","AANAT","MTNR1B","AANAT MTNR1B","Ramilowski_2015_Literature_supported","12943195,","HGNC:19","secreted","HGNC:7464","HGNC:19 HGNC:7464",""
"4","ACE","BDKRB2","ACE BDKRB2","Ramilowski_2015_Literature_supported","10748135,","HGNC:2707","plasma membrane; secreted","HGNC:1030","HGNC:2707 HGNC:1030",""
"5","ADAM10","EPHA3","ADAM10 EPHA3","Ramilowski_2015_Literature_supported","16239146,","HGNC:188","plasma membrane","HGNC:3387","HGNC:188 HGNC:3387",""
"6","ADAM11","ITGA4","ADAM11 ITGA4","Hou et al. 2020 (this publication)","28913673,","HGNC:189","plasma membrane","HGNC:6140","HGNC:189 HGNC:6140",""
"7","ADAM12","ITGA9","ADAM12 ITGA9","Ramilowski_2015_Literature_supported","10944520,","HGNC:190","plasma membrane","HGNC:6145","HGNC:190 HGNC:6145",""
"8","ADAM12","ITGB1","ADAM12 ITGB1","Ramilowski_2015_Literature_supported","10944520,","HGNC:190","plasma membrane","HGNC:6153","HGNC:190 HGNC:6153",""
"9","ADAM12","SDC4","ADAM12 SDC4","Ramilowski_2015_Literature_supported","12509413,","HGNC:190","plasma membrane","HGNC:10661","HGNC:190 HGNC:10661",""
"10","ADAM15","ITGA5","ADAM15 ITGA5","Ramilowski_2015_Literature_supported","9914169, 9516430,","HGNC:193","plasma membrane","HGNC:6141","HGNC:193 HGNC:6141",""
"11","ADAM15","ITGA9","ADAM15 ITGA9","Ramilowski_2015_Literature_supported","10944520,","HGNC:193","plasma membrane","HGNC:6145","HGNC:193 HGNC:6145",""
"12","ADAM15","ITGAV","ADAM15 ITGAV","Ramilowski_2015_Literature_supported","9914169,","HGNC:193","plasma membrane","HGNC:6150","HGNC:193 HGNC:6150",""
"13","ADAM15","ITGB1","ADAM15 ITGB1","Ramilowski_2015_Literature_supported","9914169, 10944520,","HGNC:193","plasma membrane","HGNC:6153","HGNC:193 HGNC:6153",""
"14","ADAM15","ITGB3","ADAM15 ITGB3","Ramilowski_2015_Literature_supported","9516430,","HGNC:193","plasma membrane","HGNC:6156","HGNC:193 HGNC:6156",""
"15","ADAM17","ITGA5","ADAM17 ITGA5","Ramilowski_2015_Literature_supported","14970227,","HGNC:195","plasma membrane","HGNC:6141","HGNC:195 HGNC:6141",""
"16","ADAM17","ITGB1","ADAM17 ITGB1","Ramilowski_2015_Literature_supported","14970227,","HGNC:195","plasma membrane","HGNC:6153","HGNC:195 HGNC:6153",""
"17","ADAM17","NOTCH1","ADAM17 NOTCH1","Ramilowski_2015_Literature_supported","10882063, 9620803,","HGNC:195","plasma membrane","HGNC:7881","HGNC:195 HGNC:7881",""
"18","ADAM2","ITGA6","ADAM2 ITGA6","Ramilowski_2015_Literature_supported","9889149,","HGNC:198","plasma membrane","HGNC:6142","HGNC:198 HGNC:6142",""
"19","ADAM2","ITGA9","ADAM2 ITGA9","Ramilowski_2015_Literature_supported","21060781,","HGNC:198","plasma membrane","HGNC:6145","HGNC:198 HGNC:6145",""
"20","ADAM2","ITGB1","ADAM2 ITGB1","Ramilowski_2015_Literature_supported","9889149,","HGNC:198","plasma membrane","HGNC:6153","HGNC:198 HGNC:6153",""
"21","ADAM2","ITGB7","ADAM2 ITGB7","Ramilowski_2015_Literature_supported","21060781,","HGNC:198","plasma membrane","HGNC:6162","HGNC:198 HGNC:6162",""
"22","ADAM23","ITGA4","ADAM23 ITGA4","Hou et al. 2020 (this publication)","28913673,","HGNC:202","plasma membrane","HGNC:6140","HGNC:202 HGNC:6140",""
"23","ADAM23","ITGA5","ADAM23 ITGA5","Ramilowski_2015_Literature_supported","10749942,","HGNC:202","plasma membrane","HGNC:6141","HGNC:202 HGNC:6141",""
"24","ADAM23","ITGB3","ADAM23 ITGB3","Ramilowski_2015_Literature_supported","10749942,","HGNC:202","plasma membrane","HGNC:6156","HGNC:202 HGNC:6156",""
"25","ADAM28","ITGA4","ADAM28 ITGA4","Ramilowski_2015_Literature_supported","11724793,","HGNC:206","plasma membrane","HGNC:6140","HGNC:206 HGNC:6140",""
"26","ADAM29","ITGA4","ADAM29 ITGA4","Hou et al. 2020 (this publication)","28913673,","HGNC:207","plasma membrane","HGNC:6140","HGNC:207 HGNC:6140",""
"27","ADAM7","ITGA4","ADAM7 ITGA4","Hou et al. 2020 (this publication)","15504110,","HGNC:214","plasma membrane","HGNC:6140","HGNC:214 HGNC:6140",""
"28","ADAM7","ITGB7","ADAM7 ITGB7","Hou et al. 2020 (this publication)","15504110,","HGNC:214","plasma membrane","HGNC:6162","HGNC:214 HGNC:6162",""
"29","ADAM9","ITGA3","ADAM9 ITGA3","Ramilowski_2015_Literature_supported","15361064,","HGNC:216","plasma membrane","HGNC:6139","HGNC:216 HGNC:6139",""
"30","ADAM9","ITGA6","ADAM9 ITGA6","Ramilowski_2015_Literature_supported","10825303,15361064,","HGNC:216","plasma membrane","HGNC:6142","HGNC:216 HGNC:6142",""
"31","ADAM9","ITGAV","ADAM9 ITGAV","Ramilowski_2015_Literature_supported","11162558,15361064,","HGNC:216","plasma membrane","HGNC:6150","HGNC:216 HGNC:6150",""
"32","ADAM9","ITGB1","ADAM9 ITGB1","Ramilowski_2015_Literature_supported","10825303,","HGNC:216","plasma membrane","HGNC:6153","HGNC:216 HGNC:6153",""
"33","ADAM9","ITGB5","ADAM9 ITGB5","Ramilowski_2015_Literature_supported","11162558,","HGNC:216","plasma membrane","HGNC:6160","HGNC:216 HGNC:6160",""
"34","ADCYAP1","ADCYAP1R1","ADCYAP1 ADCYAP1R1","Ramilowski_2015_Literature_supported","10100920, 8703026,10583729, 16930633, 11931347,10583729, 8253796,","HGNC:241","secreted","HGNC:242","HGNC:241 HGNC:242","CellphoneDB"
"35","ADCYAP1","SCTR","ADCYAP1 SCTR","Ramilowski_2015_Literature_supported","1335692,","HGNC:241","secreted","HGNC:10608","HGNC:241 HGNC:10608","CellphoneDB"
"36","ADCYAP1","VIPR1","ADCYAP1 VIPR1","Ramilowski_2015_Literature_supported","11897681,9928018, 11931347, 16930633, 8791009,12429744,","HGNC:241","secreted","HGNC:12694","HGNC:241 HGNC:12694",""
"37","ADCYAP1","VIPR2","ADCYAP1 VIPR2","Ramilowski_2015_Literature_supported","16930633, 11978642, 9928018, 11931347,8146174,","HGNC:241","secreted","HGNC:12695","HGNC:241 HGNC:12695",""
"38","ADGRB1","RTN4R","ADGRB1 RTN4R","Hou et al. 2020 (this publication)","30477585,","HGNC:943","plasma membrane","HGNC:18601","HGNC:943 HGNC:18601",""
"39","ADGRB1","RTN4RL1","ADGRB1 RTN4RL1","Hou et al. 2020 (this publication)","30477585,","HGNC:943","plasma membrane","HGNC:21329","HGNC:943 HGNC:21329",""
"40","ADGRB1","RTN4RL2","ADGRB1 RTN4RL2","Hou et al. 2020 (this publication)","30477585,","HGNC:943","plasma membrane","HGNC:23053","HGNC:943 HGNC:23053",""
"41","ADGRE5","CD55","ADGRE5 CD55","Baccin et al. 2020 (RNA-Magnet)","23447688,","HGNC:1711","plasma membrane","HGNC:2665","HGNC:1711 HGNC:2665",""
"42","ADIPOQ","ADIPOR1","ADIPOQ ADIPOR1","Ramilowski_2015_Literature_supported","12802337,","HGNC:13633","secreted","HGNC:24040","HGNC:13633 HGNC:24040",""
"43","ADIPOQ","ADIPOR2","ADIPOQ ADIPOR2","Ramilowski_2015_Literature_supported","12802337,12802337,","HGNC:13633","secreted","HGNC:24041","HGNC:13633 HGNC:24041",""
"44","ADM","CALCR","ADM CALCR","Ramilowski_2015_Literature_supported","15692146, 12565884,","HGNC:259","secreted","HGNC:1440","HGNC:259 HGNC:1440","CellphoneDB"
"45","ADM","CALCRL","ADM CALCRL","Ramilowski_2015_Literature_supported","9620797,9620797,","HGNC:259","secreted","HGNC:16709","HGNC:259 HGNC:16709",""
"46","ADM","MRGPRX2","ADM MRGPRX2","Ramilowski_2015_Literature_supported","16111673,15823563,","HGNC:259","secreted","HGNC:17983","HGNC:259 HGNC:17983","CellphoneDB"
"47","ADM","RAMP2","ADM RAMP2","Ramilowski_2015_Literature_supported","9620797,","HGNC:259","secreted","HGNC:9844","HGNC:259 HGNC:9844",""
"48","ADM","RAMP3","ADM RAMP3","Hou et al. 2020 (this publication)","30139742,","HGNC:259","secreted","HGNC:9845","HGNC:259 HGNC:9845",""
"49","ADM2","CALCR","ADM2 CALCR","Ramilowski_2015_Literature_supported","15692146,","HGNC:28898","secreted","HGNC:1440","HGNC:28898 HGNC:1440","CellphoneDB"
"50","ADM2","CALCRL","ADM2 CALCRL","Ramilowski_2015_Literature_supported","14615490,","HGNC:28898","secreted","HGNC:16709","HGNC:28898 HGNC:16709",""
"51","ADM2","RAMP1","ADM2 RAMP1","Ramilowski_2015_Literature_supported","12684503,","HGNC:28898","secreted","HGNC:9843","HGNC:28898 HGNC:9843",""
"52","ADM2","RAMP2","ADM2 RAMP2","Hou et al. 2020 (this publication)","30139743,","HGNC:28898","secreted","HGNC:9844","HGNC:28898 HGNC:9844",""
"53","ADM2","RAMP3","ADM2 RAMP3","Hou et al. 2020 (this publication)","30139742, ","HGNC:28898","secreted","HGNC:9845","HGNC:28898 HGNC:9845",""
"54","AFDN","EPHA7","AFDN EPHA7","Ramilowski_2015_Literature_supported","9707552,","HGNC:7137","plasma membrane","HGNC:3390","HGNC:7137 HGNC:3390",""
"55","AFDN","EPHB2","AFDN EPHB2","Ramilowski_2015_Literature_supported","9707552,","HGNC:7137","plasma membrane","HGNC:3393","HGNC:7137 HGNC:3393",""
"56","AFDN","EPHB3","AFDN EPHB3","Ramilowski_2015_Literature_supported","9707552,","HGNC:7137","plasma membrane","HGNC:3394","HGNC:7137 HGNC:3394",""
"57","AFDN","EPHB6","AFDN EPHB6","Ramilowski_2015_Literature_supported","9707552,","HGNC:7137","plasma membrane","HGNC:3396","HGNC:7137 HGNC:3396",""
"58","AFDN","F11R","AFDN F11R","Ramilowski_2015_Literature_supported","10856295,","HGNC:7137","plasma membrane","HGNC:14685","HGNC:7137 HGNC:14685",""
"59","AFDN","NECTIN1","AFDN NECTIN1","Ramilowski_2015_Literature_supported","10225955, 10617658,","HGNC:7137","plasma membrane","HGNC:9706","HGNC:7137 HGNC:9706",""
"60","AFDN","NECTIN2","AFDN NECTIN2","Ramilowski_2015_Literature_supported","10225955,","HGNC:7137","plasma membrane","HGNC:9707","HGNC:7137 HGNC:9707",""
"61","AFDN","NECTIN3","AFDN NECTIN3","Ramilowski_2015_Literature_supported","10744716, 11024295,","HGNC:7137","plasma membrane","HGNC:17664","HGNC:7137 HGNC:17664",""
"62","AFDN","NECTIN4","AFDN NECTIN4","Ramilowski_2015_Literature_supported","11544254,","HGNC:7137","plasma membrane","HGNC:19688","HGNC:7137 HGNC:19688",""
"63","AGRN","ATP1A3","AGRN ATP1A3","Ramilowski_2015_Literature_supported","16630822,","HGNC:329","secreted","HGNC:801","HGNC:329 HGNC:801",""
"64","AGRN","DAG1","AGRN DAG1","Hou et al. 2020 (this publication)","7531888,","HGNC:329","secreted","HGNC:2666","HGNC:329 HGNC:2666",""
"65","AGRN","LRP4","AGRN LRP4","Ramilowski_2015_Literature_supported","18848351,","HGNC:329","secreted","HGNC:6696","HGNC:329 HGNC:6696",""
"66","AGRN","MUSK","AGRN MUSK","Ramilowski_2015_Literature_supported","8653787,","HGNC:329","secreted","HGNC:7525","HGNC:329 HGNC:7525",""
"67","AGRP","MC3R","AGRP MC3R","Ramilowski_2015_Literature_supported","9311920,9819197,9893984, 11747427,","HGNC:330","secreted","HGNC:6931","HGNC:330 HGNC:6931","CellphoneDB"
"68","AGRP","MC4R","AGRP MC4R","Ramilowski_2015_Literature_supported","9311920,9299416,10318826, 11747427, 12815165,","HGNC:330","secreted","HGNC:6932","HGNC:330 HGNC:6932","CellphoneDB"
"69","AGRP","MC5R","AGRP MC5R","Ramilowski_2015_Literature_supported","9892020,9892020,","HGNC:330","secreted","HGNC:6933","HGNC:330 HGNC:6933","CellphoneDB"
"70","AGRP","SDC3","AGRP SDC3","Ramilowski_2015_Literature_supported","11461706,","HGNC:330","secreted","HGNC:10660","HGNC:330 HGNC:10660",""
"71","AGT","AGTR1","AGT AGTR1","Ramilowski_2015_Literature_supported","10993080, 15930094,21464395, 10193788, , 12006574,15930094,","HGNC:333","secreted","HGNC:336","HGNC:333 HGNC:336","CellphoneDB"
"72","AGT","AGTR2","AGT AGTR2","Ramilowski_2015_Literature_supported","8315512, 8185599,17138938, 21464395, 2775266, 7850406, 8242249,8185599,","HGNC:333","secreted","HGNC:338","HGNC:333 HGNC:338","CellphoneDB"
"73","AGT","LRP2","AGT LRP2","Ramilowski_2015_Literature_supported","15467006,","HGNC:333","secreted","HGNC:6694","HGNC:333 HGNC:6694",""
"74","AGT","MAS1","AGT MAS1","Ramilowski_2015_Literature_supported","12829792,12829792,","HGNC:333","secreted","HGNC:6899","HGNC:333 HGNC:6899",""
"75","AHSG","INSR","AHSG INSR","Ramilowski_2015_Literature_supported","7906861,","HGNC:349","secreted","HGNC:6091","HGNC:349 HGNC:6091",""
"76","ALB","LRP2","ALB LRP2","Ramilowski_2015_Literature_supported","11158855, 8898021,","HGNC:399","secreted","HGNC:6694","HGNC:399 HGNC:6694",""
"77","ALCAM","CD6","ALCAM CD6","Efremova et al. 2020 (CellphoneDB)","23602662,","HGNC:400","plasma membrane","HGNC:1691","HGNC:400 HGNC:1691",""
"78","ALCAM","CHL1","ALCAM CHL1","Hou et al. 2020 (this publication)","31300520,","HGNC:400","plasma membrane","HGNC:1939","HGNC:400 HGNC:1939",""
"79","ALCAM","L1CAM","ALCAM L1CAM","Hou et al. 2020 (this publication)","31300520,","HGNC:400","plasma membrane","HGNC:6470","HGNC:400 HGNC:6470",""
"80","ALCAM","NRP1","ALCAM NRP1","Hou et al. 2020 (this publication)","31300520,","HGNC:400","plasma membrane","HGNC:8004","HGNC:400 HGNC:8004",""
"81","ALKAL1","ALK","ALKAL1 ALK","Hou et al. 2020 (this publication)","26630010,","HGNC:33775","secreted","HGNC:427","HGNC:33775 HGNC:427",""
"82","ALKAL1","LTK","ALKAL1 LTK","Hou et al. 2020 (this publication)","26630010,","HGNC:33775","secreted","HGNC:6721","HGNC:33775 HGNC:6721",""
"83","ALKAL2","ALK","ALKAL2 ALK","Hou et al. 2020 (this publication)","26630010,","HGNC:27683","secreted","HGNC:427","HGNC:27683 HGNC:427",""
"84","ALKAL2","LTK","ALKAL2 LTK","Hou et al. 2020 (this publication)","26630010,","HGNC:27683","secreted","HGNC:6721","HGNC:27683 HGNC:6721",""
"85","AMBN","CD63","AMBN CD63","Hou et al. 2020 (this publication)","17708745, 21149578,","HGNC:452","secreted","HGNC:1692","HGNC:452 HGNC:1692",""
"86","AMELX","CD63","AMELX CD63","Hou et al. 2020 (this publication)","17708745,","HGNC:461","secreted","HGNC:1692","HGNC:461 HGNC:1692",""
"87","AMELX","LAMP1","AMELX LAMP1","Ramilowski_2015_Literature_supported","20382373,","HGNC:461","secreted","HGNC:6499","HGNC:461 HGNC:6499",""
"88","AMELX","LAMP2","AMELX LAMP2","Hou et al. 2020 (this publication)","17708745,","HGNC:461","secreted","HGNC:6501","HGNC:461 HGNC:6501",""
"89","AMELY","CD63","AMELY CD63","Hou et al. 2020 (this publication)","17708745,","HGNC:462","secreted","HGNC:1692","HGNC:462 HGNC:1692",""
"90","AMELY","LAMP1","AMELY LAMP1","Ramilowski_2015_Literature_supported","20382373,","HGNC:462","secreted","HGNC:6499","HGNC:462 HGNC:6499",""
"91","AMELY","LAMP2","AMELY LAMP2","Hou et al. 2020 (this publication)","17708745,","HGNC:462","secreted","HGNC:6501","HGNC:462 HGNC:6501",""
"92","AMH","ACVR1","AMH ACVR1","Ramilowski_2015_Literature_supported","14656470,","HGNC:464","secreted","HGNC:171","HGNC:464 HGNC:171",""
"93","AMH","AMHR2","AMH AMHR2","Ramilowski_2015_Literature_supported","7997230,8889695,","HGNC:464","secreted","HGNC:465","HGNC:464 HGNC:465",""
"94","AMH","EGFR","AMH EGFR","Ramilowski_2015_Literature_supported","8596488,","HGNC:464","secreted","HGNC:3236","HGNC:464 HGNC:3236",""
"95","ANG","PLXNB2","ANG PLXNB2","Hou et al. 2020 (this publication)","29100074,","HGNC:483","secreted","HGNC:9104","HGNC:483 HGNC:9104",""
"96","ANGPT1","ITGA5","ANGPT1 ITGA5","Ramilowski_2015_Literature_supported","15781448,","HGNC:484","secreted","HGNC:6141","HGNC:484 HGNC:6141",""
"97","ANGPT1","ITGB1","ANGPT1 ITGB1","Hou et al. 2020 (this publication)","19379779, 15690488,","HGNC:484","secreted","HGNC:6153","HGNC:484 HGNC:6153","Ramilowski_2015_Putative"
"98","ANGPT1","TEK","ANGPT1 TEK","Ramilowski_2015_Literature_supported","8980223,9723709, 8980223, 12427764, 8980224,","HGNC:484","secreted","HGNC:11724","HGNC:484 HGNC:11724","CellphoneDB"
"99","ANGPT1","TIE1","ANGPT1 TIE1","Ramilowski_2015_Literature_supported","11172728,","HGNC:484","secreted","HGNC:11809","HGNC:484 HGNC:11809",""
"100","ANGPT2","TEK","ANGPT2 TEK","Ramilowski_2015_Literature_supported","9204896,9723709,","HGNC:485","secreted","HGNC:11724","HGNC:485 HGNC:11724","CellphoneDB"
"101","ANGPT2","TIE1","ANGPT2 TIE1","Baccin et al. 2020 (RNA-Magnet)","27548530,","HGNC:485","secreted","HGNC:11809","HGNC:485 HGNC:11809",""
"102","ANGPT4","TEK","ANGPT4 TEK","Ramilowski_2015_Literature_supported","10051567, 15284220,","HGNC:487","secreted","HGNC:11724","HGNC:487 HGNC:11724","CellphoneDB"
"103","ANGPTL1","TEK","ANGPTL1 TEK","Ramilowski_2015_Literature_supported","10051567,","HGNC:489","secreted","HGNC:11724","HGNC:489 HGNC:11724",""
"104","ANGPTL2","ITGA5","ANGPTL2 ITGA5","Hou et al. 2020 (this publication)","29074299,","HGNC:490","secreted","HGNC:6141","HGNC:490 HGNC:6141",""
"105","ANGPTL2","ITGB1","ANGPTL2 ITGB1","Hou et al. 2020 (this publication)","29074299,","HGNC:490","secreted","HGNC:6153","HGNC:490 HGNC:6153",""
"106","ANGPTL2","LILRB2","ANGPTL2 LILRB2","Hou et al. 2020 (this publication)","26056041,","HGNC:490","secreted","HGNC:6606","HGNC:490 HGNC:6606",""
"107","ANGPTL3","ITGA5","ANGPTL3 ITGA5","Ramilowski_2015_Literature_supported","11877390,","HGNC:491","secreted","HGNC:6141","HGNC:491 HGNC:6141",""
"108","ANGPTL3","ITGAV","ANGPTL3 ITGAV","Ramilowski_2015_Literature_supported","11877390,","HGNC:491","secreted","HGNC:6150","HGNC:491 HGNC:6150",""
"109","ANGPTL3","ITGB3","ANGPTL3 ITGB3","Ramilowski_2015_Literature_supported","11877390,","HGNC:491","secreted","HGNC:6156","HGNC:491 HGNC:6156",""
"110","ANOS1","FGFR1","ANOS1 FGFR1","Ramilowski_2015_Literature_supported","19696444,","HGNC:6211","secreted","HGNC:3688","HGNC:6211 HGNC:3688",""
"111","ANOS1","SDC2","ANOS1 SDC2","Ramilowski_2015_Literature_supported","8832397,","HGNC:6211","secreted","HGNC:10659","HGNC:6211 HGNC:10659",""
"112","ANPEP","SELE","ANPEP SELE","Hou et al. 2020 (this publication)","29777742,","HGNC:500","plasma membrane","HGNC:10718","HGNC:500 HGNC:10718",""
"113","ANXA1","DYSF","ANXA1 DYSF","Ramilowski_2015_Literature_supported","14506282,","HGNC:533","plasma membrane; secreted","HGNC:3097","HGNC:533 HGNC:3097",""
"114","ANXA1","EGFR","ANXA1 EGFR","Ramilowski_2015_Literature_supported","15581623,","HGNC:533","plasma membrane; secreted","HGNC:3236","HGNC:533 HGNC:3236",""
"115","ANXA1","FPR1","ANXA1 FPR1","Ramilowski_2015_Literature_supported","10882119,10882119, 12560218,10882119,","HGNC:533","plasma membrane; secreted","HGNC:3826","HGNC:533 HGNC:3826","CellphoneDB"
"116","ANXA1","FPR2","ANXA1 FPR2","Ramilowski_2015_Literature_supported","12368905, 10882119, 12560218, 16278303,","HGNC:533","plasma membrane; secreted","HGNC:3827","HGNC:533 HGNC:3827","CellphoneDB"
"117","ANXA1","FPR3","ANXA1 FPR3","Ramilowski_2015_Literature_supported","15187149,","HGNC:533","plasma membrane; secreted","HGNC:3828","HGNC:533 HGNC:3828","CellphoneDB"
"118","ANXA2","ROBO4","ANXA2 ROBO4","Hou et al. 2020 (this publication)","29786451,","HGNC:537","plasma membrane; secreted","HGNC:17985","HGNC:537 HGNC:17985",""
"119","ANXA2","TLR2","ANXA2 TLR2","Hou et al. 2020 (this publication)","26885373,","HGNC:537","plasma membrane; secreted","HGNC:11848","HGNC:537 HGNC:11848",""
"120","APELA","APLNR","APELA APLNR","Efremova et al. 2020 (CellphoneDB)","25639753, 28137936, 26611206","HGNC:48925","secreted","HGNC:339","HGNC:48925 HGNC:339",""
"121","APLN","APLNR","APLN APLNR","Ramilowski_2015_Literature_supported","10617103, 9792798,12603839, 15341513, 10777510, 12939143, 11336787,12603839,","HGNC:16665","secreted","HGNC:339","HGNC:16665 HGNC:339","CellphoneDB"
"122","APOB","ENO1","APOB ENO1","Hou et al. 2020 (this publication)","29997113,","HGNC:603","secreted","HGNC:3350","HGNC:603 HGNC:3350",""
"123","APOB","LDLR","APOB LDLR","Ramilowski_2015_Literature_supported","11327878,12031600,","HGNC:603","secreted","HGNC:6547","HGNC:603 HGNC:6547",""
"124","APOB","LRP2","APOB LRP2","Ramilowski_2015_Literature_supported","10330424,","HGNC:603","secreted","HGNC:6694","HGNC:603 HGNC:6694",""
"125","APOB","LSR","APOB LSR","Ramilowski_2015_Literature_supported","7615497,","HGNC:603","secreted","HGNC:29572","HGNC:603 HGNC:29572",""
"126","APOB","OLR1","APOB OLR1","Ramilowski_2015_Literature_supported","9763524,","HGNC:603","secreted","HGNC:8133","HGNC:603 HGNC:8133",""
"127","APOD","LEPR","APOD LEPR","Ramilowski_2015_Literature_supported","11344130,","HGNC:612","secreted","HGNC:6554","HGNC:612 HGNC:6554",""
"128","APOE","LDLR","APOE LDLR","Ramilowski_2015_Literature_supported","11327878,12036962,","HGNC:613","secreted","HGNC:6547","HGNC:613 HGNC:6547",""
"129","APOE","LRP1","APOE LRP1","Ramilowski_2015_Literature_supported","2779654, 22622580,","HGNC:613","secreted","HGNC:6692","HGNC:613 HGNC:6692",""
"130","APOE","LRP2","APOE LRP2","Ramilowski_2015_Literature_supported","1464627,","HGNC:613","secreted","HGNC:6694","HGNC:613 HGNC:6694",""
"131","APOE","LRP5","APOE LRP5","Ramilowski_2015_Literature_supported","9832610),","HGNC:613","secreted","HGNC:6697","HGNC:613 HGNC:6697",""
"132","APOE","LRP8","APOE LRP8","Ramilowski_2015_Literature_supported","12950167,12167620, 12950167,","HGNC:613","secreted","HGNC:6700","HGNC:613 HGNC:6700",""
"133","APOE","SCARB1","APOE SCARB1","Ramilowski_2015_Literature_supported","12138091,","HGNC:613","secreted","HGNC:1664","HGNC:613 HGNC:1664",""
"134","APOE","SORL1","APOE SORL1","Ramilowski_2015_Literature_supported","11294867,","HGNC:613","secreted","HGNC:11185","HGNC:613 HGNC:11185",""
"135","APOE","VLDLR","APOE VLDLR","Ramilowski_2015_Literature_supported","12870663,12167620,","HGNC:613","secreted","HGNC:12698","HGNC:613 HGNC:12698",""
"136","APP","CAV1","APP CAV1","Ramilowski_2015_Literature_supported","9553108,","HGNC:620","plasma membrane; secreted","HGNC:1527","HGNC:620 HGNC:1527",""
"137","APP","CD74","APP CD74","Ramilowski_2015_Literature_supported","19849849,","HGNC:620","plasma membrane; secreted","HGNC:1697","HGNC:620 HGNC:1697","CellphoneDB"
"138","APP","FPR2","APP FPR2","Ramilowski_2015_Literature_supported","11316806, 11160457,","HGNC:620","plasma membrane; secreted","HGNC:3827","HGNC:620 HGNC:3827","CellphoneDB"
"139","APP","GPC1","APP GPC1","Ramilowski_2015_Literature_supported","15084524,","HGNC:620","plasma membrane; secreted","HGNC:4449","HGNC:620 HGNC:4449",""
"140","APP","LRP1","APP LRP1","Ramilowski_2015_Literature_supported","12212791, 7543026,","HGNC:620","plasma membrane; secreted","HGNC:6692","HGNC:620 HGNC:6692",""
"141","APP","NCSTN","APP NCSTN","Ramilowski_2015_Literature_supported","10993067,","HGNC:620","plasma membrane; secreted","HGNC:17091","HGNC:620 HGNC:17091",""
"142","APP","TNFRSF21","APP TNFRSF21","Ramilowski_2015_Literature_supported","19225519,","HGNC:620","plasma membrane; secreted","HGNC:13469","HGNC:620 HGNC:13469",""
"143","AREG","EGFR","AREG EGFR","Ramilowski_2015_Literature_supported","2466334,10085134,","HGNC:651","secreted","HGNC:3236","HGNC:651 HGNC:3236","CellphoneDB"
"144","AREG","ERBB3","AREG ERBB3","Ramilowski_2015_Literature_supported","8702723,","HGNC:651","secreted","HGNC:3431","HGNC:651 HGNC:3431",""
"145","ARF1","CHRM3","ARF1 CHRM3","Ramilowski_2015_Literature_supported","12799371,","HGNC:652","plasma membrane","HGNC:1952","HGNC:652 HGNC:1952",""
"146","ARF1","INSR","ARF1 INSR","Ramilowski_2015_Literature_supported","9197239,","HGNC:652","plasma membrane","HGNC:6091","HGNC:652 HGNC:6091",""
"147","ARF1","PLD2","ARF1 PLD2","Ramilowski_2015_Literature_supported","12519790, 10801846,","HGNC:652","plasma membrane","HGNC:9068","HGNC:652 HGNC:9068",""
"148","ARTN","GFRA1","ARTN GFRA1","Ramilowski_2015_Literature_supported","9883723,","HGNC:727","secreted","HGNC:4243","HGNC:727 HGNC:4243",""
"149","ARTN","GFRA3","ARTN GFRA3","Ramilowski_2015_Literature_supported","9883723,9883723,","HGNC:727","secreted","HGNC:4245","HGNC:727 HGNC:4245",""
"150","ARTN","RET","ARTN RET","Ramilowski_2015_Literature_supported","9883723,","HGNC:727","secreted","HGNC:9967","HGNC:727 HGNC:9967",""
"151","ASIP","ATRN","ASIP ATRN","Ramilowski_2015_Literature_supported","11137996,","HGNC:745","secreted","HGNC:885","HGNC:745 HGNC:885",""
"152","ASIP","F11R","ASIP F11R","Ramilowski_2015_Literature_supported","11447115,","HGNC:745","secreted","HGNC:14685","HGNC:745 HGNC:14685",""
"153","ASIP","MC1R","ASIP MC1R","Ramilowski_2015_Literature_supported","12851328,9058374,","HGNC:745","secreted","HGNC:6929","HGNC:745 HGNC:6929",""
"154","ASIP","MC2R","ASIP MC2R","Ramilowski_2015_Literature_supported","9058374,","HGNC:745","secreted","HGNC:6930","HGNC:745 HGNC:6930",""
"155","ASIP","MC3R","ASIP MC3R","Ramilowski_2015_Literature_supported","9058374,","HGNC:745","secreted","HGNC:6931","HGNC:745 HGNC:6931",""
"156","ASIP","MC4R","ASIP MC4R","Ramilowski_2015_Literature_supported","9058374,","HGNC:745","secreted","HGNC:6932","HGNC:745 HGNC:6932",""
"157","ASIP","MC5R","ASIP MC5R","Ramilowski_2015_Literature_supported","9058374,","HGNC:745","secreted","HGNC:6933","HGNC:745 HGNC:6933",""
"158","AVP","AVPR1A","AVP AVPR1A","Ramilowski_2015_Literature_supported","1560825, 8106369,8106369, 9884074, 9334232, 10780976, 9322919, 12446593, 9459574, 15084136, 9264324, 10866830, 9864265, 10519430,8106369,","HGNC:894","secreted","HGNC:895","HGNC:894 HGNC:895","CellphoneDB_flipped"
"159","AVP","AVPR1B","AVP AVPR1B","Ramilowski_2015_Literature_supported","7929452,9884074, 10780976, 9322919, 12446593, 9459574, 15084136, 9264324, 9864265, 10519430, 16158071,7929452,","HGNC:894","secreted","HGNC:896","HGNC:894 HGNC:896",""
"160","AVP","AVPR2","AVP AVPR2","Ramilowski_2015_Literature_supported","11857925,9884074, 10780976, 9322919, 12446593, 9459574, 15084136, 9264324, 9864265, 10519430, 7774575, 11012895,11857925,","HGNC:894","secreted","HGNC:897","HGNC:894 HGNC:897",""
"161","AVP","OXTR","AVP OXTR","Ramilowski_2015_Literature_supported","12446593, 15084136, 10519430, 7774575, 11337500, 16158071, 7475979, 8955347,7921229,","HGNC:894","secreted","HGNC:8529","HGNC:894 HGNC:8529",""
"162","AZGP1","ITGAV","AZGP1 ITGAV","Ramilowski_2015_Literature_supported","9813179,","HGNC:910","secreted","HGNC:6150","HGNC:910 HGNC:6150",""
"163","B2M","CD1A","B2M CD1A","Ramilowski_2015_Literature_supported","12833155,","HGNC:914","secreted","HGNC:1634","HGNC:914 HGNC:1634",""
"164","B2M","CD1B","B2M CD1B","Ramilowski_2015_Literature_supported","12118248,","HGNC:914","secreted","HGNC:1635","HGNC:914 HGNC:1635",""
"165","B2M","HLA-F","B2M HLA-F","Ramilowski_2015_Literature_supported","11169396,","HGNC:914","secreted","HGNC:4963","HGNC:914 HGNC:4963",""
"166","B2M","LILRB1","B2M LILRB1","Ramilowski_2015_Literature_supported","12897781,","HGNC:914","secreted","HGNC:6605","HGNC:914 HGNC:6605",""
"167","BAG6","NCR3","BAG6 NCR3","Efremova et al. 2020 (CellphoneDB)","18055229, 18852879, 24133212","HGNC:13919","secreted","HGNC:19077","HGNC:13919 HGNC:19077",""
"168","BDNF","NGFR","BDNF NGFR","Hou et al. 2020 (this publication)","25354496,","HGNC:1033","secreted","HGNC:7809","HGNC:1033 HGNC:7809",""
"169","BDNF","NTRK2","BDNF NTRK2","Ramilowski_2015_Literature_supported","7644540,9312147,","HGNC:1033","secreted","HGNC:8032","HGNC:1033 HGNC:8032","CellphoneDB"
"170","BDNF","SORT1","BDNF SORT1","Ramilowski_2015_Literature_supported","15987945,","HGNC:1033","secreted","HGNC:11186","HGNC:1033 HGNC:11186","CellphoneDB"
"171","BGN","FGFR3","BGN FGFR3","Hou et al. 2020 (this publication)","25260943,","HGNC:1044","secreted","HGNC:3690","HGNC:1044 HGNC:3690",""
"172","BGN","TLR2","BGN TLR2","Ramilowski_2015_Literature_supported","16025156,","HGNC:1044","secreted","HGNC:11848","HGNC:1044 HGNC:11848",""
"173","BGN","TLR4","BGN TLR4","Ramilowski_2015_Literature_supported","16025156,","HGNC:1044","secreted","HGNC:11850","HGNC:1044 HGNC:11850",""
"174","BMP10","ACVR2A","BMP10 ACVR2A","Ramilowski_2015_Literature_supported","16049014,","HGNC:20869","secreted","HGNC:173","HGNC:20869 HGNC:173",""
"175","BMP10","ACVRL1","BMP10 ACVRL1","Ramilowski_2015_Literature_supported","17068149,","HGNC:20869","secreted","HGNC:175","HGNC:20869 HGNC:175",""
"176","BMP10","BMPR1A","BMP10 BMPR1A","Ramilowski_2015_Literature_supported","16049014,","HGNC:20869","secreted","HGNC:1076","HGNC:20869 HGNC:1076",""
"177","BMP10","BMPR1B","BMP10 BMPR1B","Ramilowski_2015_Literature_supported","16049014,","HGNC:20869","secreted","HGNC:1077","HGNC:20869 HGNC:1077",""
"178","BMP10","BMPR2","BMP10 BMPR2","Ramilowski_2015_Literature_supported","16049014,","HGNC:20869","secreted","HGNC:1078","HGNC:20869 HGNC:1078",""
"179","BMP10","ENG","BMP10 ENG","Ramilowski_2015_Literature_supported","21737454,","HGNC:20869","secreted","HGNC:3349","HGNC:20869 HGNC:3349",""
"180","BMP15","ACVR2A","BMP15 ACVR2A","Ramilowski_2015_Literature_supported","2419820,","HGNC:1068","secreted","HGNC:173","HGNC:1068 HGNC:173",""
"181","BMP15","BMPR1A","BMP15 BMPR1A","Ramilowski_2015_Literature_supported","2419820,","HGNC:1068","secreted","HGNC:1076","HGNC:1068 HGNC:1076",""
"182","BMP15","BMPR1B","BMP15 BMPR1B","Ramilowski_2015_Literature_supported","12044914,12419820,","HGNC:1068","secreted","HGNC:1077","HGNC:1068 HGNC:1077",""
"183","BMP15","BMPR2","BMP15 BMPR2","Ramilowski_2015_Literature_supported","12419820,","HGNC:1068","secreted","HGNC:1078","HGNC:1068 HGNC:1078",""
"184","BMP2","ACVR2A","BMP2 ACVR2A","Ramilowski_2015_Literature_supported","21702718,","HGNC:1069","secreted","HGNC:173","HGNC:1069 HGNC:173",""
"185","BMP2","ACVR2B","BMP2 ACVR2B","Ramilowski_2015_Literature_supported","28977600,","HGNC:1069","secreted","HGNC:174","HGNC:1069 HGNC:174",""
"186","BMP2","BMPR1A","BMP2 BMPR1A","Ramilowski_2015_Literature_supported","12700180,11263668, 10881198, 10692589, 15064755,","HGNC:1069","secreted","HGNC:1076","HGNC:1069 HGNC:1076",""
"187","BMP2","BMPR1B","BMP2 BMPR1B","Ramilowski_2015_Literature_supported","12700180,7811286, 9872992, 15064755,","HGNC:1069","secreted","HGNC:1077","HGNC:1069 HGNC:1077",""
"188","BMP2","BMPR2","BMP2 BMPR2","Ramilowski_2015_Literature_supported","11263668,10880444,","HGNC:1069","secreted","HGNC:1078","HGNC:1069 HGNC:1078",""
"189","BMP2","ENG","BMP2 ENG","Ramilowski_2015_Literature_supported","9872992,","HGNC:1069","secreted","HGNC:3349","HGNC:1069 HGNC:3349",""
"190","BMP2","HJV","BMP2 HJV","Ramilowski_2015_Literature_supported","18287331,","HGNC:1069","secreted","HGNC:4887","HGNC:1069 HGNC:4887",""
"191","BMP2","RGMB","BMP2 RGMB","Hou et al. 2020 (this publication)","15671031,","HGNC:1069","secreted","HGNC:26896","HGNC:1069 HGNC:26896",""
"192","BMP3","ACVR2B","BMP3 ACVR2B","Ramilowski_2015_Literature_supported","22074949,","HGNC:1070","secreted","HGNC:174","HGNC:1070 HGNC:174",""
"193","BMP4","BMPR1A","BMP4 BMPR1A","Ramilowski_2015_Literature_supported","8006002,11241215, 8702914, 7644468,","HGNC:1071","secreted","HGNC:1076","HGNC:1071 HGNC:1076",""
"194","BMP4","BMPR1B","BMP4 BMPR1B","Ramilowski_2015_Literature_supported","8006002,11282024, 8702914, 7811286,","HGNC:1071","secreted","HGNC:1077","HGNC:1071 HGNC:1077",""
"195","BMP4","BMPR2","BMP4 BMPR2","Ramilowski_2015_Literature_supported","7673243,7644468, 8702914,","HGNC:1071","secreted","HGNC:1078","HGNC:1071 HGNC:1078",""
"196","BMP4","CFC1","BMP4 CFC1","Hou et al. 2020 (this publication)","28126904,","HGNC:1071","secreted","HGNC:18292","HGNC:1071 HGNC:18292",""
"197","BMP4","RGMB","BMP4 RGMB","Hou et al. 2020 (this publication)","15671031,","HGNC:1071","secreted","HGNC:26896","HGNC:1071 HGNC:26896",""
"198","BMP5","HJV","BMP5 HJV","Hou et al. 2020 (this publication)","23029472,","HGNC:1072","secreted","HGNC:4887","HGNC:1072 HGNC:4887","Ramilowski_2015_Putative"
"199","BMP6","ACVR1","BMP6 ACVR1","Ramilowski_2015_Literature_supported","12297674,","HGNC:1073","secreted","HGNC:171","HGNC:1073 HGNC:171",""
"200","BMP6","ACVR2A","BMP6 ACVR2A","Ramilowski_2015_Literature_supported","10504300,","HGNC:1073","secreted","HGNC:173","HGNC:1073 HGNC:173",""
"201","BMP6","BMPR1A","BMP6 BMPR1A","Ramilowski_2015_Literature_supported","12297674,10504300, 11401330,","HGNC:1073","secreted","HGNC:1076","HGNC:1073 HGNC:1076",""
"202","BMP6","BMPR1B","BMP6 BMPR1B","Ramilowski_2015_Literature_supported","10504300, 11401330,","HGNC:1073","secreted","HGNC:1077","HGNC:1073 HGNC:1077",""
"203","BMP6","BMPR2","BMP6 BMPR2","Ramilowski_2015_Literature_supported","10504300,","HGNC:1073","secreted","HGNC:1078","HGNC:1073 HGNC:1078",""
"204","BMP6","HJV","BMP6 HJV","Hou et al. 2020 (this publication)","23029472,","HGNC:1073","secreted","HGNC:4887","HGNC:1073 HGNC:4887",""
"205","BMP7","ACVR1","BMP7 ACVR1","Ramilowski_2015_Literature_supported","12297674,8006002,","HGNC:1074","secreted","HGNC:171","HGNC:1074 HGNC:171",""
"206","BMP7","ACVR2A","BMP7 ACVR2A","Ramilowski_2015_Literature_supported","7790373,9748228, 12667445,","HGNC:1074","secreted","HGNC:173","HGNC:1074 HGNC:173",""
"207","BMP7","ACVR2B","BMP7 ACVR2B","Ramilowski_2015_Literature_supported","9748228,","HGNC:1074","secreted","HGNC:174","HGNC:1074 HGNC:174",""
"208","BMP7","BMPR1A","BMP7 BMPR1A","Ramilowski_2015_Literature_supported","12297674,7791754, 8605097,","HGNC:1074","secreted","HGNC:1076","HGNC:1074 HGNC:1076",""
"209","BMP7","BMPR1B","BMP7 BMPR1B","Ramilowski_2015_Literature_supported","10631182,8605097,","HGNC:1074","secreted","HGNC:1077","HGNC:1074 HGNC:1077",""
"210","BMP7","BMPR2","BMP7 BMPR2","Ramilowski_2015_Literature_supported","7791754,","HGNC:1074","secreted","HGNC:1078","HGNC:1074 HGNC:1078",""
"211","BMP7","ENG","BMP7 ENG","Ramilowski_2015_Literature_supported","9872992,","HGNC:1074","secreted","HGNC:3349","HGNC:1074 HGNC:3349",""
"212","BMP7","HJV","BMP7 HJV","Hou et al. 2020 (this publication)","23029472,","HGNC:1074","secreted","HGNC:4887","HGNC:1074 HGNC:4887",""
"213","BMP8A","ACVR2A","BMP8A ACVR2A","Hou et al. 2020 (this publication)","28465413,","HGNC:21650","secreted","HGNC:173","HGNC:21650 HGNC:173",""
"214","BMP8A","ACVR2B","BMP8A ACVR2B","Hou et al. 2020 (this publication)","28465413,","HGNC:21650","secreted","HGNC:174","HGNC:21650 HGNC:174",""
"215","BMP8A","BMPR1A","BMP8A BMPR1A","Hou et al. 2020 (this publication)","28465413,","HGNC:21650","secreted","HGNC:1076","HGNC:21650 HGNC:1076",""
"216","BMP8A","BMPR2","BMP8A BMPR2","Hou et al. 2020 (this publication)","28465413,","HGNC:21650","secreted","HGNC:1078","HGNC:21650 HGNC:1078",""
"217","BMP8A","TGFBR1","BMP8A TGFBR1","Hou et al. 2020 (this publication)","28465413,","HGNC:21650","secreted","HGNC:11772","HGNC:21650 HGNC:11772",""
"218","BMP8A","TGFBR2","BMP8A TGFBR2","Hou et al. 2020 (this publication)","28465413,","HGNC:21650","secreted","HGNC:11773","HGNC:21650 HGNC:11773",""
"219","BSG","SELE","BSG SELE","Cabello-Aguilar et al. 2020 (SingleCellSignalR)","19443639,","HGNC:1116","plasma membrane","HGNC:10718","HGNC:1116 HGNC:10718",""
"220","BSG","SLC16A1","BSG SLC16A1","Hou et al. 2020 (this publication)","21792931,","HGNC:1116","plasma membrane","HGNC:10922","HGNC:1116 HGNC:10922",""
"221","BSG","SLC16A7","BSG SLC16A7","Hou et al. 2020 (this publication)","21792931,","HGNC:1116","plasma membrane","HGNC:10928","HGNC:1116 HGNC:10928",""
"222","BST2","LILRA4","BST2 LILRA4","Efremova et al. 2020 (CellphoneDB)","19564354,","HGNC:1119","plasma membrane","HGNC:15503","HGNC:1119 HGNC:15503",""
"223","BTC","EGFR","BTC EGFR","Ramilowski_2015_Literature_supported","8144591,9528863,","HGNC:1121","plasma membrane; secreted","HGNC:3236","HGNC:1121 HGNC:3236","CellphoneDB"
"224","BTC","ERBB2","BTC ERBB2","Ramilowski_2015_Literature_supported","9662041,","HGNC:1121","plasma membrane; secreted","HGNC:3430","HGNC:1121 HGNC:3430",""
"225","BTC","ERBB3","BTC ERBB3","Ramilowski_2015_Literature_supported","9312020,","HGNC:1121","plasma membrane; secreted","HGNC:3431","HGNC:1121 HGNC:3431","CellphoneDB"
"226","BTC","ERBB4","BTC ERBB4","Ramilowski_2015_Literature_supported","10214951,11254912,","HGNC:1121","plasma membrane; secreted","HGNC:3432","HGNC:1121 HGNC:3432","CellphoneDB"
"227","BTLA","CD79A","BTLA CD79A","Ramilowski_2015_Literature_supported","19155498,","HGNC:21087","plasma membrane","HGNC:1698","HGNC:21087 HGNC:1698",""
"228","BTLA","TNFRSF14","BTLA TNFRSF14","Ramilowski_2015_Literature_supported","15568026,","HGNC:21087","plasma membrane","HGNC:11912","HGNC:21087 HGNC:11912","CellphoneDB"
"229","BTLA","VTCN1","BTLA VTCN1","Ramilowski_2015_Literature_supported","12796776,","HGNC:21087","plasma membrane","HGNC:28873","HGNC:21087 HGNC:28873",""
"230","C1QA","CD33","C1QA CD33","Hou et al. 2020 (this publication)","28325905,","HGNC:1241","secreted","HGNC:1659","HGNC:1241 HGNC:1659",""
"231","C1QA","CD93","C1QA CD93","Ramilowski_2015_Literature_supported","9476117,","HGNC:1241","secreted","HGNC:15855","HGNC:1241 HGNC:15855",""
"232","C1QA","CSPG4","C1QA CSPG4","Ramilowski_2015_Literature_supported","9013976,","HGNC:1241","secreted","HGNC:2466","HGNC:1241 HGNC:2466",""
"233","C1QB","CD33","C1QB CD33","Hou et al. 2020 (this publication)","28325905,","HGNC:1242","secreted","HGNC:1659","HGNC:1242 HGNC:1659",""
"234","C1QB","LRP1","C1QB LRP1","Ramilowski_2015_Literature_supported","11560994,","HGNC:1242","secreted","HGNC:6692","HGNC:1242 HGNC:6692",""
"235","C1QTNF1","AVPR2","C1QTNF1 AVPR2","Ramilowski_2015_Literature_supported","12409230,","HGNC:14324","secreted","HGNC:897","HGNC:14324 HGNC:897",""
"236","C3","C3AR1","C3 C3AR1","Ramilowski_2015_Literature_supported","11342658,20527893,11342658,","HGNC:1318","secreted","HGNC:1319","HGNC:1318 HGNC:1319","CellphoneDB"
"237","C3","C5AR2","C3 C5AR2","Ramilowski_2015_Literature_supported","11773063,","HGNC:1318","secreted","HGNC:4527","HGNC:1318 HGNC:4527",""
"238","C3","CD19","C3 CD19","Ramilowski_2015_Literature_supported","15454921,","HGNC:1318","secreted","HGNC:1633","HGNC:1318 HGNC:1633",""
"239","C3","CD46","C3 CD46","Ramilowski_2015_Literature_supported","1717583,","HGNC:1318","secreted","HGNC:6953","HGNC:1318 HGNC:6953",""
"240","C3","CR1","C3 CR1","Ramilowski_2015_Literature_supported","9988761, 10382758,","HGNC:1318","secreted","HGNC:2334","HGNC:1318 HGNC:2334",""
"241","C3","CR2","C3 CR2","Hou et al. 2020 (this publication)","30566277,","HGNC:1318","secreted","HGNC:2336","HGNC:1318 HGNC:2336",""
"242","C3","ITGAM","C3 ITGAM","Ramilowski_2015_Literature_supported","4062888, 11073102,","HGNC:1318","secreted","HGNC:6149","HGNC:1318 HGNC:6149",""
"243","C3","ITGAX","C3 ITGAX","Ramilowski_2015_Literature_supported","4062888,7512600,","HGNC:1318","secreted","HGNC:6152","HGNC:1318 HGNC:6152",""
"244","C3","ITGB2","C3 ITGB2","Ramilowski_2015_Literature_supported","4062888,","HGNC:1318","secreted","HGNC:6155","HGNC:1318 HGNC:6155",""
"245","C3","LRP1","C3 LRP1","Ramilowski_2015_Literature_supported","10608878,10608878,","HGNC:1318","secreted","HGNC:6692","HGNC:1318 HGNC:6692",""
"246","C3","NRP1","C3 NRP1","Hou et al. 2020 (this publication)","31572401,","HGNC:1318","secreted","HGNC:8004","HGNC:1318 HGNC:8004",""
"247","C4A","C3AR1","C4A C3AR1","Ramilowski_2015_Literature_supported","9725198,","HGNC:1323","secreted","HGNC:1319","HGNC:1323 HGNC:1319",""
"248","C4A","C5AR2","C4A C5AR2","Ramilowski_2015_Literature_supported","11773063,","HGNC:1323","secreted","HGNC:4527","HGNC:1323 HGNC:4527",""
"249","C4A","CR1","C4A CR1","Ramilowski_2015_Literature_supported","8422437,","HGNC:1323","secreted","HGNC:2334","HGNC:1323 HGNC:2334",""
"250","C4A","NRP1","C4A NRP1","Hou et al. 2020 (this publication)","31572401,","HGNC:1323","secreted","HGNC:8004","HGNC:1323 HGNC:8004",""
"251","C4B","CD46","C4B CD46","Ramilowski_2015_Literature_supported","1717583,","HGNC:1324","secreted","HGNC:6953","HGNC:1324 HGNC:6953",""
"252","C4B","CR1","C4B CR1","Ramilowski_2015_Literature_supported","10528211,","HGNC:1324","secreted","HGNC:2334","HGNC:1324 HGNC:2334",""
"253","C4BPA","BMPR2","C4BPA BMPR2","Ramilowski_2015_Literature_supported","15188402,","HGNC:1325","secreted","HGNC:1078","HGNC:1325 HGNC:1078",""
"254","C4BPA","CD40","C4BPA CD40","Ramilowski_2015_Literature_supported","12818164,","HGNC:1325","secreted","HGNC:11919","HGNC:1325 HGNC:11919",""
"255","C4BPA","LRP1","C4BPA LRP1","Ramilowski_2015_Literature_supported","11705989,","HGNC:1325","secreted","HGNC:6692","HGNC:1325 HGNC:6692",""
"256","C5","C5AR1","C5 C5AR1","Ramilowski_2015_Literature_supported","1847994,10602324, 9881961, 15661745, 11773063,9553099,","HGNC:1331","secreted","HGNC:1338","HGNC:1331 HGNC:1338","CellphoneDB"
"257","C5","C5AR2","C5 C5AR2","Ramilowski_2015_Literature_supported","11773063,11773063, 12899627,","HGNC:1331","secreted","HGNC:4527","HGNC:1331 HGNC:4527","CellphoneDB"
"258","CADM1","CADM1","CADM1 CADM1","Baccin et al. 2020 (RNA-Magnet)","12826663, 17250899, 22703826, 25268382,","HGNC:5951","plasma membrane","HGNC:5951","HGNC:5951 HGNC:5951",""
"259","CADM1","CADM3","CADM1 CADM3","Baccin et al. 2020 (RNA-Magnet)","15741237,","HGNC:5951","plasma membrane","HGNC:17601","HGNC:5951 HGNC:17601",""
"260","CADM1","CRTAM","CADM1 CRTAM","Efremova et al. 2020 (CellphoneDB)","15811952,","HGNC:5951","plasma membrane","HGNC:24313","HGNC:5951 HGNC:24313",""
"261","CADM1","NECTIN3","CADM1 NECTIN3","Hou et al. 2020 (this publication)","22703826,","HGNC:5951","plasma membrane","HGNC:17664","HGNC:5951 HGNC:17664",""
"262","CADM3","CADM1","CADM3 CADM1","Baccin et al. 2020 (RNA-Magnet)","15741237,","HGNC:17601","plasma membrane","HGNC:5951","HGNC:17601 HGNC:5951",""
"263","CADM3","CADM3","CADM3 CADM3","Baccin et al. 2020 (RNA-Magnet)","15741237,","HGNC:17601","plasma membrane","HGNC:17601","HGNC:17601 HGNC:17601",""
"264","CADM3","NECTIN1","CADM3 NECTIN1","Baccin et al. 2020 (RNA-Magnet)","15741237,","HGNC:17601","plasma membrane","HGNC:9706","HGNC:17601 HGNC:9706",""
"265","CADM3","NECTIN3","CADM3 NECTIN3","Baccin et al. 2020 (RNA-Magnet)","15741237,","HGNC:17601","plasma membrane","HGNC:17664","HGNC:17601 HGNC:17664",""
"266","CALCA","CALCR","CALCA CALCR","Ramilowski_2015_Literature_supported","2158663,15692146, 11023820, 9487987, 14722252, 7588285, 12565884, 10342886, 11033437,","HGNC:1437","secreted","HGNC:1440","HGNC:1437 HGNC:1440","CellphoneDB"
"267","CALCA","CALCRL","CALCA CALCRL","Ramilowski_2015_Literature_supported","9620797,9620797, 8626685, 14668209, 3001670, 12234182,","HGNC:1437","secreted","HGNC:16709","HGNC:1437 HGNC:16709",""
"268","CALCA","RAMP1","CALCA RAMP1","Ramilowski_2015_Literature_supported","9620797,12234182,","HGNC:1437","secreted","HGNC:9843","HGNC:1437 HGNC:9843",""
"269","CALCA","RAMP2","CALCA RAMP2","Ramilowski_2015_Literature_supported","16531504,","HGNC:1437","secreted","HGNC:9844","HGNC:1437 HGNC:9844",""
"270","CALCB","CALCR","CALCB CALCR","Ramilowski_2015_Literature_supported","15692146,","HGNC:1438","secreted","HGNC:1440","HGNC:1438 HGNC:1440","CellphoneDB"
"271","CALCB","CALCRL","CALCB CALCRL","Ramilowski_2015_Literature_supported","12196113,","HGNC:1438","secreted","HGNC:16709","HGNC:1438 HGNC:16709",""
"272","CALCB","RAMP1","CALCB RAMP1","Ramilowski_2015_Literature_supported","12529937,","HGNC:1438","secreted","HGNC:9843","HGNC:1438 HGNC:9843",""
"273","CALR","ITGA3","CALR ITGA3","Ramilowski_2015_Literature_supported","8006073, 11327697,","HGNC:1455","secreted","HGNC:6139","HGNC:1455 HGNC:6139",""
"274","CALR","ITGAV","CALR ITGAV","Ramilowski_2015_Literature_supported","12196561,","HGNC:1455","secreted","HGNC:6150","HGNC:1455 HGNC:6150",""
"275","CALR","LRP1","CALR LRP1","Ramilowski_2015_Literature_supported","14980518, 12821648,","HGNC:1455","secreted","HGNC:6692","HGNC:1455 HGNC:6692",""
"276","CALR","MTNR1A","CALR MTNR1A","Ramilowski_2015_Literature_supported","17215244,","HGNC:1455","secreted","HGNC:7463","HGNC:1455 HGNC:7463",""
"277","CALR","SCARF1","CALR SCARF1","Ramilowski_2015_Literature_supported","15371419,15371419,","HGNC:1455","secreted","HGNC:16820","HGNC:1455 HGNC:16820",""
"278","CALR","TSHR","CALR TSHR","Ramilowski_2015_Literature_supported","12383251,","HGNC:1455","secreted","HGNC:12373","HGNC:1455 HGNC:12373",""
"279","CAMP","FPR2","CAMP FPR2","Ramilowski_2015_Literature_supported","11015447,11015447,11015447,","HGNC:1472","secreted","HGNC:3827","HGNC:1472 HGNC:3827","CellphoneDB"
"280","CCK","CCKAR","CCK CCKAR","Ramilowski_2015_Literature_supported","10368033, 10400673,10400673, 11300760, 9006937, 9603948, 10595537,","HGNC:1569","secreted","HGNC:1570","HGNC:1569 HGNC:1570","CellphoneDB"
"281","CCK","CCKBR","CCK CCKBR","Ramilowski_2015_Literature_supported","10368033, 10438490,8349705, 7681836,10438490, 12695525, 15068617, 15520004, 15001692,","HGNC:1569","secreted","HGNC:1571","HGNC:1569 HGNC:1571","CellphoneDB"
"282","CCL1","CCR8","CCL1 CCR8","Ramilowski_2015_Literature_supported","12645948,11154210, 16221874, 10419462,12967681, 9211859,","HGNC:10609","secreted","HGNC:1609","HGNC:10609 HGNC:1609","CellphoneDB"
"283","CCL11","ACKR2","CCL11 ACKR2","Ramilowski_2015_Literature_supported","9405404,","HGNC:10610","secreted","HGNC:1565","HGNC:10610 HGNC:1565","CellphoneDB_flipped"
"284","CCL11","ACKR4","CCL11 ACKR4","Ramilowski_2015_Literature_supported","10734104,","HGNC:10610","secreted","HGNC:1611","HGNC:10610 HGNC:1611",""
"285","CCL11","CCR2","CCL11 CCR2","Ramilowski_2015_Literature_supported","12554737, 15207250,11264152,","HGNC:10610","secreted","HGNC:1603","HGNC:10610 HGNC:1603","CellphoneDB"
"286","CCL11","CCR3","CCL11 CCR3","Ramilowski_2015_Literature_supported","8642344,9276730, 10488147, 16339911, 12761559, 10854442, 8642344,9712872, 8642344, 8609214, 8676064,","HGNC:10610","secreted","HGNC:1604","HGNC:10610 HGNC:1604","CellphoneDB"
"287","CCL11","CCR5","CCL11 CCR5","Ramilowski_2015_Literature_supported","10477718,11264152, 10477718,","HGNC:10610","secreted","HGNC:1606","HGNC:10610 HGNC:1606",""
"288","CCL11","CXCR3","CCL11 CXCR3","Ramilowski_2015_Literature_supported","9660793,","HGNC:10610","secreted","HGNC:4540","HGNC:10610 HGNC:4540",""
"289","CCL13","ACKR2","CCL13 ACKR2","Ramilowski_2015_Literature_supported","9405404,","HGNC:10611","secreted","HGNC:1565","HGNC:10611 HGNC:1565","CellphoneDB"
"290","CCL13","ACKR4","CCL13 ACKR4","Ramilowski_2015_Literature_supported","10734104,","HGNC:10611","secreted","HGNC:1611","HGNC:10611 HGNC:1611",""
"291","CCL13","CCR2","CCL13 CCR2","Ramilowski_2015_Literature_supported","9195948,9276730, 12554737,12149192, 9195948,","HGNC:10611","secreted","HGNC:1603","HGNC:10611 HGNC:1603","CellphoneDB"
"292","CCL13","CCR3","CCL13 CCR3","Ramilowski_2015_Literature_supported","9005985,9276730, 16339911,12149192,","HGNC:10611","secreted","HGNC:1604","HGNC:10611 HGNC:1604","CellphoneDB"
"293","CCL13","CCR5","CCL13 CCR5","Ramilowski_2015_Literature_supported","9790730,10477718,","HGNC:10611","secreted","HGNC:1606","HGNC:10611 HGNC:1606",""
"294","CCL13","CXCR3","CCL13 CXCR3","Ramilowski_2015_Literature_supported","9660793,","HGNC:10611","secreted","HGNC:4540","HGNC:10611 HGNC:4540",""
"295","CCL14","ACKR2","CCL14 ACKR2","Ramilowski_2015_Literature_supported","9405404,","HGNC:10612","secreted","HGNC:1565","HGNC:10612 HGNC:1565","CellphoneDB"
"296","CCL14","CCR1","CCL14 CCR1","Ramilowski_2015_Literature_supported","9687537,12381680,11085751,","HGNC:10612","secreted","HGNC:1602","HGNC:10612 HGNC:1602","CellphoneDB"
"297","CCL14","CCR3","CCL14 CCR3","Ramilowski_2015_Literature_supported","11085751,","HGNC:10612","secreted","HGNC:1604","HGNC:10612 HGNC:1604","CellphoneDB"
"298","CCL14","CCR5","CCL14 CCR5","Ramilowski_2015_Literature_supported","12964882,16298345,11085751,","HGNC:10612","secreted","HGNC:1606","HGNC:10612 HGNC:1606",""
"299","CCL15","CCR1","CCL15 CCR1","Ramilowski_2015_Literature_supported","9346309,9346309,9346309,","HGNC:10613","secreted","HGNC:1602","HGNC:10613 HGNC:1602","CellphoneDB"
"300","CCL15","CCR3","CCL15 CCR3","Ramilowski_2015_Literature_supported","9346309,9346309,9346309,","HGNC:10613","secreted","HGNC:1604","HGNC:10613 HGNC:1604","CellphoneDB"
"301","CCL16","CCR1","CCL16 CCR1","Ramilowski_2015_Literature_supported","11470772,11470772, 10910894,","HGNC:10614","secreted","HGNC:1602","HGNC:10614 HGNC:1602","CellphoneDB_flipped"
"302","CCL16","CCR2","CCL16 CCR2","Ramilowski_2015_Literature_supported","11470772,11470772,","HGNC:10614","secreted","HGNC:1603","HGNC:10614 HGNC:1603","CellphoneDB"
"303","CCL16","CCR5","CCL16 CCR5","Ramilowski_2015_Literature_supported","11470772,","HGNC:10614","secreted","HGNC:1606","HGNC:10614 HGNC:1606",""
"304","CCL16","CCR8","CCL16 CCR8","Ramilowski_2015_Literature_supported","10910894,","HGNC:10614","secreted","HGNC:1609","HGNC:10614 HGNC:1609","CellphoneDB_flipped"
"305","CCL16","HRH4","CCL16 HRH4","Ramilowski_2015_Literature_supported","15265943,15265943,","HGNC:10614","secreted","HGNC:17383","HGNC:10614 HGNC:17383","CellphoneDB"
"306","CCL17","ACKR1","CCL17 ACKR1","Ramilowski_2015_Literature_supported","13679391,","HGNC:10615","secreted","HGNC:4035","HGNC:10615 HGNC:4035",""
"307","CCL17","ACKR2","CCL17 ACKR2","Hou et al. 2020 (this publication)","25297873,","HGNC:10615","secreted","HGNC:1565","HGNC:10615 HGNC:1565",""
"308","CCL17","CCR4","CCL17 CCR4","Ramilowski_2015_Literature_supported","9169480,9430724,9430724, 9169480,","HGNC:10615","secreted","HGNC:1605","HGNC:10615 HGNC:1605","CellphoneDB"
"309","CCL17","CCR8","CCL17 CCR8","Ramilowski_2015_Literature_supported","12832759, 9521068,","HGNC:10615","secreted","HGNC:1609","HGNC:10615 HGNC:1609",""
"310","CCL18","CCR3","CCL18 CCR3","Hou et al. 2020 (this publication)","24218476,","HGNC:10616","secreted","HGNC:1604","HGNC:10616 HGNC:1604",""
"311","CCL18","CCR8","CCL18 CCR8","Efremova et al. 2020 (CellphoneDB)","24218476,","HGNC:10616","secreted","HGNC:1609","HGNC:10616 HGNC:1609",""
"312","CCL18","PITPNM3","CCL18 PITPNM3","Hou et al. 2020 (this publication)","24218476,","HGNC:10616","secreted","HGNC:21043","HGNC:10616 HGNC:21043",""
"313","CCL19","ACKR2","CCL19 ACKR2","Ramilowski_2015_Literature_supported","10706668,","HGNC:10617","secreted","HGNC:1565","HGNC:10617 HGNC:1565",""
"314","CCL19","ACKR4","CCL19 ACKR4","Ramilowski_2015_Literature_supported","23341447,10706668,","HGNC:10617","secreted","HGNC:1611","HGNC:10617 HGNC:1611","CellphoneDB"
"315","CCL19","CCR10","CCL19 CCR10","Ramilowski_2015_Literature_supported","10706668,","HGNC:10617","secreted","HGNC:4474","HGNC:10617 HGNC:4474",""
"316","CCL19","CCR7","CCL19 CCR7","Ramilowski_2015_Literature_supported","11342595,9153236, 9507024,9153236,","HGNC:10617","secreted","HGNC:1608","HGNC:10617 HGNC:1608","CellphoneDB"
"317","CCL19","CCRL2","CCL19 CCRL2","Ramilowski_2015_Literature_supported","20002784,","HGNC:10617","secreted","HGNC:1612","HGNC:10617 HGNC:1612","CellphoneDB"
"318","CCL19","CXCR3","CCL19 CXCR3","Ramilowski_2015_Literature_supported","9660793,","HGNC:10617","secreted","HGNC:4540","HGNC:10617 HGNC:4540","CellphoneDB"
"319","CCL2","ACKR1","CCL2 ACKR1","Ramilowski_2015_Literature_supported","13679391, 17416748,","HGNC:10618","secreted","HGNC:4035","HGNC:10618 HGNC:4035","CellphoneDB_flipped"
"320","CCL2","ACKR2","CCL2 ACKR2","Ramilowski_2015_Literature_supported","9364936, 9405404,","HGNC:10618","secreted","HGNC:1565","HGNC:10618 HGNC:1565","CellphoneDB_flipped"
"321","CCL2","ACKR4","CCL2 ACKR4","Ramilowski_2015_Literature_supported","10734104,","HGNC:10618","secreted","HGNC:1611","HGNC:10618 HGNC:1611",""
"322","CCL2","CCR1","CCL2 CCR1","Ramilowski_2015_Literature_supported","7679328,8631787,","HGNC:10618","secreted","HGNC:1602","HGNC:10618 HGNC:1602",""
"323","CCL2","CCR10","CCL2 CCR10","Ramilowski_2015_Literature_supported","9364936, 10706668,","HGNC:10618","secreted","HGNC:4474","HGNC:10618 HGNC:4474",""
"324","CCL2","CCR2","CCL2 CCR2","Ramilowski_2015_Literature_supported","9287323,9276730, 9346309, 12554737, 15207250, 10770925,10529171, 9287323,","HGNC:10618","secreted","HGNC:1603","HGNC:10618 HGNC:1603","CellphoneDB"
"325","CCL2","CCR3","CCL2 CCR3","Ramilowski_2015_Literature_supported","8642344,","HGNC:10618","secreted","HGNC:1604","HGNC:10618 HGNC:1604",""
"326","CCL2","CCR4","CCL2 CCR4","Ramilowski_2015_Literature_supported","16421945,","HGNC:10618","secreted","HGNC:1605","HGNC:10618 HGNC:1605",""
"327","CCL2","CCR5","CCL2 CCR5","Ramilowski_2015_Literature_supported","16298345,10477718,","HGNC:10618","secreted","HGNC:1606","HGNC:10618 HGNC:1606",""
"328","CCL20","ACKR4","CCL20 ACKR4","Hou et al. 2020 (this publication)","32533638,","HGNC:10619","secreted","HGNC:1611","HGNC:10619 HGNC:1611",""
"329","CCL20","CCR6","CCL20 CCR6","Ramilowski_2015_Literature_supported","12964882,9169459, 9294137, 12081481,9223454, 9169459, 9294137,","HGNC:10619","secreted","HGNC:1607","HGNC:10619 HGNC:1607","CellphoneDB"
"330","CCL20","CXCR3","CCL20 CXCR3","Ramilowski_2015_Literature_supported","9660793,","HGNC:10619","secreted","HGNC:4540","HGNC:10619 HGNC:4540","CellphoneDB"
"331","CCL21","ACKR2","CCL21 ACKR2","Ramilowski_2015_Literature_supported","10706668,","HGNC:10620","secreted","HGNC:1565","HGNC:10620 HGNC:1565",""
"332","CCL21","ACKR4","CCL21 ACKR4","Ramilowski_2015_Literature_supported","23341447,10706668,","HGNC:10620","secreted","HGNC:1611","HGNC:10620 HGNC:1611","CellphoneDB"
"333","CCL21","CCR10","CCL21 CCR10","Hou et al. 2020 (this publication)","10706668,","HGNC:10620","secreted","HGNC:4474","HGNC:10620 HGNC:4474",""
"334","CCL21","CCR7","CCL21 CCR7","Ramilowski_2015_Literature_supported","11970971,9507024,9507024, 9585422,","HGNC:10620","secreted","HGNC:1608","HGNC:10620 HGNC:1608","CellphoneDB"
"335","CCL21","CXCR3","CCL21 CXCR3","Ramilowski_2015_Literature_supported","11907075,","HGNC:10620","secreted","HGNC:4540","HGNC:10620 HGNC:4540",""
"336","CCL22","ACKR2","CCL22 ACKR2","Hou et al. 2020 (this publication)","25297873,","HGNC:10621","secreted","HGNC:1565","HGNC:10621 HGNC:1565",""
"337","CCL22","CCR4","CCL22 CCR4","Ramilowski_2015_Literature_supported","9430724,9430724,9430724, 9933589, 9743322,","HGNC:10621","secreted","HGNC:1605","HGNC:10621 HGNC:1605","CellphoneDB"
"338","CCL23","CCR1","CCL23 CCR1","Ramilowski_2015_Literature_supported","9886417,12381680,9558365, 10660125, 9886417,","HGNC:10622","secreted","HGNC:1602","HGNC:10622 HGNC:1602","CellphoneDB"
"339","CCL24","CCR2","CCL24 CCR2","Ramilowski_2015_Literature_supported","15207250,","HGNC:10623","secreted","HGNC:1603","HGNC:10623 HGNC:1603","CellphoneDB"
"340","CCL24","CCR3","CCL24 CCR3","Ramilowski_2015_Literature_supported","10488147,15207250, 16339911,12218106,","HGNC:10623","secreted","HGNC:1604","HGNC:10623 HGNC:1604","CellphoneDB"
"341","CCL25","ACKR2","CCL25 ACKR2","Ramilowski_2015_Literature_supported","10706668,","HGNC:10624","secreted","HGNC:1565","HGNC:10624 HGNC:1565",""
"342","CCL25","ACKR4","CCL25 ACKR4","Ramilowski_2015_Literature_supported","23341447,10706668,","HGNC:10624","secreted","HGNC:1611","HGNC:10624 HGNC:1611","CellphoneDB"
"343","CCL25","CCR10","CCL25 CCR10","Ramilowski_2015_Literature_supported","10706668,","HGNC:10624","secreted","HGNC:4474","HGNC:10624 HGNC:4474",""
"344","CCL25","CCR9","CCL25 CCR9","Ramilowski_2015_Literature_supported","11159507,10229797, 10498628,","HGNC:10624","secreted","HGNC:1610","HGNC:10624 HGNC:1610","CellphoneDB"
"345","CCL26","CCR1","CCL26 CCR1","Ramilowski_2015_Literature_supported","15039444,","HGNC:10625","secreted","HGNC:1602","HGNC:10625 HGNC:1602","CellphoneDB"
"346","CCL26","CCR2","CCL26 CCR2","Ramilowski_2015_Literature_supported","15207250,","HGNC:10625","secreted","HGNC:1603","HGNC:10625 HGNC:1603","CellphoneDB"
"347","CCL26","CCR3","CCL26 CCR3","Ramilowski_2015_Literature_supported","10488147,15207250, 10488147, 16339911,10488147,","HGNC:10625","secreted","HGNC:1604","HGNC:10625 HGNC:1604","CellphoneDB"
"348","CCL27","ACKR2","CCL27 ACKR2","Ramilowski_2015_Literature_supported","11821900, 10725697, 10725696,","HGNC:10626","secreted","HGNC:1565","HGNC:10626 HGNC:1565",""
"349","CCL27","CCR10","CCL27 CCR10","Ramilowski_2015_Literature_supported","12718728,10725697, 11821900,","HGNC:10626","secreted","HGNC:4474","HGNC:10626 HGNC:4474","CellphoneDB"
"350","CCL28","ACKR2","CCL28 ACKR2","Ramilowski_2015_Literature_supported","10781587,","HGNC:17700","secreted","HGNC:1565","HGNC:17700 HGNC:1565",""
"351","CCL28","CCR10","CCL28 CCR10","Ramilowski_2015_Literature_supported","10781587,10781587, 10975800,","HGNC:17700","secreted","HGNC:4474","HGNC:17700 HGNC:4474","CellphoneDB"
"352","CCL28","CCR3","CCL28 CCR3","Ramilowski_2015_Literature_supported","12964882,10975800,","HGNC:17700","secreted","HGNC:1604","HGNC:17700 HGNC:1604","CellphoneDB"
"353","CCL3","ACKR2","CCL3 ACKR2","Ramilowski_2015_Literature_supported","9405404,","HGNC:10627","secreted","HGNC:1565","HGNC:10627 HGNC:1565","CellphoneDB"
"354","CCL3","CCR1","CCL3 CCR1","Ramilowski_2015_Literature_supported","9115216,12381680, 11170631, 9624164, 8530354,10660125, 10202040, 7545673,","HGNC:10627","secreted","HGNC:1602","HGNC:10627 HGNC:1602","CellphoneDB"
"355","CCL3","CCR3","CCL3 CCR3","Ramilowski_2015_Literature_supported","7594543,","HGNC:10627","secreted","HGNC:1604","HGNC:10627 HGNC:1604","CellphoneDB_flipped"
"356","CCL3","CCR4","CCL3 CCR4","Ramilowski_2015_Literature_supported","8573157,","HGNC:10627","secreted","HGNC:1605","HGNC:10627 HGNC:1605",""
"357","CCL3","CCR5","CCL3 CCR5","Ramilowski_2015_Literature_supported","12964882,11170631, 16298345, 9790730,11700073, 10477718,","HGNC:10627","secreted","HGNC:1606","HGNC:10627 HGNC:1606","CellphoneDB"
"358","CCL3L1","ACKR2","CCL3L1 ACKR2","Hou et al. 2020 (this publication)","25297873,","HGNC:10628","secreted","HGNC:1565","HGNC:10628 HGNC:1565",""
"359","CCL3L1","CCR1","CCL3L1 CCR1","Ramilowski_2015_Literature_supported","11449371,","HGNC:10628","secreted","HGNC:1602","HGNC:10628 HGNC:1602",""
"360","CCL3L1","CCR3","CCL3L1 CCR3","Ramilowski_2015_Literature_supported","11449371,","HGNC:10628","secreted","HGNC:1604","HGNC:10628 HGNC:1604",""
"361","CCL3L1","CCR5","CCL3L1 CCR5","Ramilowski_2015_Literature_supported","11734558, 11449371,","HGNC:10628","secreted","HGNC:1606","HGNC:10628 HGNC:1606",""
"362","CCL3L3","ACKR2","CCL3L3 ACKR2","Ramilowski_2015_Literature_supported","10364178,","HGNC:30554","secreted","HGNC:1565","HGNC:30554 HGNC:1565",""
"363","CCL3L3","CCR5","CCL3L3 CCR5","Ramilowski_2015_Literature_supported","11734558, 10364178,","HGNC:30554","secreted","HGNC:1606","HGNC:30554 HGNC:1606",""
"364","CCL4","ACKR2","CCL4 ACKR2","Ramilowski_2015_Literature_supported","9405404,","HGNC:10630","secreted","HGNC:1565","HGNC:10630 HGNC:1565","CellphoneDB"
"365","CCL4","CCR1","CCL4 CCR1","Ramilowski_2015_Literature_supported","12381680, 8530354,7594543,","HGNC:10630","secreted","HGNC:1602","HGNC:10630 HGNC:1602",""
"366","CCL4","CCR3","CCL4 CCR3","Ramilowski_2015_Literature_supported","7622448,","HGNC:10630","secreted","HGNC:1604","HGNC:10630 HGNC:1604",""
"367","CCL4","CCR5","CCL4 CCR5","Ramilowski_2015_Literature_supported","12964882,16298345, 9790730,12427015, 8663314,","HGNC:10630","secreted","HGNC:1606","HGNC:10630 HGNC:1606","CellphoneDB_flipped"
"368","CCL4","CCR8","CCL4 CCR8","Ramilowski_2015_Literature_supported","9521068,","HGNC:10630","secreted","HGNC:1609","HGNC:10630 HGNC:1609",""
"369","CCL4L1","CCR1","CCL4L1 CCR1","Hou et al. 2020 (this publication)","15240137,","HGNC:10631","secreted","HGNC:1602","HGNC:10631 HGNC:1602",""
"370","CCL4L1","CCR3","CCL4L1 CCR3","Hou et al. 2020 (this publication)","15240137,","HGNC:10631","secreted","HGNC:1604","HGNC:10631 HGNC:1604",""
"371","CCL4L1","CCR5","CCL4L1 CCR5","Hou et al. 2020 (this publication)","15240137,","HGNC:10631","secreted","HGNC:1606","HGNC:10631 HGNC:1606",""
"372","CCL5","ACKR1","CCL5 ACKR1","Ramilowski_2015_Literature_supported","12081195, 17416748,","HGNC:10632","secreted","HGNC:4035","HGNC:10632 HGNC:4035","CellphoneDB_flipped"
"373","CCL5","ACKR2","CCL5 ACKR2","Ramilowski_2015_Literature_supported","9405404,","HGNC:10632","secreted","HGNC:1565","HGNC:10632 HGNC:1565","CellphoneDB"
"374","CCL5","CCR1","CCL5 CCR1","Ramilowski_2015_Literature_supported","9624164, 8530354,9289016, 11116158, 14637022, 12270118, 7545673,","HGNC:10632","secreted","HGNC:1602","HGNC:10632 HGNC:1602","CellphoneDB"
"375","CCL5","CCR3","CCL5 CCR3","Ramilowski_2015_Literature_supported","8642344,8642344,9289016, 8642344,","HGNC:10632","secreted","HGNC:1604","HGNC:10632 HGNC:1604","CellphoneDB"
"376","CCL5","CCR4","CCL5 CCR4","Ramilowski_2015_Literature_supported","12270118, 8573157,","HGNC:10632","secreted","HGNC:1605","HGNC:10632 HGNC:1605","CellphoneDB"
"377","CCL5","CCR5","CCL5 CCR5","Ramilowski_2015_Literature_supported","12964882,10318947, 16298345, 9790730,9289016, 8663314, 11116158, 14637022, 10477718,","HGNC:10632","secreted","HGNC:1606","HGNC:10632 HGNC:1606","CellphoneDB"
"378","CCL5","CXCR3","CCL5 CXCR3","Ramilowski_2015_Literature_supported","9660793,","HGNC:10632","secreted","HGNC:4540","HGNC:10632 HGNC:4540",""
"379","CCL5","GPR75","CCL5 GPR75","Ramilowski_2015_Literature_supported","17001303,","HGNC:10632","secreted","HGNC:4526","HGNC:10632 HGNC:4526","CellphoneDB"
"380","CCL5","SDC1","CCL5 SDC1","Ramilowski_2015_Literature_supported","14637022,","HGNC:10632","secreted","HGNC:10658","HGNC:10632 HGNC:10658",""
"381","CCL5","SDC4","CCL5 SDC4","Ramilowski_2015_Literature_supported","14637022,","HGNC:10632","secreted","HGNC:10661","HGNC:10632 HGNC:10661",""
"382","CCL7","ACKR1","CCL7 ACKR1","Ramilowski_2015_Literature_supported","13679391,","HGNC:10634","secreted","HGNC:4035","HGNC:10634 HGNC:4035",""
"383","CCL7","ACKR2","CCL7 ACKR2","Ramilowski_2015_Literature_supported","9364936, 9405404,","HGNC:10634","secreted","HGNC:1565","HGNC:10634 HGNC:1565","CellphoneDB"
"384","CCL7","ACKR4","CCL7 ACKR4","Ramilowski_2015_Literature_supported","10734104,","HGNC:10634","secreted","HGNC:1611","HGNC:10634 HGNC:1611",""
"385","CCL7","CCR1","CCL7 CCR1","Ramilowski_2015_Literature_supported","9115216,12381680, 11994538,8530354, 7545673,","HGNC:10634","secreted","HGNC:1602","HGNC:10634 HGNC:1602","CellphoneDB"
"386","CCL7","CCR10","CCL7 CCR10","Ramilowski_2015_Literature_supported","9364936, 10706668,","HGNC:10634","secreted","HGNC:4474","HGNC:10634 HGNC:4474",""
"387","CCL7","CCR2","CCL7 CCR2","Ramilowski_2015_Literature_supported","8530354,9276730, 9346309, 12554737,8530354,","HGNC:10634","secreted","HGNC:1603","HGNC:10634 HGNC:1603","CellphoneDB"
"388","CCL7","CCR3","CCL7 CCR3","Ramilowski_2015_Literature_supported","8642344,8642344,8642344,","HGNC:10634","secreted","HGNC:1604","HGNC:10634 HGNC:1604","CellphoneDB"
"389","CCL7","CCR5","CCL7 CCR5","Ramilowski_2015_Literature_supported","16298345,10477718,","HGNC:10634","secreted","HGNC:1606","HGNC:10634 HGNC:1606","CellphoneDB"
"390","CCL7","CXCR3","CCL7 CXCR3","Ramilowski_2015_Literature_supported","9660793,","HGNC:10634","secreted","HGNC:4540","HGNC:10634 HGNC:4540",""
"391","CCL8","ACKR1","CCL8 ACKR1","Ramilowski_2015_Literature_supported","13679391,","HGNC:10635","secreted","HGNC:4035","HGNC:10635 HGNC:4035",""
"392","CCL8","ACKR2","CCL8 ACKR2","Ramilowski_2015_Literature_supported","9405404,","HGNC:10635","secreted","HGNC:1565","HGNC:10635 HGNC:1565","CellphoneDB"
"393","CCL8","ACKR4","CCL8 ACKR4","Ramilowski_2015_Literature_supported","10734104,","HGNC:10635","secreted","HGNC:1611","HGNC:10635 HGNC:1611",""
"394","CCL8","CCR1","CCL8 CCR1","Ramilowski_2015_Literature_supported","9115216,","HGNC:10635","secreted","HGNC:1602","HGNC:10635 HGNC:1602","CellphoneDB"
"395","CCL8","CCR2","CCL8 CCR2","Ramilowski_2015_Literature_supported","12554737,9115216, 12149192,","HGNC:10635","secreted","HGNC:1603","HGNC:10635 HGNC:1603","CellphoneDB"
"396","CCL8","CCR3","CCL8 CCR3","Ramilowski_2015_Literature_supported","9005985,9005985,","HGNC:10635","secreted","HGNC:1604","HGNC:10635 HGNC:1604","CellphoneDB"
"397","CCL8","CCR5","CCL8 CCR5","Ramilowski_2015_Literature_supported","12964882,9790730,9468473, 10477718,","HGNC:10635","secreted","HGNC:1606","HGNC:10635 HGNC:1606","CellphoneDB"
"398","CCN1","ITGA5","CCN1 ITGA5","Ramilowski_2015_Literature_supported","9446626,","HGNC:2654","secreted","HGNC:6141","HGNC:2654 HGNC:6141",""
"399","CCN1","ITGAM","CCN1 ITGAM","Ramilowski_2015_Literature_supported","12036876,","HGNC:2654","secreted","HGNC:6149","HGNC:2654 HGNC:6149",""
"400","CCN1","ITGAV","CCN1 ITGAV","Ramilowski_2015_Literature_supported","11287419,","HGNC:2654","secreted","HGNC:6150","HGNC:2654 HGNC:6150",""
"401","CCN1","ITGB2","CCN1 ITGB2","Ramilowski_2015_Literature_supported","12036876,","HGNC:2654","secreted","HGNC:6155","HGNC:2654 HGNC:6155",""
"402","CCN1","ITGB3","CCN1 ITGB3","Ramilowski_2015_Literature_supported","9446626,","HGNC:2654","secreted","HGNC:6156","HGNC:2654 HGNC:6156",""
"403","CCN1","ITGB5","CCN1 ITGB5","Ramilowski_2015_Literature_supported","11287419,","HGNC:2654","secreted","HGNC:6160","HGNC:2654 HGNC:6160",""
"404","CCN1","SDC4","CCN1 SDC4","Baccin et al. 2020 (RNA-Magnet)","16275757,","HGNC:2654","secreted","HGNC:10661","HGNC:2654 HGNC:10661",""
"405","CCN2","FGFR2","CCN2 FGFR2","Baccin et al. 2020 (RNA-Magnet)","23142580,","HGNC:2500","secreted","HGNC:3689","HGNC:2500 HGNC:3689",""
"406","CCN2","IGF2R","CCN2 IGF2R","Baccin et al. 2020 (RNA-Magnet)","22511630,","HGNC:2500","secreted","HGNC:5467","HGNC:2500 HGNC:5467",""
"407","CCN2","ITGA5","CCN2 ITGA5","Ramilowski_2015_Literature_supported","18167060,","HGNC:2500","secreted","HGNC:6141","HGNC:2500 HGNC:6141",""
"408","CCN2","ITGAM","CCN2 ITGAM","Ramilowski_2015_Literature_supported","12736251,","HGNC:2500","secreted","HGNC:6149","HGNC:2500 HGNC:6149",""
"409","CCN2","ITGB2","CCN2 ITGB2","Ramilowski_2015_Literature_supported","12736251,","HGNC:2500","secreted","HGNC:6155","HGNC:2500 HGNC:6155",""
"410","CCN2","LRP1","CCN2 LRP1","Ramilowski_2015_Literature_supported","14585398,","HGNC:2500","secreted","HGNC:6692","HGNC:2500 HGNC:6692",""
"411","CCN2","LRP6","CCN2 LRP6","Ramilowski_2015_Literature_supported","15105373,","HGNC:2500","secreted","HGNC:6698","HGNC:2500 HGNC:6698",""
"412","CCN2","NTRK1","CCN2 NTRK1","Ramilowski_2015_Literature_supported","15601748,","HGNC:2500","secreted","HGNC:8031","HGNC:2500 HGNC:8031",""
"413","CCN3","NOTCH1","CCN3 NOTCH1","Ramilowski_2015_Literature_supported","15906253,12050162,","HGNC:7885","secreted","HGNC:7881","HGNC:7885 HGNC:7881",""
"414","CCN4","ITGA5","CCN4 ITGA5","Hou et al. 2020 (this publication)","29330021,","HGNC:12769","secreted","HGNC:6141","HGNC:12769 HGNC:6141",""
"415","CCN4","ITGB1","CCN4 ITGB1","Hou et al. 2020 (this publication)","29330021,","HGNC:12769","secreted","HGNC:6153","HGNC:12769 HGNC:6153",""
"416","CD14","ITGA4","CD14 ITGA4","Ramilowski_2015_Literature_supported","17274987,","HGNC:1628","plasma membrane","HGNC:6140","HGNC:1628 HGNC:6140",""
"417","CD14","ITGB1","CD14 ITGB1","Ramilowski_2015_Literature_supported","17274987,","HGNC:1628","plasma membrane","HGNC:6153","HGNC:1628 HGNC:6153",""
"418","CD160","TNFRSF14","CD160 TNFRSF14","Efremova et al. 2020 (CellphoneDB)","21959263,","HGNC:17013","secreted","HGNC:11912","HGNC:17013 HGNC:11912",""
"419","CD177","PECAM1","CD177 PECAM1","Efremova et al. 2020 (CellphoneDB)","17580308,","HGNC:30072","plasma membrane","HGNC:8823","HGNC:30072 HGNC:8823",""
"420","CD1D","LILRB2","CD1D LILRB2","Efremova et al. 2020 (CellphoneDB)","19124746,","HGNC:1637","plasma membrane","HGNC:6606","HGNC:1637 HGNC:6606",""
"421","CD2","CD48","CD2 CD48","Baccin et al. 2020 (RNA-Magnet)","26794910,","HGNC:1639","plasma membrane","HGNC:1683","HGNC:1639 HGNC:1683",""
"422","CD200","CD200R1","CD200 CD200R1","Efremova et al. 2020 (CellphoneDB)","22020332,","HGNC:7203","plasma membrane","HGNC:24235","HGNC:7203 HGNC:24235",""
"423","CD200","CD200R1L","CD200 CD200R1L","Hou et al. 2020 (this publication)","15187158, 19283782,","HGNC:7203","plasma membrane","HGNC:24665","HGNC:7203 HGNC:24665",""
"424","CD200R1","CD200","CD200R1 CD200","Efremova et al. 2020 (CellphoneDB)","12960329,","HGNC:24235","plasma membrane","HGNC:7203","HGNC:24235 HGNC:7203",""
"425","CD209","ICAM3","CD209 ICAM3","Noël et al. 2020 (ICELLNET)","10721994,","HGNC:1641","plasma membrane","HGNC:5346","HGNC:1641 HGNC:5346",""
"426","CD22","PTPRC","CD22 PTPRC","Cabello-Aguilar et al. 2020 (SingleCellSignalR)","12115612, ","HGNC:1643","plasma membrane","HGNC:9666","HGNC:1643 HGNC:9666",""
"427","CD226","NECTIN2","CD226 NECTIN2","Efremova et al. 2020 (CellphoneDB)","15607800, ","HGNC:16961","plasma membrane","HGNC:9707","HGNC:16961 HGNC:9707",""
"428","CD226","PVR","CD226 PVR","Efremova et al. 2020 (CellphoneDB)","15607800, ","HGNC:16961","plasma membrane","HGNC:9705","HGNC:16961 HGNC:9705",""
"429","CD24","SELP","CD24 SELP","Ramilowski_2015_Literature_supported","9129046,9129046,","HGNC:1645","plasma membrane","HGNC:10721","HGNC:1645 HGNC:10721","CellphoneDB"
"430","CD244","CD48","CD244 CD48","Efremova et al. 2020 (CellphoneDB)","26697006,","HGNC:18171","plasma membrane","HGNC:1683","HGNC:18171 HGNC:1683",""
"431","CD274","CD80","CD274 CD80","Efremova et al. 2020 (CellphoneDB)","17629517, 18585785, 20587542,","HGNC:17635","plasma membrane","HGNC:1700","HGNC:17635 HGNC:1700",""
"432","CD274","PDCD1","CD274 PDCD1","Efremova et al. 2020 (CellphoneDB)","23954143,","HGNC:17635","plasma membrane","HGNC:8760","HGNC:17635 HGNC:8760",""
"433","CD28","CD80","CD28 CD80","Efremova et al. 2020 (CellphoneDB)","17953528,","HGNC:1653","plasma membrane","HGNC:1700","HGNC:1653 HGNC:1700",""
"434","CD28","CD86","CD28 CD86","Efremova et al. 2020 (CellphoneDB)","7534620,","HGNC:1653","plasma membrane","HGNC:1705","HGNC:1653 HGNC:1705",""
"435","CD34","SELE","CD34 SELE","Hou et al. 2020 (this publication)","29296932,","HGNC:1662","plasma membrane","HGNC:10718","HGNC:1662 HGNC:10718",""
"436","CD34","SELL","CD34 SELL","Ramilowski_2015_Literature_supported","12889478,","HGNC:1662","plasma membrane","HGNC:10720","HGNC:1662 HGNC:10720","CellphoneDB_flipped"
"437","CD34","SELP","CD34 SELP","Baccin et al. 2020 (RNA-Magnet)","29296932,","HGNC:1662","plasma membrane","HGNC:10721","HGNC:1662 HGNC:10721",""
"438","CD38","PECAM1","CD38 PECAM1","Efremova et al. 2020 (CellphoneDB)","9551996, 26407101,","HGNC:1667","plasma membrane","HGNC:8823","HGNC:1667 HGNC:8823",""
"439","CD40LG","CD40","CD40LG CD40","Ramilowski_2015_Literature_supported","1374165,10647992, 7516405, 7543281,","HGNC:11935","plasma membrane; secreted","HGNC:11919","HGNC:11935 HGNC:11919","CellphoneDB"
"440","CD44","SELE","CD44 SELE","Efremova et al. 2020 (CellphoneDB)","29777742,","HGNC:1681","plasma membrane","HGNC:10718","HGNC:1681 HGNC:10718",""
"441","CD47","SIRPA","CD47 SIRPA","Efremova et al. 2020 (CellphoneDB)","10572074,","HGNC:1682","plasma membrane","HGNC:9662","HGNC:1682 HGNC:9662",""
"442","CD47","SIRPG","CD47 SIRPG","Efremova et al. 2020 (CellphoneDB)","15294972,","HGNC:1682","plasma membrane","HGNC:15757","HGNC:1682 HGNC:15757",""
"443","CD48","CD2","CD48 CD2","Hou et al. 2020 (this publication)","18287277, 23470321,","HGNC:1683","plasma membrane","HGNC:1639","HGNC:1683 HGNC:1639",""
"444","CD48","CD244","CD48 CD244","Cabello-Aguilar et al. 2020 (SingleCellSignalR)","15870174,","HGNC:1683","plasma membrane","HGNC:18171","HGNC:1683 HGNC:18171",""
"445","CD52","SIGLEC10","CD52 SIGLEC10","Efremova et al. 2020 (CellphoneDB)","23685786,","HGNC:1804","plasma membrane","HGNC:15620","HGNC:1804 HGNC:15620",""
"446","CD55","ADGRE5","CD55 ADGRE5","Ramilowski_2015_Literature_supported","12417446,10540231,","HGNC:2665","plasma membrane; secreted","HGNC:1711","HGNC:2665 HGNC:1711",""
"447","CD58","CD2","CD58 CD2","Efremova et al. 2020 (CellphoneDB)","23602662,","HGNC:1688","plasma membrane","HGNC:1639","HGNC:1688 HGNC:1639",""
"448","CD59","CD2","CD59 CD2","Hou et al. 2020 (this publication)","1377404,","HGNC:1689","secreted","HGNC:1639","HGNC:1689 HGNC:1639",""
"449","CD5L","CD5","CD5L CD5","Ramilowski_2015_Literature_supported","9723705,","HGNC:1690","secreted","HGNC:1685","HGNC:1690 HGNC:1685",""
"450","CD6","ALCAM","CD6 ALCAM","Cabello-Aguilar et al. 2020 (SingleCellSignalR)","26146185,","HGNC:1691","plasma membrane","HGNC:400","HGNC:1691 HGNC:400",""
"451","CD70","CD27","CD70 CD27","Ramilowski_2015_Literature_supported","8120384,8120384, 8186199, 8580829, 15723067, 7479974, 9862673, 9767422,","HGNC:11937","plasma membrane; secreted","HGNC:11922","HGNC:11937 HGNC:11922","CellphoneDB"
"452","CD80","CD274","CD80 CD274","Baccin et al. 2020 (RNA-Magnet)","24819296,","HGNC:1700","plasma membrane","HGNC:17635","HGNC:1700 HGNC:17635",""
"453","CD80","CD28","CD80 CD28","Efremova et al. 2020 (CellphoneDB)","7545666,","HGNC:1700","plasma membrane","HGNC:1653","HGNC:1700 HGNC:1653",""
"454","CD80","CTLA4","CD80 CTLA4","Efremova et al. 2020 (CellphoneDB)","23954143, 17953528,","HGNC:1700","plasma membrane","HGNC:2505","HGNC:1700 HGNC:2505",""
"455","CD84","CD84","CD84 CD84","Hou et al. 2020 (this publication)","11564780,","HGNC:1704","plasma membrane","HGNC:1704","HGNC:1704 HGNC:1704",""
"456","CD86","CD28","CD86 CD28","Efremova et al. 2020 (CellphoneDB)","23954143,","HGNC:1705","plasma membrane; secreted","HGNC:1653","HGNC:1705 HGNC:1653",""
"457","CD86","CTLA4","CD86 CTLA4","Efremova et al. 2020 (CellphoneDB)","23954143,","HGNC:1705","plasma membrane; secreted","HGNC:2505","HGNC:1705 HGNC:2505",""
"458","CD9","L1CAM","CD9 L1CAM","Baccin et al. 2020 (RNA-Magnet)","8838570,","HGNC:1709","plasma membrane","HGNC:6470","HGNC:1709 HGNC:6470",""
"459","CD96","NECTIN1","CD96 NECTIN1","Efremova et al. 2020 (CellphoneDB)","24658051, 30759143,","HGNC:16892","plasma membrane","HGNC:9706","HGNC:16892 HGNC:9706",""
"460","CD96","PVR","CD96 PVR","Efremova et al. 2020 (CellphoneDB)","17971293, 15034010,","HGNC:16892","plasma membrane","HGNC:9705","HGNC:16892 HGNC:9705",""
"461","CD99","PILRA","CD99 PILRA","Efremova et al. 2020 (CellphoneDB)","18234675,","HGNC:7082","plasma membrane; secreted","HGNC:20396","HGNC:7082 HGNC:20396",""
"462","CD99","PILRB","CD99 PILRB","Hou et al. 2020 (this publication)","18234675,","HGNC:7082","plasma membrane; secreted","HGNC:18297","HGNC:7082 HGNC:18297",""
"463","CDH1","EGFR","CDH1 EGFR","Ramilowski_2015_Literature_supported","10969083,","HGNC:1748","plasma membrane","HGNC:3236","HGNC:1748 HGNC:3236",""
"464","CDH1","IGF1R","CDH1 IGF1R","Ramilowski_2015_Literature_supported","22479204,","HGNC:1748","plasma membrane","HGNC:5465","HGNC:1748 HGNC:5465",""
"465","CDH1","ITGAE","CDH1 ITGAE","Ramilowski_2015_Literature_supported","7969453,12434297,","HGNC:1748","plasma membrane","HGNC:6147","HGNC:1748 HGNC:6147",""
"466","CDH1","ITGB7","CDH1 ITGB7","Ramilowski_2015_Literature_supported","7969453,10837471,","HGNC:1748","plasma membrane","HGNC:6162","HGNC:1748 HGNC:6162",""
"467","CDH1","KLRG1","CDH1 KLRG1","Efremova et al. 2020 (CellphoneDB)","19604491,","HGNC:1748","plasma membrane","HGNC:6380","HGNC:1748 HGNC:6380","Ramilowski_2015_Putative"
"468","CDH1","PTPRM","CDH1 PTPRM","Ramilowski_2015_Literature_supported","9531566, 7642713, ","HGNC:1748","plasma membrane","HGNC:9675","HGNC:1748 HGNC:9675",""
"469","CEACAM1","CD209","CEACAM1 CD209","Efremova et al. 2020 (CellphoneDB)","16282604, 16246332,","HGNC:1814","plasma membrane","HGNC:1641","HGNC:1814 HGNC:1641",""
"470","CEACAM1","HAVCR2","CEACAM1 HAVCR2","Hou et al. 2020 (this publication)","26982724,","HGNC:1814","plasma membrane","HGNC:18437","HGNC:1814 HGNC:18437",""
"471","CEACAM1","SELE","CEACAM1 SELE","Efremova et al. 2020 (CellphoneDB)","1378450,","HGNC:1814","plasma membrane","HGNC:10718","HGNC:1814 HGNC:10718",""
"472","CEACAM5","CD1D","CEACAM5 CD1D","Efremova et al. 2020 (CellphoneDB)","24104458,","HGNC:1817","plasma membrane","HGNC:1637","HGNC:1817 HGNC:1637",""
"473","CEACAM5","CD8A","CEACAM5 CD8A","Efremova et al. 2020 (CellphoneDB)","24104458,","HGNC:1817","plasma membrane","HGNC:1706","HGNC:1817 HGNC:1706",""
"474","CEACAM6","CEACAM8","CEACAM6 CEACAM8","Efremova et al. 2020 (CellphoneDB)","11590190,","HGNC:1818","plasma membrane","HGNC:1820","HGNC:1818 HGNC:1820",""
"475","CEACAM8","CEACAM1","CEACAM8 CEACAM1","Efremova et al. 2020 (CellphoneDB)","24743304,","HGNC:1820","plasma membrane","HGNC:1814","HGNC:1820 HGNC:1814",""
"476","CEL","CXCR4","CEL CXCR4","Ramilowski_2015_Literature_supported","18037996,","HGNC:1848","secreted","HGNC:2561","HGNC:1848 HGNC:2561",""
"477","CFH","ITGAM","CFH ITGAM","Ramilowski_2015_Literature_supported","9558116,","HGNC:4883","secreted","HGNC:6149","HGNC:4883 HGNC:6149",""
"478","CFH","SELL","CFH SELL","Ramilowski_2015_Literature_supported","10377245,10377245,","HGNC:4883","secreted","HGNC:10720","HGNC:4883 HGNC:10720",""
"479","CFP","NCR1","CFP NCR1","Hou et al. 2020 (this publication)","28480349,","HGNC:8864","secreted","HGNC:6731","HGNC:8864 HGNC:6731",""
"480","CGA","LHCGR","CGA LHCGR","Ramilowski_2015_Literature_supported","10342833,12727981, 1922095,10342833,","HGNC:1885","secreted","HGNC:6585","HGNC:1885 HGNC:6585","CellphoneDB"
"481","CGB3","LHCGR","CGB3 LHCGR","Ramilowski_2015_Literature_supported","10446903,12727981, 1922095,2254302,","HGNC:1886","secreted","HGNC:6585","HGNC:1886 HGNC:6585",""
"482","CGN","F11R","CGN F11R","Ramilowski_2015_Literature_supported","10877843,","HGNC:17429","secreted","HGNC:14685","HGNC:17429 HGNC:14685",""
"483","CHAD","ITGA2","CHAD ITGA2","Ramilowski_2015_Literature_supported","9281592,","HGNC:1909","secreted","HGNC:6137","HGNC:1909 HGNC:6137",""
"484","CHAD","ITGB1","CHAD ITGB1","Ramilowski_2015_Literature_supported","9281592,","HGNC:1909","secreted","HGNC:6153","HGNC:1909 HGNC:6153",""
"485","CIRBP","TREM1","CIRBP TREM1","Hou et al. 2020 (this publication)","32027618, 32506691,","HGNC:1982","secreted","HGNC:17760","HGNC:1982 HGNC:17760",""
"486","CLCF1","CNTFR","CLCF1 CNTFR","Ramilowski_2015_Literature_supported","10966616,10966616, 11294841, 11285233,","HGNC:17412","secreted","HGNC:2170","HGNC:17412 HGNC:2170",""
"487","CLCF1","CRLF1","CLCF1 CRLF1","Ramilowski_2015_Literature_supported","10966616,10966616,","HGNC:17412","secreted","HGNC:2364","HGNC:17412 HGNC:2364",""
"488","CLCF1","IL6ST","CLCF1 IL6ST","Ramilowski_2015_Literature_supported","10966616,","HGNC:17412","secreted","HGNC:6021","HGNC:17412 HGNC:6021",""
"489","CLCF1","LIFR","CLCF1 LIFR","Ramilowski_2015_Literature_supported","10966616,","HGNC:17412","secreted","HGNC:6597","HGNC:17412 HGNC:6597",""
"490","CLEC11A","ITGA10","CLEC11A ITGA10","Hou et al. 2020 (this publication)","30632962, ","HGNC:10576","secreted","HGNC:6135","HGNC:10576 HGNC:6135",""
"491","CLEC11A","ITGA11","CLEC11A ITGA11","Hou et al. 2020 (this publication)","30632962, ","HGNC:10576","secreted","HGNC:6136","HGNC:10576 HGNC:6136",""
"492","CLEC11A","ITGB1","CLEC11A ITGB1","Hou et al. 2020 (this publication)","30632962, ","HGNC:10576","secreted","HGNC:6153","HGNC:10576 HGNC:6153",""
"493","CLEC2A","KLRF2","CLEC2A KLRF2","Efremova et al. 2020 (CellphoneDB)","24223577,","HGNC:24191","plasma membrane","HGNC:37646","HGNC:24191 HGNC:37646",""
"494","CLEC2B","KLRF1","CLEC2B KLRF1","Efremova et al. 2020 (CellphoneDB)","17057721,","HGNC:2053","plasma membrane","HGNC:13342","HGNC:2053 HGNC:13342",""
"495","CLEC2D","KLRB1","CLEC2D KLRB1","Efremova et al. 2020 (CellphoneDB)","29721382, 26147876,","HGNC:14351","plasma membrane","HGNC:6373","HGNC:14351 HGNC:6373",""
"496","CLEC4G","LAG3","CLEC4G LAG3","Hou et al. 2020 (this publication)","24769443,","HGNC:24591","plasma membrane","HGNC:6476","HGNC:24591 HGNC:6476",""
"497","CNTF","CNTFR","CNTF CNTFR","Ramilowski_2015_Literature_supported","8627290, 7810882, 10812968,","HGNC:2169","secreted","HGNC:2170","HGNC:2169 HGNC:2170",""
"498","CNTF","IL6R","CNTF IL6R","Ramilowski_2015_Literature_supported","1281789,","HGNC:2169","secreted","HGNC:6019","HGNC:2169 HGNC:6019",""
"499","CNTF","IL6ST","CNTF IL6ST","Ramilowski_2015_Literature_supported","12643274, 16051226,","HGNC:2169","secreted","HGNC:6021","HGNC:2169 HGNC:6021",""
"500","CNTF","LIFR","CNTF LIFR","Ramilowski_2015_Literature_supported","12643274, 16051226,","HGNC:2169","secreted","HGNC:6597","HGNC:2169 HGNC:6597",""
"501","CNTN1","NOTCH1","CNTN1 NOTCH1","Hou et al. 2020 (this publication)","14567914,","HGNC:2171","plasma membrane","HGNC:7881","HGNC:2171 HGNC:7881",""
"502","CNTN1","NOTCH2","CNTN1 NOTCH2","Hou et al. 2020 (this publication)","14567914,","HGNC:2171","plasma membrane","HGNC:7882","HGNC:2171 HGNC:7882",""
"503","CNTN1","PTPRZ1","CNTN1 PTPRZ1","Hou et al. 2020 (this publication)","21969550,","HGNC:2171","plasma membrane","HGNC:9685","HGNC:2171 HGNC:9685",""
"504","CNTN2","CNTN1","CNTN2 CNTN1","Ramilowski_2015_Literature_supported","12139915,","HGNC:2172","secreted","HGNC:2171","HGNC:2172 HGNC:2171",""
"505","CNTN2","CNTNAP2","CNTN2 CNTNAP2","Ramilowski_2015_Literature_supported","12975355,","HGNC:2172","secreted","HGNC:13830","HGNC:2172 HGNC:13830",""
"506","CNTN2","NRCAM","CNTN2 NRCAM","Ramilowski_2015_Literature_supported","12139915,","HGNC:2172","secreted","HGNC:7994","HGNC:2172 HGNC:7994",""
"507","CNTN4","PTPRG","CNTN4 PTPRG","Ramilowski_2015_Literature_supported","20133774,","HGNC:2174","plasma membrane","HGNC:9671","HGNC:2174 HGNC:9671",""
"508","CNTN6","NOTCH1","CNTN6 NOTCH1","Hou et al. 2020 (this publication)","15082708,","HGNC:2176","plasma membrane","HGNC:7881","HGNC:2176 HGNC:7881",""
"509","COL11A1","DDR1","COL11A1 DDR1","Ramilowski_2015_Literature_supported","9659900,","HGNC:2186","secreted","HGNC:2730","HGNC:2186 HGNC:2730",""
"510","COL14A1","CD44","COL14A1 CD44","Ramilowski_2015_Literature_supported","8986622,","HGNC:2191","secreted","HGNC:1681","HGNC:2191 HGNC:1681",""
"511","COL18A1","GPC1","COL18A1 GPC1","Ramilowski_2015_Literature_supported","11336704,11336704,","HGNC:2195","secreted","HGNC:4449","HGNC:2195 HGNC:4449",""
"512","COL18A1","GPC4","COL18A1 GPC4","Ramilowski_2015_Literature_supported","11336704,","HGNC:2195","secreted","HGNC:4452","HGNC:2195 HGNC:4452",""
"513","COL18A1","ITGA5","COL18A1 ITGA5","Ramilowski_2015_Literature_supported","12682293,11158588,","HGNC:2195","secreted","HGNC:6141","HGNC:2195 HGNC:6141",""
"514","COL18A1","ITGB1","COL18A1 ITGB1","Ramilowski_2015_Literature_supported","12682293,","HGNC:2195","secreted","HGNC:6153","HGNC:2195 HGNC:6153",""
"515","COL18A1","KDR","COL18A1 KDR","Ramilowski_2015_Literature_supported","12029087,","HGNC:2195","secreted","HGNC:6307","HGNC:2195 HGNC:6307",""
"516","COL18A1","PTPRS","COL18A1 PTPRS","Baccin et al. 2020 (RNA-Magnet)","11865065,","HGNC:2195","secreted","HGNC:9681","HGNC:2195 HGNC:9681",""
"517","COL1A1","CD36","COL1A1 CD36","Ramilowski_2015_Literature_supported","2468670,","HGNC:2197","secreted","HGNC:1663","HGNC:2197 HGNC:1663",""
"518","COL1A1","CD44","COL1A1 CD44","Ramilowski_2015_Literature_supported","1730778,","HGNC:2197","secreted","HGNC:1681","HGNC:2197 HGNC:1681",""
"519","COL1A1","CD93","COL1A1 CD93","Ramilowski_2015_Literature_supported","1377218,","HGNC:2197","secreted","HGNC:15855","HGNC:2197 HGNC:15855",""
"520","COL1A1","DDR1","COL1A1 DDR1","Ramilowski_2015_Literature_supported","9659900,","HGNC:2197","secreted","HGNC:2730","HGNC:2197 HGNC:2730",""
"521","COL1A1","DDR2","COL1A1 DDR2","Ramilowski_2015_Literature_supported","12611880,9659899,","HGNC:2197","secreted","HGNC:2731","HGNC:2197 HGNC:2731",""
"522","COL1A1","GP6","COL1A1 GP6","Hou et al. 2020 (this publication)","10961879,","HGNC:2197","secreted","HGNC:14388","HGNC:2197 HGNC:14388",""
"523","COL1A1","ITGA11","COL1A1 ITGA11","Ramilowski_2015_Literature_supported","10464311,","HGNC:2197","secreted","HGNC:6136","HGNC:2197 HGNC:6136",""
"524","COL1A1","ITGA2","COL1A1 ITGA2","Ramilowski_2015_Literature_supported","7688313,11359786, 11856343, 2156854,","HGNC:2197","secreted","HGNC:6137","HGNC:2197 HGNC:6137",""
"525","COL1A1","ITGA5","COL1A1 ITGA5","Ramilowski_2015_Literature_supported","1693626,","HGNC:2197","secreted","HGNC:6141","HGNC:2197 HGNC:6141",""
"526","COL1A1","ITGB1","COL1A1 ITGB1","Ramilowski_2015_Literature_supported","7688313, 10464311,","HGNC:2197","secreted","HGNC:6153","HGNC:2197 HGNC:6153",""
"527","COL1A2","CD44","COL1A2 CD44","Ramilowski_2015_Literature_supported","1730778,","HGNC:2198","secreted","HGNC:1681","HGNC:2198 HGNC:1681",""
"528","COL1A2","CD93","COL1A2 CD93","Ramilowski_2015_Literature_supported","1377218,","HGNC:2198","secreted","HGNC:15855","HGNC:2198 HGNC:15855",""
"529","COL1A2","GP6","COL1A2 GP6","Hou et al. 2020 (this publication)","10961879,","HGNC:2198","secreted","HGNC:14388","HGNC:2198 HGNC:14388",""
"530","COL1A2","ITGA11","COL1A2 ITGA11","Hou et al. 2020 (this publication)","30632962, ","HGNC:2198","secreted","HGNC:6136","HGNC:2198 HGNC:6136","Ramilowski_2015_Putative"
"531","COL1A2","ITGA2","COL1A2 ITGA2","Ramilowski_2015_Literature_supported","2156854,","HGNC:2198","secreted","HGNC:6137","HGNC:2198 HGNC:6137",""
"532","COL1A2","ITGB1","COL1A2 ITGB1","Hou et al. 2020 (this publication)","30632962, ","HGNC:2198","secreted","HGNC:6153","HGNC:2198 HGNC:6153","Ramilowski_2015_Putative"
"533","COL1A2","ITGB3","COL1A2 ITGB3","Ramilowski_2015_Literature_supported","1693626,","HGNC:2198","secreted","HGNC:6156","HGNC:2198 HGNC:6156",""
"534","COL2A1","DDR1","COL2A1 DDR1","Ramilowski_2015_Literature_supported","9659900,","HGNC:2200","secreted","HGNC:2730","HGNC:2200 HGNC:2730",""
"535","COL2A1","ITGA10","COL2A1 ITGA10","Ramilowski_2015_Literature_supported","9685391,","HGNC:2200","secreted","HGNC:6135","HGNC:2200 HGNC:6135",""
"536","COL2A1","ITGA2","COL2A1 ITGA2","Ramilowski_2015_Literature_supported","7688313,","HGNC:2200","secreted","HGNC:6137","HGNC:2200 HGNC:6137",""
"537","COL2A1","ITGB1","COL2A1 ITGB1","Ramilowski_2015_Literature_supported","7688313, 9685391,","HGNC:2200","secreted","HGNC:6153","HGNC:2200 HGNC:6153",""
"538","COL2A1","MAG","COL2A1 MAG","Ramilowski_2015_Literature_supported","2446864,","HGNC:2200","secreted","HGNC:6783","HGNC:2200 HGNC:6783",""
"539","COL2A1","TNFRSF10A","COL2A1 TNFRSF10A","Ramilowski_2015_Literature_supported","9811967,","HGNC:2200","secreted","HGNC:11904","HGNC:2200 HGNC:11904",""
"540","COL3A1","DDR1","COL3A1 DDR1","Ramilowski_2015_Literature_supported","9659900,","HGNC:2201","secreted","HGNC:2730","HGNC:2201 HGNC:2730",""
"541","COL3A1","DDR2","COL3A1 DDR2","Ramilowski_2015_Literature_supported","9659899,","HGNC:2201","secreted","HGNC:2731","HGNC:2201 HGNC:2731",""
"542","COL3A1","MAG","COL3A1 MAG","Ramilowski_2015_Literature_supported","2446864,","HGNC:2201","secreted","HGNC:6783","HGNC:2201 HGNC:6783",""
"543","COL4A1","CD93","COL4A1 CD93","Ramilowski_2015_Literature_supported","1377218,","HGNC:2202","secreted","HGNC:15855","HGNC:2202 HGNC:15855",""
"544","COL4A1","ITGA1","COL4A1 ITGA1","Ramilowski_2015_Literature_supported","8223488,","HGNC:2202","secreted","HGNC:6134","HGNC:2202 HGNC:6134",""
"545","COL4A1","ITGAV","COL4A1 ITGAV","Ramilowski_2015_Literature_supported","14610079,","HGNC:2202","secreted","HGNC:6150","HGNC:2202 HGNC:6150",""
"546","COL4A1","ITGB1","COL4A1 ITGB1","Ramilowski_2015_Literature_supported","8223488,","HGNC:2202","secreted","HGNC:6153","HGNC:2202 HGNC:6153",""
"547","COL4A1","ITGB8","COL4A1 ITGB8","Ramilowski_2015_Literature_supported","7542940,","HGNC:2202","secreted","HGNC:6163","HGNC:2202 HGNC:6163",""
"548","COL4A2","CD93","COL4A2 CD93","Ramilowski_2015_Literature_supported","1377218,","HGNC:2203","secreted","HGNC:15855","HGNC:2203 HGNC:15855",""
"549","COL4A3","CD47","COL4A3 CD47","Ramilowski_2015_Literature_supported","10493512,","HGNC:2204","secreted","HGNC:1682","HGNC:2204 HGNC:1682",""
"550","COL4A3","CD93","COL4A3 CD93","Ramilowski_2015_Literature_supported","1377218,","HGNC:2204","secreted","HGNC:15855","HGNC:2204 HGNC:15855",""
"551","COL4A3","ITGAV","COL4A3 ITGAV","Ramilowski_2015_Literature_supported","12842087,","HGNC:2204","secreted","HGNC:6150","HGNC:2204 HGNC:6150",""
"552","COL4A5","CD93","COL4A5 CD93","Ramilowski_2015_Literature_supported","1377218,","HGNC:2207","secreted","HGNC:15855","HGNC:2207 HGNC:15855",""
"553","COL4A6","CD93","COL4A6 CD93","Ramilowski_2015_Literature_supported","1377218,","HGNC:2208","secreted","HGNC:15855","HGNC:2208 HGNC:15855",""
"554","COL5A1","SDC3","COL5A1 SDC3","Ramilowski_2015_Literature_supported","11751872,","HGNC:2209","secreted","HGNC:10660","HGNC:2209 HGNC:10660",""
"555","COL5A2","DDR1","COL5A2 DDR1","Ramilowski_2015_Literature_supported","9659900,","HGNC:2210","secreted","HGNC:2730","HGNC:2210 HGNC:2730",""
"556","COL5A3","SDC3","COL5A3 SDC3","Ramilowski_2015_Literature_supported","11751872,","HGNC:14864","secreted","HGNC:10660","HGNC:14864 HGNC:10660",""
"557","COL8A1","ITGA1","COL8A1 ITGA1","Ramilowski_2015_Literature_supported","10666376,","HGNC:2215","secreted","HGNC:6134","HGNC:2215 HGNC:6134",""
"558","COL8A1","ITGA2","COL8A1 ITGA2","Ramilowski_2015_Literature_supported","10666376,","HGNC:2215","secreted","HGNC:6137","HGNC:2215 HGNC:6137",""
"559","COL9A1","MAG","COL9A1 MAG","Ramilowski_2015_Literature_supported","2446864,","HGNC:2217","secreted","HGNC:6783","HGNC:2217 HGNC:6783",""
"560","COL9A2","MAG","COL9A2 MAG","Ramilowski_2015_Literature_supported","2446864,","HGNC:2218","secreted","HGNC:6783","HGNC:2218 HGNC:6783",""
"561","COL9A3","MAG","COL9A3 MAG","Ramilowski_2015_Literature_supported","2446864,","HGNC:2219","secreted","HGNC:6783","HGNC:2219 HGNC:6783",""
"562","COLQ","MUSK","COLQ MUSK","Ramilowski_2015_Literature_supported","15159418,","HGNC:2226","secreted","HGNC:7525","HGNC:2226 HGNC:7525",""
"563","COMP","CD47","COMP CD47","Hou et al. 2020 (this publication)","20033473,","HGNC:2227","secreted","HGNC:1682","HGNC:2227 HGNC:1682",""
"564","COMP","ITGA5","COMP ITGA5","Hou et al. 2020 (this publication)","20033473,","HGNC:2227","secreted","HGNC:6141","HGNC:2227 HGNC:6141",""
"565","COMP","ITGB3","COMP ITGB3","Hou et al. 2020 (this publication)","20033473,","HGNC:2227","secreted","HGNC:6156","HGNC:2227 HGNC:6156",""
"566","CORT","GHSR","CORT GHSR","Ramilowski_2015_Literature_supported","11227737,11227737,","HGNC:2257","secreted","HGNC:4267","HGNC:2257 HGNC:4267",""
"567","CORT","MRGPRX2","CORT MRGPRX2","Ramilowski_2015_Literature_supported","12915402,12915402,","HGNC:2257","secreted","HGNC:17983","HGNC:2257 HGNC:17983",""
"568","CORT","SSTR1","CORT SSTR1","Ramilowski_2015_Literature_supported","11011067,9650799, 10598788, 15333679,9205124, 9125122,","HGNC:2257","secreted","HGNC:11330","HGNC:2257 HGNC:11330","CellphoneDB"
"569","CORT","SSTR2","CORT SSTR2","Ramilowski_2015_Literature_supported","9125122,9650799, 10598788, 15333679,9125122,","HGNC:2257","secreted","HGNC:11331","HGNC:2257 HGNC:11331",""
"570","CORT","SSTR3","CORT SSTR3","Ramilowski_2015_Literature_supported","9125122,9650799, 10598788, 15333679,9125122, 9205124,","HGNC:2257","secreted","HGNC:11332","HGNC:2257 HGNC:11332",""
"571","CORT","SSTR4","CORT SSTR4","Ramilowski_2015_Literature_supported","11011067,9650799, 10598788,9125122, 9205124,","HGNC:2257","secreted","HGNC:11333","HGNC:2257 HGNC:11333","CellphoneDB"
"572","CORT","SSTR5","CORT SSTR5","Ramilowski_2015_Literature_supported","11011067,9650799, 10598788, 15333679,9205124, 9125122,","HGNC:2257","secreted","HGNC:11334","HGNC:2257 HGNC:11334",""
"573","CP","SLC40A1","CP SLC40A1","Ramilowski_2015_Literature_supported","24921009,","HGNC:2295","secreted","HGNC:10909","HGNC:2295 HGNC:10909",""
"574","CPAMD8","SCTR","CPAMD8 SCTR","Ramilowski_2015_Literature_supported","1335692,","HGNC:23228","secreted","HGNC:10608","HGNC:23228 HGNC:10608",""
"575","CRH","CRHR1","CRH CRHR1","Ramilowski_2015_Literature_supported","8536644,7692441, 9326293, 9851694, 11123370, 8612563, 7477349,9178757,","HGNC:2355","secreted","HGNC:2357","HGNC:2355 HGNC:2357",""
"576","CRH","CRHR2","CRH CRHR2","Ramilowski_2015_Literature_supported","8536644,11123370,8243338,","HGNC:2355","secreted","HGNC:2358","HGNC:2355 HGNC:2358","CellphoneDB_flipped"
"577","CRLF1","CNTFR","CRLF1 CNTFR","Hou et al. 2020 (this publication)","23355913,","HGNC:2364","secreted","HGNC:2170","HGNC:2364 HGNC:2170",""
"578","CRP","OLR1","CRP OLR1","Ramilowski_2015_Literature_supported","21821723,","HGNC:2367","secreted","HGNC:8133","HGNC:2367 HGNC:8133",""
"579","CRTAM","CADM1","CRTAM CADM1","Baccin et al. 2020 (RNA-Magnet)","16091383,","HGNC:24313","plasma membrane","HGNC:5951","HGNC:24313 HGNC:5951",""
"580","CSF1","CSF1R","CSF1 CSF1R","Ramilowski_2015_Literature_supported","7883784,2408759, 8355686,","HGNC:2432","secreted","HGNC:2433","HGNC:2432 HGNC:2433","CellphoneDB"
"581","CSF2","CSF2RA","CSF2 CSF2RA","Ramilowski_2015_Literature_supported","2828352,10572088, 1702217, 8910448, 9211889,","HGNC:2434","secreted","HGNC:2435","HGNC:2434 HGNC:2435",""
"582","CSF2","CSF2RB","CSF2 CSF2RB","Ramilowski_2015_Literature_supported","2828352,8278375, 2645577,","HGNC:2434","secreted","HGNC:2436","HGNC:2434 HGNC:2436",""
"583","CSF2","CSF3R","CSF2 CSF3R","Ramilowski_2015_Literature_supported","11091218,","HGNC:2434","secreted","HGNC:2439","HGNC:2434 HGNC:2439","CellphoneDB"
"584","CSF2","IL3RA","CSF2 IL3RA","Ramilowski_2015_Literature_supported","7957082,","HGNC:2434","secreted","HGNC:6012","HGNC:2434 HGNC:6012",""
"585","CSF2","SDC2","CSF2 SDC2","Ramilowski_2015_Literature_supported","10734053,","HGNC:2434","secreted","HGNC:10659","HGNC:2434 HGNC:10659",""
"586","CSF3","CSF3R","CSF3 CSF3R","Ramilowski_2015_Literature_supported","10364174,","HGNC:2438","secreted","HGNC:2439","HGNC:2438 HGNC:2439","CellphoneDB"
"587","CSH1","PRLR","CSH1 PRLR","Ramilowski_2015_Literature_supported","10966654,","HGNC:2440","secreted","HGNC:9446","HGNC:2440 HGNC:9446",""
"588","CTF1","IL6ST","CTF1 IL6ST","Ramilowski_2015_Literature_supported","11834704,","HGNC:2499","secreted","HGNC:6021","HGNC:2499 HGNC:6021",""
"589","CTF1","LIFR","CTF1 LIFR","Ramilowski_2015_Literature_supported","11834704,","HGNC:2499","secreted","HGNC:6597","HGNC:2499 HGNC:6597",""
"590","CTHRC1","FZD3","CTHRC1 FZD3","Ramilowski_2015_Literature_supported","18606138,","HGNC:18831","secreted","HGNC:4041","HGNC:18831 HGNC:4041",""
"591","CTHRC1","FZD5","CTHRC1 FZD5","Ramilowski_2015_Literature_supported","18606138,","HGNC:18831","secreted","HGNC:4043","HGNC:18831 HGNC:4043",""
"592","CTHRC1","FZD6","CTHRC1 FZD6","Ramilowski_2015_Literature_supported","18606138,","HGNC:18831","secreted","HGNC:4044","HGNC:18831 HGNC:4044",""
"593","CTHRC1","ROR2","CTHRC1 ROR2","Hou et al. 2020 (this publication)","18606138,","HGNC:18831","secreted","HGNC:10257","HGNC:18831 HGNC:10257",""
"594","CX3CL1","CX3CR1","CX3CL1 CX3CR1","Ramilowski_2015_Literature_supported","11432858,14607932,9931005, 9390561,","HGNC:10647","secreted","HGNC:2558","HGNC:10647 HGNC:2558","CellphoneDB"
"595","CX3CL1","ITGAV","CX3CL1 ITGAV","Hou et al. 2020 (this publication)","24789099,","HGNC:10647","secreted","HGNC:6150","HGNC:10647 HGNC:6150",""
"596","CX3CL1","ITGB3","CX3CL1 ITGB3","Hou et al. 2020 (this publication)","24789099,","HGNC:10647","secreted","HGNC:6156","HGNC:10647 HGNC:6156",""
"597","CXADR","CXADR","CXADR CXADR","Baccin et al. 2020 (RNA-Magnet)","10814828,","HGNC:2559","plasma membrane","HGNC:2559","HGNC:2559 HGNC:2559",""
"598","CXADR","JAML","CXADR JAML","Baccin et al. 2020 (RNA-Magnet)","15800062,","HGNC:2559","plasma membrane","HGNC:19084","HGNC:2559 HGNC:19084",""
"599","CXCL1","ACKR1","CXCL1 ACKR1","Ramilowski_2015_Literature_supported","12734373,7592830,","HGNC:4602","secreted","HGNC:4035","HGNC:4602 HGNC:4035","CellphoneDB_flipped"
"600","CXCL1","CXCR1","CXCL1 CXCR1","Ramilowski_2015_Literature_supported","12964882,1379593,1379593, 8702798,","HGNC:4602","secreted","HGNC:6026","HGNC:4602 HGNC:6026","CellphoneDB"
"601","CXCL1","CXCR2","CXCL1 CXCR2","Ramilowski_2015_Literature_supported","1379593, 10188995, 8940121,8550564, 8940121, 8702798, 1379593,","HGNC:4602","secreted","HGNC:6027","HGNC:4602 HGNC:6027","CellphoneDB"
"602","CXCL10","CCR3","CXCL10 CCR3","Ramilowski_2015_Literature_supported","11110785,","HGNC:10637","secreted","HGNC:1604","HGNC:10637 HGNC:1604",""
"603","CXCL10","CXCR3","CXCL10 CXCR3","Ramilowski_2015_Literature_supported","9064356, 12884299,9660793, 15761110,12571234, 10233762,","HGNC:10637","secreted","HGNC:4540","HGNC:10637 HGNC:4540","CellphoneDB"
"604","CXCL10","SDC4","CXCL10 SDC4","Ramilowski_2015_Literature_supported","20484822,","HGNC:10637","secreted","HGNC:10661","HGNC:10637 HGNC:10661",""
"605","CXCL11","ACKR3","CXCL11 ACKR3","Ramilowski_2015_Literature_supported","27875312, 29180449, 29386406, ","HGNC:10638","secreted","HGNC:23692","HGNC:10638 HGNC:23692","CellphoneDB"
"606","CXCL11","CCR3","CXCL11 CCR3","Ramilowski_2015_Literature_supported","11110785,","HGNC:10638","secreted","HGNC:1604","HGNC:10638 HGNC:1604",""
"607","CXCL11","CXCR3","CXCL11 CXCR3","Ramilowski_2015_Literature_supported","12884299,15761110,15273303, 9625760,","HGNC:10638","secreted","HGNC:4540","HGNC:10638 HGNC:4540","CellphoneDB"
"608","CXCL12","ACKR3","CXCL12 ACKR3","Ramilowski_2015_Literature_supported","16107333,20956518, 23396314,","HGNC:10672","secreted","HGNC:23692","HGNC:10672 HGNC:23692","CellphoneDB"
"609","CXCL12","CD4","CXCL12 CD4","Ramilowski_2015_Literature_supported","10600606,","HGNC:10672","secreted","HGNC:1678","HGNC:10672 HGNC:1678",""
"610","CXCL12","CXCR3","CXCL12 CXCR3","Ramilowski_2015_Literature_supported","9660793,9660793,","HGNC:10672","secreted","HGNC:4540","HGNC:10672 HGNC:4540","CellphoneDB"
"611","CXCL12","CXCR4","CXCL12 CXCR4","Ramilowski_2015_Literature_supported","8752280, 12714578,9551924, 9712844,10233851, 8752281,","HGNC:10672","secreted","HGNC:2561","HGNC:10672 HGNC:2561","CellphoneDB"
"612","CXCL12","ITGA4","CXCL12 ITGA4","Hou et al. 2020 (this publication)","29301984,","HGNC:10672","secreted","HGNC:6140","HGNC:10672 HGNC:6140",""
"613","CXCL12","ITGA5","CXCL12 ITGA5","Hou et al. 2020 (this publication)","29301984,","HGNC:10672","secreted","HGNC:6141","HGNC:10672 HGNC:6141",""
"614","CXCL12","ITGAV","CXCL12 ITGAV","Hou et al. 2020 (this publication)","29301984,","HGNC:10672","secreted","HGNC:6150","HGNC:10672 HGNC:6150",""
"615","CXCL12","ITGB1","CXCL12 ITGB1","Ramilowski_2015_Literature_supported","18448868,","HGNC:10672","secreted","HGNC:6153","HGNC:10672 HGNC:6153",""
"616","CXCL12","ITGB3","CXCL12 ITGB3","Hou et al. 2020 (this publication)","29301984,","HGNC:10672","secreted","HGNC:6156","HGNC:10672 HGNC:6156",""
"617","CXCL13","ACKR4","CXCL13 ACKR4","Ramilowski_2015_Literature_supported","10706668,","HGNC:10639","secreted","HGNC:1611","HGNC:10639 HGNC:1611","CellphoneDB"
"618","CXCL13","CCR10","CXCL13 CCR10","Ramilowski_2015_Literature_supported","10706668,","HGNC:10639","secreted","HGNC:4474","HGNC:10639 HGNC:4474",""
"619","CXCL13","CXCR3","CXCL13 CXCR3","Ramilowski_2015_Literature_supported","11554781,","HGNC:10639","secreted","HGNC:4540","HGNC:10639 HGNC:4540",""
"620","CXCL13","CXCR5","CXCL13 CXCR5","Ramilowski_2015_Literature_supported","9463416,9486651, 9463416,","HGNC:10639","secreted","HGNC:1060","HGNC:10639 HGNC:1060","CellphoneDB"
"621","CXCL14","CXCR4","CXCL14 CXCR4","Hou et al. 2020 (this publication)","28360196,","HGNC:10640","secreted","HGNC:2561","HGNC:10640 HGNC:2561",""
"622","CXCL16","CXCR6","CXCL16 CXCR6","Ramilowski_2015_Literature_supported","14625285,11290797,11017100, 11290797,","HGNC:16642","secreted","HGNC:16647","HGNC:16642 HGNC:16647","CellphoneDB"
"623","CXCL17","GPR35","CXCL17 GPR35","Efremova et al. 2020 (CellphoneDB)","25411203 , ","HGNC:19232","secreted","HGNC:4492","HGNC:19232 HGNC:4492",""
"624","CXCL2","CXCR1","CXCL2 CXCR1","Ramilowski_2015_Literature_supported","12964882,9260277,","HGNC:4603","secreted","HGNC:6026","HGNC:4603 HGNC:6026",""
"625","CXCL2","CXCR2","CXCL2 CXCR2","Ramilowski_2015_Literature_supported","8702798,8702798, 9260277,","HGNC:4603","secreted","HGNC:6027","HGNC:4603 HGNC:6027","CellphoneDB"
"626","CXCL2","XCR1","CXCL2 XCR1","Ramilowski_2015_Literature_supported","10518929,","HGNC:4603","secreted","HGNC:1625","HGNC:4603 HGNC:1625",""
"627","CXCL3","CXCR1","CXCL3 CXCR1","Ramilowski_2015_Literature_supported","12964882,8702798,","HGNC:4604","secreted","HGNC:6026","HGNC:4604 HGNC:6026",""
"628","CXCL3","CXCR2","CXCL3 CXCR2","Ramilowski_2015_Literature_supported","8702798,8702798,","HGNC:4604","secreted","HGNC:6027","HGNC:4604 HGNC:6027","CellphoneDB"
"629","CXCL5","ACKR1","CXCL5 ACKR1","Ramilowski_2015_Literature_supported","13679391,","HGNC:10642","secreted","HGNC:4035","HGNC:10642 HGNC:4035",""
"630","CXCL5","CXCR1","CXCL5 CXCR1","Ramilowski_2015_Literature_supported","12964882,9692902, 8702798,","HGNC:10642","secreted","HGNC:6026","HGNC:10642 HGNC:6026","CellphoneDB"
"631","CXCL5","CXCR2","CXCL5 CXCR2","Ramilowski_2015_Literature_supported","8702798,9692902, 8702798,","HGNC:10642","secreted","HGNC:6027","HGNC:10642 HGNC:6027","CellphoneDB"
"632","CXCL6","CXCR1","CXCL6 CXCR1","Ramilowski_2015_Literature_supported","12964882,9692902,10593335, 9692902,","HGNC:10643","secreted","HGNC:6026","HGNC:10643 HGNC:6026","CellphoneDB"
"633","CXCL6","CXCR2","CXCL6 CXCR2","Ramilowski_2015_Literature_supported","12964882,9692902,10593335, 9692902,","HGNC:10643","secreted","HGNC:6027","HGNC:10643 HGNC:6027","CellphoneDB"
"634","CXCL8","ACKR1","CXCL8 ACKR1","Ramilowski_2015_Literature_supported","9921412, 17416748,","HGNC:6025","secreted","HGNC:4035","HGNC:6025 HGNC:4035","CellphoneDB_flipped"
"635","CXCL8","CXCR1","CXCL8 CXCR1","Ramilowski_2015_Literature_supported","8137938,1379593, 10188995, 15946947, 8940121, 15282370,1840701,","HGNC:6025","secreted","HGNC:6026","HGNC:6025 HGNC:6026","CellphoneDB"
"636","CXCL8","CXCR2","CXCL8 CXCR2","Ramilowski_2015_Literature_supported","11511101),1379593, 10188995, 15946947, 8940121, 15282370,9464567, 8702798, 8626516,","HGNC:6025","secreted","HGNC:6027","HGNC:6025 HGNC:6027","CellphoneDB"
"637","CXCL8","SDC1","CXCL8 SDC1","Ramilowski_2015_Literature_supported","12902511,","HGNC:6025","secreted","HGNC:10658","HGNC:6025 HGNC:10658",""
"638","CXCL8","SDC2","CXCL8 SDC2","Ramilowski_2015_Literature_supported","14527339,","HGNC:6025","secreted","HGNC:10659","HGNC:6025 HGNC:10659",""
"639","CXCL9","CCR3","CXCL9 CCR3","Ramilowski_2015_Literature_supported","11110785,","HGNC:7098","secreted","HGNC:1604","HGNC:7098 HGNC:1604",""
"640","CXCL9","CXCR3","CXCL9 CXCR3","Ramilowski_2015_Literature_supported","12884299,9660793, 15761110,9660793, 12782716,","HGNC:7098","secreted","HGNC:4540","HGNC:7098 HGNC:4540","CellphoneDB"
"641","CYTL1","CCR2","CYTL1 CCR2","Hou et al. 2020 (this publication)","27084102,","HGNC:24435","secreted","HGNC:1603","HGNC:24435 HGNC:1603",""
"642","DAG1","LAMA4","DAG1 LAMA4","Baccin et al. 2020 (RNA-Magnet)","27614294,","HGNC:2666","ECM","HGNC:6484","HGNC:2666 HGNC:6484",""
"643","DCN","EGFR","DCN EGFR","Ramilowski_2015_Literature_supported","12105206, 9988678,","HGNC:2705","secreted","HGNC:3236","HGNC:2705 HGNC:3236",""
"644","DCN","ERBB4","DCN ERBB4","Ramilowski_2015_Literature_supported","10942781,","HGNC:2705","secreted","HGNC:3432","HGNC:2705 HGNC:3432",""
"645","DCN","MET","DCN MET","Ramilowski_2015_Literature_supported","10942781,","HGNC:2705","secreted","HGNC:7029","HGNC:2705 HGNC:7029",""
"646","DCN","TLR2","DCN TLR2","Hou et al. 2020 (this publication)","22087031,","HGNC:2705","secreted","HGNC:11848","HGNC:2705 HGNC:11848",""
"647","DCN","TLR4","DCN TLR4","Hou et al. 2020 (this publication)","22087031,","HGNC:2705","secreted","HGNC:11850","HGNC:2705 HGNC:11850",""
"648","DEFB1","CCR6","DEFB1 CCR6","Ramilowski_2015_Literature_supported","12149255,","HGNC:2766","secreted","HGNC:1607","HGNC:2766 HGNC:1607",""
"649","DEFB103A","CCR6","DEFB103A CCR6","Ramilowski_2015_Literature_supported","11714836,","HGNC:15967","secreted","HGNC:1607","HGNC:15967 HGNC:1607",""
"650","DEFB103B","CCR2","DEFB103B CCR2","Ramilowski_2015_Literature_supported","23390582,","HGNC:31702","secreted","HGNC:1603","HGNC:31702 HGNC:1603",""
"651","DEFB103B","CCR6","DEFB103B CCR6","Ramilowski_2015_Literature_supported","23390582,","HGNC:31702","secreted","HGNC:1607","HGNC:31702 HGNC:1607",""
"652","DEFB106A","CCR2","DEFB106A CCR2","Cabello-Aguilar et al. 2020 (SingleCellSignalR)","23938203,","HGNC:18088","secreted","HGNC:1603","HGNC:18088 HGNC:1603",""
"653","DEFB4A","CCR6","DEFB4A CCR6","Ramilowski_2015_Literature_supported","10521347,11714836,","HGNC:2767","secreted","HGNC:1607","HGNC:2767 HGNC:1607",""
"654","DEFB4A","TLR4","DEFB4A TLR4","Ramilowski_2015_Literature_supported","12411706,","HGNC:2767","secreted","HGNC:11850","HGNC:2767 HGNC:11850",""
"655","DEFB4B","CCR6","DEFB4B CCR6","Ramilowski_2015_Literature_supported","10521347,","HGNC:30193","secreted","HGNC:1607","HGNC:30193 HGNC:1607",""
"656","DHH","BOC","DHH BOC","Ramilowski_2015_Literature_supported","20519495,","HGNC:2865","secreted","HGNC:17173","HGNC:2865 HGNC:17173",""
"657","DHH","CDON","DHH CDON","Ramilowski_2015_Literature_supported","20519495,","HGNC:2865","secreted","HGNC:17104","HGNC:2865 HGNC:17104",""
"658","DHH","HHIP","DHH HHIP","Ramilowski_2015_Literature_supported","10050855,10050855, 11435703,","HGNC:2865","secreted","HGNC:14866","HGNC:2865 HGNC:14866",""
"659","DHH","PTCH1","DHH PTCH1","Ramilowski_2015_Literature_supported","9811851,","HGNC:2865","secreted","HGNC:9585","HGNC:2865 HGNC:9585",""
"660","DHH","PTCH2","DHH PTCH2","Ramilowski_2015_Literature_supported","9811851,9811851,","HGNC:2865","secreted","HGNC:9586","HGNC:2865 HGNC:9586",""
"661","DKK1","KREMEN1","DKK1 KREMEN1","Ramilowski_2015_Literature_supported","12050670,12050670,","HGNC:2891","secreted","HGNC:17550","HGNC:2891 HGNC:17550",""
"662","DKK1","KREMEN2","DKK1 KREMEN2","Ramilowski_2015_Literature_supported","12050670,","HGNC:2891","secreted","HGNC:18797","HGNC:2891 HGNC:18797",""
"663","DKK1","LRP4","DKK1 LRP4","Hou et al. 2020 (this publication)","19936252,","HGNC:2891","secreted","HGNC:6696","HGNC:2891 HGNC:6696",""
"664","DKK1","LRP5","DKK1 LRP5","Ramilowski_2015_Literature_supported","11448771,","HGNC:2891","secreted","HGNC:6697","HGNC:2891 HGNC:6697",""
"665","DKK1","LRP6","DKK1 LRP6","Ramilowski_2015_Literature_supported","11357136,11357136, 11448771,","HGNC:2891","secreted","HGNC:6698","HGNC:2891 HGNC:6698",""
"666","DKK2","KREMEN1","DKK2 KREMEN1","Hou et al. 2020 (this publication)","23484855,","HGNC:2892","secreted","HGNC:17550","HGNC:2892 HGNC:17550",""
"667","DKK2","KREMEN2","DKK2 KREMEN2","Ramilowski_2015_Literature_supported","12527209,","HGNC:2892","secreted","HGNC:18797","HGNC:2892 HGNC:18797",""
"668","DKK2","LRP5","DKK2 LRP5","Hou et al. 2020 (this publication)","22589387,","HGNC:2892","secreted","HGNC:6697","HGNC:2892 HGNC:6697",""
"669","DKK2","LRP6","DKK2 LRP6","Ramilowski_2015_Literature_supported","11357136,11742004, 11357136,","HGNC:2892","secreted","HGNC:6698","HGNC:2892 HGNC:6698",""
"670","DKK4","KREMEN1","DKK4 KREMEN1","Hou et al. 2020 (this publication)","29925589,","HGNC:2894","secreted","HGNC:17550","HGNC:2894 HGNC:17550",""
"671","DKK4","KREMEN2","DKK4 KREMEN2","Hou et al. 2020 (this publication)","12527209,","HGNC:2894","secreted","HGNC:18797","HGNC:2894 HGNC:18797",""
"672","DKK4","LRP6","DKK4 LRP6","Hou et al. 2020 (this publication)","29925589,","HGNC:2894","secreted","HGNC:6698","HGNC:2894 HGNC:6698",""
"673","DLK1","NOTCH1","DLK1 NOTCH1","Ramilowski_2015_Literature_supported","21419176,","HGNC:2907","plasma membrane; secreted","HGNC:7881","HGNC:2907 HGNC:7881","CellphoneDB"
"674","DLK1","NOTCH2","DLK1 NOTCH2","Efremova et al. 2020 (CellphoneDB)","22353464,","HGNC:2907","plasma membrane; secreted","HGNC:7882","HGNC:2907 HGNC:7882","Ramilowski_2015_Putative"
"675","DLK1","NOTCH3","DLK1 NOTCH3","Efremova et al. 2020 (CellphoneDB)","22353464,","HGNC:2907","plasma membrane; secreted","HGNC:7883","HGNC:2907 HGNC:7883","Ramilowski_2015_Putative"
"676","DLK1","NOTCH4","DLK1 NOTCH4","Efremova et al. 2020 (CellphoneDB)","22353464,","HGNC:2907","plasma membrane; secreted","HGNC:7884","HGNC:2907 HGNC:7884","Ramilowski_2015_Putative"
"677","DLK2","NOTCH1","DLK2 NOTCH1","Ramilowski_2015_Literature_supported","21419176,","HGNC:21113","plasma membrane","HGNC:7881","HGNC:21113 HGNC:7881",""
"678","DLL1","NOTCH1","DLL1 NOTCH1","Ramilowski_2015_Literature_supported","9819428,11006133,","HGNC:2908","plasma membrane","HGNC:7881","HGNC:2908 HGNC:7881","CellphoneDB"
"679","DLL1","NOTCH2","DLL1 NOTCH2","Ramilowski_2015_Literature_supported","10958687,","HGNC:2908","plasma membrane","HGNC:7882","HGNC:2908 HGNC:7882","CellphoneDB_flipped"
"680","DLL1","NOTCH3","DLL1 NOTCH3","Ramilowski_2015_Literature_supported","12482954, 11006133,","HGNC:2908","plasma membrane","HGNC:7883","HGNC:2908 HGNC:7883","CellphoneDB"
"681","DLL1","NOTCH4","DLL1 NOTCH4","Efremova et al. 2020 (CellphoneDB)","22353464,","HGNC:2908","plasma membrane","HGNC:7884","HGNC:2908 HGNC:7884","Ramilowski_2015_Putative"
"682","DLL3","NOTCH1","DLL3 NOTCH1","Efremova et al. 2020 (CellphoneDB)","22353464,","HGNC:2909","plasma membrane","HGNC:7881","HGNC:2909 HGNC:7881","Ramilowski_2015_Putative"
"683","DLL3","NOTCH2","DLL3 NOTCH2","Efremova et al. 2020 (CellphoneDB)","22353464,","HGNC:2909","plasma membrane","HGNC:7882","HGNC:2909 HGNC:7882","Ramilowski_2015_Putative"
"684","DLL3","NOTCH3","DLL3 NOTCH3","Efremova et al. 2020 (CellphoneDB)","22353464,","HGNC:2909","plasma membrane","HGNC:7883","HGNC:2909 HGNC:7883","Ramilowski_2015_Putative"
"685","DLL3","NOTCH4","DLL3 NOTCH4","Efremova et al. 2020 (CellphoneDB)","22353464,","HGNC:2909","plasma membrane","HGNC:7884","HGNC:2909 HGNC:7884","Ramilowski_2015_Putative"
"686","DLL4","NOTCH1","DLL4 NOTCH1","Ramilowski_2015_Literature_supported","16219802,10837024, 11739188,","HGNC:2910","plasma membrane","HGNC:7881","HGNC:2910 HGNC:7881","CellphoneDB"
"687","DLL4","NOTCH2","DLL4 NOTCH2","Ramilowski_2015_Literature_supported","22842086,","HGNC:2910","plasma membrane","HGNC:7882","HGNC:2910 HGNC:7882","CellphoneDB"
"688","DLL4","NOTCH3","DLL4 NOTCH3","Ramilowski_2015_Literature_supported","18182388,","HGNC:2910","plasma membrane","HGNC:7883","HGNC:2910 HGNC:7883","CellphoneDB"
"689","DLL4","NOTCH4","DLL4 NOTCH4","Ramilowski_2015_Literature_supported","16219802,12814948,","HGNC:2910","plasma membrane","HGNC:7884","HGNC:2910 HGNC:7884","CellphoneDB"
"690","DNAJB11","PRTG","DNAJB11 PRTG","Hou et al. 2020 (this publication)","20335479,","HGNC:14889","plasma membrane","HGNC:26373","HGNC:14889 HGNC:26373",""
"691","DSC1","DSG1","DSC1 DSG1","Efremova et al. 2020 (CellphoneDB)","27298358,","HGNC:3035","plasma membrane","HGNC:3048","HGNC:3035 HGNC:3048",""
"692","DSC1","DSG2","DSC1 DSG2","Efremova et al. 2020 (CellphoneDB)","27298358,","HGNC:3035","plasma membrane","HGNC:3049","HGNC:3035 HGNC:3049",""
"693","DSC1","DSG3","DSC1 DSG3","Hou et al. 2020 (this publication)","27298358,","HGNC:3035","plasma membrane","HGNC:3050","HGNC:3035 HGNC:3050",""
"694","DSC1","DSG4","DSC1 DSG4","Hou et al. 2020 (this publication)","27298358,","HGNC:3035","plasma membrane","HGNC:21307","HGNC:3035 HGNC:21307",""
"695","DSC2","DSG1","DSC2 DSG1","Efremova et al. 2020 (CellphoneDB)","27298358,","HGNC:3036","plasma membrane","HGNC:3048","HGNC:3036 HGNC:3048",""
"696","DSC2","DSG2","DSC2 DSG2","Efremova et al. 2020 (CellphoneDB)","27298358,","HGNC:3036","plasma membrane","HGNC:3049","HGNC:3036 HGNC:3049",""
"697","DSC2","DSG3","DSC2 DSG3","Hou et al. 2020 (this publication)","27298358,","HGNC:3036","plasma membrane","HGNC:3050","HGNC:3036 HGNC:3050",""
"698","DSC2","DSG4","DSC2 DSG4","Hou et al. 2020 (this publication)","27298358,","HGNC:3036","plasma membrane","HGNC:21307","HGNC:3036 HGNC:21307",""
"699","DSC3","DSG1","DSC3 DSG1","Efremova et al. 2020 (CellphoneDB)","27298358,","HGNC:3037","plasma membrane","HGNC:3048","HGNC:3037 HGNC:3048",""
"700","DSC3","DSG2","DSC3 DSG2","Efremova et al. 2020 (CellphoneDB)","27298358,","HGNC:3037","plasma membrane","HGNC:3049","HGNC:3037 HGNC:3049",""
"701","DSC3","DSG3","DSC3 DSG3","Hou et al. 2020 (this publication)","27298358,","HGNC:3037","plasma membrane","HGNC:3050","HGNC:3037 HGNC:3050",""
"702","DSC3","DSG4","DSC3 DSG4","Hou et al. 2020 (this publication)","27298358,","HGNC:3037","plasma membrane","HGNC:21307","HGNC:3037 HGNC:21307",""
"703","DSG1","DSC3","DSG1 DSC3","Efremova et al. 2020 (CellphoneDB)","27298358,","HGNC:3048","plasma membrane","HGNC:3037","HGNC:3048 HGNC:3037",""
"704","DSG2","DSC1","DSG2 DSC1","Efremova et al. 2020 (CellphoneDB)","27298358,","HGNC:3049","plasma membrane","HGNC:3035","HGNC:3049 HGNC:3035",""
"705","DSG2","DSC3","DSG2 DSC3","Efremova et al. 2020 (CellphoneDB)","27298358,","HGNC:3049","plasma membrane","HGNC:3037","HGNC:3049 HGNC:3037",""
"706","DSPP","ITGB6","DSPP ITGB6","Hou et al. 2020 (this publication)","27430624,","HGNC:3054","secreted","HGNC:6161","HGNC:3054 HGNC:6161",""
"707","EBI3","IL27RA","EBI3 IL27RA","Ramilowski_2015_Literature_supported","12121660,","HGNC:3129","secreted","HGNC:17290","HGNC:3129 HGNC:17290",""
"708","EBI3","IL6ST","EBI3 IL6ST","Hou et al. 2020 (this publication)","28280243,","HGNC:3129","secreted","HGNC:6021","HGNC:3129 HGNC:6021","Ramilowski_2015_Putative"
"709","ECM1","ITGB4","ECM1 ITGB4","Hou et al. 2020 (this publication)","29059156,","HGNC:3153","secreted","HGNC:6158","HGNC:3153 HGNC:6158",""
"710","EDA","EDA2R","EDA EDA2R","Ramilowski_2015_Literature_supported","12084975,11039935,11039935, 12270937,","HGNC:3157","secreted","HGNC:17756","HGNC:3157 HGNC:17756","CellphoneDB"
"711","EDA","EDAR","EDA EDAR","Ramilowski_2015_Literature_supported","12084975,11039935,11309369,","HGNC:3157","secreted","HGNC:2895","HGNC:3157 HGNC:2895","CellphoneDB"
"712","EDIL3","ITGB3","EDIL3 ITGB3","Hou et al. 2020 (this publication)","28846069,","HGNC:3173","secreted","HGNC:6156","HGNC:3173 HGNC:6156",""
"713","EDN1","EDNRA","EDN1 EDNRA","Ramilowski_2015_Literature_supported","9082970,7647976,10770212,","HGNC:3176","secreted","HGNC:3179","HGNC:3176 HGNC:3179",""
"714","EDN1","EDNRB","EDN1 EDNRB","Ramilowski_2015_Literature_supported","12972292,","HGNC:3176","secreted","HGNC:3180","HGNC:3176 HGNC:3180",""
"715","EDN1","KEL","EDN1 KEL","Ramilowski_2015_Literature_supported","10438732,","HGNC:3176","secreted","HGNC:6308","HGNC:3176 HGNC:6308",""
"716","EDN2","EDNRA","EDN2 EDNRA","Ramilowski_2015_Literature_supported","2175397, 9082970,7647976,","HGNC:3177","secreted","HGNC:3179","HGNC:3177 HGNC:3179","CellphoneDB"
"717","EDN2","EDNRB","EDN2 EDNRB","Ramilowski_2015_Literature_supported","14659083,","HGNC:3177","secreted","HGNC:3180","HGNC:3177 HGNC:3180",""
"718","EDN2","KEL","EDN2 KEL","Ramilowski_2015_Literature_supported","10438732,","HGNC:3177","secreted","HGNC:6308","HGNC:3177 HGNC:6308",""
"719","EDN3","EDNRA","EDN3 EDNRA","Ramilowski_2015_Literature_supported","11982704,","HGNC:3178","secreted","HGNC:3179","HGNC:3178 HGNC:3179",""
"720","EDN3","EDNRB","EDN3 EDNRB","Ramilowski_2015_Literature_supported","8001160, 8086489,7524189, 8460684, 8904635,8001160, 11982704,","HGNC:3178","secreted","HGNC:3180","HGNC:3178 HGNC:3180",""
"721","EDN3","KEL","EDN3 KEL","Ramilowski_2015_Literature_supported","10438732,","HGNC:3178","secreted","HGNC:6308","HGNC:3178 HGNC:6308",""
"722","EFEMP1","EGFR","EFEMP1 EGFR","Ramilowski_2015_Literature_supported","19804359,","HGNC:3218","secreted","HGNC:3236","HGNC:3218 HGNC:3236",""
"723","EFNA1","EPHA1","EFNA1 EPHA1","Ramilowski_2015_Literature_supported","9330863,8755474, 11519828,","HGNC:3221","plasma membrane","HGNC:3385","HGNC:3221 HGNC:3385","CellphoneDB"
"724","EFNA1","EPHA2","EFNA1 EPHA2","Ramilowski_2015_Literature_supported","11248553,14692877, 8755474, 7973638,","HGNC:3221","plasma membrane","HGNC:3386","HGNC:3221 HGNC:3386","CellphoneDB"
"725","EFNA1","EPHA3","EFNA1 EPHA3","Ramilowski_2015_Literature_supported","9330863,8070404,","HGNC:3221","plasma membrane","HGNC:3387","HGNC:3221 HGNC:3387","CellphoneDB"
"726","EFNA1","EPHA4","EFNA1 EPHA4","Ramilowski_2015_Literature_supported","9330863,8755474,","HGNC:3221","plasma membrane","HGNC:3388","HGNC:3221 HGNC:3388","CellphoneDB"
"727","EFNA1","EPHA5","EFNA1 EPHA5","Ramilowski_2015_Literature_supported","9330863,8755474,","HGNC:3221","plasma membrane","HGNC:3389","HGNC:3221 HGNC:3389","CellphoneDB"
"728","EFNA1","EPHA6","EFNA1 EPHA6","Ramilowski_2015_Literature_supported","9330863,8755474,","HGNC:3221","plasma membrane","HGNC:19296","HGNC:3221 HGNC:19296",""
"729","EFNA1","EPHA7","EFNA1 EPHA7","Ramilowski_2015_Literature_supported","9330863,8755474,","HGNC:3221","plasma membrane","HGNC:3390","HGNC:3221 HGNC:3390","CellphoneDB"
"730","EFNA1","EPHA8","EFNA1 EPHA8","Ramilowski_2015_Literature_supported","10515610,","HGNC:3221","plasma membrane","HGNC:3391","HGNC:3221 HGNC:3391","CellphoneDB"
"731","EFNA2","EPHA1","EFNA2 EPHA1","Efremova et al. 2020 (CellphoneDB)","15114347,","HGNC:3222","plasma membrane","HGNC:3385","HGNC:3222 HGNC:3385","Ramilowski_2015_Putative"
"732","EFNA2","EPHA2","EFNA2 EPHA2","Ramilowski_2015_Literature_supported","8755474,","HGNC:3222","plasma membrane","HGNC:3386","HGNC:3222 HGNC:3386","CellphoneDB"
"733","EFNA2","EPHA3","EFNA2 EPHA3","Ramilowski_2015_Literature_supported","9330863,9751130,","HGNC:3222","plasma membrane","HGNC:3387","HGNC:3222 HGNC:3387","CellphoneDB"
"734","EFNA2","EPHA4","EFNA2 EPHA4","Ramilowski_2015_Literature_supported","9330863,","HGNC:3222","plasma membrane","HGNC:3388","HGNC:3222 HGNC:3388","CellphoneDB_flipped"
"735","EFNA2","EPHA5","EFNA2 EPHA5","Ramilowski_2015_Literature_supported","9330863,10531456,","HGNC:3222","plasma membrane","HGNC:3389","HGNC:3222 HGNC:3389","CellphoneDB"
"736","EFNA2","EPHA6","EFNA2 EPHA6","Ramilowski_2015_Literature_supported","9330863,","HGNC:3222","plasma membrane","HGNC:19296","HGNC:3222 HGNC:19296",""
"737","EFNA2","EPHA7","EFNA2 EPHA7","Ramilowski_2015_Literature_supported","9330863,","HGNC:3222","plasma membrane","HGNC:3390","HGNC:3222 HGNC:3390","CellphoneDB_flipped"
"738","EFNA2","EPHA8","EFNA2 EPHA8","Ramilowski_2015_Literature_supported","9330863,","HGNC:3222","plasma membrane","HGNC:3391","HGNC:3222 HGNC:3391","CellphoneDB"
"739","EFNA3","EPHA1","EFNA3 EPHA1","Ramilowski_2015_Literature_supported","16466970,","HGNC:3223","plasma membrane","HGNC:3385","HGNC:3223 HGNC:3385","CellphoneDB"
"740","EFNA3","EPHA2","EFNA3 EPHA2","Ramilowski_2015_Literature_supported","9330863,12907451,","HGNC:3223","plasma membrane","HGNC:3386","HGNC:3223 HGNC:3386","CellphoneDB"
"741","EFNA3","EPHA3","EFNA3 EPHA3","Ramilowski_2015_Literature_supported","9330863,","HGNC:3223","plasma membrane","HGNC:3387","HGNC:3223 HGNC:3387","CellphoneDB"
"742","EFNA3","EPHA4","EFNA3 EPHA4","Ramilowski_2015_Literature_supported","9330863,12496762,","HGNC:3223","plasma membrane","HGNC:3388","HGNC:3223 HGNC:3388","CellphoneDB"
"743","EFNA3","EPHA5","EFNA3 EPHA5","Ramilowski_2015_Literature_supported","9330863,10516308,","HGNC:3223","plasma membrane","HGNC:3389","HGNC:3223 HGNC:3389","CellphoneDB"
"744","EFNA3","EPHA6","EFNA3 EPHA6","Ramilowski_2015_Literature_supported","9330863,","HGNC:3223","plasma membrane","HGNC:19296","HGNC:3223 HGNC:19296",""
"745","EFNA3","EPHA7","EFNA3 EPHA7","Ramilowski_2015_Literature_supported","9330863,10366629,","HGNC:3223","plasma membrane","HGNC:3390","HGNC:3223 HGNC:3390","CellphoneDB"
"746","EFNA3","EPHA8","EFNA3 EPHA8","Ramilowski_2015_Literature_supported","9330863,","HGNC:3223","plasma membrane","HGNC:3391","HGNC:3223 HGNC:3391","CellphoneDB"
"747","EFNA3","EPHB1","EFNA3 EPHB1","Ramilowski_2015_Literature_supported","9330863,","HGNC:3223","plasma membrane","HGNC:3392","HGNC:3223 HGNC:3392",""
"748","EFNA4","EPHA1","EFNA4 EPHA1","Efremova et al. 2020 (CellphoneDB)","15114347,","HGNC:3224","plasma membrane","HGNC:3385","HGNC:3224 HGNC:3385","Ramilowski_2015_Putative"
"749","EFNA4","EPHA2","EFNA4 EPHA2","Ramilowski_2015_Literature_supported","9330863,10607706, 8755474,","HGNC:3224","plasma membrane","HGNC:3386","HGNC:3224 HGNC:3386","CellphoneDB"
"750","EFNA4","EPHA3","EFNA4 EPHA3","Ramilowski_2015_Literature_supported","8755474,","HGNC:3224","plasma membrane","HGNC:3387","HGNC:3224 HGNC:3387","CellphoneDB"
"751","EFNA4","EPHA4","EFNA4 EPHA4","Ramilowski_2015_Literature_supported","10366629,","HGNC:3224","plasma membrane","HGNC:3388","HGNC:3224 HGNC:3388","CellphoneDB"
"752","EFNA4","EPHA5","EFNA4 EPHA5","Ramilowski_2015_Literature_supported","9330863,10607706, 8755474,","HGNC:3224","plasma membrane","HGNC:3389","HGNC:3224 HGNC:3389","CellphoneDB"
"753","EFNA4","EPHA6","EFNA4 EPHA6","Ramilowski_2015_Literature_supported","9330863,10607706,","HGNC:3224","plasma membrane","HGNC:19296","HGNC:3224 HGNC:19296",""
"754","EFNA4","EPHA7","EFNA4 EPHA7","Ramilowski_2015_Literature_supported","8755474,","HGNC:3224","plasma membrane","HGNC:3390","HGNC:3224 HGNC:3390","CellphoneDB"
"755","EFNA4","EPHA8","EFNA4 EPHA8","Ramilowski_2015_Literature_supported","10515610,","HGNC:3224","plasma membrane","HGNC:3391","HGNC:3224 HGNC:3391","CellphoneDB"
"756","EFNA5","EPHA1","EFNA5 EPHA1","Efremova et al. 2020 (CellphoneDB)","15114347,","HGNC:3225","plasma membrane","HGNC:3385","HGNC:3225 HGNC:3385","Ramilowski_2015_Putative"
"757","EFNA5","EPHA2","EFNA5 EPHA2","Ramilowski_2015_Literature_supported","9330863,9245480,","HGNC:3225","plasma membrane","HGNC:3386","HGNC:3225 HGNC:3386","CellphoneDB"
"758","EFNA5","EPHA3","EFNA5 EPHA3","Ramilowski_2015_Literature_supported","9330863,9751130, 9195962, 9245480,","HGNC:3225","plasma membrane","HGNC:3387","HGNC:3225 HGNC:3387","CellphoneDB"
"759","EFNA5","EPHA4","EFNA5 EPHA4","Ramilowski_2015_Literature_supported","9330863,8755474,","HGNC:3225","plasma membrane","HGNC:3388","HGNC:3225 HGNC:3388","CellphoneDB"
"760","EFNA5","EPHA5","EFNA5 EPHA5","Ramilowski_2015_Literature_supported","9330863,10531456,","HGNC:3225","plasma membrane","HGNC:3389","HGNC:3225 HGNC:3389","CellphoneDB"
"761","EFNA5","EPHA6","EFNA5 EPHA6","Ramilowski_2015_Literature_supported","9330863,","HGNC:3225","plasma membrane","HGNC:19296","HGNC:3225 HGNC:19296",""
"762","EFNA5","EPHA7","EFNA5 EPHA7","Ramilowski_2015_Literature_supported","10366629,","HGNC:3225","plasma membrane","HGNC:3390","HGNC:3225 HGNC:3390","CellphoneDB_flipped"
"763","EFNA5","EPHA8","EFNA5 EPHA8","Ramilowski_2015_Literature_supported","9330863,11416136,","HGNC:3225","plasma membrane","HGNC:3391","HGNC:3225 HGNC:3391","CellphoneDB"
"764","EFNA5","EPHB1","EFNA5 EPHB1","Ramilowski_2015_Literature_supported","9245480,","HGNC:3225","plasma membrane","HGNC:3392","HGNC:3225 HGNC:3392",""
"765","EFNA5","EPHB2","EFNA5 EPHB2","Ramilowski_2015_Literature_supported","15107857,15107857,","HGNC:3225","plasma membrane","HGNC:3393","HGNC:3225 HGNC:3393","CellphoneDB_flipped"
"766","EFNA5","EPHB6","EFNA5 EPHB6","Ramilowski_2015_Literature_supported","15107857,","HGNC:3225","plasma membrane","HGNC:3396","HGNC:3225 HGNC:3396",""
"767","EFNB1","EPHA4","EFNB1 EPHA4","Efremova et al. 2020 (CellphoneDB)","15114347,","HGNC:3226","plasma membrane","HGNC:3388","HGNC:3226 HGNC:3388","Ramilowski_2015_Putative"
"768","EFNB1","EPHB1","EFNB1 EPHB1","Ramilowski_2015_Literature_supported","9330863, 11713248,10669731, 12223469,","HGNC:3226","plasma membrane","HGNC:3392","HGNC:3226 HGNC:3392","CellphoneDB"
"769","EFNB1","EPHB2","EFNB1 EPHB2","Ramilowski_2015_Literature_supported","9330863,8878483,","HGNC:3226","plasma membrane","HGNC:3393","HGNC:3226 HGNC:3393","CellphoneDB"
"770","EFNB1","EPHB3","EFNB1 EPHB3","Ramilowski_2015_Literature_supported","9330863,","HGNC:3226","plasma membrane","HGNC:3394","HGNC:3226 HGNC:3394","CellphoneDB"
"771","EFNB1","EPHB4","EFNB1 EPHB4","Ramilowski_2015_Literature_supported","9330863,","HGNC:3226","plasma membrane","HGNC:3395","HGNC:3226 HGNC:3395","CellphoneDB"
"772","EFNB1","EPHB6","EFNB1 EPHB6","Ramilowski_2015_Literature_supported","11713248,","HGNC:3226","plasma membrane","HGNC:3396","HGNC:3226 HGNC:3396","CellphoneDB"
"773","EFNB1","ERBB2","EFNB1 ERBB2","Ramilowski_2015_Literature_supported","22279592,","HGNC:3226","plasma membrane","HGNC:3430","HGNC:3226 HGNC:3430",""
"774","EFNB2","EPHA3","EFNB2 EPHA3","Ramilowski_2015_Literature_supported","8559144,","HGNC:3227","plasma membrane","HGNC:3387","HGNC:3227 HGNC:3387",""
"775","EFNB2","EPHA4","EFNB2 EPHA4","Ramilowski_2015_Literature_supported","9330863,12761826,","HGNC:3227","plasma membrane","HGNC:3388","HGNC:3227 HGNC:3388","CellphoneDB"
"776","EFNB2","EPHA6","EFNB2 EPHA6","Ramilowski_2015_Literature_supported","10648835,","HGNC:3227","plasma membrane","HGNC:19296","HGNC:3227 HGNC:19296",""
"777","EFNB2","EPHB1","EFNB2 EPHB1","Ramilowski_2015_Literature_supported","9330863,10066262, 8559144,","HGNC:3227","plasma membrane","HGNC:3392","HGNC:3227 HGNC:3392","CellphoneDB"
"778","EFNB2","EPHB2","EFNB2 EPHB2","Ramilowski_2015_Literature_supported","9330863,11780069,","HGNC:3227","plasma membrane","HGNC:3393","HGNC:3227 HGNC:3393","CellphoneDB"
"779","EFNB2","EPHB3","EFNB2 EPHB3","Ramilowski_2015_Literature_supported","9330863,","HGNC:3227","plasma membrane","HGNC:3394","HGNC:3227 HGNC:3394","CellphoneDB"
"780","EFNB2","EPHB4","EFNB2 EPHB4","Ramilowski_2015_Literature_supported","7534404,12051776, 9718367,","HGNC:3227","plasma membrane","HGNC:3395","HGNC:3227 HGNC:3395","CellphoneDB"
"781","EFNB2","EPHB6","EFNB2 EPHB6","Ramilowski_2015_Literature_supported","10648835,","HGNC:3227","plasma membrane","HGNC:3396","HGNC:3227 HGNC:3396","CellphoneDB"
"782","EFNB2","GRM1","EFNB2 GRM1","Ramilowski_2015_Literature_supported","15745950,","HGNC:3227","plasma membrane","HGNC:4593","HGNC:3227 HGNC:4593",""
"783","EFNB2","GRM5","EFNB2 GRM5","Ramilowski_2015_Literature_supported","15745950,","HGNC:3227","plasma membrane","HGNC:4597","HGNC:3227 HGNC:4597",""
"784","EFNB2","PECAM1","EFNB2 PECAM1","Ramilowski_2015_Literature_supported","16357318,","HGNC:3227","plasma membrane","HGNC:8823","HGNC:3227 HGNC:8823",""
"785","EFNB2","RHBDL2","EFNB2 RHBDL2","Ramilowski_2015_Literature_supported","15047175,","HGNC:3227","plasma membrane","HGNC:16083","HGNC:3227 HGNC:16083",""
"786","EFNB3","EPHA4","EFNB3 EPHA4","Ramilowski_2015_Literature_supported","12649481),12383247, 9484836,","HGNC:3228","plasma membrane","HGNC:3388","HGNC:3228 HGNC:3388","CellphoneDB"
"787","EFNB3","EPHB1","EFNB3 EPHB1","Efremova et al. 2020 (CellphoneDB)","15114347,","HGNC:3228","plasma membrane","HGNC:3392","HGNC:3228 HGNC:3392","Ramilowski_2015_Putative"
"788","EFNB3","EPHB2","EFNB3 EPHB2","Ramilowski_2015_Literature_supported","9330863,","HGNC:3228","plasma membrane","HGNC:3393","HGNC:3228 HGNC:3393","CellphoneDB"
"789","EFNB3","EPHB3","EFNB3 EPHB3","Ramilowski_2015_Literature_supported","9330863,9484836,","HGNC:3228","plasma membrane","HGNC:3394","HGNC:3228 HGNC:3394","CellphoneDB"
"790","EFNB3","EPHB4","EFNB3 EPHB4","Ramilowski_2015_Literature_supported","8755474,","HGNC:3228","plasma membrane","HGNC:3395","HGNC:3228 HGNC:3395","CellphoneDB"
"791","EFNB3","EPHB6","EFNB3 EPHB6","Efremova et al. 2020 (CellphoneDB)","15114347,","HGNC:3228","plasma membrane","HGNC:3396","HGNC:3228 HGNC:3396","Ramilowski_2015_Putative"
"792","EFNB3","RHBDL2","EFNB3 RHBDL2","Ramilowski_2015_Literature_supported","15047175,","HGNC:3228","plasma membrane","HGNC:16083","HGNC:3228 HGNC:16083",""
"793","EGF","EGFR","EGF EGFR","Ramilowski_2015_Literature_supported","6289330,12093292, 12620237, 10788520, 16274239, 15620700, 12297050,","HGNC:3229","secreted","HGNC:3236","HGNC:3229 HGNC:3236","CellphoneDB"
"794","EGF","ERBB2","EGF ERBB2","Ramilowski_2015_Literature_supported","12093292,","HGNC:3229","secreted","HGNC:3430","HGNC:3229 HGNC:3430",""
"795","EGF","ERBB3","EGF ERBB3","Ramilowski_2015_Literature_supported","12093292,","HGNC:3229","secreted","HGNC:3431","HGNC:3229 HGNC:3431",""
"796","EGF","ERBB4","EGF ERBB4","Ramilowski_2015_Literature_supported","9305636,","HGNC:3229","secreted","HGNC:3432","HGNC:3229 HGNC:3432",""
"797","ENAM","CD63","ENAM CD63","Hou et al. 2020 (this publication)","17708745,","HGNC:3344","secreted","HGNC:1692","HGNC:3344 HGNC:1692",""
"798","ENHO","GPR19","ENHO GPR19","Efremova et al. 2020 (CellphoneDB)","28476646, ","HGNC:24838","secreted","HGNC:4473","HGNC:24838 HGNC:4473",""
"799","EPCAM","EPCAM","EPCAM EPCAM","Baccin et al. 2020 (RNA-Magnet)","25163760,","HGNC:11529","plasma membrane","HGNC:11529","HGNC:11529 HGNC:11529",""
"800","EPGN","EGFR","EPGN EGFR","Ramilowski_2015_Literature_supported","28988771,","HGNC:17470","secreted","HGNC:3236","HGNC:17470 HGNC:3236","CellphoneDB"
"801","EPHA4","EFNB1","EPHA4 EFNB1","Baccin et al. 2020 (RNA-Magnet)","9330863,","HGNC:3388","plasma membrane","HGNC:3226","HGNC:3388 HGNC:3226",""
"802","EPO","CRLF3","EPO CRLF3","Hou et al. 2020 (this publication)","28769759,","HGNC:3415","secreted","HGNC:17177","HGNC:3415 HGNC:17177",""
"803","EPO","EPHB4","EPO EPHB4","Efremova et al. 2020 (CellphoneDB)","26481148, 25586589, ","HGNC:3415","secreted","HGNC:3395","HGNC:3415 HGNC:3395",""
"804","EPO","EPOR","EPO EPOR","Ramilowski_2015_Literature_supported","9442088,16982323,10318834, 9808045,","HGNC:3415","secreted","HGNC:3416","HGNC:3415 HGNC:3416","CellphoneDB"
"805","EREG","EGFR","EREG EGFR","Ramilowski_2015_Literature_supported","8626392,9419975,","HGNC:3443","secreted","HGNC:3236","HGNC:3443 HGNC:3236","CellphoneDB"
"806","EREG","ERBB4","EREG ERBB4","Ramilowski_2015_Literature_supported","9419975,","HGNC:3443","secreted","HGNC:3432","HGNC:3443 HGNC:3432","CellphoneDB"
"807","F10","F3","F10 F3","Ramilowski_2015_Literature_supported","8702971,","HGNC:3528","secreted","HGNC:3541","HGNC:3528 HGNC:3541",""
"808","F11","GP1BA","F11 GP1BA","Ramilowski_2015_Literature_supported","11696542,","HGNC:3529","secreted","HGNC:4439","HGNC:3529 HGNC:4439",""
"809","F11R","JAM2","F11R JAM2","Baccin et al. 2020 (RNA-Magnet)","25119047,","HGNC:14685","plasma membrane","HGNC:14686","HGNC:14685 HGNC:14686",""
"810","F12","GP1BA","F12 GP1BA","Ramilowski_2015_Literature_supported","10801853,","HGNC:3530","secreted","HGNC:4439","HGNC:3530 HGNC:4439",""
"811","F13A1","ITGA4","F13A1 ITGA4","Ramilowski_2015_Literature_supported","10816592,","HGNC:3531","secreted","HGNC:6140","HGNC:3531 HGNC:6140",""
"812","F13A1","ITGA9","F13A1 ITGA9","Ramilowski_2015_Literature_supported","10816592,","HGNC:3531","secreted","HGNC:6145","HGNC:3531 HGNC:6145",""
"813","F13A1","ITGB1","F13A1 ITGB1","Ramilowski_2015_Literature_supported","10816592,","HGNC:3531","secreted","HGNC:6153","HGNC:3531 HGNC:6153",""
"814","F2","F2R","F2 F2R","Ramilowski_2015_Literature_supported","11356985,10644723, 12563219, 9058715, 10978167,","HGNC:3535","secreted","HGNC:3537","HGNC:3535 HGNC:3537",""
"815","F2","F2RL1","F2 F2RL1","Ramilowski_2015_Literature_supported","11356985,10978167,","HGNC:3535","secreted","HGNC:3538","HGNC:3535 HGNC:3538",""
"816","F2","F2RL2","F2 F2RL2","Ramilowski_2015_Literature_supported","11356985,12732212,","HGNC:3535","secreted","HGNC:3539","HGNC:3535 HGNC:3539",""
"817","F2","F2RL3","F2 F2RL3","Ramilowski_2015_Literature_supported","12732212,12732212,","HGNC:3535","secreted","HGNC:3540","HGNC:3535 HGNC:3540",""
"818","F2","GP1BA","F2 GP1BA","Ramilowski_2015_Literature_supported","2933256, 11024046,","HGNC:3535","secreted","HGNC:4439","HGNC:3535 HGNC:4439",""
"819","F2","GP9","F2 GP9","Ramilowski_2015_Literature_supported","2207326,","HGNC:3535","secreted","HGNC:4444","HGNC:3535 HGNC:4444",""
"820","F2","ITGA2B","F2 ITGA2B","Ramilowski_2015_Literature_supported","11487023,","HGNC:3535","secreted","HGNC:6138","HGNC:3535 HGNC:6138",""
"821","F2","THBD","F2 THBD","Ramilowski_2015_Literature_supported","7615164, 8663147, 14691232,","HGNC:3535","secreted","HGNC:11784","HGNC:3535 HGNC:11784",""
"822","F7","F3","F7 F3","Ramilowski_2015_Literature_supported","12787023,12787023, 9925787,","HGNC:3544","secreted","HGNC:3541","HGNC:3544 HGNC:3541",""
"823","F8","ASGR2","F8 ASGR2","Ramilowski_2015_Literature_supported","15946216,","HGNC:3546","secreted","HGNC:743","HGNC:3546 HGNC:743",""
"824","F8","LDLR","F8 LDLR","Ramilowski_2015_Literature_supported","15840700,","HGNC:3546","secreted","HGNC:6547","HGNC:3546 HGNC:6547",""
"825","F8","LRP1","F8 LRP1","Ramilowski_2015_Literature_supported","11560943,12522143,","HGNC:3546","secreted","HGNC:6692","HGNC:3546 HGNC:6692",""
"826","F9","LRP1","F9 LRP1","Ramilowski_2015_Literature_supported","11560943,12522212,","HGNC:3551","secreted","HGNC:6692","HGNC:3551 HGNC:6692",""
"827","FAM3C","LIFR","FAM3C LIFR","Hou et al. 2020 (this publication)","30692635,","HGNC:18664","secreted","HGNC:6597","HGNC:18664 HGNC:6597",""
"828","FAM3D","FPR1","FAM3D FPR1","Hou et al. 2020 (this publication)","29853563,","HGNC:18665","secreted","HGNC:3826","HGNC:18665 HGNC:3826",""
"829","FAM3D","FPR2","FAM3D FPR2","Hou et al. 2020 (this publication)","29853563,","HGNC:18665","secreted","HGNC:3827","HGNC:18665 HGNC:3827",""
"830","FASLG","FAS","FASLG FAS","Ramilowski_2015_Literature_supported","9126929,9228058, 9126929,","HGNC:11936","plasma membrane; secreted","HGNC:11920","HGNC:11936 HGNC:11920","CellphoneDB"
"831","FASLG","TNFRSF6B","FASLG TNFRSF6B","Ramilowski_2015_Literature_supported","14697332,10318773, 11994433, 9872321,","HGNC:11936","plasma membrane; secreted","HGNC:11921","HGNC:11936 HGNC:11921","CellphoneDB_flipped"
"832","FAT4","DCHS1","FAT4 DCHS1","Ramilowski_2015_Literature_supported","24056717, 21303848","HGNC:23109","secreted","HGNC:13681","HGNC:23109 HGNC:13681",""
"833","FBLN1","ITGB1","FBLN1 ITGB1","Ramilowski_2015_Literature_supported","2527614,","HGNC:3600","secreted","HGNC:6153","HGNC:3600 HGNC:6153",""
"834","FBN1","ITGA5","FBN1 ITGA5","Ramilowski_2015_Literature_supported","20686071,","HGNC:3603","secreted","HGNC:6141","HGNC:3603 HGNC:6141",""
"835","FBN1","ITGAV","FBN1 ITGAV","Ramilowski_2015_Literature_supported","20686071,","HGNC:3603","secreted","HGNC:6150","HGNC:3603 HGNC:6150",""
"836","FBN1","ITGB1","FBN1 ITGB1","Ramilowski_2015_Literature_supported","20686071,","HGNC:3603","secreted","HGNC:6153","HGNC:3603 HGNC:6153",""
"837","FBN1","ITGB3","FBN1 ITGB3","Ramilowski_2015_Literature_supported","20686071,","HGNC:3603","secreted","HGNC:6156","HGNC:3603 HGNC:6156",""
"838","FCER2","CR2","FCER2 CR2","Efremova et al. 2020 (CellphoneDB)","16785534, 16172256,","HGNC:3612","plasma membrane","HGNC:2336","HGNC:3612 HGNC:2336",""
"839","FCN2","LRP1","FCN2 LRP1","Ramilowski_2015_Literature_supported","21054788,","HGNC:3624","secreted","HGNC:6692","HGNC:3624 HGNC:6692",""
"840","FGA","ITGA2B","FGA ITGA2B","Ramilowski_2015_Literature_supported","11460491,","HGNC:3661","secreted","HGNC:6138","HGNC:3661 HGNC:6138",""
"841","FGA","ITGA5","FGA ITGA5","Ramilowski_2015_Literature_supported","15031111,","HGNC:3661","secreted","HGNC:6141","HGNC:3661 HGNC:6141",""
"842","FGA","ITGAM","FGA ITGAM","Ramilowski_2015_Literature_supported","16601240,","HGNC:3661","secreted","HGNC:6149","HGNC:3661 HGNC:6149",""
"843","FGA","ITGAV","FGA ITGAV","Ramilowski_2015_Literature_supported","15031111,","HGNC:3661","secreted","HGNC:6150","HGNC:3661 HGNC:6150",""
"844","FGA","ITGAX","FGA ITGAX","Ramilowski_2015_Literature_supported","4062888,","HGNC:3661","secreted","HGNC:6152","HGNC:3661 HGNC:6152",""
"845","FGA","ITGB1","FGA ITGB1","Ramilowski_2015_Literature_supported","15031111,","HGNC:3661","secreted","HGNC:6153","HGNC:3661 HGNC:6153",""
"846","FGA","ITGB2","FGA ITGB2","Ramilowski_2015_Literature_supported","4062888,","HGNC:3661","secreted","HGNC:6155","HGNC:3661 HGNC:6155",""
"847","FGA","ITGB3","FGA ITGB3","Ramilowski_2015_Literature_supported","11460491,","HGNC:3661","secreted","HGNC:6156","HGNC:3661 HGNC:6156",""
"848","FGA","TLR4","FGA TLR4","Hou et al. 2020 (this publication)","24661950,","HGNC:3661","secreted","HGNC:11850","HGNC:3661 HGNC:11850",""
"849","FGB","ITGA2B","FGB ITGA2B","Ramilowski_2015_Literature_supported","2018974,","HGNC:3662","secreted","HGNC:6138","HGNC:3662 HGNC:6138",""
"850","FGB","ITGA5","FGB ITGA5","Ramilowski_2015_Literature_supported","15031111,","HGNC:3662","secreted","HGNC:6141","HGNC:3662 HGNC:6141",""
"851","FGB","ITGAM","FGB ITGAM","Ramilowski_2015_Literature_supported","16601240,","HGNC:3662","secreted","HGNC:6149","HGNC:3662 HGNC:6149",""
"852","FGB","ITGAV","FGB ITGAV","Ramilowski_2015_Literature_supported","15031111,","HGNC:3662","secreted","HGNC:6150","HGNC:3662 HGNC:6150",""
"853","FGB","ITGB1","FGB ITGB1","Ramilowski_2015_Literature_supported","15031111,","HGNC:3662","secreted","HGNC:6153","HGNC:3662 HGNC:6153",""
"854","FGB","ITGB2","FGB ITGB2","Ramilowski_2015_Literature_supported","16601240,","HGNC:3662","secreted","HGNC:6155","HGNC:3662 HGNC:6155",""
"855","FGB","TLR4","FGB TLR4","Hou et al. 2020 (this publication)","24661950,","HGNC:3662","secreted","HGNC:11850","HGNC:3662 HGNC:11850",""
"856","FGF1","CD44","FGF1 CD44","Hou et al. 2020 (this publication)","29812912,","HGNC:3665","secreted","HGNC:1681","HGNC:3665 HGNC:1681","Ramilowski_2015_Putative"
"857","FGF1","CSPG4","FGF1 CSPG4","Hou et al. 2020 (this publication)","29812912,","HGNC:3665","secreted","HGNC:2466","HGNC:3665 HGNC:2466",""
"858","FGF1","FGFR1","FGF1 FGFR1","Ramilowski_2015_Literature_supported","8663044, 8756477,11032250, 10336501,","HGNC:3665","secreted","HGNC:3688","HGNC:3665 HGNC:3688","CellphoneDB"
"859","FGF1","FGFR2","FGF1 FGFR2","Ramilowski_2015_Literature_supported","10618369, 11069186, 14732692,","HGNC:3665","secreted","HGNC:3689","HGNC:3665 HGNC:3689","CellphoneDB"
"860","FGF1","FGFR3","FGF1 FGFR3","Ramilowski_2015_Literature_supported","10574949, 14732692,","HGNC:3665","secreted","HGNC:3690","HGNC:3665 HGNC:3690","CellphoneDB"
"861","FGF1","FGFR4","FGF1 FGFR4","Ramilowski_2015_Literature_supported","8663044,10736564, 10336501,","HGNC:3665","secreted","HGNC:3691","HGNC:3665 HGNC:3691","CellphoneDB"
"862","FGF1","NRP1","FGF1 NRP1","Ramilowski_2015_Literature_supported","15695515,","HGNC:3665","secreted","HGNC:8004","HGNC:3665 HGNC:8004",""
"863","FGF10","FGFR1","FGF10 FGFR1","Cabello-Aguilar et al. 2020 (SingleCellSignalR)","16597617,","HGNC:3666","secreted","HGNC:3688","HGNC:3666 HGNC:3688",""
"864","FGF10","FGFR2","FGF10 FGFR2","Ramilowski_2015_Literature_supported","9582367, 12591959,9582367,","HGNC:3666","secreted","HGNC:3689","HGNC:3666 HGNC:3689","CellphoneDB_flipped"
"865","FGF10","FGFRL1","FGF10 FGFRL1","Hou et al. 2020 (this publication)","19920134, ","HGNC:3666","secreted","HGNC:3693","HGNC:3666 HGNC:3693",""
"866","FGF13","SCN5A","FGF13 SCN5A","Ramilowski_2015_Literature_supported","21817159,","HGNC:3670","secreted","HGNC:10593","HGNC:3670 HGNC:10593",""
"867","FGF13","SCN8A","FGF13 SCN8A","Ramilowski_2015_Literature_supported","15282281,","HGNC:3670","secreted","HGNC:10596","HGNC:3670 HGNC:10596",""
"868","FGF16","FGFR2","FGF16 FGFR2","Ramilowski_2015_Literature_supported","16597617,","HGNC:3672","secreted","HGNC:3689","HGNC:3672 HGNC:3689",""
"869","FGF16","FGFR3","FGF16 FGFR3","Ramilowski_2015_Literature_supported","16597617,","HGNC:3672","secreted","HGNC:3690","HGNC:3672 HGNC:3690",""
"870","FGF16","FGFR4","FGF16 FGFR4","Ramilowski_2015_Literature_supported","16597617,","HGNC:3672","secreted","HGNC:3691","HGNC:3672 HGNC:3691",""
"871","FGF17","FGFR1","FGF17 FGFR1","Ramilowski_2015_Literature_supported","10751172,","HGNC:3673","secreted","HGNC:3688","HGNC:3673 HGNC:3688",""
"872","FGF17","FGFR2","FGF17 FGFR2","Ramilowski_2015_Literature_supported","10751172,","HGNC:3673","secreted","HGNC:3689","HGNC:3673 HGNC:3689",""
"873","FGF17","FGFR3","FGF17 FGFR3","Ramilowski_2015_Literature_supported","10751172,","HGNC:3673","secreted","HGNC:3690","HGNC:3673 HGNC:3690",""
"874","FGF17","FGFR4","FGF17 FGFR4","Ramilowski_2015_Literature_supported","10751172,","HGNC:3673","secreted","HGNC:3691","HGNC:3673 HGNC:3691",""
"875","FGF18","FGFR1","FGF18 FGFR1","Ramilowski_2015_Literature_supported","10751172,","HGNC:3674","secreted","HGNC:3688","HGNC:3674 HGNC:3688",""
"876","FGF18","FGFR2","FGF18 FGFR2","Ramilowski_2015_Literature_supported","10751172,","HGNC:3674","secreted","HGNC:3689","HGNC:3674 HGNC:3689",""
"877","FGF18","FGFR3","FGF18 FGFR3","Ramilowski_2015_Literature_supported","15781473,10751172,","HGNC:3674","secreted","HGNC:3690","HGNC:3674 HGNC:3690",""
"878","FGF18","FGFR4","FGF18 FGFR4","Ramilowski_2015_Literature_supported","10751172,","HGNC:3674","secreted","HGNC:3691","HGNC:3674 HGNC:3691",""
"879","FGF19","FGFR1","FGF19 FGFR1","Ramilowski_2015_Literature_supported","16597617,","HGNC:3675","secreted","HGNC:3688","HGNC:3675 HGNC:3688","CellphoneDB_flipped"
"880","FGF19","FGFR2","FGF19 FGFR2","Ramilowski_2015_Literature_supported","16597617,","HGNC:3675","secreted","HGNC:3689","HGNC:3675 HGNC:3689",""
"881","FGF19","FGFR3","FGF19 FGFR3","Ramilowski_2015_Literature_supported","16597617,","HGNC:3675","secreted","HGNC:3690","HGNC:3675 HGNC:3690",""
"882","FGF19","FGFR4","FGF19 FGFR4","Ramilowski_2015_Literature_supported","14730967,10525310,","HGNC:3675","secreted","HGNC:3691","HGNC:3675 HGNC:3691","CellphoneDB_flipped"
"883","FGF19","KLB","FGF19 KLB","Ramilowski_2015_Literature_supported","22442730,","HGNC:3675","secreted","HGNC:15527","HGNC:3675 HGNC:15527",""
"884","FGF2","CD44","FGF2 CD44","Ramilowski_2015_Literature_supported","7532176,","HGNC:3676","secreted","HGNC:1681","HGNC:3676 HGNC:1681",""
"885","FGF2","FGFR1","FGF2 FGFR1","Ramilowski_2015_Literature_supported","10950949, 11030354,","HGNC:3676","secreted","HGNC:3688","HGNC:3676 HGNC:3688","CellphoneDB"
"886","FGF2","FGFR2","FGF2 FGFR2","Ramilowski_2015_Literature_supported","8663044,","HGNC:3676","secreted","HGNC:3689","HGNC:3676 HGNC:3689","CellphoneDB"
"887","FGF2","FGFR3","FGF2 FGFR3","Ramilowski_2015_Literature_supported","8663044,10574949,","HGNC:3676","secreted","HGNC:3690","HGNC:3676 HGNC:3690","CellphoneDB_flipped"
"888","FGF2","FGFR4","FGF2 FGFR4","Ramilowski_2015_Literature_supported","8663044,8530375,","HGNC:3676","secreted","HGNC:3691","HGNC:3676 HGNC:3691","CellphoneDB"
"889","FGF2","FGFRL1","FGF2 FGFRL1","Ramilowski_2015_Literature_supported","11418238,","HGNC:3676","secreted","HGNC:3693","HGNC:3676 HGNC:3693",""
"890","FGF2","GPC4","FGF2 GPC4","Ramilowski_2015_Literature_supported","11066092,","HGNC:3676","secreted","HGNC:4452","HGNC:3676 HGNC:4452",""
"891","FGF2","NRP1","FGF2 NRP1","Ramilowski_2015_Literature_supported","15695515,","HGNC:3676","secreted","HGNC:8004","HGNC:3676 HGNC:8004",""
"892","FGF2","SDC1","FGF2 SDC1","Ramilowski_2015_Literature_supported","16982797,","HGNC:3676","secreted","HGNC:10658","HGNC:3676 HGNC:10658",""
"893","FGF2","SDC2","FGF2 SDC2","Ramilowski_2015_Literature_supported","11015614,16982797,","HGNC:3676","secreted","HGNC:10659","HGNC:3676 HGNC:10659",""
"894","FGF2","SDC3","FGF2 SDC3","Ramilowski_2015_Literature_supported","8344959,","HGNC:3676","secreted","HGNC:10660","HGNC:3676 HGNC:10660",""
"895","FGF2","SDC4","FGF2 SDC4","Ramilowski_2015_Literature_supported","9012653,","HGNC:3676","secreted","HGNC:10661","HGNC:3676 HGNC:10661",""
"896","FGF20","FGFR1","FGF20 FGFR1","Cabello-Aguilar et al. 2020 (SingleCellSignalR)","16597617,","HGNC:3677","secreted","HGNC:3688","HGNC:3677 HGNC:3688",""
"897","FGF20","FGFR2","FGF20 FGFR2","Cabello-Aguilar et al. 2020 (SingleCellSignalR)","16597617,","HGNC:3677","secreted","HGNC:3689","HGNC:3677 HGNC:3689",""
"898","FGF20","FGFR3","FGF20 FGFR3","Cabello-Aguilar et al. 2020 (SingleCellSignalR)","16597617,","HGNC:3677","secreted","HGNC:3690","HGNC:3677 HGNC:3690",""
"899","FGF20","FGFR4","FGF20 FGFR4","Ramilowski_2015_Literature_supported","15621532,","HGNC:3677","secreted","HGNC:3691","HGNC:3677 HGNC:3691",""
"900","FGF21","FGFR4","FGF21 FGFR4","Ramilowski_2015_Literature_supported","22442730,","HGNC:3678","secreted","HGNC:3691","HGNC:3678 HGNC:3691",""
"901","FGF22","FGFR1","FGF22 FGFR1","Cabello-Aguilar et al. 2020 (SingleCellSignalR)","16597617,","HGNC:3679","secreted","HGNC:3688","HGNC:3679 HGNC:3688",""
"902","FGF22","FGFR2","FGF22 FGFR2","Ramilowski_2015_Literature_supported","12591959,","HGNC:3679","secreted","HGNC:3689","HGNC:3679 HGNC:3689",""
"903","FGF22","FGFRL1","FGF22 FGFRL1","Hou et al. 2020 (this publication)","19920134, ","HGNC:3679","secreted","HGNC:3693","HGNC:3679 HGNC:3693",""
"904","FGF23","FGFR1","FGF23 FGFR1","Ramilowski_2015_Literature_supported","16081635,","HGNC:3680","secreted","HGNC:3688","HGNC:3680 HGNC:3688","CellphoneDB"
"905","FGF23","FGFR2","FGF23 FGFR2","Ramilowski_2015_Literature_supported","16081635,12032146,","HGNC:3680","secreted","HGNC:3689","HGNC:3680 HGNC:3689","CellphoneDB"
"906","FGF23","FGFR3","FGF23 FGFR3","Ramilowski_2015_Literature_supported","12032146,","HGNC:3680","secreted","HGNC:3690","HGNC:3680 HGNC:3690",""
"907","FGF23","FGFR4","FGF23 FGFR4","Ramilowski_2015_Literature_supported","16081635,","HGNC:3680","secreted","HGNC:3691","HGNC:3680 HGNC:3691",""
"908","FGF23","KL","FGF23 KL","Hou et al. 2020 (this publication)","30605400,","HGNC:3680","secreted","HGNC:6344","HGNC:3680 HGNC:6344",""
"909","FGF3","FGFR1","FGF3 FGFR1","Ramilowski_2015_Literature_supported","7592624,8663044,","HGNC:3681","secreted","HGNC:3688","HGNC:3681 HGNC:3688",""
"910","FGF3","FGFR2","FGF3 FGFR2","Ramilowski_2015_Literature_supported","7592624,8663044,","HGNC:3681","secreted","HGNC:3689","HGNC:3681 HGNC:3689","CellphoneDB_flipped"
"911","FGF3","FGFR3","FGF3 FGFR3","Ramilowski_2015_Literature_supported","8663044,","HGNC:3681","secreted","HGNC:3690","HGNC:3681 HGNC:3690",""
"912","FGF3","FGFR4","FGF3 FGFR4","Ramilowski_2015_Literature_supported","8663044,","HGNC:3681","secreted","HGNC:3691","HGNC:3681 HGNC:3691",""
"913","FGF3","FGFRL1","FGF3 FGFRL1","Hou et al. 2020 (this publication)","19920134, ","HGNC:3681","secreted","HGNC:3693","HGNC:3681 HGNC:3693",""
"914","FGF4","FGFR1","FGF4 FGFR1","Ramilowski_2015_Literature_supported","11486033,11486033,","HGNC:3682","secreted","HGNC:3688","HGNC:3682 HGNC:3688",""
"915","FGF4","FGFR2","FGF4 FGFR2","Ramilowski_2015_Literature_supported","11486033,8663044,","HGNC:3682","secreted","HGNC:3689","HGNC:3682 HGNC:3689",""
"916","FGF4","FGFR3","FGF4 FGFR3","Ramilowski_2015_Literature_supported","11486033,8663044,","HGNC:3682","secreted","HGNC:3690","HGNC:3682 HGNC:3690","CellphoneDB_flipped"
"917","FGF4","FGFR4","FGF4 FGFR4","Ramilowski_2015_Literature_supported","11486033,8663044,","HGNC:3682","secreted","HGNC:3691","HGNC:3682 HGNC:3691",""
"918","FGF4","FGFRL1","FGF4 FGFRL1","Hou et al. 2020 (this publication)","19920134, ","HGNC:3682","secreted","HGNC:3693","HGNC:3682 HGNC:3693",""
"919","FGF4","NRP1","FGF4 NRP1","Ramilowski_2015_Literature_supported","15695515,","HGNC:3682","secreted","HGNC:8004","HGNC:3682 HGNC:8004",""
"920","FGF5","FGFR1","FGF5 FGFR1","Ramilowski_2015_Literature_supported","8386828,8386828,","HGNC:3683","secreted","HGNC:3688","HGNC:3683 HGNC:3688","CellphoneDB_flipped"
"921","FGF5","FGFR2","FGF5 FGFR2","Ramilowski_2015_Literature_supported","8386828,11876253,","HGNC:3683","secreted","HGNC:3689","HGNC:3683 HGNC:3689","CellphoneDB_flipped"
"922","FGF5","FGFR3","FGF5 FGFR3","Ramilowski_2015_Literature_supported","8663044,","HGNC:3683","secreted","HGNC:3690","HGNC:3683 HGNC:3690","CellphoneDB_flipped"
"923","FGF5","FGFR4","FGF5 FGFR4","Ramilowski_2015_Literature_supported","1385111,8663044,","HGNC:3683","secreted","HGNC:3691","HGNC:3683 HGNC:3691","CellphoneDB"
"924","FGF6","FGFR1","FGF6 FGFR1","Ramilowski_2015_Literature_supported","8663044,","HGNC:3684","secreted","HGNC:3688","HGNC:3684 HGNC:3688",""
"925","FGF6","FGFR2","FGF6 FGFR2","Ramilowski_2015_Literature_supported","8663044,","HGNC:3684","secreted","HGNC:3689","HGNC:3684 HGNC:3689","CellphoneDB"
"926","FGF6","FGFR3","FGF6 FGFR3","Ramilowski_2015_Literature_supported","8663044,","HGNC:3684","secreted","HGNC:3690","HGNC:3684 HGNC:3690",""
"927","FGF6","FGFR4","FGF6 FGFR4","Ramilowski_2015_Literature_supported","1385111,1385111,","HGNC:3684","secreted","HGNC:3691","HGNC:3684 HGNC:3691",""
"928","FGF7","FGFR1","FGF7 FGFR1","Ramilowski_2015_Literature_supported","8663044,","HGNC:3685","secreted","HGNC:3688","HGNC:3685 HGNC:3688",""
"929","FGF7","FGFR2","FGF7 FGFR2","Ramilowski_2015_Literature_supported","12591959,7687739,","HGNC:3685","secreted","HGNC:3689","HGNC:3685 HGNC:3689","CellphoneDB"
"930","FGF7","FGFR3","FGF7 FGFR3","Ramilowski_2015_Literature_supported","8663044,","HGNC:3685","secreted","HGNC:3690","HGNC:3685 HGNC:3690","CellphoneDB_flipped"
"931","FGF7","NRP1","FGF7 NRP1","Ramilowski_2015_Literature_supported","15695515,","HGNC:3685","secreted","HGNC:8004","HGNC:3685 HGNC:8004",""
"932","FGF8","FGFR1","FGF8 FGFR1","Ramilowski_2015_Literature_supported","8290257,10574949,","HGNC:3686","secreted","HGNC:3688","HGNC:3686 HGNC:3688","CellphoneDB"
"933","FGF8","FGFR2","FGF8 FGFR2","Ramilowski_2015_Literature_supported","8663044,8663044, 10751172,","HGNC:3686","secreted","HGNC:3689","HGNC:3686 HGNC:3689","CellphoneDB"
"934","FGF8","FGFR3","FGF8 FGFR3","Ramilowski_2015_Literature_supported","8663044, 11486033,10574949,","HGNC:3686","secreted","HGNC:3690","HGNC:3686 HGNC:3690","CellphoneDB"
"935","FGF8","FGFR4","FGF8 FGFR4","Ramilowski_2015_Literature_supported","11486033,10736564,","HGNC:3686","secreted","HGNC:3691","HGNC:3686 HGNC:3691",""
"936","FGF8","FGFRL1","FGF8 FGFRL1","Hou et al. 2020 (this publication)","19920134, ","HGNC:3686","secreted","HGNC:3693","HGNC:3686 HGNC:3693",""
"937","FGF9","FGFR1","FGF9 FGFR1","Ramilowski_2015_Literature_supported","10574949,","HGNC:3687","secreted","HGNC:3688","HGNC:3687 HGNC:3688",""
"938","FGF9","FGFR2","FGF9 FGFR2","Ramilowski_2015_Literature_supported","8663044,8576175,","HGNC:3687","secreted","HGNC:3689","HGNC:3687 HGNC:3689","CellphoneDB"
"939","FGF9","FGFR3","FGF9 FGFR3","Ramilowski_2015_Literature_supported","15231666,10574949, 8576175,","HGNC:3687","secreted","HGNC:3690","HGNC:3687 HGNC:3690","CellphoneDB"
"940","FGF9","FGFR4","FGF9 FGFR4","Ramilowski_2015_Literature_supported","8663044,","HGNC:3687","secreted","HGNC:3691","HGNC:3687 HGNC:3691",""
"941","FGG","ITGA2B","FGG ITGA2B","Ramilowski_2015_Literature_supported","2018974,","HGNC:3694","secreted","HGNC:6138","HGNC:3694 HGNC:6138",""
"942","FGG","ITGA5","FGG ITGA5","Ramilowski_2015_Literature_supported","15031111,","HGNC:3694","secreted","HGNC:6141","HGNC:3694 HGNC:6141",""
"943","FGG","ITGAV","FGG ITGAV","Ramilowski_2015_Literature_supported","15031111,","HGNC:3694","secreted","HGNC:6150","HGNC:3694 HGNC:6150",""
"944","FGG","ITGB1","FGG ITGB1","Ramilowski_2015_Literature_supported","15031111,","HGNC:3694","secreted","HGNC:6153","HGNC:3694 HGNC:6153",""
"945","FGG","ITGB2","FGG ITGB2","Ramilowski_2015_Literature_supported","16601240,","HGNC:3694","secreted","HGNC:6155","HGNC:3694 HGNC:6155",""
"946","FGG","TLR4","FGG TLR4","Hou et al. 2020 (this publication)","24661950,","HGNC:3694","secreted","HGNC:11850","HGNC:3694 HGNC:11850",""
"947","FGL1","EGFR","FGL1 EGFR","Ramilowski_2015_Literature_supported","24768768,","HGNC:3695","secreted","HGNC:3236","HGNC:3695 HGNC:3236",""
"948","FGL1","LAG3","FGL1 LAG3","Hou et al. 2020 (this publication)","30580966,","HGNC:3695","secreted","HGNC:6476","HGNC:3695 HGNC:6476",""
"949","FLT3LG","FLT3","FLT3LG FLT3","Ramilowski_2015_Literature_supported","15147956,9651358, 7505204,","HGNC:3766","secreted","HGNC:3765","HGNC:3766 HGNC:3765","CellphoneDB"
"950","FN1","CD44","FN1 CD44","Ramilowski_2015_Literature_supported","1730778,","HGNC:3778","secreted","HGNC:1681","HGNC:3778 HGNC:1681",""
"951","FN1","COL13A1","FN1 COL13A1","Ramilowski_2015_Literature_supported","11956183,","HGNC:3778","secreted","HGNC:2190","HGNC:3778 HGNC:2190",""
"952","FN1","ITGA2","FN1 ITGA2","Ramilowski_2015_Literature_supported","7688313,","HGNC:3778","secreted","HGNC:6137","HGNC:3778 HGNC:6137",""
"953","FN1","ITGA2B","FN1 ITGA2B","Ramilowski_2015_Literature_supported","8663002,","HGNC:3778","secreted","HGNC:6138","HGNC:3778 HGNC:6138",""
"954","FN1","ITGA4","FN1 ITGA4","Ramilowski_2015_Literature_supported","9842903,11010812, 9117345,","HGNC:3778","secreted","HGNC:6140","HGNC:3778 HGNC:6140",""
"955","FN1","ITGA5","FN1 ITGA5","Ramilowski_2015_Literature_supported","1532572, 11423542, 10772816,11801679, 9211865, 1694173,","HGNC:3778","secreted","HGNC:6141","HGNC:3778 HGNC:6141",""
"956","FN1","ITGA8","FN1 ITGA8","Ramilowski_2015_Literature_supported","7626807,7559467,","HGNC:3778","secreted","HGNC:6144","HGNC:3778 HGNC:6144",""
"957","FN1","ITGA9","FN1 ITGA9","Ramilowski_2015_Literature_supported","11839764,","HGNC:3778","secreted","HGNC:6145","HGNC:3778 HGNC:6145",""
"958","FN1","ITGAV","FN1 ITGAV","Ramilowski_2015_Literature_supported","23154389,","HGNC:3778","secreted","HGNC:6150","HGNC:3778 HGNC:6150",""
"959","FN1","ITGB1","FN1 ITGB1","Ramilowski_2015_Literature_supported","7626807, 7688313, 9842903, 10772816,11010812, 8120056,","HGNC:3778","secreted","HGNC:6153","HGNC:3778 HGNC:6153",""
"960","FN1","ITGB3","FN1 ITGB3","Ramilowski_2015_Literature_supported","11423542, 8663002,1694173,","HGNC:3778","secreted","HGNC:6156","HGNC:3778 HGNC:6156",""
"961","FN1","ITGB6","FN1 ITGB6","Ramilowski_2015_Literature_supported","1532572,1532572,","HGNC:3778","secreted","HGNC:6161","HGNC:3778 HGNC:6161",""
"962","FN1","ITGB7","FN1 ITGB7","Ramilowski_2015_Literature_supported","1372909,","HGNC:3778","secreted","HGNC:6162","HGNC:3778 HGNC:6162",""
"963","FN1","ITGB8","FN1 ITGB8","Ramilowski_2015_Literature_supported","7542940,","HGNC:3778","secreted","HGNC:6163","HGNC:3778 HGNC:6163",""
"964","FN1","MAG","FN1 MAG","Ramilowski_2015_Literature_supported","11423128,","HGNC:3778","secreted","HGNC:6783","HGNC:3778 HGNC:6783",""
"965","FN1","NT5E","FN1 NT5E","Ramilowski_2015_Literature_supported","9361795, 10470109,","HGNC:3778","secreted","HGNC:8021","HGNC:3778 HGNC:8021",""
"966","FN1","PLAUR","FN1 PLAUR","Ramilowski_2015_Literature_supported","2413022,","HGNC:3778","secreted","HGNC:9053","HGNC:3778 HGNC:9053",""
"967","FN1","SDC2","FN1 SDC2","Ramilowski_2015_Literature_supported","10772816,10772816,","HGNC:3778","secreted","HGNC:10659","HGNC:3778 HGNC:10659",""
"968","FN1","TNFRSF11B","FN1 TNFRSF11B","Ramilowski_2015_Literature_supported","15799029,","HGNC:3778","secreted","HGNC:11909","HGNC:3778 HGNC:11909",""
"969","FN1","TSHR","FN1 TSHR","Ramilowski_2015_Literature_supported","11981027,","HGNC:3778","secreted","HGNC:12373","HGNC:3778 HGNC:12373",""
"970","FNDC5","ITGAV","FNDC5 ITGAV","Hou et al. 2020 (this publication)","30550785,","HGNC:20240","secreted","HGNC:6150","HGNC:20240 HGNC:6150",""
"971","FNDC5","ITGB5","FNDC5 ITGB5","Hou et al. 2020 (this publication)","30550785,","HGNC:20240","secreted","HGNC:6160","HGNC:20240 HGNC:6160",""
"972","FSHB","FSHR","FSHB FSHR","Ramilowski_2015_Literature_supported","2126341,10395410,","HGNC:3964","secreted","HGNC:3969","HGNC:3964 HGNC:3969","CellphoneDB"
"973","FSTL1","DIP2A","FSTL1 DIP2A","Hou et al. 2020 (this publication)","20054002,","HGNC:3972","secreted","HGNC:17217","HGNC:3972 HGNC:17217",""
"974","FZD8","CKAP4","FZD8 CKAP4","Hou et al. 2020 (this publication)","28893174,","HGNC:4046","plasma membrane; secreted","HGNC:16991","HGNC:4046 HGNC:16991",""
"975","GAL","GALR1","GAL GALR1","Ramilowski_2015_Literature_supported","10689365,11481429, 9168941, 9685625, 9808667, 9880084, 7524088, 11600206,8617199, 9808667, 7524088,","HGNC:4114","secreted","HGNC:4132","HGNC:4114 HGNC:4132","CellphoneDB"
"976","GAL","GALR2","GAL GALR2","Ramilowski_2015_Literature_supported","9832121,9880084, 9685625, 11600206, 9480833,9685625,","HGNC:4114","secreted","HGNC:4133","HGNC:4114 HGNC:4133","CellphoneDB"
"977","GAL","GALR3","GAL GALR3","Ramilowski_2015_Literature_supported","9832121,9832121, 9722565, 9880084,","HGNC:4114","secreted","HGNC:4134","HGNC:4114 HGNC:4134","CellphoneDB"
"978","GAL","GPR151","GAL GPR151","Ramilowski_2015_Literature_supported","15111018,","HGNC:4114","secreted","HGNC:23624","HGNC:4114 HGNC:23624",""
"979","GALP","GALR1","GALP GALR1","Ramilowski_2015_Literature_supported","10689365,15944009,","HGNC:24840","secreted","HGNC:4132","HGNC:24840 HGNC:4132","CellphoneDB"
"980","GALP","GALR2","GALP GALR2","Ramilowski_2015_Literature_supported","9832121,15944009, 20880399,","HGNC:24840","secreted","HGNC:4133","HGNC:24840 HGNC:4133","CellphoneDB"
"981","GALP","GALR3","GALP GALR3","Ramilowski_2015_Literature_supported","9832121,15944009,","HGNC:24840","secreted","HGNC:4134","HGNC:24840 HGNC:4134","CellphoneDB"
"982","GAS6","AXL","GAS6 AXL","Ramilowski_2015_Literature_supported","7854420,8939948,8621659, 16362042,","HGNC:4168","secreted","HGNC:905","HGNC:4168 HGNC:905","CellphoneDB"
"983","GAS6","MERTK","GAS6 MERTK","Ramilowski_2015_Literature_supported","9160883,8939948,8939948,","HGNC:4168","secreted","HGNC:7027","HGNC:4168 HGNC:7027","CellphoneDB"
"984","GAS6","TYRO3","GAS6 TYRO3","Ramilowski_2015_Literature_supported","7867073,8939948,8621659, 8939948,","HGNC:4168","secreted","HGNC:12446","HGNC:4168 HGNC:12446","CellphoneDB"
"985","GAST","CCKBR","GAST CCKBR","Ramilowski_2015_Literature_supported","7681836,","HGNC:4164","secreted","HGNC:1571","HGNC:4164 HGNC:1571","CellphoneDB"
"986","GCG","GCGR","GCG GCGR","Ramilowski_2015_Literature_supported","12529935,4305077,8382034,","HGNC:4191","secreted","HGNC:4192","HGNC:4191 HGNC:4192",""
"987","GCG","GLP1R","GCG GLP1R","Ramilowski_2015_Literature_supported","8404634, 7937318,15528268, 8404634,11116211,","HGNC:4191","secreted","HGNC:4324","HGNC:4191 HGNC:4324",""
"988","GCG","GLP2R","GCG GLP2R","Ramilowski_2015_Literature_supported","9990065,11738243,11738243,","HGNC:4191","secreted","HGNC:4325","HGNC:4191 HGNC:4325","CellphoneDB"
"989","GDF1","ACVR1","GDF1 ACVR1","Hou et al. 2020 (this publication)","28955827,","HGNC:4214","secreted","HGNC:171","HGNC:4214 HGNC:171",""
"990","GDF1","BMPR1A","GDF1 BMPR1A","Hou et al. 2020 (this publication)","28955827,","HGNC:4214","secreted","HGNC:1076","HGNC:4214 HGNC:1076",""
"991","GDF1","BMPR2","GDF1 BMPR2","Hou et al. 2020 (this publication)","28955827,","HGNC:4214","secreted","HGNC:1078","HGNC:4214 HGNC:1078",""
"992","GDF11","ACVR1B","GDF11 ACVR1B","Ramilowski_2015_Literature_supported","12414726,","HGNC:4216","secreted","HGNC:172","HGNC:4216 HGNC:172",""
"993","GDF11","ACVR2A","GDF11 ACVR2A","Ramilowski_2015_Literature_supported","12414726,","HGNC:4216","secreted","HGNC:173","HGNC:4216 HGNC:173",""
"994","GDF11","ACVR2B","GDF11 ACVR2B","Ramilowski_2015_Literature_supported","12414726,16845371,","HGNC:4216","secreted","HGNC:174","HGNC:4216 HGNC:174",""
"995","GDF15","GFRAL","GDF15 GFRAL","Efremova et al. 2020 (CellphoneDB)","28953886, 28846097, 28846098, 28846099, ","HGNC:30142","secreted","HGNC:32789","HGNC:30142 HGNC:32789",""
"996","GDF2","ACVR1","GDF2 ACVR1","Ramilowski_2015_Literature_supported","19996292,","HGNC:4217","secreted","HGNC:171","HGNC:4217 HGNC:171",""
"997","GDF2","ACVR2A","GDF2 ACVR2A","Ramilowski_2015_Literature_supported","19996292,","HGNC:4217","secreted","HGNC:173","HGNC:4217 HGNC:173",""
"998","GDF2","ACVR2B","GDF2 ACVR2B","Ramilowski_2015_Literature_supported","15851468,","HGNC:4217","secreted","HGNC:174","HGNC:4217 HGNC:174",""
"999","GDF2","ACVRL1","GDF2 ACVRL1","Ramilowski_2015_Literature_supported","17068149,","HGNC:4217","secreted","HGNC:175","HGNC:4217 HGNC:175",""
"1000","GDF2","BMPR2","GDF2 BMPR2","Ramilowski_2015_Literature_supported","15851468,","HGNC:4217","secreted","HGNC:1078","HGNC:4217 HGNC:1078",""
"1001","GDF2","ENG","GDF2 ENG","Ramilowski_2015_Literature_supported","7068149,","HGNC:4217","secreted","HGNC:3349","HGNC:4217 HGNC:3349",""
"1002","GDF3","TDGF1","GDF3 TDGF1","Hou et al. 2020 (this publication)","28126904,","HGNC:4218","secreted","HGNC:11701","HGNC:4218 HGNC:11701",""
"1003","GDF5","ACVR1","GDF5 ACVR1","Ramilowski_2015_Literature_supported","8702914,","HGNC:4220","secreted","HGNC:171","HGNC:4220 HGNC:171",""
"1004","GDF5","ACVR2A","GDF5 ACVR2A","Ramilowski_2015_Literature_supported","8702914,","HGNC:4220","secreted","HGNC:173","HGNC:4220 HGNC:173",""
"1005","GDF5","ACVR2B","GDF5 ACVR2B","Ramilowski_2015_Literature_supported","8702914,","HGNC:4220","secreted","HGNC:174","HGNC:4220 HGNC:174",""
"1006","GDF5","BMPR1A","GDF5 BMPR1A","Ramilowski_2015_Literature_supported","9525338,","HGNC:4220","secreted","HGNC:1076","HGNC:4220 HGNC:1076",""
"1007","GDF5","BMPR1B","GDF5 BMPR1B","Ramilowski_2015_Literature_supported","8702914, 15569154,11282024,","HGNC:4220","secreted","HGNC:1077","HGNC:4220 HGNC:1077",""
"1008","GDF5","BMPR2","GDF5 BMPR2","Ramilowski_2015_Literature_supported","8702914,9525338,","HGNC:4220","secreted","HGNC:1078","HGNC:4220 HGNC:1078",""
"1009","GDF5","ROR2","GDF5 ROR2","Ramilowski_2015_Literature_supported","15569154,","HGNC:4220","secreted","HGNC:10257","HGNC:4220 HGNC:10257",""
"1010","GDF6","BMPR1A","GDF6 BMPR1A","Ramilowski_2015_Literature_supported","16049014,9525338,","HGNC:4221","secreted","HGNC:1076","HGNC:4221 HGNC:1076",""
"1011","GDF6","BMPR1B","GDF6 BMPR1B","Ramilowski_2015_Literature_supported","9525338,","HGNC:4221","secreted","HGNC:1077","HGNC:4221 HGNC:1077",""
"1012","GDF6","BMPR2","GDF6 BMPR2","Ramilowski_2015_Literature_supported","16049014,9525338,","HGNC:4221","secreted","HGNC:1078","HGNC:4221 HGNC:1078",""
"1013","GDF7","ACVR2A","GDF7 ACVR2A","Ramilowski_2015_Literature_supported","16049014,","HGNC:4222","secreted","HGNC:173","HGNC:4222 HGNC:173",""
"1014","GDF7","BMPR1A","GDF7 BMPR1A","Ramilowski_2015_Literature_supported","16049014,","HGNC:4222","secreted","HGNC:1076","HGNC:4222 HGNC:1076",""
"1015","GDF7","BMPR2","GDF7 BMPR2","Ramilowski_2015_Literature_supported","16049014,","HGNC:4222","secreted","HGNC:1078","HGNC:4222 HGNC:1078",""
"1016","GDF9","ACVR2A","GDF9 ACVR2A","Ramilowski_2015_Literature_supported","12135884,","HGNC:4224","secreted","HGNC:173","HGNC:4224 HGNC:173",""
"1017","GDF9","BMPR1A","GDF9 BMPR1A","Ramilowski_2015_Literature_supported","12135884,","HGNC:4224","secreted","HGNC:1076","HGNC:4224 HGNC:1076",""
"1018","GDF9","BMPR1B","GDF9 BMPR1B","Ramilowski_2015_Literature_supported","12135884,","HGNC:4224","secreted","HGNC:1077","HGNC:4224 HGNC:1077",""
"1019","GDF9","BMPR2","GDF9 BMPR2","Ramilowski_2015_Literature_supported","12135884,12135884,","HGNC:4224","secreted","HGNC:1078","HGNC:4224 HGNC:1078",""
"1020","GDF9","TGFBR1","GDF9 TGFBR1","Ramilowski_2015_Literature_supported","14684852,","HGNC:4224","secreted","HGNC:11772","HGNC:4224 HGNC:11772",""
"1021","GDNF","GFRA1","GDNF GFRA1","Ramilowski_2015_Literature_supported","14514671,8674117, 9482105,","HGNC:4232","secreted","HGNC:4243","HGNC:4232 HGNC:4243",""
"1022","GDNF","GFRA2","GDNF GFRA2","Ramilowski_2015_Literature_supported","9182803,9407096,","HGNC:4232","secreted","HGNC:4244","HGNC:4232 HGNC:4244",""
"1023","GDNF","RET","GDNF RET","Ramilowski_2015_Literature_supported","9482105, 9182803, 14514671,8674117,","HGNC:4232","secreted","HGNC:9967","HGNC:4232 HGNC:9967",""
"1024","GH1","GHR","GH1 GHR","Ramilowski_2015_Literature_supported","7862673,","HGNC:4261","secreted","HGNC:4263","HGNC:4261 HGNC:4263","CellphoneDB"
"1025","GH1","PRLR","GH1 PRLR","Ramilowski_2015_Literature_supported","9556914,","HGNC:4261","secreted","HGNC:9446","HGNC:4261 HGNC:9446","CellphoneDB"
"1026","GH2","GHR","GH2 GHR","Ramilowski_2015_Literature_supported","1955498,","HGNC:4262","secreted","HGNC:4263","HGNC:4262 HGNC:4263","CellphoneDB"
"1027","GHRH","GHRHR","GHRH GHRHR","Ramilowski_2015_Literature_supported","7680413,1333056,","HGNC:4265","secreted","HGNC:4266","HGNC:4265 HGNC:4266",""
"1028","GHRH","VIPR1","GHRH VIPR1","Ramilowski_2015_Literature_supported","8791009,","HGNC:4265","secreted","HGNC:12694","HGNC:4265 HGNC:12694","CellphoneDB"
"1029","GHRL","GHSR","GHRL GHSR","Ramilowski_2015_Literature_supported","10604470,15905359, 10628755, 12907757, 21402696, 11314756,10604470, 11227737,","HGNC:18129","secreted","HGNC:4267","HGNC:18129 HGNC:4267","CellphoneDB"
"1030","GHRL","GPR39","GHRL GPR39","Ramilowski_2015_Literature_supported","16284174,","HGNC:18129","secreted","HGNC:4496","HGNC:18129 HGNC:4496",""
"1031","GHRL","MLNR","GHRL MLNR","Ramilowski_2015_Literature_supported","12606621,","HGNC:18129","secreted","HGNC:4495","HGNC:18129 HGNC:4495","CellphoneDB"
"1032","GIP","DPP4","GIP DPP4","Ramilowski_2015_Literature_supported","15655705,","HGNC:4270","secreted","HGNC:3009","HGNC:4270 HGNC:3009","CellphoneDB"
"1033","GIP","GIPR","GIP GIPR","Ramilowski_2015_Literature_supported","15655707,7589426,15655707, 8795084, 12627975, 7589426,","HGNC:4270","secreted","HGNC:4271","HGNC:4270 HGNC:4271",""
"1034","GLG1","SELE","GLG1 SELE","Efremova et al. 2020 (CellphoneDB)","11404363,","HGNC:4316","plasma membrane; secreted","HGNC:10718","HGNC:4316 HGNC:10718",""
"1035","GNAI2","ADCY1","GNAI2 ADCY1","Ramilowski_2015_Literature_supported","2121366,","HGNC:4385","plasma membrane","HGNC:232","HGNC:4385 HGNC:232",""
"1036","GNAI2","ADORA1","GNAI2 ADORA1","Ramilowski_2015_Literature_supported","11369591,","HGNC:4385","plasma membrane","HGNC:262","HGNC:4385 HGNC:262",""
"1037","GNAI2","ADRA2A","GNAI2 ADRA2A","Ramilowski_2015_Literature_supported","7887906,","HGNC:4385","plasma membrane","HGNC:281","HGNC:4385 HGNC:281",""
"1038","GNAI2","ADRA2B","GNAI2 ADRA2B","Ramilowski_2015_Literature_supported","2169434,","HGNC:4385","plasma membrane","HGNC:282","HGNC:4385 HGNC:282",""
"1039","GNAI2","AGTR2","GNAI2 AGTR2","Ramilowski_2015_Literature_supported","8663053, 11055978,","HGNC:4385","plasma membrane","HGNC:338","HGNC:4385 HGNC:338",""
"1040","GNAI2","C5AR1","GNAI2 C5AR1","Ramilowski_2015_Literature_supported","7962171,","HGNC:4385","plasma membrane","HGNC:1338","HGNC:4385 HGNC:1338",""
"1041","GNAI2","CAV1","GNAI2 CAV1","Ramilowski_2015_Literature_supported","8621645,","HGNC:4385","plasma membrane","HGNC:1527","HGNC:4385 HGNC:1527",""
"1042","GNAI2","CCR5","GNAI2 CCR5","Ramilowski_2015_Literature_supported","15251452,","HGNC:4385","plasma membrane","HGNC:1606","HGNC:4385 HGNC:1606",""
"1043","GNAI2","CNR1","GNAI2 CNR1","Ramilowski_2015_Literature_supported","11168387,","HGNC:4385","plasma membrane","HGNC:2159","HGNC:4385 HGNC:2159",""
"1044","GNAI2","CXCR1","GNAI2 CXCR1","Ramilowski_2015_Literature_supported","8662698, 8903513,","HGNC:4385","plasma membrane","HGNC:6026","HGNC:4385 HGNC:6026",""
"1045","GNAI2","CXCR2","GNAI2 CXCR2","Ramilowski_2015_Literature_supported","8662698,","HGNC:4385","plasma membrane","HGNC:6027","HGNC:4385 HGNC:6027",""
"1046","GNAI2","EDNRA","GNAI2 EDNRA","Ramilowski_2015_Literature_supported","7882989,","HGNC:4385","plasma membrane","HGNC:3179","HGNC:4385 HGNC:3179",""
"1047","GNAI2","EGFR","GNAI2 EGFR","Ramilowski_2015_Literature_supported","11286993,","HGNC:4385","plasma membrane","HGNC:3236","HGNC:4385 HGNC:3236",""
"1048","GNAI2","F2R","GNAI2 F2R","Ramilowski_2015_Literature_supported","10644723, 8982657,","HGNC:4385","plasma membrane","HGNC:3537","HGNC:4385 HGNC:3537",""
"1049","GNAI2","FPR1","GNAI2 FPR1","Ramilowski_2015_Literature_supported","8663057,","HGNC:4385","plasma membrane","HGNC:3826","HGNC:4385 HGNC:3826",""
"1050","GNAI2","IGF1R","GNAI2 IGF1R","Ramilowski_2015_Literature_supported","11120746,","HGNC:4385","plasma membrane","HGNC:5465","HGNC:4385 HGNC:5465",""
"1051","GNAI2","LHCGR","GNAI2 LHCGR","Ramilowski_2015_Literature_supported","10493819,","HGNC:4385","plasma membrane","HGNC:6585","HGNC:4385 HGNC:6585",""
"1052","GNAI2","LPAR3","GNAI2 LPAR3","Ramilowski_2015_Literature_supported","10727522,","HGNC:4385","plasma membrane","HGNC:14298","HGNC:4385 HGNC:14298",""
"1053","GNAI2","MTNR1A","GNAI2 MTNR1A","Ramilowski_2015_Literature_supported","10598579, 17215244,","HGNC:4385","plasma membrane","HGNC:7463","HGNC:4385 HGNC:7463",""
"1054","GNAI2","MTNR1B","GNAI2 MTNR1B","Ramilowski_2015_Literature_supported","17215244,","HGNC:4385","plasma membrane","HGNC:7464","HGNC:4385 HGNC:7464",""
"1055","GNAI2","OPRD1","GNAI2 OPRD1","Ramilowski_2015_Literature_supported","1671672,","HGNC:4385","plasma membrane","HGNC:8153","HGNC:4385 HGNC:8153",""
"1056","GNAI2","OPRM1","GNAI2 OPRM1","Ramilowski_2015_Literature_supported","12068084,","HGNC:4385","plasma membrane","HGNC:8156","HGNC:4385 HGNC:8156",""
"1057","GNAI2","P2RY12","GNAI2 P2RY12","Ramilowski_2015_Literature_supported","8554519,","HGNC:4385","plasma membrane","HGNC:18124","HGNC:4385 HGNC:18124",""
"1058","GNAI2","TBXA2R","GNAI2 TBXA2R","Ramilowski_2015_Literature_supported","16212421,","HGNC:4385","plasma membrane","HGNC:11608","HGNC:4385 HGNC:11608",""
"1059","GNAI2","TSHR","GNAI2 TSHR","Ramilowski_2015_Literature_supported","8552586,","HGNC:4385","plasma membrane","HGNC:12373","HGNC:4385 HGNC:12373",""
"1060","GNAS","ADRB2","GNAS ADRB2","Hou et al. 2020 (this publication)","19144685,","HGNC:4392","secreted","HGNC:286","HGNC:4392 HGNC:286",""
"1061","GNAS","AVPR2","GNAS AVPR2","Ramilowski_2015_Literature_supported","8621513,","HGNC:4392","secreted","HGNC:897","HGNC:4392 HGNC:897",""
"1062","GNAS","CRHR1","GNAS CRHR1","Ramilowski_2015_Literature_supported","10598591,","HGNC:4392","secreted","HGNC:2357","HGNC:4392 HGNC:2357",""
"1063","GNAS","GCGR","GNAS GCGR","Ramilowski_2015_Literature_supported","1908089,","HGNC:4392","secreted","HGNC:4192","HGNC:4392 HGNC:4192",""
"1064","GNAS","LHCGR","GNAS LHCGR","Ramilowski_2015_Literature_supported","10493819,","HGNC:4392","secreted","HGNC:6585","HGNC:4392 HGNC:6585",""
"1065","GNAS","PTGDR","GNAS PTGDR","Ramilowski_2015_Literature_supported","12672054,","HGNC:4392","secreted","HGNC:9591","HGNC:4392 HGNC:9591",""
"1066","GNAS","TSHR","GNAS TSHR","Ramilowski_2015_Literature_supported","9525885,","HGNC:4392","secreted","HGNC:12373","HGNC:4392 HGNC:12373",""
"1067","GNAS","VIPR1","GNAS VIPR1","Ramilowski_2015_Literature_supported","11812005,","HGNC:4392","secreted","HGNC:12694","HGNC:4392 HGNC:12694",""
"1068","GNRH1","GNRHR","GNRH1 GNRHR","Ramilowski_2015_Literature_supported","414473,17452338, 11726197, 17095587,9414473,","HGNC:4419","secreted","HGNC:4421","HGNC:4419 HGNC:4421",""
"1069","GNRH2","GNRHR","GNRH2 GNRHR","Ramilowski_2015_Literature_supported","17452338, 17942747, 19638591,","HGNC:4420","secreted","HGNC:4421","HGNC:4420 HGNC:4421","CellphoneDB"
"1070","GPC3","CD81","GPC3 CD81","Ramilowski_2015_Literature_supported","23665349,","HGNC:4451","plasma membrane","HGNC:1701","HGNC:4451 HGNC:1701",""
"1071","GPC3","IGF1R","GPC3 IGF1R","Ramilowski_2015_Literature_supported","18413366,","HGNC:4451","plasma membrane","HGNC:5465","HGNC:4451 HGNC:5465",""
"1072","GPHA2","TSHR","GPHA2 TSHR","Ramilowski_2015_Literature_supported","12045258,","HGNC:18054","secreted","HGNC:12373","HGNC:18054 HGNC:12373",""
"1073","GPHB5","TSHR","GPHB5 TSHR","Hou et al. 2020 (this publication)","16210345,","HGNC:18055","secreted","HGNC:12373","HGNC:18055 HGNC:12373",""
"1074","GPI","AMFR","GPI AMFR","Ramilowski_2015_Literature_supported","12527360,16563432,","HGNC:4458","secreted","HGNC:463","HGNC:4458 HGNC:463",""
"1075","GREM1","KDR","GREM1 KDR","Hou et al. 2020 (this publication)","20660291, 25810250, 27894090, 27174917","HGNC:2001","secreted","HGNC:6307","HGNC:2001 HGNC:6307","Ramilowski_2015_Putative"
"1076","GRN","SORT1","GRN SORT1","Efremova et al. 2020 (CellphoneDB)","22361451, 24163244, ","HGNC:4601","secreted","HGNC:11186","HGNC:4601 HGNC:11186",""
"1077","GRN","TNFRSF1A","GRN TNFRSF1A","Efremova et al. 2020 (CellphoneDB)","21393509,","HGNC:4601","secreted","HGNC:11916","HGNC:4601 HGNC:11916",""
"1078","GRN","TNFRSF1B","GRN TNFRSF1B","Efremova et al. 2020 (CellphoneDB)","21393509,","HGNC:4601","secreted","HGNC:11917","HGNC:4601 HGNC:11917",""
"1079","GRP","BRS3","GRP BRS3","Ramilowski_2015_Literature_supported","11112777,","HGNC:4605","secreted","HGNC:1113","HGNC:4605 HGNC:1113",""
"1080","GRP","GRPR","GRP GRPR","Ramilowski_2015_Literature_supported","1720612, 7838118,10454496, 7838118, 19463875,7838118,","HGNC:4605","secreted","HGNC:4609","HGNC:4605 HGNC:4609","CellphoneDB"
"1081","GRP","NMBR","GRP NMBR","Ramilowski_2015_Literature_supported","10545285,","HGNC:4605","secreted","HGNC:7843","HGNC:4605 HGNC:7843",""
"1082","GUCA2A","GUCY2C","GUCA2A GUCY2C","Ramilowski_2015_Literature_supported","10845107,10601865, 11889121,","HGNC:4682","secreted","HGNC:4688","HGNC:4682 HGNC:4688","CellphoneDB"
"1083","GUCA2B","GUCY2C","GUCA2B GUCY2C","Ramilowski_2015_Literature_supported","10845107,","HGNC:4683","secreted","HGNC:4688","HGNC:4683 HGNC:4688","CellphoneDB"
"1084","GUCA2B","GUCY2D","GUCA2B GUCY2D","Ramilowski_2015_Literature_supported","9698373,","HGNC:4683","secreted","HGNC:4689","HGNC:4683 HGNC:4689",""
"1085","GZMB","CHRM3","GZMB CHRM3","Ramilowski_2015_Literature_supported","11665980,","HGNC:4709","secreted","HGNC:1952","HGNC:4709 HGNC:1952",""
"1086","GZMB","IGF2R","GZMB IGF2R","Ramilowski_2015_Literature_supported","11081635,11081635,","HGNC:4709","secreted","HGNC:5467","HGNC:4709 HGNC:5467",""
"1087","HAS2","CD44","HAS2 CD44","Ramilowski_2015_Literature_supported","1694723,","HGNC:4819","plasma membrane","HGNC:1681","HGNC:4819 HGNC:1681",""
"1088","HAS2","HMMR","HAS2 HMMR","Ramilowski_2015_Literature_supported","1376732,","HGNC:4819","plasma membrane","HGNC:5012","HGNC:4819 HGNC:5012",""
"1089","HAVCR1","CD300LB","HAVCR1 CD300LB","Cabello-Aguilar et al. 2020 (SingleCellSignalR)","20566714,","HGNC:17866","plasma membrane","HGNC:30811","HGNC:17866 HGNC:30811",""
"1090","HAVCR1","HAVCR1","HAVCR1 HAVCR1","Hou et al. 2020 (this publication)","17363299,","HGNC:17866","plasma membrane","HGNC:17866","HGNC:17866 HGNC:17866",""
"1091","HBEGF","CD44","HBEGF CD44","Ramilowski_2015_Literature_supported","7532176,","HGNC:3059","secreted","HGNC:1681","HGNC:3059 HGNC:1681","CellphoneDB"
"1092","HBEGF","CD82","HBEGF CD82","Ramilowski_2015_Literature_supported","10749879,","HGNC:3059","secreted","HGNC:6210","HGNC:3059 HGNC:6210",""
"1093","HBEGF","CD9","HBEGF CD9","Ramilowski_2015_Literature_supported","1939101, 11735113, 11846885, 8194524,","HGNC:3059","secreted","HGNC:1709","HGNC:3059 HGNC:1709",""
"1094","HBEGF","EGFR","HBEGF EGFR","Ramilowski_2015_Literature_supported","12725245,12725245,","HGNC:3059","secreted","HGNC:3236","HGNC:3059 HGNC:3236","CellphoneDB"
"1095","HBEGF","ERBB2","HBEGF ERBB2","Ramilowski_2015_Literature_supported","12958167,","HGNC:3059","secreted","HGNC:3430","HGNC:3059 HGNC:3430",""
"1096","HBEGF","ERBB4","HBEGF ERBB4","Ramilowski_2015_Literature_supported","1840698,9135143,","HGNC:3059","secreted","HGNC:3432","HGNC:3059 HGNC:3432","CellphoneDB"
"1097","HCRT","HCRTR1","HCRT HCRTR1","Ramilowski_2015_Literature_supported","9491897,9491897, 10498827, 14691055, 11403934, 12606634, 11250867, 12702704, 11266181, 11162621, 12208495, 18599270, 21362456,9491897,","HGNC:4847","secreted","HGNC:4848","HGNC:4847 HGNC:4848","CellphoneDB"
"1098","HCRT","HCRTR2","HCRT HCRTR2","Ramilowski_2015_Literature_supported","9491897,9491897, 12702704, 11162621, 12208495, 18599270,9491897,","HGNC:4847","secreted","HGNC:4849","HGNC:4847 HGNC:4849","CellphoneDB"
"1099","HCRT","NPFFR2","HCRT NPFFR2","Ramilowski_2015_Literature_supported","12609745,","HGNC:4847","secreted","HGNC:4525","HGNC:4847 HGNC:4525",""
"1100","HEBP1","FPR3","HEBP1 FPR3","Ramilowski_2015_Literature_supported","15623572,","HGNC:17176","secreted","HGNC:3828","HGNC:17176 HGNC:3828","CellphoneDB"
"1101","HGF","CD44","HGF CD44","Ramilowski_2015_Literature_supported","10037743,","HGNC:4893","secreted","HGNC:1681","HGNC:4893 HGNC:1681","CellphoneDB_flipped"
"1102","HGF","MET","HGF MET","Ramilowski_2015_Literature_supported","1846706,1655405, 15167892, 18495663,","HGNC:4893","secreted","HGNC:7029","HGNC:4893 HGNC:7029","CellphoneDB"
"1103","HGF","SDC1","HGF SDC1","Ramilowski_2015_Literature_supported","11830493,","HGNC:4893","secreted","HGNC:10658","HGNC:4893 HGNC:10658",""
"1104","HGF","SDC2","HGF SDC2","Ramilowski_2015_Literature_supported","8157651,","HGNC:4893","secreted","HGNC:10659","HGNC:4893 HGNC:10659",""
"1105","HGF","ST14","HGF ST14","Ramilowski_2015_Literature_supported","10962009,","HGNC:4893","secreted","HGNC:11344","HGNC:4893 HGNC:11344",""
"1106","HHLA2","TMIGD2","HHLA2 TMIGD2","Hou et al. 2020 (this publication)","26405587,","HGNC:4905","plasma membrane","HGNC:28324","HGNC:4905 HGNC:28324",""
"1107","HLA-A","APLP2","HLA-A APLP2","Ramilowski_2015_Literature_supported","19184004,","HGNC:4931","plasma membrane","HGNC:598","HGNC:4931 HGNC:598",""
"1108","HLA-A","ERBB2","HLA-A ERBB2","Ramilowski_2015_Literature_supported","10593938,","HGNC:4931","plasma membrane","HGNC:3430","HGNC:4931 HGNC:3430",""
"1109","HLA-A","KIR3DL1","HLA-A KIR3DL1","Ramilowski_2015_Literature_supported","17182537,","HGNC:4931","plasma membrane","HGNC:6338","HGNC:4931 HGNC:6338",""
"1110","HLA-A","KIR3DL2","HLA-A KIR3DL2","Ramilowski_2015_Literature_supported","15719024,8617928, 8760804,","HGNC:4931","plasma membrane","HGNC:6339","HGNC:4931 HGNC:6339",""
"1111","HLA-A","LILRB1","HLA-A LILRB1","Ramilowski_2015_Literature_supported","12897781,","HGNC:4931","plasma membrane","HGNC:6605","HGNC:4931 HGNC:6605",""
"1112","HLA-A","LILRB2","HLA-A LILRB2","Ramilowski_2015_Literature_supported","12853576, 9531263,","HGNC:4931","plasma membrane","HGNC:6606","HGNC:4931 HGNC:6606",""
"1113","HLA-B","CANX","HLA-B CANX","Ramilowski_2015_Literature_supported","7876141,","HGNC:4932","plasma membrane","HGNC:1473","HGNC:4932 HGNC:1473",""
"1114","HLA-B","KIR2DL3","HLA-B KIR2DL3","Hou et al. 2020 (this publication)","28514659, 7931060, 8760827,","HGNC:4932","plasma membrane","HGNC:6331","HGNC:4932 HGNC:6331","Ramilowski_2015_Putative"
"1115","HLA-B","KIR3DL1","HLA-B KIR3DL1","Ramilowski_2015_Literature_supported","15607823,8046332,","HGNC:4932","plasma membrane","HGNC:6338","HGNC:4932 HGNC:6338",""
"1116","HLA-B","KIR3DL2","KIR3DL2 HLA-B","Efremova et al. 2020 (CellphoneDB)","17407096 , 23804219,  23857132","HGNC:4932","plasma membrane","HGNC:6339","HGNC:4932 HGNC:6339",""
"1117","HLA-B","KLRD1","HLA-B KLRD1","Ramilowski_2015_Literature_supported","8046333,","HGNC:4932","plasma membrane","HGNC:6378","HGNC:4932 HGNC:6378",""
"1118","HLA-B","LILRB1","HLA-B LILRB1","Ramilowski_2015_Literature_supported","12853576,","HGNC:4932","plasma membrane","HGNC:6605","HGNC:4932 HGNC:6605",""
"1119","HLA-B","LILRB2","HLA-B LILRB2","Ramilowski_2015_Literature_supported","12853576, 9531263,","HGNC:4932","plasma membrane","HGNC:6606","HGNC:4932 HGNC:6606",""
"1120","HLA-C","KIR2DL1","HLA-C KIR2DL1","Ramilowski_2015_Literature_supported","15607823,10429675, 9378975, 11323700, 10820396, 11163076, 12794140, 11009104, 12454284, 9686591, 9768753,","HGNC:4933","plasma membrane","HGNC:6329","HGNC:4933 HGNC:6329",""
"1121","HLA-C","KIR2DL3","HLA-C KIR2DL3","Ramilowski_2015_Literature_supported","15607823,8692965, 9768753, 10497191,","HGNC:4933","plasma membrane","HGNC:6331","HGNC:4933 HGNC:6331",""
"1122","HLA-C","KIR2DS4","HLA-C KIR2DS4","Ramilowski_2015_Literature_supported","15265913,9521070,","HGNC:4933","plasma membrane","HGNC:6336","HGNC:4933 HGNC:6336",""
"1123","HLA-C","LILRA3","HLA-C LILRA3","Ramilowski_2015_Literature_supported","21270408,","HGNC:4933","plasma membrane","HGNC:6604","HGNC:4933 HGNC:6604",""
"1124","HLA-C","LILRB1","HLA-C LILRB1","Ramilowski_2015_Literature_supported","12853576,","HGNC:4933","plasma membrane","HGNC:6605","HGNC:4933 HGNC:6605",""
"1125","HLA-C","LILRB2","HLA-C LILRB2","Ramilowski_2015_Literature_supported","12853576,","HGNC:4933","plasma membrane","HGNC:6606","HGNC:4933 HGNC:6606",""
"1126","HLA-E","KLRC1","HLA-E KLRC1","Ramilowski_2015_Literature_supported","9486650,9486650,","HGNC:4962","plasma membrane","HGNC:6374","HGNC:4962 HGNC:6374",""
"1127","HLA-E","KLRC2","HLA-E KLRC2","Ramilowski_2015_Literature_supported","9486650,9486650, 9103421,","HGNC:4962","plasma membrane","HGNC:6375","HGNC:4962 HGNC:6375",""
"1128","HLA-E","KLRD1","HLA-E KLRD1","Ramilowski_2015_Literature_supported","9486650,14734748, 9815261, 9486650, 9886400,","HGNC:4962","plasma membrane","HGNC:6378","HGNC:4962 HGNC:6378",""
"1129","HLA-E","KLRK1","HLA-E KLRK1","Cabello-Aguilar et al. 2020 (SingleCellSignalR)","24223577,","HGNC:4962","plasma membrane","HGNC:18788","HGNC:4962 HGNC:18788",""
"1130","HLA-F","KIR3DL1","HLA-F KIR3DL1","Efremova et al. 2020 (CellphoneDB)","27455421,","HGNC:4963","plasma membrane","HGNC:6338","HGNC:4963 HGNC:6338",""
"1131","HLA-F","KIR3DL2","HLA-F KIR3DL2","Efremova et al. 2020 (CellphoneDB)","27455421,","HGNC:4963","plasma membrane","HGNC:6339","HGNC:4963 HGNC:6339",""
"1132","HLA-F","LILRB1","HLA-F LILRB1","Efremova et al. 2020 (CellphoneDB)","11169396,","HGNC:4963","plasma membrane","HGNC:6605","HGNC:4963 HGNC:6605",""
"1133","HLA-F","LILRB2","HLA-F LILRB2","Efremova et al. 2020 (CellphoneDB)","11169396,","HGNC:4963","plasma membrane","HGNC:6606","HGNC:4963 HGNC:6606",""
"1134","HLA-G","KIR2DL4","HLA-G KIR2DL4","Ramilowski_2015_Literature_supported","10190900,10190900,","HGNC:4964","plasma membrane","HGNC:6332","HGNC:4964 HGNC:6332",""
"1135","HLA-G","KLRC1","HLA-G KLRC1","Ramilowski_2015_Literature_supported","9295021,","HGNC:4964","plasma membrane","HGNC:6374","HGNC:4964 HGNC:6374",""
"1136","HLA-G","KLRD1","HLA-G KLRD1","Ramilowski_2015_Literature_supported","9405670, 9295021,9405670,","HGNC:4964","plasma membrane","HGNC:6378","HGNC:4964 HGNC:6378",""
"1137","HLA-G","LILRB1","HLA-G LILRB1","Ramilowski_2015_Literature_supported","15718280,9933109, 12853576, 12874224,","HGNC:4964","plasma membrane","HGNC:6605","HGNC:4964 HGNC:6605",""
"1138","HLA-G","LILRB2","HLA-G LILRB2","Ramilowski_2015_Literature_supported","12853576, 15670976, 9531263, 10190906,","HGNC:4964","plasma membrane","HGNC:6606","HGNC:4964 HGNC:6606",""
"1139","HMGB1","HAVCR2","HMGB1 HAVCR2","Hou et al. 2020 (this publication)","22842346,","HGNC:4983","secreted","HGNC:18437","HGNC:4983 HGNC:18437",""
"1140","HMGB1","SDC1","HMGB1 SDC1","Ramilowski_2015_Literature_supported","1369684,","HGNC:4983","secreted","HGNC:10658","HGNC:4983 HGNC:10658",""
"1141","HMGB1","THBD","HMGB1 THBD","Ramilowski_2015_Literature_supported","15841214,","HGNC:4983","secreted","HGNC:11784","HGNC:4983 HGNC:11784",""
"1142","HP","CD163","HP CD163","Hou et al. 2020 (this publication)","27294203,","HGNC:5141","secreted","HGNC:1631","HGNC:5141 HGNC:1631",""
"1143","HP","ITGAM","HP ITGAM","Ramilowski_2015_Literature_supported","8786317,","HGNC:5141","secreted","HGNC:6149","HGNC:5141 HGNC:6149",""
"1144","HP","ITGB2","HP ITGB2","Ramilowski_2015_Literature_supported","8786317,","HGNC:5141","secreted","HGNC:6155","HGNC:5141 HGNC:6155",""
"1145","HRAS","AGTR1","HRAS AGTR1","Ramilowski_2015_Literature_supported","8753867,","HGNC:5173","plasma membrane","HGNC:336","HGNC:5173 HGNC:336",""
"1146","HRAS","CAV1","HRAS CAV1","Ramilowski_2015_Literature_supported","8621645,","HGNC:5173","plasma membrane","HGNC:1527","HGNC:5173 HGNC:1527",""
"1147","HRAS","INSR","HRAS INSR","Ramilowski_2015_Literature_supported","3109943,","HGNC:5173","plasma membrane","HGNC:6091","HGNC:5173 HGNC:6091",""
"1148","HRG","FCGR1A","HRG FCGR1A","Ramilowski_2015_Literature_supported","10421785,","HGNC:5181","secreted","HGNC:3613","HGNC:5181 HGNC:3613",""
"1149","HSP90AA1","CFTR","HSP90AA1 CFTR","Ramilowski_2015_Literature_supported","9843494,","HGNC:5253","secreted","HGNC:1884","HGNC:5253 HGNC:1884",""
"1150","HSP90AA1","EGFR","HSP90AA1 EGFR","Ramilowski_2015_Literature_supported","18199556,","HGNC:5253","secreted","HGNC:3236","HGNC:5253 HGNC:3236",""
"1151","HSP90AA1","FGFR3","HSP90AA1 FGFR3","Ramilowski_2015_Literature_supported","21487019,","HGNC:5253","secreted","HGNC:3690","HGNC:5253 HGNC:3690",""
"1152","HSPG2","COL13A1","HSPG2 COL13A1","Ramilowski_2015_Literature_supported","11956183,","HGNC:5273","secreted","HGNC:2190","HGNC:5273 HGNC:2190",""
"1153","HSPG2","ITGA2","HSPG2 ITGA2","Ramilowski_2015_Literature_supported","15240572,","HGNC:5273","secreted","HGNC:6137","HGNC:5273 HGNC:6137",""
"1154","HSPG2","ITGB1","HSPG2 ITGB1","Ramilowski_2015_Literature_supported","9431988,","HGNC:5273","secreted","HGNC:6153","HGNC:5273 HGNC:6153",""
"1155","HSPG2","PTPRS","HSPG2 PTPRS","Ramilowski_2015_Literature_supported","11865065,","HGNC:5273","secreted","HGNC:9681","HGNC:5273 HGNC:9681",""
"1156","IAPP","CALCR","IAPP CALCR","Ramilowski_2015_Literature_supported","12529937,9487987, 10342886,","HGNC:5329","secreted","HGNC:1440","HGNC:5329 HGNC:1440","CellphoneDB"
"1157","IAPP","RAMP1","IAPP RAMP1","Ramilowski_2015_Literature_supported","10385705,","HGNC:5329","secreted","HGNC:9843","HGNC:5329 HGNC:9843",""
"1158","IAPP","RAMP2","IAPP RAMP2","Ramilowski_2015_Literature_supported","16531504,","HGNC:5329","secreted","HGNC:9844","HGNC:5329 HGNC:9844",""
"1159","ICAM1","IL2RA","ICAM1 IL2RA","Ramilowski_2015_Literature_supported","1976256,","HGNC:5344","plasma membrane","HGNC:6008","HGNC:5344 HGNC:6008",""
"1160","ICAM1","ITGAL","ICAM1 ITGAL","Ramilowski_2015_Literature_supported","14507735,","HGNC:5344","plasma membrane","HGNC:6148","HGNC:5344 HGNC:6148","CellphoneDB"
"1161","ICAM1","ITGAM","ICAM1 ITGAM","Ramilowski_2015_Literature_supported","11073102, 9488691,","HGNC:5344","plasma membrane","HGNC:6149","HGNC:5344 HGNC:6149",""
"1162","ICAM1","ITGAX","ICAM1 ITGAX","Ramilowski_2015_Literature_supported","4062888,","HGNC:5344","plasma membrane","HGNC:6152","HGNC:5344 HGNC:6152",""
"1163","ICAM1","ITGB2","ICAM1 ITGB2","Ramilowski_2015_Literature_supported","14507735, 4062888,7642561, 11279101,","HGNC:5344","plasma membrane","HGNC:6155","HGNC:5344 HGNC:6155",""
"1164","ICAM1","SPN","ICAM1 SPN","Efremova et al. 2020 (CellphoneDB)","1683685,","HGNC:5344","plasma membrane","HGNC:11249","HGNC:5344 HGNC:11249",""
"1165","ICAM2","ITGAL","ICAM2 ITGAL","Ramilowski_2015_Literature_supported","15023143,","HGNC:5345","plasma membrane","HGNC:6148","HGNC:5345 HGNC:6148",""
"1166","ICAM2","ITGAM","ICAM2 ITGAM","Ramilowski_2015_Literature_supported","10352278,","HGNC:5345","plasma membrane","HGNC:6149","HGNC:5345 HGNC:6149",""
"1167","ICAM2","ITGB2","ICAM2 ITGB2","Ramilowski_2015_Literature_supported","15023143,9786897,","HGNC:5345","plasma membrane","HGNC:6155","HGNC:5345 HGNC:6155",""
"1168","ICAM3","CD209","ICAM3 CD209","Efremova et al. 2020 (CellphoneDB)","15795245,","HGNC:5346","plasma membrane","HGNC:1641","HGNC:5346 HGNC:1641",""
"1169","ICAM3","CLEC4M","ICAM3 CLEC4M","Ramilowski_2015_Literature_supported","11257134,","HGNC:5346","plasma membrane","HGNC:13523","HGNC:5346 HGNC:13523","CellphoneDB_flipped"
"1170","ICAM3","ITGAD","ICAM3 ITGAD","Ramilowski_2015_Literature_supported","8777714,","HGNC:5346","plasma membrane","HGNC:6146","HGNC:5346 HGNC:6146",""
"1171","ICAM3","ITGAL","ICAM3 ITGAL","Ramilowski_2015_Literature_supported","15728350,11353828, 15728350,","HGNC:5346","plasma membrane","HGNC:6148","HGNC:5346 HGNC:6148",""
"1172","ICAM3","ITGB2","ICAM3 ITGB2","Ramilowski_2015_Literature_supported","15728350,11353828, 7822326,","HGNC:5346","plasma membrane","HGNC:6155","HGNC:5346 HGNC:6155",""
"1173","ICAM4","ITGA2B","ICAM4 ITGA2B","Ramilowski_2015_Literature_supported","15355350,","HGNC:5347","plasma membrane","HGNC:6138","HGNC:5347 HGNC:6138",""
"1174","ICAM4","ITGA4","ICAM4 ITGA4","Ramilowski_2015_Literature_supported","11435317,","HGNC:5347","plasma membrane","HGNC:6140","HGNC:5347 HGNC:6140",""
"1175","ICAM4","ITGAL","ICAM4 ITGAL","Ramilowski_2015_Literature_supported","15355350,","HGNC:5347","plasma membrane","HGNC:6148","HGNC:5347 HGNC:6148",""
"1176","ICAM4","ITGAM","ICAM4 ITGAM","Ramilowski_2015_Literature_supported","15355350,10846180,","HGNC:5347","plasma membrane","HGNC:6149","HGNC:5347 HGNC:6149",""
"1177","ICAM4","ITGAV","ICAM4 ITGAV","Ramilowski_2015_Literature_supported","15355350,11435317,","HGNC:5347","plasma membrane","HGNC:6150","HGNC:5347 HGNC:6150",""
"1178","ICAM4","ITGB1","ICAM4 ITGB1","Ramilowski_2015_Literature_supported","11435317,","HGNC:5347","plasma membrane","HGNC:6153","HGNC:5347 HGNC:6153",""
"1179","ICAM4","ITGB2","ICAM4 ITGB2","Ramilowski_2015_Literature_supported","15355350,10846180,","HGNC:5347","plasma membrane","HGNC:6155","HGNC:5347 HGNC:6155",""
"1180","ICAM4","ITGB3","ICAM4 ITGB3","Ramilowski_2015_Literature_supported","15355350,","HGNC:5347","plasma membrane","HGNC:6156","HGNC:5347 HGNC:6156",""
"1181","ICAM5","ITGAL","ICAM5 ITGAL","Ramilowski_2015_Literature_supported","10741396,8995416,","HGNC:5348","plasma membrane","HGNC:6148","HGNC:5348 HGNC:6148",""
"1182","ICAM5","ITGB2","ICAM5 ITGB2","Ramilowski_2015_Literature_supported","10741396,8995416,","HGNC:5348","plasma membrane","HGNC:6155","HGNC:5348 HGNC:6155",""
"1183","ICOSLG","CD28","ICOSLG CD28","Hou et al. 2020 (this publication)","21530327, 23470321,","HGNC:17087","plasma membrane","HGNC:1653","HGNC:17087 HGNC:1653",""
"1184","ICOSLG","CTLA4","ICOSLG CTLA4","Hou et al. 2020 (this publication)","21530327,","HGNC:17087","plasma membrane","HGNC:2505","HGNC:17087 HGNC:2505",""
"1185","ICOS","ICOSLG","ICOS ICOSLG","Efremova et al. 2020 (CellphoneDB)","23954143,","HGNC:5351","plasma membrane","HGNC:17087","HGNC:5351 HGNC:17087",""
"1186","ICOSLG","ICOS","ICOSLG ICOS","Noël et al. 2020 (ICELLNET)","14599850, 23954143,","HGNC:17087","plasma membrane","HGNC:5351","HGNC:17087 HGNC:5351",""
"1187","IFNA1","IFNAR1","IFNA1 IFNAR1","Ramilowski_2015_Literature_supported","11698684,7932753,","HGNC:5417","secreted","HGNC:5432","HGNC:5417 HGNC:5432",""
"1188","IFNA1","IFNAR2","IFNA1 IFNAR2","Ramilowski_2015_Literature_supported","11698684,","HGNC:5417","secreted","HGNC:5433","HGNC:5417 HGNC:5433",""
"1189","IFNA10","IFNAR1","IFNA10 IFNAR1","Ramilowski_2015_Literature_supported","21856167,","HGNC:5418","secreted","HGNC:5432","HGNC:5418 HGNC:5432",""
"1190","IFNA10","IFNAR2","IFNA10 IFNAR2","Ramilowski_2015_Literature_supported","21856167,","HGNC:5418","secreted","HGNC:5433","HGNC:5418 HGNC:5433",""
"1191","IFNA13","IFNAR1","IFNA13 IFNAR1","Ramilowski_2015_Literature_supported","21856167,","HGNC:5419","secreted","HGNC:5432","HGNC:5419 HGNC:5432",""
"1192","IFNA13","IFNAR2","IFNA13 IFNAR2","Ramilowski_2015_Literature_supported","21856167,","HGNC:5419","secreted","HGNC:5433","HGNC:5419 HGNC:5433",""
"1193","IFNA14","IFNAR1","IFNA14 IFNAR1","Ramilowski_2015_Literature_supported","21856167,","HGNC:5420","secreted","HGNC:5432","HGNC:5420 HGNC:5432",""
"1194","IFNA14","IFNAR2","IFNA14 IFNAR2","Ramilowski_2015_Literature_supported","21856167,","HGNC:5420","secreted","HGNC:5433","HGNC:5420 HGNC:5433",""
"1195","IFNA16","IFNAR1","IFNA16 IFNAR1","Ramilowski_2015_Literature_supported","21856167,","HGNC:5421","secreted","HGNC:5432","HGNC:5421 HGNC:5432",""
"1196","IFNA16","IFNAR2","IFNA16 IFNAR2","Ramilowski_2015_Literature_supported","21856167,","HGNC:5421","secreted","HGNC:5433","HGNC:5421 HGNC:5433",""
"1197","IFNA17","IFNAR1","IFNA17 IFNAR1","Ramilowski_2015_Literature_supported","21856167,","HGNC:5422","secreted","HGNC:5432","HGNC:5422 HGNC:5432",""
"1198","IFNA17","IFNAR2","IFNA17 IFNAR2","Ramilowski_2015_Literature_supported","21856167,","HGNC:5422","secreted","HGNC:5433","HGNC:5422 HGNC:5433",""
"1199","IFNA2","IFNAR1","IFNA2 IFNAR1","Ramilowski_2015_Literature_supported","1834641,","HGNC:5423","secreted","HGNC:5432","HGNC:5423 HGNC:5432",""
"1200","IFNA2","IFNAR2","IFNA2 IFNAR2","Ramilowski_2015_Literature_supported","10339405, 11888273,","HGNC:5423","secreted","HGNC:5433","HGNC:5423 HGNC:5433",""
"1201","IFNA21","IFNAR1","IFNA21 IFNAR1","Ramilowski_2015_Literature_supported","21856167,","HGNC:5424","secreted","HGNC:5432","HGNC:5424 HGNC:5432",""
"1202","IFNA21","IFNAR2","IFNA21 IFNAR2","Ramilowski_2015_Literature_supported","21856167,","HGNC:5424","secreted","HGNC:5433","HGNC:5424 HGNC:5433",""
"1203","IFNA4","IFNAR1","IFNA4 IFNAR1","Ramilowski_2015_Literature_supported","21856167,","HGNC:5425","secreted","HGNC:5432","HGNC:5425 HGNC:5432",""
"1204","IFNA4","IFNAR2","IFNA4 IFNAR2","Ramilowski_2015_Literature_supported","21856167,","HGNC:5425","secreted","HGNC:5433","HGNC:5425 HGNC:5433",""
"1205","IFNA5","IFNAR1","IFNA5 IFNAR1","Ramilowski_2015_Literature_supported","21856167,","HGNC:5426","secreted","HGNC:5432","HGNC:5426 HGNC:5432",""
"1206","IFNA5","IFNAR2","IFNA5 IFNAR2","Ramilowski_2015_Literature_supported","10395669,","HGNC:5426","secreted","HGNC:5433","HGNC:5426 HGNC:5433",""
"1207","IFNA6","IFNAR1","IFNA6 IFNAR1","Ramilowski_2015_Literature_supported","21856167,","HGNC:5427","secreted","HGNC:5432","HGNC:5427 HGNC:5432",""
"1208","IFNA6","IFNAR2","IFNA6 IFNAR2","Ramilowski_2015_Literature_supported","21856167,","HGNC:5427","secreted","HGNC:5433","HGNC:5427 HGNC:5433",""
"1209","IFNA7","IFNAR1","IFNA7 IFNAR1","Ramilowski_2015_Literature_supported","21856167,","HGNC:5428","secreted","HGNC:5432","HGNC:5428 HGNC:5432",""
"1210","IFNA7","IFNAR2","IFNA7 IFNAR2","Ramilowski_2015_Literature_supported","21856167,","HGNC:5428","secreted","HGNC:5433","HGNC:5428 HGNC:5433",""
"1211","IFNA8","IFNAR1","IFNA8 IFNAR1","Ramilowski_2015_Literature_supported","21856167,","HGNC:5429","secreted","HGNC:5432","HGNC:5429 HGNC:5432",""
"1212","IFNA8","IFNAR2","IFNA8 IFNAR2","Ramilowski_2015_Literature_supported","8969169,","HGNC:5429","secreted","HGNC:5433","HGNC:5429 HGNC:5433",""
"1213","IFNB1","IFNAR1","IFNB1 IFNAR1","Ramilowski_2015_Literature_supported","11278538,1834641,","HGNC:5434","secreted","HGNC:5432","HGNC:5434 HGNC:5432",""
"1214","IFNB1","IFNAR2","IFNB1 IFNAR2","Ramilowski_2015_Literature_supported","11278538,10395669,","HGNC:5434","secreted","HGNC:5433","HGNC:5434 HGNC:5433",""
"1215","IFNE","IFNAR1","IFNE IFNAR1","Hou et al. 2020 (this publication)","22410872,","HGNC:18163","secreted","HGNC:5432","HGNC:18163 HGNC:5432",""
"1216","IFNE","IFNAR2","IFNE IFNAR2","Hou et al. 2020 (this publication)","22410872,","HGNC:18163","secreted","HGNC:5433","HGNC:18163 HGNC:5433",""
"1217","IFNG","IFNGR1","IFNG IFNGR1","Ramilowski_2015_Literature_supported","10811850,12165521, 10986460, 11250200,","HGNC:5438","secreted","HGNC:5439","HGNC:5438 HGNC:5439",""
"1218","IFNG","IFNGR2","IFNG IFNGR2","Ramilowski_2015_Literature_supported","10811850,7673114,","HGNC:5438","secreted","HGNC:5440","HGNC:5438 HGNC:5440",""
"1219","IFNK","IFNAR1","IFNK IFNAR1","Hou et al. 2020 (this publication)","22410872,","HGNC:21714","secreted","HGNC:5432","HGNC:21714 HGNC:5432",""
"1220","IFNK","IFNAR2","IFNK IFNAR2","Hou et al. 2020 (this publication)","22410872,","HGNC:21714","secreted","HGNC:5433","HGNC:21714 HGNC:5433",""
"1221","IFNL1","IFNLR1","IFNL1 IFNLR1","Ramilowski_2015_Literature_supported","12974481,12469119,","HGNC:18363","secreted","HGNC:18584","HGNC:18363 HGNC:18584",""
"1222","IFNL1","IL10RB","IFNL1 IL10RB","Ramilowski_2015_Literature_supported","12974481,","HGNC:18363","secreted","HGNC:5965","HGNC:18363 HGNC:5965",""
"1223","IFNL2","IFNLR1","IFNL2 IFNLR1","Ramilowski_2015_Literature_supported","12974481,12469119,","HGNC:18364","secreted","HGNC:18584","HGNC:18364 HGNC:18584",""
"1224","IFNL2","IL10RB","IFNL2 IL10RB","Ramilowski_2015_Literature_supported","12974481,12469119,","HGNC:18364","secreted","HGNC:5965","HGNC:18364 HGNC:5965",""
"1225","IFNL3","IFNLR1","IFNL3 IFNLR1","Ramilowski_2015_Literature_supported","12974481,","HGNC:18365","secreted","HGNC:18584","HGNC:18365 HGNC:18584",""
"1226","IFNL3","IL10RB","IFNL3 IL10RB","Ramilowski_2015_Literature_supported","12974481,12469119,","HGNC:18365","secreted","HGNC:5965","HGNC:18365 HGNC:5965",""
"1227","IFNL4","IFNLR1","IFNL4 IFNLR1","Hou et al. 2020 (this publication)","26134097,","HGNC:44480","secreted","HGNC:18584","HGNC:44480 HGNC:18584",""
"1228","IFNL4","IL10RB","IFNL4 IL10RB","Hou et al. 2020 (this publication)","26134097,","HGNC:44480","secreted","HGNC:5965","HGNC:44480 HGNC:5965",""
"1229","IFNW1","IFNAR1","IFNW1 IFNAR1","Ramilowski_2015_Literature_supported","11278538,1834641,","HGNC:5448","secreted","HGNC:5432","HGNC:5448 HGNC:5432",""
"1230","IFNW1","IFNAR2","IFNW1 IFNAR2","Ramilowski_2015_Literature_supported","11278538,","HGNC:5448","secreted","HGNC:5433","HGNC:5448 HGNC:5433",""
"1231","IGF1","IGF1R","IGF1 IGF1R","Ramilowski_2015_Literature_supported","2877871,1852007,","HGNC:5464","secreted","HGNC:5465","HGNC:5464 HGNC:5465","CellphoneDB_flipped"
"1232","IGF2","IGF1R","IGF2 IGF1R","Ramilowski_2015_Literature_supported","9972281,","HGNC:5466","secreted","HGNC:5465","HGNC:5466 HGNC:5465","CellphoneDB_flipped"
"1233","IGF2","IGF2R","IGF2 IGF2R","Ramilowski_2015_Literature_supported","2964083,7797478, 9722981,","HGNC:5466","secreted","HGNC:5467","HGNC:5466 HGNC:5467","CellphoneDB"
"1234","IGF2","INSR","IGF2 INSR","Ramilowski_2015_Literature_supported","9281335,9722981,","HGNC:5466","secreted","HGNC:6091","HGNC:5466 HGNC:6091",""
"1235","IGFBP4","FZD8","IGFBP4 FZD8","Ramilowski_2015_Literature_supported","18528331,","HGNC:5473","secreted","HGNC:4046","HGNC:5473 HGNC:4046",""
"1236","IGFBP4","LRP6","IGFBP4 LRP6","Ramilowski_2015_Literature_supported","18528331,","HGNC:5473","secreted","HGNC:6698","HGNC:5473 HGNC:6698",""
"1237","IGFL1","IGFLR1","IGFL1 IGFLR1","Ramilowski_2015_Literature_supported","21454693,","HGNC:24093","secreted","HGNC:23620","HGNC:24093 HGNC:23620","CellphoneDB_flipped"
"1238","IGFL2","IGFLR1","IGFL2 IGFLR1","Ramilowski_2015_Literature_supported","21454693,","HGNC:32929","secreted","HGNC:23620","HGNC:32929 HGNC:23620","CellphoneDB"
"1239","IGFL3","IGFLR1","IGFL3 IGFLR1","Ramilowski_2015_Literature_supported","21454693,","HGNC:32930","secreted","HGNC:23620","HGNC:32930 HGNC:23620","CellphoneDB"
"1240","IGSF11","VSIR","IGSF11 VSIR","Hou et al. 2020 (this publication)","30220083,","HGNC:16669","plasma membrane","HGNC:30085","HGNC:16669 HGNC:30085",""
"1241","IHH","BOC","IHH BOC","Ramilowski_2015_Literature_supported","20519495,","HGNC:5956","secreted","HGNC:17173","HGNC:5956 HGNC:17173",""
"1242","IHH","CDON","IHH CDON","Ramilowski_2015_Literature_supported","20519495,","HGNC:5956","secreted","HGNC:17104","HGNC:5956 HGNC:17104",""
"1243","IHH","HHIP","IHH HHIP","Ramilowski_2015_Literature_supported","10050855,10050855, 11435703,","HGNC:5956","secreted","HGNC:14866","HGNC:5956 HGNC:14866",""
"1244","IHH","PTCH1","IHH PTCH1","Ramilowski_2015_Literature_supported","11562786,9811851,","HGNC:5956","secreted","HGNC:9585","HGNC:5956 HGNC:9585",""
"1245","IHH","PTCH2","IHH PTCH2","Ramilowski_2015_Literature_supported","9811851,","HGNC:5956","secreted","HGNC:9586","HGNC:5956 HGNC:9586",""
"1246","IL10","IL10RA","IL10 IL10RA","Ramilowski_2015_Literature_supported","12974481,11485736, 8248239, 8897595, 11717514, 10231374, 7759550,","HGNC:5962","secreted","HGNC:5964","HGNC:5962 HGNC:5964",""
"1247","IL10","IL10RB","IL10 IL10RB","Ramilowski_2015_Literature_supported","12974481,11485736, 9312047,","HGNC:5962","secreted","HGNC:5965","HGNC:5962 HGNC:5965",""
"1248","IL11","IL11RA","IL11 IL11RA","Ramilowski_2015_Literature_supported","10948192,7670098, 10504396,","HGNC:5966","secreted","HGNC:5967","HGNC:5966 HGNC:5967",""
"1249","IL11","IL6ST","IL11 IL6ST","Ramilowski_2015_Literature_supported","10948192,","HGNC:5966","secreted","HGNC:6021","HGNC:5966 HGNC:6021",""
"1250","IL12A","IL12RB1","IL12A IL12RB1","Ramilowski_2015_Literature_supported","11086056,","HGNC:5969","secreted","HGNC:5971","HGNC:5969 HGNC:5971",""
"1251","IL12A","IL12RB2","IL12A IL12RB2","Ramilowski_2015_Literature_supported","943050,","HGNC:5969","secreted","HGNC:5972","HGNC:5969 HGNC:5972",""
"1252","IL12B","IL12RB1","IL12B IL12RB1","Ramilowski_2015_Literature_supported","7843232, 7527811,","HGNC:5970","secreted","HGNC:5971","HGNC:5970 HGNC:5971",""
"1253","IL12B","IL12RB2","IL12B IL12RB2","Ramilowski_2015_Literature_supported","11086056,11940489,","HGNC:5970","secreted","HGNC:5972","HGNC:5970 HGNC:5972",""
"1254","IL12B","IL23R","IL12B IL23R","Ramilowski_2015_Literature_supported","17587057,","HGNC:5970","secreted","HGNC:19100","HGNC:5970 HGNC:19100",""
"1255","IL13","IL13RA1","IL13 IL13RA1","Ramilowski_2015_Literature_supported","12704343,11278629,","HGNC:5973","secreted","HGNC:5974","HGNC:5973 HGNC:5974",""
"1256","IL13","IL13RA2","IL13 IL13RA2","Ramilowski_2015_Literature_supported","12704343,11003391,","HGNC:5973","secreted","HGNC:5975","HGNC:5973 HGNC:5975","CellphoneDB"
"1257","IL13","IL2RG","IL13 IL2RG","Ramilowski_2015_Literature_supported","8920992,","HGNC:5973","secreted","HGNC:6010","HGNC:5973 HGNC:6010",""
"1258","IL13","IL4R","IL13 IL4R","Ramilowski_2015_Literature_supported","12704343,11709756,","HGNC:5973","secreted","HGNC:6015","HGNC:5973 HGNC:6015",""
"1259","IL15","IL15RA","IL15 IL15RA","Ramilowski_2015_Literature_supported","15265897,7641685, 16284400,","HGNC:5977","secreted","HGNC:5978","HGNC:5977 HGNC:5978","CellphoneDB"
"1260","IL15","IL2RA","IL15 IL2RA","Ramilowski_2015_Literature_supported","8734356,","HGNC:5977","secreted","HGNC:6008","HGNC:5977 HGNC:6008",""
"1261","IL15","IL2RB","IL15 IL2RB","Ramilowski_2015_Literature_supported","15265897,8026467, 9176231,","HGNC:5977","secreted","HGNC:6009","HGNC:5977 HGNC:6009",""
"1262","IL15","IL2RG","IL15 IL2RG","Ramilowski_2015_Literature_supported","15265897,8568232,","HGNC:5977","secreted","HGNC:6010","HGNC:5977 HGNC:6010",""
"1263","IL16","CD4","IL16 CD4","Ramilowski_2015_Literature_supported","1851800, 7910967,","HGNC:5980","secreted","HGNC:1678","HGNC:5980 HGNC:1678",""
"1264","IL16","GRIN2D","IL16 GRIN2D","Ramilowski_2015_Literature_supported","10479680,","HGNC:5980","secreted","HGNC:4588","HGNC:5980 HGNC:4588",""
"1265","IL16","KCNJ10","IL16 KCNJ10","Ramilowski_2015_Literature_supported","10479680,","HGNC:5980","secreted","HGNC:6256","HGNC:5980 HGNC:6256",""
"1266","IL16","KCNJ15","IL16 KCNJ15","Ramilowski_2015_Literature_supported","10479680,","HGNC:5980","secreted","HGNC:6261","HGNC:5980 HGNC:6261",""
"1267","IL17A","IL17RA","IL17A IL17RA","Ramilowski_2015_Literature_supported","9367539,9367539,","HGNC:5981","secreted","HGNC:5985","HGNC:5981 HGNC:5985",""
"1268","IL17A","IL17RC","IL17A IL17RC","Ramilowski_2015_Literature_supported","18684971,","HGNC:5981","secreted","HGNC:18358","HGNC:5981 HGNC:18358",""
"1269","IL17B","IL17RB","IL17B IL17RB","Ramilowski_2015_Literature_supported","10749887,10749887,","HGNC:5982","secreted","HGNC:18015","HGNC:5982 HGNC:18015",""
"1270","IL17C","IL17RA","IL17C IL17RA","Hou et al. 2020 (this publication)","21993848,","HGNC:5983","secreted","HGNC:5985","HGNC:5983 HGNC:5985",""
"1271","IL17C","IL17RE","IL17C IL17RE","Hou et al. 2020 (this publication)","21993848,","HGNC:5983","secreted","HGNC:18439","HGNC:5983 HGNC:18439",""
"1272","IL17F","IL17RA","IL17F IL17RA","Ramilowski_2015_Literature_supported","18684971,","HGNC:16404","secreted","HGNC:5985","HGNC:16404 HGNC:5985",""
"1273","IL18","IL18R1","IL18 IL18R1","Ramilowski_2015_Literature_supported","9325300,9325300,","HGNC:5986","secreted","HGNC:5988","HGNC:5986 HGNC:5988",""
"1274","IL18","IL18RAP","IL18 IL18RAP","Ramilowski_2015_Literature_supported","9792649,","HGNC:5986","secreted","HGNC:5989","HGNC:5986 HGNC:5989",""
"1275","IL18","IL1RAPL1","IL18 IL1RAPL1","Ramilowski_2015_Literature_supported","9325300,","HGNC:5986","secreted","HGNC:5996","HGNC:5986 HGNC:5996",""
"1276","IL19","IL20RA","IL19 IL20RA","Ramilowski_2015_Literature_supported","12974481,11564763,","HGNC:5990","secreted","HGNC:6003","HGNC:5990 HGNC:6003",""
"1277","IL19","IL20RB","IL19 IL20RB","Ramilowski_2015_Literature_supported","12974481,","HGNC:5990","secreted","HGNC:6004","HGNC:5990 HGNC:6004",""
"1278","IL1A","IL1R1","IL1A IL1R1","Ramilowski_2015_Literature_supported","2946959,2946959,","HGNC:5991","secreted","HGNC:5993","HGNC:5991 HGNC:5993",""
"1279","IL1A","IL1R2","IL1A IL1R2","Ramilowski_2015_Literature_supported","7878046,7878046,","HGNC:5991","secreted","HGNC:5994","HGNC:5991 HGNC:5994",""
"1280","IL1A","IL1RAP","IL1A IL1RAP","Ramilowski_2015_Literature_supported","9820540,","HGNC:5991","secreted","HGNC:5995","HGNC:5991 HGNC:5995",""
"1281","IL1B","IL1R1","IL1B IL1R1","Ramilowski_2015_Literature_supported","62193, 9820540,9062193,","HGNC:5992","secreted","HGNC:5993","HGNC:5992 HGNC:5993",""
"1282","IL1B","IL1R2","IL1B IL1R2","Ramilowski_2015_Literature_supported","8332913,7878046,","HGNC:5992","secreted","HGNC:5994","HGNC:5992 HGNC:5994",""
"1283","IL1B","IL1RAP","IL1B IL1RAP","Ramilowski_2015_Literature_supported","9820540,9820540,","HGNC:5992","secreted","HGNC:5995","HGNC:5992 HGNC:5995",""
"1284","IL1F10","IL1R1","IL1F10 IL1R1","Ramilowski_2015_Literature_supported","11278614,","HGNC:15552","secreted","HGNC:5993","HGNC:15552 HGNC:5993",""
"1285","IL1RAPL1","PTPRD","IL1RAPL1 PTPRD","Hou et al. 2020 (this publication)","23345436,","HGNC:5996","plasma membrane","HGNC:9668","HGNC:5996 HGNC:9668",""
"1286","IL1RAPL1","PTPRF","IL1RAPL1 PTPRF","Hou et al. 2020 (this publication)","23345436,","HGNC:5996","plasma membrane","HGNC:9670","HGNC:5996 HGNC:9670",""
"1287","IL1RAPL1","PTPRS","IL1RAPL1 PTPRS","Hou et al. 2020 (this publication)","23345436,","HGNC:5996","plasma membrane","HGNC:9681","HGNC:5996 HGNC:9681",""
"1288","IL1RN","IL1R1","IL1RN IL1R1","Ramilowski_2015_Literature_supported","9062194,","HGNC:6000","secreted","HGNC:5993","HGNC:6000 HGNC:5993",""
"1289","IL1RN","IL1R2","IL1RN IL1R2","Ramilowski_2015_Literature_supported","1834644,","HGNC:6000","secreted","HGNC:5994","HGNC:6000 HGNC:5994",""
"1290","IL2","CD53","IL2 CD53","Ramilowski_2015_Literature_supported","7963560,","HGNC:6001","secreted","HGNC:1686","HGNC:6001 HGNC:1686",""
"1291","IL2","IL2RA","IL2 IL2RA","Ramilowski_2015_Literature_supported","15265897,1993646,","HGNC:6001","secreted","HGNC:6008","HGNC:6001 HGNC:6008",""
"1292","IL2","IL2RB","IL2 IL2RB","Ramilowski_2015_Literature_supported","15265897,11035066, 8049354,","HGNC:6001","secreted","HGNC:6009","HGNC:6001 HGNC:6009",""
"1293","IL2","IL2RG","IL2 IL2RG","Ramilowski_2015_Literature_supported","15265897,10662798, 8049354,","HGNC:6001","secreted","HGNC:6010","HGNC:6001 HGNC:6010",""
"1294","IL20","IL20RA","IL20 IL20RA","Ramilowski_2015_Literature_supported","12974481,11163236, 12351624, 14580208,","HGNC:6002","secreted","HGNC:6003","HGNC:6002 HGNC:6003",""
"1295","IL20","IL20RB","IL20 IL20RB","Ramilowski_2015_Literature_supported","12974481,11163236, 12351624, 14580208,","HGNC:6002","secreted","HGNC:6004","HGNC:6002 HGNC:6004",""
"1296","IL20","IL22RA1","IL20 IL22RA1","Ramilowski_2015_Literature_supported","12974481,","HGNC:6002","secreted","HGNC:13700","HGNC:6002 HGNC:13700",""
"1297","IL21","IL21R","IL21 IL21R","Ramilowski_2015_Literature_supported","11418623,11418623,","HGNC:6005","secreted","HGNC:6006","HGNC:6005 HGNC:6006",""
"1298","IL21","IL2RG","IL21 IL2RG","Ramilowski_2015_Literature_supported","11418623,","HGNC:6005","secreted","HGNC:6010","HGNC:6005 HGNC:6010",""
"1299","IL22","IL10RA","IL22 IL10RA","Ramilowski_2015_Literature_supported","58985,","HGNC:14900","secreted","HGNC:5964","HGNC:14900 HGNC:5964",""
"1300","IL22","IL10RB","IL22 IL10RB","Ramilowski_2015_Literature_supported","10875937,","HGNC:14900","secreted","HGNC:5965","HGNC:14900 HGNC:5965",""
"1301","IL22","IL22RA1","IL22 IL22RA1","Ramilowski_2015_Literature_supported","58985,11035029,","HGNC:14900","secreted","HGNC:13700","HGNC:14900 HGNC:13700",""
"1302","IL22","IL22RA2","IL22 IL22RA2","Ramilowski_2015_Literature_supported","11390453,11390453,","HGNC:14900","secreted","HGNC:14901","HGNC:14900 HGNC:14901",""
"1303","IL23A","IL12RB1","IL23A IL12RB1","Ramilowski_2015_Literature_supported","12023369,11114383, 12023369, 12671732,","HGNC:15488","secreted","HGNC:5971","HGNC:15488 HGNC:5971",""
"1304","IL23A","IL23R","IL23A IL23R","Ramilowski_2015_Literature_supported","12023369,12023369,","HGNC:15488","secreted","HGNC:19100","HGNC:15488 HGNC:19100",""
"1305","IL24","IL20RA","IL24 IL20RA","Ramilowski_2015_Literature_supported","12974481,11706020,","HGNC:11346","secreted","HGNC:6003","HGNC:11346 HGNC:6003",""
"1306","IL24","IL20RB","IL24 IL20RB","Ramilowski_2015_Literature_supported","12974481,","HGNC:11346","secreted","HGNC:6004","HGNC:11346 HGNC:6004",""
"1307","IL24","IL22RA1","IL24 IL22RA1","Ramilowski_2015_Literature_supported","12974481,","HGNC:11346","secreted","HGNC:13700","HGNC:11346 HGNC:13700",""
"1308","IL25","IL17RB","IL25 IL17RB","Ramilowski_2015_Literature_supported","11058597,11058597,","HGNC:13765","secreted","HGNC:18015","HGNC:13765 HGNC:18015",""
"1309","IL26","IL20RA","IL26 IL20RA","Noël et al. 2020 (ICELLNET)","14764663,","HGNC:17119","secreted","HGNC:6003","HGNC:17119 HGNC:6003",""
"1310","IL26","IL20RB","IL26 IL20RB","Noël et al. 2020 (ICELLNET)","14764663,","HGNC:17119","secreted","HGNC:6004","HGNC:17119 HGNC:6004",""
"1311","IL27","IL27RA","IL27 IL27RA","Ramilowski_2015_Literature_supported","12121660,","HGNC:19157","secreted","HGNC:17290","HGNC:19157 HGNC:17290",""
"1312","IL3","CSF2RB","IL3 CSF2RB","Ramilowski_2015_Literature_supported","11700046,9278420,","HGNC:6011","secreted","HGNC:2436","HGNC:6011 HGNC:2436",""
"1313","IL3","IL3RA","IL3 IL3RA","Ramilowski_2015_Literature_supported","11700046,9278420, 8649415,","HGNC:6011","secreted","HGNC:6012","HGNC:6011 HGNC:6012",""
"1314","IL31","IL31RA","IL31 IL31RA","Ramilowski_2015_Literature_supported","15184896,","HGNC:19372","secreted","HGNC:18969","HGNC:19372 HGNC:18969",""
"1315","IL31","OSMR","IL31 OSMR","Ramilowski_2015_Literature_supported","15184896,","HGNC:19372","secreted","HGNC:8507","HGNC:19372 HGNC:8507",""
"1316","IL32","ITGB3","IL32 ITGB3","Hou et al. 2020 (this publication)","30391782,","HGNC:16830","secreted","HGNC:6156","HGNC:16830 HGNC:6156",""
"1317","IL33","IL1RL1","IL33 IL1RL1","Hou et al. 2020 (this publication)","20926795, 16286016, 19996325, 29763370,","HGNC:16028","secreted","HGNC:5998","HGNC:16028 HGNC:5998",""
"1318","IL34","CSF1R","IL34 CSF1R","Ramilowski_2015_Literature_supported","22729249,","HGNC:28529","secreted","HGNC:2433","HGNC:28529 HGNC:2433","CellphoneDB"
"1319","IL34","PTPRZ1","IL34 PTPRZ1","Hou et al. 2020 (this publication)","23744080,","HGNC:28529","secreted","HGNC:9685","HGNC:28529 HGNC:9685",""
"1320","IL36A","IL1RL2","IL36A IL1RL2","Hou et al. 2020 (this publication)","30452921,","HGNC:15562","secreted","HGNC:5999","HGNC:15562 HGNC:5999",""
"1321","IL36RN","IL1RL2","IL36RN IL1RL2","Hou et al. 2020 (this publication)","20081871,","HGNC:15561","secreted","HGNC:5999","HGNC:15561 HGNC:5999",""
"1322","IL4","CD53","IL4 CD53","Ramilowski_2015_Literature_supported","7963560,","HGNC:6014","secreted","HGNC:1686","HGNC:6014 HGNC:1686",""
"1323","IL4","IL13RA1","IL4 IL13RA1","Ramilowski_2015_Literature_supported","10641437,","HGNC:6014","secreted","HGNC:5974","HGNC:6014 HGNC:5974",""
"1324","IL4","IL13RA2","IL4 IL13RA2","Ramilowski_2015_Literature_supported","9130652,","HGNC:6014","secreted","HGNC:5975","HGNC:6014 HGNC:5975",""
"1325","IL4","IL2RG","IL4 IL2RG","Ramilowski_2015_Literature_supported","7918378,8266078,","HGNC:6014","secreted","HGNC:6010","HGNC:6014 HGNC:6010",""
"1326","IL4","IL4R","IL4 IL4R","Ramilowski_2015_Literature_supported","7918378,11786020,","HGNC:6014","secreted","HGNC:6015","HGNC:6014 HGNC:6015",""
"1327","IL5","CSF2RB","IL5 CSF2RB","Ramilowski_2015_Literature_supported","11748263,","HGNC:6016","secreted","HGNC:2436","HGNC:6016 HGNC:2436",""
"1328","IL5","IL5RA","IL5 IL5RA","Ramilowski_2015_Literature_supported","11748263,1732409, 7721873, 10880230,","HGNC:6016","secreted","HGNC:6017","HGNC:6016 HGNC:6017",""
"1329","IL6","IL6R","IL6 IL6R","Ramilowski_2015_Literature_supported","3136546,14557255, 12829785,","HGNC:6018","secreted","HGNC:6019","HGNC:6018 HGNC:6019",""
"1330","IL6","IL6ST","IL6 IL6ST","Ramilowski_2015_Literature_supported","8293462, 3136546,14557255,","HGNC:6018","secreted","HGNC:6021","HGNC:6018 HGNC:6021",""
"1331","IL7","IL2RG","IL7 IL2RG","Ramilowski_2015_Literature_supported","7522165,11858939, 9010926,","HGNC:6023","secreted","HGNC:6010","HGNC:6023 HGNC:6010",""
"1332","IL7","IL7R","IL7 IL7R","Ramilowski_2015_Literature_supported","7522165,11858939, 10390077,","HGNC:6023","secreted","HGNC:6024","HGNC:6023 HGNC:6024",""
"1333","IL9","IL2RG","IL9 IL2RG","Ramilowski_2015_Literature_supported","9535918,","HGNC:6029","secreted","HGNC:6010","HGNC:6029 HGNC:6010",""
"1334","IL9","IL9R","IL9 IL9R","Ramilowski_2015_Literature_supported","9535918,11588013,","HGNC:6029","secreted","HGNC:6030","HGNC:6029 HGNC:6030",""
"1335","INHA","ACVR2A","INHA ACVR2A","Ramilowski_2015_Literature_supported","12493742,","HGNC:6065","secreted","HGNC:173","HGNC:6065 HGNC:173",""
"1336","INHA","TGFBR3","INHA TGFBR3","Ramilowski_2015_Literature_supported","12493742,10746731,","HGNC:6065","secreted","HGNC:11774","HGNC:6065 HGNC:11774",""
"1337","INHBA","ACVR1","INHBA ACVR1","Ramilowski_2015_Literature_supported","11266516,","HGNC:6066","secreted","HGNC:171","HGNC:6066 HGNC:171",""
"1338","INHBA","ACVR1B","INHBA ACVR1B","Ramilowski_2015_Literature_supported","8167568,8397373,","HGNC:6066","secreted","HGNC:172","HGNC:6066 HGNC:172",""
"1339","INHBA","ACVR1C","INHBA ACVR1C","Hou et al. 2020 (this publication)","15196700,","HGNC:6066","secreted","HGNC:18123","HGNC:6066 HGNC:18123",""
"1340","INHBA","ACVR2A","INHBA ACVR2A","Ramilowski_2015_Literature_supported","12466190,11266516,","HGNC:6066","secreted","HGNC:173","HGNC:6066 HGNC:173",""
"1341","INHBA","ACVR2B","INHBA ACVR2B","Ramilowski_2015_Literature_supported","9202237,","HGNC:6066","secreted","HGNC:174","HGNC:6066 HGNC:174",""
"1342","INHBA","BAMBI","INHBA BAMBI","Ramilowski_2015_Literature_supported","10918299,","HGNC:6066","secreted","HGNC:30251","HGNC:6066 HGNC:30251",""
"1343","INHBA","ENG","INHBA ENG","Ramilowski_2015_Literature_supported","9872992,","HGNC:6066","secreted","HGNC:3349","HGNC:6066 HGNC:3349",""
"1344","INHBA","TGFBR3","INHBA TGFBR3","Ramilowski_2015_Literature_supported","10746731,","HGNC:6066","secreted","HGNC:11774","HGNC:6066 HGNC:11774",""
"1345","INHBB","ACVR1","INHBB ACVR1","Ramilowski_2015_Literature_supported","11266516,","HGNC:6067","secreted","HGNC:171","HGNC:6067 HGNC:171",""
"1346","INHBB","ACVR1B","INHBB ACVR1B","Ramilowski_2015_Literature_supported","11266516, 15196700,","HGNC:6067","secreted","HGNC:172","HGNC:6067 HGNC:172",""
"1347","INHBB","ACVR1C","INHBB ACVR1C","Ramilowski_2015_Literature_supported","15196700,","HGNC:6067","secreted","HGNC:18123","HGNC:6067 HGNC:18123",""
"1348","INHBB","ACVR2A","INHBB ACVR2A","Ramilowski_2015_Literature_supported","12466190,11266516,","HGNC:6067","secreted","HGNC:173","HGNC:6067 HGNC:173",""
"1349","INHBB","ACVR2B","INHBB ACVR2B","Ramilowski_2015_Literature_supported","9202237,","HGNC:6067","secreted","HGNC:174","HGNC:6067 HGNC:174",""
"1350","INHBB","CFC1","INHBB CFC1","Hou et al. 2020 (this publication)","28126904,","HGNC:6067","secreted","HGNC:18292","HGNC:6067 HGNC:18292",""
"1351","INHBB","CFC1B","INHBB CFC1B","Hou et al. 2020 (this publication)","28126904,","HGNC:6067","secreted","HGNC:33983","HGNC:6067 HGNC:33983",""
"1352","INHBC","ACVR2A","INHBC ACVR2A","Ramilowski_2015_Literature_supported","12651901,","HGNC:6068","secreted","HGNC:173","HGNC:6068 HGNC:173","CellphoneDB_flipped"
"1353","INHBC","ACVR2B","INHBC ACVR2B","Ramilowski_2015_Literature_supported","12651901,","HGNC:6068","secreted","HGNC:174","HGNC:6068 HGNC:174","CellphoneDB_flipped"
"1354","INS","IGF1R","INS IGF1R","Ramilowski_2015_Literature_supported","1851182,","HGNC:6081","secreted","HGNC:5465","HGNC:6081 HGNC:5465",""
"1355","INS","INSR","INS INSR","Ramilowski_2015_Literature_supported","2550426,2550426,","HGNC:6081","secreted","HGNC:6091","HGNC:6081 HGNC:6091","CellphoneDB_flipped"
"1356","INS","LRP2","INS LRP2","Ramilowski_2015_Literature_supported","9773776,","HGNC:6081","secreted","HGNC:6694","HGNC:6081 HGNC:6694",""
"1357","INSL3","RXFP2","INSL3 RXFP2","Ramilowski_2015_Literature_supported","12114498,15649866, 20560146,12114498, 15649866,","HGNC:6086","secreted","HGNC:17318","HGNC:6086 HGNC:17318","CellphoneDB"
"1358","INSL5","RXFP3","INSL5 RXFP3","Ramilowski_2015_Literature_supported","15525639,","HGNC:6088","secreted","HGNC:24883","HGNC:6088 HGNC:24883","CellphoneDB"
"1359","INSL5","RXFP4","INSL5 RXFP4","Ramilowski_2015_Literature_supported","15465925,15525639,","HGNC:6088","secreted","HGNC:14666","HGNC:6088 HGNC:14666","CellphoneDB"
"1360","ITGAV","THY1","ITGAV THY1","Cabello-Aguilar et al. 2020 (SingleCellSignalR)","18346467,","HGNC:6150","plasma membrane","HGNC:11801","HGNC:6150 HGNC:11801",""
"1361","ITGB2","THY1","ITGB2 THY1","Cabello-Aguilar et al. 2020 (SingleCellSignalR)","18346467,","HGNC:6155","plasma membrane","HGNC:11801","HGNC:6155 HGNC:11801",""
"1362","JAG1","CD46","JAG1 CD46","Efremova et al. 2020 (CellphoneDB)","23086448,","HGNC:6188","plasma membrane","HGNC:6953","HGNC:6188 HGNC:6953",""
"1363","JAG1","NOTCH1","JAG1 NOTCH1","Ramilowski_2015_Literature_supported","7697721,11006133,","HGNC:6188","plasma membrane","HGNC:7881","HGNC:6188 HGNC:7881","CellphoneDB"
"1364","JAG1","NOTCH2","JAG1 NOTCH2","Ramilowski_2015_Literature_supported","10551863,10551863, 10958687,","HGNC:6188","plasma membrane","HGNC:7882","HGNC:6188 HGNC:7882","CellphoneDB"
"1365","JAG1","NOTCH3","JAG1 NOTCH3","Ramilowski_2015_Literature_supported","11006133,14714274, 12482954,","HGNC:6188","plasma membrane","HGNC:7883","HGNC:6188 HGNC:7883","CellphoneDB"
"1366","JAG1","NOTCH4","JAG1 NOTCH4","Ramilowski_2015_Literature_supported","24563863,","HGNC:6188","plasma membrane","HGNC:7884","HGNC:6188 HGNC:7884","CellphoneDB"
"1367","JAG2","NOTCH1","JAG2 NOTCH1","Ramilowski_2015_Literature_supported","11006133,11006133,","HGNC:6189","plasma membrane","HGNC:7881","HGNC:6189 HGNC:7881","CellphoneDB"
"1368","JAG2","NOTCH2","JAG2 NOTCH2","Ramilowski_2015_Literature_supported","10958687,","HGNC:6189","plasma membrane","HGNC:7882","HGNC:6189 HGNC:7882","CellphoneDB"
"1369","JAG2","NOTCH3","JAG2 NOTCH3","Ramilowski_2015_Literature_supported","11006133,11006133,","HGNC:6189","plasma membrane","HGNC:7883","HGNC:6189 HGNC:7883","CellphoneDB"
"1370","JAG2","NOTCH4","JAG2 NOTCH4","Efremova et al. 2020 (CellphoneDB)","22353464,","HGNC:6189","plasma membrane","HGNC:7884","HGNC:6189 HGNC:7884","Ramilowski_2015_Putative"
"1371","JAM2","F11R","JAM2 F11R","Baccin et al. 2020 (RNA-Magnet)","25119047,","HGNC:14686","plasma membrane","HGNC:14685","HGNC:14686 HGNC:14685",""
"1372","JAM2","JAM3","JAM2 JAM3","Efremova et al. 2020 (CellphoneDB)","16093349, 11590146,","HGNC:14686","plasma membrane","HGNC:15532","HGNC:14686 HGNC:15532",""
"1373","JAM3","JAM2","JAM3 JAM2","Baccin et al. 2020 (RNA-Magnet)","24357068,","HGNC:15532","plasma membrane","HGNC:14686","HGNC:15532 HGNC:14686",""
"1374","JAML","CXADR","JAML CXADR","Hou et al. 2020 (this publication)","15800062,","HGNC:19084","plasma membrane","HGNC:2559","HGNC:19084 HGNC:2559",""
"1375","KIR3DS1","HLA-F","KIR3DS1 HLA-F","Efremova et al. 2020 (CellphoneDB)","27455421,","HGNC:6340","plasma membrane","HGNC:4963","HGNC:6340 HGNC:4963",""
"1376","KISS1","KISS1R","KISS1 KISS1R","Ramilowski_2015_Literature_supported","12944565, 11385580, 15665093,11385580, 11457843,11457843,","HGNC:6341","secreted","HGNC:4510","HGNC:6341 HGNC:4510","CellphoneDB"
"1377","KISS1","MMP24","KISS1 MMP24","Ramilowski_2015_Literature_supported","12879005,","HGNC:6341","secreted","HGNC:7172","HGNC:6341 HGNC:7172",""
"1378","KITLG","KIT","KITLG KIT","Ramilowski_2015_Literature_supported","1698556,1375232, 7680037,","HGNC:6343","secreted","HGNC:6342","HGNC:6343 HGNC:6342","CellphoneDB"
"1379","KLRB1","CLEC2D","KLRB1 CLEC2D","Efremova et al. 2020 (CellphoneDB)","24223577,","HGNC:6373","plasma membrane","HGNC:14351","HGNC:6373 HGNC:14351",""
"1380","KLRF1","CLEC2B","KLRF1 CLEC2B","Efremova et al. 2020 (CellphoneDB)","24223577,","HGNC:13342","plasma membrane","HGNC:2053","HGNC:13342 HGNC:2053",""
"1381","KMT2E","NCR2","KMT2E NCR2","Hou et al. 2020 (this publication)","23958951,","HGNC:18541","secreted","HGNC:6732","HGNC:18541 HGNC:6732",""
"1382","KNG1","BDKRB1","KNG1 BDKRB1","Ramilowski_2015_Literature_supported","8063797,9111052, 10422787, 9313952,","HGNC:6383","secreted","HGNC:1029","HGNC:6383 HGNC:1029","CellphoneDB"
"1383","KNG1","BDKRB2","KNG1 BDKRB2","Ramilowski_2015_Literature_supported","8063797,8302267, 9203620,","HGNC:6383","secreted","HGNC:1030","HGNC:6383 HGNC:1030",""
"1384","KNG1","GP1BA","KNG1 GP1BA","Ramilowski_2015_Literature_supported","9269768,","HGNC:6383","secreted","HGNC:4439","HGNC:6383 HGNC:4439",""
"1385","KNG1","GPR135","KNG1 GPR135","Ramilowski_2015_Literature_supported","14530218, 1374385,","HGNC:6383","secreted","HGNC:19991","HGNC:6383 HGNC:19991",""
"1386","KNG1","ITGB2","KNG1 ITGB2","Ramilowski_2015_Literature_supported","10845911,","HGNC:6383","secreted","HGNC:6155","HGNC:6383 HGNC:6155",""
"1387","KNG1","PLAUR","KNG1 PLAUR","Ramilowski_2015_Literature_supported","14764580,","HGNC:6383","secreted","HGNC:9053","HGNC:6383 HGNC:9053",""
"1388","KNG1","RXFP4","KNG1 RXFP4","Ramilowski_2015_Literature_supported","14530218,","HGNC:6383","secreted","HGNC:14666","HGNC:6383 HGNC:14666",""
"1389","L1CAM","ALCAM","L1CAM ALCAM","Baccin et al. 2020 (RNA-Magnet)","22983139,","HGNC:6470","plasma membrane; secreted","HGNC:400","HGNC:6470 HGNC:400",""
"1390","L1CAM","CD9","L1CAM CD9","Baccin et al. 2020 (RNA-Magnet)","8838570,","HGNC:6470","plasma membrane; secreted","HGNC:1709","HGNC:6470 HGNC:1709",""
"1391","L1CAM","CNTN1","L1CAM CNTN1","Ramilowski_2015_Literature_supported","7595520,","HGNC:6470","plasma membrane; secreted","HGNC:2171","HGNC:6470 HGNC:2171",""
"1392","L1CAM","EGFR","L1CAM EGFR","Ramilowski_2015_Literature_supported","14718570,","HGNC:6470","plasma membrane; secreted","HGNC:3236","HGNC:6470 HGNC:3236",""
"1393","L1CAM","EPHB2","L1CAM EPHB2","Hou et al. 2020 (this publication)","22579729,","HGNC:6470","plasma membrane; secreted","HGNC:3393","HGNC:6470 HGNC:3393","Ramilowski_2015_Putative"
"1394","L1CAM","ERBB2","L1CAM ERBB2","Ramilowski_2015_Literature_supported","22815787,","HGNC:6470","plasma membrane; secreted","HGNC:3430","HGNC:6470 HGNC:3430",""
"1395","L1CAM","ERBB3","L1CAM ERBB3","Ramilowski_2015_Literature_supported","22815787,","HGNC:6470","plasma membrane; secreted","HGNC:3431","HGNC:6470 HGNC:3431",""
"1396","L1CAM","ITGA5","L1CAM ITGA5","Ramilowski_2015_Literature_supported","10871287,","HGNC:6470","plasma membrane; secreted","HGNC:6141","HGNC:6470 HGNC:6141",""
"1397","L1CAM","ITGAV","L1CAM ITGAV","Ramilowski_2015_Literature_supported","10871287,","HGNC:6470","plasma membrane; secreted","HGNC:6150","HGNC:6470 HGNC:6150",""
"1398","L1CAM","PTPRZ1","L1CAM PTPRZ1","Baccin et al. 2020 (RNA-Magnet)","9117260,","HGNC:6470","plasma membrane; secreted","HGNC:9685","HGNC:6470 HGNC:9685",""
"1399","LACRT","SDC1","LACRT SDC1","Ramilowski_2015_Literature_supported","16982797,","HGNC:16430","secreted","HGNC:10658","HGNC:16430 HGNC:10658",""
"1400","LAMA1","ITGA1","LAMA1 ITGA1","Ramilowski_2015_Literature_supported","9688542,","HGNC:6481","secreted","HGNC:6134","HGNC:6481 HGNC:6134",""
"1401","LAMA1","ITGA2","LAMA1 ITGA2","Ramilowski_2015_Literature_supported","9688542,","HGNC:6481","secreted","HGNC:6137","HGNC:6481 HGNC:6137",""
"1402","LAMA1","ITGA7","LAMA1 ITGA7","Ramilowski_2015_Literature_supported","11278916,","HGNC:6481","secreted","HGNC:6143","HGNC:6481 HGNC:6143",""
"1403","LAMA1","ITGB1","LAMA1 ITGB1","Ramilowski_2015_Literature_supported","11278916,9688542,","HGNC:6481","secreted","HGNC:6153","HGNC:6481 HGNC:6153",""
"1404","LAMA1","ITGB8","LAMA1 ITGB8","Ramilowski_2015_Literature_supported","7542940,","HGNC:6481","secreted","HGNC:6163","HGNC:6481 HGNC:6163",""
"1405","LAMA1","RPSA","LAMA1 RPSA","Ramilowski_2015_Literature_supported","2970671,","HGNC:6481","secreted","HGNC:6502","HGNC:6481 HGNC:6502",""
"1406","LAMA2","DAG1","LAMA2 DAG1","Hou et al. 2020 (this publication)","30530204,","HGNC:6482","secreted","HGNC:2666","HGNC:6482 HGNC:2666",""
"1407","LAMA2","ITGA7","LAMA2 ITGA7","Ramilowski_2015_Literature_supported","11278916,","HGNC:6482","secreted","HGNC:6143","HGNC:6482 HGNC:6143",""
"1408","LAMA2","ITGB1","LAMA2 ITGB1","Ramilowski_2015_Literature_supported","11278916,","HGNC:6482","secreted","HGNC:6153","HGNC:6482 HGNC:6153",""
"1409","LAMA2","RPSA","LAMA2 RPSA","Ramilowski_2015_Literature_supported","2970671,11054877,","HGNC:6482","secreted","HGNC:6502","HGNC:6482 HGNC:6502",""
"1410","LAMA3","SDC2","LAMA3 SDC2","Ramilowski_2015_Literature_supported","11373281,","HGNC:6483","secreted","HGNC:10659","HGNC:6483 HGNC:10659",""
"1411","LAMA5","BCAM","LAMA5 BCAM","Ramilowski_2015_Literature_supported","12244066, 11133776,","HGNC:6485","secreted","HGNC:6722","HGNC:6485 HGNC:6722",""
"1412","LAMB1","ITGA6","LAMB1 ITGA6","Ramilowski_2015_Literature_supported","10842354,","HGNC:6486","secreted","HGNC:6142","HGNC:6486 HGNC:6142",""
"1413","LAMB1","ITGB1","LAMB1 ITGB1","Ramilowski_2015_Literature_supported","10842354,","HGNC:6486","secreted","HGNC:6153","HGNC:6486 HGNC:6153",""
"1414","LAMB2","RPSA","LAMB2 RPSA","Ramilowski_2015_Literature_supported","2970671,","HGNC:6487","secreted","HGNC:6502","HGNC:6487 HGNC:6502",""
"1415","LAMC2","ITGA3","LAMC2 ITGA3","Ramilowski_2015_Literature_supported","10842354,","HGNC:6493","secreted","HGNC:6139","HGNC:6493 HGNC:6139",""
"1416","LAMC2","ITGA6","LAMC2 ITGA6","Ramilowski_2015_Literature_supported","10842354,","HGNC:6493","secreted","HGNC:6142","HGNC:6493 HGNC:6142",""
"1417","LAMC2","ITGB1","LAMC2 ITGB1","Ramilowski_2015_Literature_supported","10842354,","HGNC:6493","secreted","HGNC:6153","HGNC:6493 HGNC:6153",""
"1418","LAMC2","ITGB4","LAMC2 ITGB4","Ramilowski_2015_Literature_supported","10842354,","HGNC:6493","secreted","HGNC:6158","HGNC:6493 HGNC:6158",""
"1419","LCN1","LMBR1L","LCN1 LMBR1L","Ramilowski_2015_Literature_supported","11287427,","HGNC:6525","secreted","HGNC:18268","HGNC:6525 HGNC:18268",""
"1420","LCN2","LRP2","LCN2 LRP2","Ramilowski_2015_Literature_supported","15670845,","HGNC:6526","secreted","HGNC:6694","HGNC:6526 HGNC:6694",""
"1421","LEAP2","GHSR","LEAP2 GHSR","Efremova et al. 2020 (CellphoneDB)","29233536,","HGNC:29571","secreted","HGNC:4267","HGNC:29571 HGNC:4267",""
"1422","LEFTY2","ACVR2B","LEFTY2 ACVR2B","Ramilowski_2015_Literature_supported","11952836,","HGNC:3122","secreted","HGNC:174","HGNC:3122 HGNC:174",""
"1423","LEP","LEPR","LEP LEPR","Ramilowski_2015_Literature_supported","9463481,8608603,","HGNC:6553","secreted","HGNC:6554","HGNC:6553 HGNC:6554","CellphoneDB"
"1424","LGALS1","CD69","LGALS1 CD69","Hou et al. 2020 (this publication)","24752896,","HGNC:6561","secreted","HGNC:1694","HGNC:6561 HGNC:1694",""
"1425","LGALS1","ITGB1","LGALS1 ITGB1","Cabello-Aguilar et al. 2020 (SingleCellSignalR)","14550305,","HGNC:6561","secreted","HGNC:6153","HGNC:6561 HGNC:6153",""
"1426","LGALS1","PTPRC","LGALS1 PTPRC","Cabello-Aguilar et al. 2020 (SingleCellSignalR)","10369126,","HGNC:6561","secreted","HGNC:9666","HGNC:6561 HGNC:9666",""
"1427","LGALS3","LAG3","LGALS3 LAG3","Hou et al. 2020 (this publication)","25691328,","HGNC:6563","secreted","HGNC:6476","HGNC:6563 HGNC:6476",""
"1428","LGALS3BP","ITGB1","LGALS3BP ITGB1","Ramilowski_2015_Literature_supported","9501082,","HGNC:6564","secreted","HGNC:6153","HGNC:6564 HGNC:6153",""
"1429","LGALS9","CD44","LGALS9 CD44","Efremova et al. 2020 (CellphoneDB)","25065622, ","HGNC:6570","secreted","HGNC:1681","HGNC:6570 HGNC:1681",""
"1430","LGALS9","HAVCR2","LGALS9 HAVCR2","Efremova et al. 2020 (CellphoneDB)","27192565,","HGNC:6570","secreted","HGNC:18437","HGNC:6570 HGNC:18437",""
"1431","LGI1","ADAM11","LGI1 ADAM11","Hou et al. 2020 (this publication)","18974846,","HGNC:6572","secreted","HGNC:189","HGNC:6572 HGNC:189",""
"1432","LGI1","ADAM22","LGI1 ADAM22","Hou et al. 2020 (this publication)","18974846,","HGNC:6572","secreted","HGNC:201","HGNC:6572 HGNC:201",""
"1433","LGI1","ADAM23","LGI1 ADAM23","Hou et al. 2020 (this publication)","18974846,","HGNC:6572","secreted","HGNC:202","HGNC:6572 HGNC:202",""
"1434","LGI1","RTN4R","LGI1 RTN4R","Hou et al. 2020 (this publication)","20463223,","HGNC:6572","secreted","HGNC:18601","HGNC:6572 HGNC:18601",""
"1435","LGI2","ADAM11","LGI2 ADAM11","Hou et al. 2020 (this publication)","20220021,","HGNC:18710","secreted","HGNC:189","HGNC:18710 HGNC:189",""
"1436","LGI2","ADAM22","LGI2 ADAM22","Hou et al. 2020 (this publication)","21829378,","HGNC:18710","secreted","HGNC:201","HGNC:18710 HGNC:201",""
"1437","LGI2","ADAM23","LGI2 ADAM23","Hou et al. 2020 (this publication)","21829378,","HGNC:18710","secreted","HGNC:202","HGNC:18710 HGNC:202",""
"1438","LGI3","ADAM22","LGI3 ADAM22","Hou et al. 2020 (this publication)","20220021,","HGNC:18711","secreted","HGNC:201","HGNC:18711 HGNC:201",""
"1439","LGI3","ADAM23","LGI3 ADAM23","Hou et al. 2020 (this publication)","22405860, 20220021,","HGNC:18711","secreted","HGNC:202","HGNC:18711 HGNC:202",""
"1440","LGI3","FLOT1","LGI3 FLOT1","Hou et al. 2020 (this publication)","20461023,","HGNC:18711","secreted","HGNC:3757","HGNC:18711 HGNC:3757",""
"1441","LGI3","STX1A","LGI3 STX1A","Hou et al. 2020 (this publication)","18760330,","HGNC:18711","secreted","HGNC:11433","HGNC:18711 HGNC:11433",""
"1442","LGI4","ADAM11","LGI4 ADAM11","Hou et al. 2020 (this publication)","20220021, 18974846,","HGNC:18712","secreted","HGNC:189","HGNC:18712 HGNC:189",""
"1443","LGI4","ADAM22","LGI4 ADAM22","Hou et al. 2020 (this publication)","20220021,18974846,","HGNC:18712","secreted","HGNC:201","HGNC:18712 HGNC:201",""
"1444","LGI4","ADAM23","LGI4 ADAM23","Hou et al. 2020 (this publication)","20220021,18974846,","HGNC:18712","secreted","HGNC:202","HGNC:18712 HGNC:202",""
"1445","LHB","LHCGR","LHB LHCGR","Ramilowski_2015_Literature_supported","3470775,12727981, 1922095,3470775,","HGNC:6584","secreted","HGNC:6585","HGNC:6584 HGNC:6585",""
"1446","LIF","IL6ST","LIF IL6ST","Ramilowski_2015_Literature_supported","9716487,12707269,","HGNC:6596","secreted","HGNC:6021","HGNC:6596 HGNC:6021",""
"1447","LIF","LIFR","LIF LIFR","Ramilowski_2015_Literature_supported","9716487,12601009, 16051226,","HGNC:6596","secreted","HGNC:6597","HGNC:6596 HGNC:6597",""
"1448","LILRB4","LAIR1","LILRB4 LAIR1","Efremova et al. 2020 (CellphoneDB)","19283782,","HGNC:6608","plasma membrane","HGNC:6477","HGNC:6608 HGNC:6477",""
"1449","LIN7C","HTR2C","LIN7C HTR2C","Ramilowski_2015_Literature_supported","12006486,","HGNC:17789","secreted","HGNC:5295","HGNC:17789 HGNC:5295",""
"1450","LIPC","LRP1","LIPC LRP1","Ramilowski_2015_Literature_supported","7721852,","HGNC:6619","secreted","HGNC:6692","HGNC:6619 HGNC:6692",""
"1451","LIPH","LPAR1","LIPH LPAR1","Ramilowski_2015_Literature_supported","10908309,","HGNC:18483","secreted","HGNC:3166","HGNC:18483 HGNC:3166",""
"1452","LIPH","LPAR2","LIPH LPAR2","Ramilowski_2015_Literature_supported","9525886,","HGNC:18483","secreted","HGNC:3168","HGNC:18483 HGNC:3168",""
"1453","LIPH","LPAR4","LIPH LPAR4","Ramilowski_2015_Literature_supported","12724320,","HGNC:18483","secreted","HGNC:4478","HGNC:18483 HGNC:4478",""
"1454","LPA","LRP2","LPA LRP2","Ramilowski_2015_Literature_supported","10073957,","HGNC:6667","secreted","HGNC:6694","HGNC:6667 HGNC:6694",""
"1455","LPL","GPIHBP1","LPL GPIHBP1","Ramilowski_2015_Literature_supported","17403372,","HGNC:6677","secreted","HGNC:24945","HGNC:6677 HGNC:24945",""
"1456","LPL","LRP1","LPL LRP1","Ramilowski_2015_Literature_supported","1281473, 7510694, 7989348,","HGNC:6677","secreted","HGNC:6692","HGNC:6677 HGNC:6692",""
"1457","LPL","LRP2","LPL LRP2","Ramilowski_2015_Literature_supported","7686151,","HGNC:6677","secreted","HGNC:6694","HGNC:6677 HGNC:6694",""
"1458","LPL","SDC1","LPL SDC1","Ramilowski_2015_Literature_supported","9294130,","HGNC:6677","secreted","HGNC:10658","HGNC:6677 HGNC:10658",""
"1459","LPL","VLDLR","LPL VLDLR","Ramilowski_2015_Literature_supported","7592875,","HGNC:6677","secreted","HGNC:12698","HGNC:6677 HGNC:12698",""
"1460","LRFN3","LRFN3","LRFN3 LRFN3","Hou et al. 2020 (this publication)","18227064,","HGNC:28370","plasma membrane","HGNC:28370","HGNC:28370 HGNC:28370",""
"1461","LRFN5","LRFN5","LRFN5 LRFN5","Hou et al. 2020 (this publication)","18227064,","HGNC:20360","secreted","HGNC:20360","HGNC:20360 HGNC:20360",""
"1462","LRPAP1","LDLR","LRPAP1 LDLR","Ramilowski_2015_Literature_supported","7822276,","HGNC:6701","plasma membrane","HGNC:6547","HGNC:6701 HGNC:6547",""
"1463","LRPAP1","LRP1","LRPAP1 LRP1","Ramilowski_2015_Literature_supported","14596620,10747918, 1374383, 1718973,","HGNC:6701","plasma membrane","HGNC:6692","HGNC:6701 HGNC:6692",""
"1464","LRPAP1","LRP2","LRPAP1 LRP2","Ramilowski_2015_Literature_supported","7512726,","HGNC:6701","plasma membrane","HGNC:6694","HGNC:6701 HGNC:6694",""
"1465","LRPAP1","LRP8","LRPAP1 LRP8","Ramilowski_2015_Literature_supported","12899622,","HGNC:6701","plasma membrane","HGNC:6700","HGNC:6701 HGNC:6700",""
"1466","LRPAP1","SORL1","LRPAP1 SORL1","Ramilowski_2015_Literature_supported","11557679, 8940146,","HGNC:6701","plasma membrane","HGNC:11185","HGNC:6701 HGNC:11185",""
"1467","LRPAP1","SORT1","LRPAP1 SORT1","Ramilowski_2015_Literature_supported","9013611,","HGNC:6701","plasma membrane","HGNC:11186","HGNC:6701 HGNC:11186",""
"1468","LRPAP1","VLDLR","LRPAP1 VLDLR","Ramilowski_2015_Literature_supported","7592875, 10571241,","HGNC:6701","plasma membrane","HGNC:12698","HGNC:6701 HGNC:12698",""
"1469","LRRC4B","PTPRD","LRRC4B PTPRD","Hou et al. 2020 (this publication)","23345436,","HGNC:25042","secreted","HGNC:9668","HGNC:25042 HGNC:9668",""
"1470","LRRC4B","PTPRF","LRRC4B PTPRF","Hou et al. 2020 (this publication)","23345436, 19252495,","HGNC:25042","secreted","HGNC:9670","HGNC:25042 HGNC:9670",""
"1471","LRRC4B","PTPRS","LRRC4B PTPRS","Hou et al. 2020 (this publication)","23345436,","HGNC:25042","secreted","HGNC:9681","HGNC:25042 HGNC:9681",""
"1472","LTA","LTBR","LTA LTBR","Ramilowski_2015_Literature_supported","8171323,","HGNC:6709","secreted","HGNC:6718","HGNC:6709 HGNC:6718","CellphoneDB_flipped"
"1473","LTA","TNFRSF14","LTA TNFRSF14","Ramilowski_2015_Literature_supported","9153189, 9462508,","HGNC:6709","secreted","HGNC:11912","HGNC:6709 HGNC:11912","CellphoneDB"
"1474","LTA","TNFRSF1A","LTA TNFRSF1A","Ramilowski_2015_Literature_supported","8387891,","HGNC:6709","secreted","HGNC:11916","HGNC:6709 HGNC:11916","CellphoneDB"
"1475","LTA","TNFRSF1B","LTA TNFRSF1B","Ramilowski_2015_Literature_supported","9552007, 8123048, 2160731,","HGNC:6709","secreted","HGNC:11917","HGNC:6709 HGNC:11917","CellphoneDB"
"1476","LTB","CD40","LTB CD40","Ramilowski_2015_Literature_supported","7916655,","HGNC:6711","plasma membrane","HGNC:11919","HGNC:6711 HGNC:11919",""
"1477","LTB","LTBR","LTB LTBR","Ramilowski_2015_Literature_supported","7995952,7916655,","HGNC:6711","plasma membrane","HGNC:6718","HGNC:6711 HGNC:6718","CellphoneDB"
"1478","LTB","TNFRSF1A","LTB TNFRSF1A","Ramilowski_2015_Literature_supported","7995952,","HGNC:6711","plasma membrane","HGNC:11916","HGNC:6711 HGNC:11916",""
"1479","LTBP1","ITGB5","LTBP1 ITGB5","Ramilowski_2015_Literature_supported","12358597,","HGNC:6714","secreted","HGNC:6160","HGNC:6714 HGNC:6160",""
"1480","LTBP3","ITGB5","LTBP3 ITGB5","Ramilowski_2015_Literature_supported","12358597,","HGNC:6716","secreted","HGNC:6160","HGNC:6716 HGNC:6160",""
"1481","LTF","LRP1","LTF LRP1","Ramilowski_2015_Literature_supported","15178744,1464627,","HGNC:6720","secreted","HGNC:6692","HGNC:6720 HGNC:6692",""
"1482","LTF","LRP11","LTF LRP11","Ramilowski_2015_Literature_supported","1464627,","HGNC:6720","secreted","HGNC:16936","HGNC:6720 HGNC:16936",""
"1483","LY86","CD180","LY86 CD180","Ramilowski_2015_Literature_supported","9763566, 9686597,","HGNC:16837","secreted","HGNC:6726","HGNC:16837 HGNC:6726",""
"1484","LY9","LY9","LY9 LY9","Hou et al. 2020 (this publication)","15905546,","HGNC:6730","plasma membrane","HGNC:6730","HGNC:6730 HGNC:6730",""
"1485","MADCAM1","CD44","MADCAM1 CD44","Ramilowski_2015_Literature_supported","2474557,","HGNC:6765","plasma membrane","HGNC:1681","HGNC:6765 HGNC:1681",""
"1486","MADCAM1","ITGA4","MADCAM1 ITGA4","Ramilowski_2015_Literature_supported","8600538,10702270, 9873398,","HGNC:6765","plasma membrane","HGNC:6140","HGNC:6765 HGNC:6140",""
"1487","MADCAM1","ITGB7","MADCAM1 ITGB7","Ramilowski_2015_Literature_supported","8600538,9233649,","HGNC:6765","plasma membrane","HGNC:6162","HGNC:6765 HGNC:6162",""
"1488","MATN1","ITGA1","MATN1 ITGA1","Ramilowski_2015_Literature_supported","10196235,","HGNC:6907","secreted","HGNC:6134","HGNC:6907 HGNC:6134",""
"1489","MATN1","ITGB1","MATN1 ITGB1","Ramilowski_2015_Literature_supported","10196235,","HGNC:6907","secreted","HGNC:6153","HGNC:6907 HGNC:6153",""
"1490","MBL2","CD93","MBL2 CD93","Ramilowski_2015_Literature_supported","9476117,","HGNC:6922","secreted","HGNC:15855","HGNC:6922 HGNC:15855",""
"1491","MCAM","MCAM","MCAM MCAM","Baccin et al. 2020 (RNA-Magnet)","17982057,","HGNC:6934","plasma membrane","HGNC:6934","HGNC:6934 HGNC:6934",""
"1492","MDK","ALK","MDK ALK","Ramilowski_2015_Literature_supported","12122009,12122009,","HGNC:6972","secreted","HGNC:427","HGNC:6972 HGNC:427","CellphoneDB"
"1493","MDK","ITGA4","MDK ITGA4","Hou et al. 2020 (this publication)","15466886,","HGNC:6972","secreted","HGNC:6140","HGNC:6972 HGNC:6140","Ramilowski_2015_Putative"
"1494","MDK","ITGA6","MDK ITGA6","Hou et al. 2020 (this publication)","15466886,","HGNC:6972","secreted","HGNC:6142","HGNC:6972 HGNC:6142","Ramilowski_2015_Putative"
"1495","MDK","ITGB1","MDK ITGB1","Hou et al. 2020 (this publication)","15466886,","HGNC:6972","secreted","HGNC:6153","HGNC:6972 HGNC:6153","Ramilowski_2015_Putative"
"1496","MDK","LRP1","MDK LRP1","Ramilowski_2015_Literature_supported","10772929,","HGNC:6972","secreted","HGNC:6692","HGNC:6972 HGNC:6692","CellphoneDB_flipped"
"1497","MDK","NOTCH2","MDK NOTCH2","Hou et al. 2020 (this publication)","18469519,","HGNC:6972","secreted","HGNC:7882","HGNC:6972 HGNC:7882",""
"1498","MDK","PTPRZ1","MDK PTPRZ1","Ramilowski_2015_Literature_supported","10212223,","HGNC:6972","secreted","HGNC:9685","HGNC:6972 HGNC:9685","CellphoneDB_flipped"
"1499","MDK","SDC1","MDK SDC1","Ramilowski_2015_Literature_supported","9089390,","HGNC:6972","secreted","HGNC:10658","HGNC:6972 HGNC:10658",""
"1500","MDK","SDC3","MDK SDC3","Ramilowski_2015_Literature_supported","9089390,","HGNC:6972","secreted","HGNC:10660","HGNC:6972 HGNC:10660",""
"1501","MDK","SDC4","MDK SDC4","Ramilowski_2015_Literature_supported","8621465,","HGNC:6972","secreted","HGNC:10661","HGNC:6972 HGNC:10661",""
"1502","MDK","TSPAN1","MDK TSPAN1","Ramilowski_2015_Literature_supported","18851943,","HGNC:6972","secreted","HGNC:20657","HGNC:6972 HGNC:20657",""
"1503","MELTF","PLG","MELTF PLG","Cabello-Aguilar et al. 2020 (SingleCellSignalR)","15936756,","HGNC:7037","plasma membrane","HGNC:9071","HGNC:7037 HGNC:9071",""
"1504","MEPE","PHEX","MEPE PHEX","Ramilowski_2015_Literature_supported","15664000,","HGNC:13361","secreted","HGNC:8918","HGNC:13361 HGNC:8918",""
"1505","MFGE8","ITGAV","MFGE8 ITGAV","Ramilowski_2015_Literature_supported","24441829,","HGNC:7036","secreted","HGNC:6150","HGNC:7036 HGNC:6150",""
"1506","MFGE8","ITGB3","MFGE8 ITGB3","Ramilowski_2015_Literature_supported","24441829,","HGNC:7036","secreted","HGNC:6156","HGNC:7036 HGNC:6156",""
"1507","MFGE8","PDGFRB","MFGE8 PDGFRB","Ramilowski_2015_Literature_supported","21868707,","HGNC:7036","secreted","HGNC:8804","HGNC:7036 HGNC:8804",""
"1508","MFNG","NOTCH1","MFNG NOTCH1","Ramilowski_2015_Literature_supported","10935626, 12486116,","HGNC:7038","secreted","HGNC:7881","HGNC:7038 HGNC:7881",""
"1509","MFNG","NOTCH2","MFNG NOTCH2","Ramilowski_2015_Literature_supported","11346656,","HGNC:7038","secreted","HGNC:7882","HGNC:7038 HGNC:7882",""
"1510","MIA","CDH7","MIA CDH7","Ramilowski_2015_Literature_supported","19200257,","HGNC:7076","secreted","HGNC:1766","HGNC:7076 HGNC:1766",""
"1511","MICA","KLRK1","MICA KLRK1","Hou et al. 2020 (this publication)","26041808, 10426993,","HGNC:7090","plasma membrane; secreted","HGNC:18788","HGNC:7090 HGNC:18788",""
"1512","MICB","KLRK1","MICB KLRK1","Hou et al. 2020 (this publication)","26041808, 19329438,","HGNC:7091","plasma membrane; secreted","HGNC:18788","HGNC:7091 HGNC:18788",""
"1513","MIF","CD74","MIF CD74","Efremova et al. 2020 (CellphoneDB)","12782713, 26039541, ","HGNC:7097","secreted","HGNC:1697","HGNC:7097 HGNC:1697",""
"1514","MIF","CXCR2","MIF CXCR2","Noël et al. 2020 (ICELLNET)","17435771,","HGNC:7097","secreted","HGNC:6027","HGNC:7097 HGNC:6027",""
"1515","MIF","CXCR4","MIF CXCR4","Noël et al. 2020 (ICELLNET)","17435771,","HGNC:7097","secreted","HGNC:2561","HGNC:7097 HGNC:2561",""
"1516","MLN","MLNR","MLN MLNR","Ramilowski_2015_Literature_supported","10381885,15677347, 11461914, 11781320, 16531413,11259768, 10381885, 11461914, 12054506,","HGNC:7141","secreted","HGNC:4495","HGNC:7141 HGNC:4495",""
"1517","MMP1","ITGA2","MMP1 ITGA2","Ramilowski_2015_Literature_supported","11359774, 11359786,","HGNC:7155","secreted","HGNC:6137","HGNC:7155 HGNC:6137",""
"1518","MMP12","PLAUR","MMP12 PLAUR","Ramilowski_2015_Literature_supported","12195704,","HGNC:7158","secreted","HGNC:9053","HGNC:7158 HGNC:9053",""
"1519","MMP13","LRP1","MMP13 LRP1","Ramilowski_2015_Literature_supported","10514495,10514495,","HGNC:7159","secreted","HGNC:6692","HGNC:7159 HGNC:6692",""
"1520","MMP2","SDC2","MMP2 SDC2","Ramilowski_2015_Literature_supported","17623663,","HGNC:7166","secreted","HGNC:10659","HGNC:7166 HGNC:10659",""
"1521","MMP7","CD151","MMP7 CD151","Ramilowski_2015_Literature_supported","16200075,","HGNC:7174","secreted","HGNC:1630","HGNC:7174 HGNC:1630",""
"1522","MMP7","CD44","MMP7 CD44","Ramilowski_2015_Literature_supported","11825873,","HGNC:7174","secreted","HGNC:1681","HGNC:7174 HGNC:1681",""
"1523","MMP7","ERBB4","MMP7 ERBB4","Ramilowski_2015_Literature_supported","17638887,","HGNC:7174","secreted","HGNC:3432","HGNC:7174 HGNC:3432",""
"1524","MMP9","CD44","MMP9 CD44","Ramilowski_2015_Literature_supported","10652271, 17912438,","HGNC:7176","secreted","HGNC:1681","HGNC:7176 HGNC:1681",""
"1525","MMP9","EPHB2","MMP9 EPHB2","Ramilowski_2015_Literature_supported","18713744,","HGNC:7176","secreted","HGNC:3393","HGNC:7176 HGNC:3393",""
"1526","MMP9","LRP1","MMP9 LRP1","Ramilowski_2015_Literature_supported","11279011,","HGNC:7176","secreted","HGNC:6692","HGNC:7176 HGNC:6692",""
"1527","MMRN2","CD248","MMRN2 CD248","Hou et al. 2020 (this publication)","28671670,","HGNC:19888","secreted","HGNC:18219","HGNC:19888 HGNC:18219",""
"1528","MMRN2","CD93","MMRN2 CD93","Hou et al. 2020 (this publication)","28671670,","HGNC:19888","secreted","HGNC:15855","HGNC:19888 HGNC:15855",""
"1529","MMRN2","CLEC14A","MMRN2 CLEC14A","Hou et al. 2020 (this publication)","28671670,","HGNC:19888","secreted","HGNC:19832","HGNC:19888 HGNC:19832",""
"1530","MRC1","PTPRC","MRC1 PTPRC","Cabello-Aguilar et al. 2020 (SingleCellSignalR)","27601670, 10575006,","HGNC:7228","plasma membrane","HGNC:9666","HGNC:7228 HGNC:9666",""
"1531","MSMP","CCR2","MSMP CCR2","Hou et al. 2020 (this publication)","28698550,","HGNC:29663","secreted","HGNC:1603","HGNC:29663 HGNC:1603",""
"1532","MST1","MST1R","MST1 MST1R","Ramilowski_2015_Literature_supported","8062829,9045873,","HGNC:7380","secreted","HGNC:7381","HGNC:7380 HGNC:7381","CellphoneDB"
"1533","MSTN","ACVR2B","MSTN ACVR2B","Ramilowski_2015_Literature_supported","11459935,","HGNC:4223","secreted","HGNC:174","HGNC:4223 HGNC:174",""
"1534","MUC1","SIGLEC9","MUC1 SIGLEC9","Hou et al. 2020 (this publication)","27595232,","HGNC:7508","secreted","HGNC:10878","HGNC:7508 HGNC:10878",""
"1535","MUC2","AGR2","MUC2 AGR2","Ramilowski_2015_Literature_supported","19359471,","HGNC:7512","secreted","HGNC:328","HGNC:7512 HGNC:328",""
"1536","MUC7","SELL","MUC7 SELL","Ramilowski_2015_Literature_supported","9538010,","HGNC:7518","secreted","HGNC:10720","HGNC:7518 HGNC:10720",""
"1537","MYL9","CD69","MYL9 CD69","Hou et al. 2020 (this publication)","28783682,","HGNC:15754","secreted","HGNC:1694","HGNC:15754 HGNC:1694",""
"1538","MYOC","FZD1","MYOC FZD1","Ramilowski_2015_Literature_supported","19188438,","HGNC:7610","secreted","HGNC:4038","HGNC:7610 HGNC:4038",""
"1539","MYOC","FZD10","MYOC FZD10","Ramilowski_2015_Literature_supported","19188438,","HGNC:7610","secreted","HGNC:4039","HGNC:7610 HGNC:4039",""
"1540","MYOC","FZD3","MYOC FZD3","Ramilowski_2015_Literature_supported","19188438,","HGNC:7610","secreted","HGNC:4041","HGNC:7610 HGNC:4041",""
"1541","MYOC","FZD4","MYOC FZD4","Ramilowski_2015_Literature_supported","19188438,","HGNC:7610","secreted","HGNC:4042","HGNC:7610 HGNC:4042",""
"1542","MYOC","FZD7","MYOC FZD7","Ramilowski_2015_Literature_supported","19188438,","HGNC:7610","secreted","HGNC:4045","HGNC:7610 HGNC:4045",""
"1543","NAMPT","INSR","NAMPT INSR","Ramilowski_2015_Literature_supported","15604363,","HGNC:30092","secreted","HGNC:6091","HGNC:30092 HGNC:6091",""
"1544","NCAM1","FGFR1","NCAM1 FGFR1","Ramilowski_2015_Literature_supported","12121226,","HGNC:7656","plasma membrane","HGNC:3688","HGNC:7656 HGNC:3688","CellphoneDB_flipped"
"1545","NCAM1","GFRA1","NCAM1 GFRA1","Ramilowski_2015_Literature_supported","12837245,","HGNC:7656","plasma membrane","HGNC:4243","HGNC:7656 HGNC:4243",""
"1546","NCAM1","PTPRZ1","NCAM1 PTPRZ1","Baccin et al. 2020 (RNA-Magnet)","9117260,","HGNC:7656","plasma membrane","HGNC:9685","HGNC:7656 HGNC:9685",""
"1547","NCAM1","ROBO1","NCAM1 ROBO1","Ramilowski_2015_Literature_supported","16226035,","HGNC:7656","plasma membrane","HGNC:10249","HGNC:7656 HGNC:10249",""
"1548","NCAM1","ROBO3","NCAM1 ROBO3","Ramilowski_2015_Literature_supported","16226035,","HGNC:7656","plasma membrane","HGNC:13433","HGNC:7656 HGNC:13433",""
"1549","NCR3LG1","NCR3","NCR3LG1 NCR3","Efremova et al. 2020 (CellphoneDB)","19528259, ","HGNC:42400","plasma membrane","HGNC:19077","HGNC:42400 HGNC:19077",""
"1550","NDP","FZD4","NDP FZD4","Ramilowski_2015_Literature_supported","15035989,","HGNC:7678","secreted","HGNC:4042","HGNC:7678 HGNC:4042",""
"1551","NDP","LGR4","NDP LGR4","Ramilowski_2015_Literature_supported","23444378,","HGNC:7678","secreted","HGNC:13299","HGNC:7678 HGNC:13299",""
"1552","NECTIN1","CADM3","NECTIN1 CADM3","Baccin et al. 2020 (RNA-Magnet)","15741237,","HGNC:9706","plasma membrane; secreted","HGNC:17601","HGNC:9706 HGNC:17601",""
"1553","NECTIN1","CD96","NECTIN1 CD96","Hou et al. 2020 (this publication)","30759143, 17971293,","HGNC:9706","plasma membrane","HGNC:16892","HGNC:9706 HGNC:16892",""
"1554","NECTIN1","NECTIN1","NECTIN1 NECTIN1","Hou et al. 2020 (this publication)","11544254,","HGNC:9706","plasma membrane; secreted","HGNC:9706","HGNC:9706 HGNC:9706",""
"1555","NECTIN1","NECTIN3","NECTIN1 NECTIN3","Efremova et al. 2020 (CellphoneDB)","12740392, 11544254,","HGNC:9706","plasma membrane; secreted","HGNC:17664","HGNC:9706 HGNC:17664",""
"1556","NECTIN1","NECTIN4","NECTIN1 NECTIN4","Hou et al. 2020 (this publication)","11544254,","HGNC:9706","plasma membrane; secreted","HGNC:19688","HGNC:9706 HGNC:19688",""
"1557","NECTIN2","CD226","NECTIN2 CD226","Efremova et al. 2020 (CellphoneDB)","15607800, ","HGNC:9707","plasma membrane","HGNC:16961","HGNC:9707 HGNC:16961",""
"1558","NECTIN2","CD96","NECTIN2 CD96","Hou et al. 2020 (this publication)","30888046,","HGNC:9707","plasma membrane","HGNC:16892","HGNC:9707 HGNC:16892",""
"1559","NECTIN2","NECTIN2","NECTIN2 NECTIN2","Hou et al. 2020 (this publication)","11544254,","HGNC:9707","plasma membrane","HGNC:9707","HGNC:9707 HGNC:9707",""
"1560","NECTIN2","NECTIN3","NECTIN2 NECTIN3","Efremova et al. 2020 (CellphoneDB)","12011057, 11544254,","HGNC:9707","plasma membrane","HGNC:17664","HGNC:9707 HGNC:17664",""
"1561","NECTIN2","PVRIG","NECTIN2 PVRIG","Hou et al. 2020 (this publication)","26755705, 30659054,","HGNC:9707","plasma membrane","HGNC:32190","HGNC:9707 HGNC:32190",""
"1562","NECTIN2","TIGIT","NECTIN2 TIGIT","Efremova et al. 2020 (CellphoneDB)","19815499,","HGNC:9707","plasma membrane","HGNC:26838","HGNC:9707 HGNC:26838",""
"1563","NECTIN3","CADM1","NECTIN3 CADM1","Baccin et al. 2020 (RNA-Magnet)","22703826,","HGNC:17664","plasma membrane","HGNC:5951","HGNC:17664 HGNC:5951",""
"1564","NECTIN3","CADM3","NECTIN3 CADM3","Baccin et al. 2020 (RNA-Magnet)","15741237,","HGNC:17664","plasma membrane","HGNC:17601","HGNC:17664 HGNC:17601",""
"1565","NECTIN3","NECTIN2","NECTIN3 NECTIN2","Baccin et al. 2020 (RNA-Magnet)","12011057, 11544254,","HGNC:17664","plasma membrane","HGNC:9707","HGNC:17664 HGNC:9707",""
"1566","NECTIN3","NECTIN3","NECTIN3 NECTIN3","Hou et al. 2020 (this publication)","11544254,","HGNC:17664","plasma membrane","HGNC:17664","HGNC:17664 HGNC:17664",""
"1567","NECTIN3","PVR","NECTIN3 PVR","Baccin et al. 2020 (RNA-Magnet)","12011057, 11544254,","HGNC:17664","plasma membrane","HGNC:9705","HGNC:17664 HGNC:9705",""
"1568","NECTIN4","NECTIN4","NECTIN4 NECTIN4","Hou et al. 2020 (this publication)","11544254,","HGNC:19688","plasma membrane; secreted","HGNC:19688","HGNC:19688 HGNC:19688",""
"1569","NECTIN4","TIGIT","NECTIN4 TIGIT","Hou et al. 2020 (this publication)","32503945,","HGNC:19688","plasma membrane; secreted","HGNC:26838","HGNC:19688 HGNC:26838",""
"1570","NELL2","ROBO3","NELL2 ROBO3","Hou et al. 2020 (this publication)","26586761,","HGNC:7751","secreted","HGNC:13433","HGNC:7751 HGNC:13433",""
"1571","NGF","NGFR","NGF NGFR","Ramilowski_2015_Literature_supported","11114882,14985763,","HGNC:7808","secreted","HGNC:7809","HGNC:7808 HGNC:7809","CellphoneDB"
"1572","NGF","NTRK1","NGF NTRK1","Ramilowski_2015_Literature_supported","10490030,10490030, 14985763,","HGNC:7808","secreted","HGNC:8031","HGNC:7808 HGNC:8031","CellphoneDB"
"1573","NGF","SORCS3","NGF SORCS3","Ramilowski_2015_Literature_supported","15710408,","HGNC:7808","secreted","HGNC:16699","HGNC:7808 HGNC:16699",""
"1574","NGF","SORT1","NGF SORT1","Ramilowski_2015_Literature_supported","14985763,14985763,","HGNC:7808","secreted","HGNC:11186","HGNC:7808 HGNC:11186",""
"1575","NID1","COL13A1","NID1 COL13A1","Ramilowski_2015_Literature_supported","11956183,","HGNC:7821","secreted","HGNC:2190","HGNC:7821 HGNC:2190",""
"1576","NID1","ITGAV","NID1 ITGAV","Ramilowski_2015_Literature_supported","9686320,","HGNC:7821","secreted","HGNC:6150","HGNC:7821 HGNC:6150",""
"1577","NID1","ITGB3","NID1 ITGB3","Ramilowski_2015_Literature_supported","8831898, 9686320,","HGNC:7821","secreted","HGNC:6156","HGNC:7821 HGNC:6156",""
"1578","NID1","PTPRF","NID1 PTPRF","Ramilowski_2015_Literature_supported","9647658,","HGNC:7821","secreted","HGNC:9670","HGNC:7821 HGNC:9670",""
"1579","NID2","COL13A1","NID2 COL13A1","Ramilowski_2015_Literature_supported","11956183,","HGNC:13389","secreted","HGNC:2190","HGNC:13389 HGNC:2190",""
"1580","NLGN1","NRXN1","NLGN1 NRXN1","Ramilowski_2015_Literature_supported","8576240,8576240, 14522992,","HGNC:14291","plasma membrane","HGNC:8008","HGNC:14291 HGNC:8008",""
"1581","NLGN1","NRXN2","NLGN1 NRXN2","Ramilowski_2015_Literature_supported","7736595,","HGNC:14291","plasma membrane","HGNC:8009","HGNC:14291 HGNC:8009",""
"1582","NLGN1","NRXN3","NLGN1 NRXN3","Ramilowski_2015_Literature_supported","8576240,","HGNC:14291","plasma membrane","HGNC:8010","HGNC:14291 HGNC:8010",""
"1583","NLGN2","NRXN1","NLGN2 NRXN1","Ramilowski_2015_Literature_supported","8576240,8576240,","HGNC:14290","plasma membrane","HGNC:8008","HGNC:14290 HGNC:8008",""
"1584","NLGN2","NRXN2","NLGN2 NRXN2","Ramilowski_2015_Literature_supported","8576240,","HGNC:14290","plasma membrane","HGNC:8009","HGNC:14290 HGNC:8009",""
"1585","NLGN2","NRXN3","NLGN2 NRXN3","Ramilowski_2015_Literature_supported","8576240,","HGNC:14290","plasma membrane","HGNC:8010","HGNC:14290 HGNC:8010",""
"1586","NLGN3","NRXN1","NLGN3 NRXN1","Ramilowski_2015_Literature_supported","8576240,8576240, 9325340,","HGNC:14289","plasma membrane","HGNC:8008","HGNC:14289 HGNC:8008",""
"1587","NLGN3","NRXN2","NLGN3 NRXN2","Ramilowski_2015_Literature_supported","8576240,8576240,","HGNC:14289","plasma membrane","HGNC:8009","HGNC:14289 HGNC:8009",""
"1588","NLGN3","NRXN3","NLGN3 NRXN3","Ramilowski_2015_Literature_supported","8576240,8576240,","HGNC:14289","plasma membrane","HGNC:8010","HGNC:14289 HGNC:8010",""
"1589","NLGN4X","NRXN1","NLGN4X NRXN1","Hou et al. 2020 (this publication)","20543817,","HGNC:14287","plasma membrane","HGNC:8008","HGNC:14287 HGNC:8008",""
"1590","NMB","BRS3","NMB BRS3","Ramilowski_2015_Literature_supported","9920658,","HGNC:7842","secreted","HGNC:1113","HGNC:7842 HGNC:1113",""
"1591","NMB","GRPR","NMB GRPR","Ramilowski_2015_Literature_supported","1720612,10454496, 7838118, 21729729, 19463875,","HGNC:7842","secreted","HGNC:4609","HGNC:7842 HGNC:4609",""
"1592","NMB","NMBR","NMB NMBR","Ramilowski_2015_Literature_supported","15169928,10454496, 7838118,10544247, 8253343, 8392057,","HGNC:7842","secreted","HGNC:7843","HGNC:7842 HGNC:7843",""
"1593","NMS","NMUR1","NMS NMUR1","Ramilowski_2015_Literature_supported","15635449,15635449,15635449,","HGNC:32203","secreted","HGNC:4518","HGNC:32203 HGNC:4518","CellphoneDB"
"1594","NMS","NMUR2","NMS NMUR2","Ramilowski_2015_Literature_supported","15635449,15635449,","HGNC:32203","secreted","HGNC:16454","HGNC:32203 HGNC:16454","CellphoneDB"
"1595","NMU","NMUR1","NMU NMUR1","Ramilowski_2015_Literature_supported","10894543,15292653, 10894543, 10899166, 15331768,10811630,","HGNC:7859","secreted","HGNC:4518","HGNC:7859 HGNC:4518","CellphoneDB"
"1596","NMU","NMUR2","NMU NMUR2","Ramilowski_2015_Literature_supported","10894543,15292653, 10894543, 10899166, 15331768,10894543, 10899166, 10887190,","HGNC:7859","secreted","HGNC:16454","HGNC:7859 HGNC:16454","CellphoneDB"
"1597","NODAL","ACVR1B","NODAL ACVR1B","Ramilowski_2015_Literature_supported","11952836,","HGNC:7865","secreted","HGNC:172","HGNC:7865 HGNC:172",""
"1598","NODAL","ACVR1C","NODAL ACVR1C","Ramilowski_2015_Literature_supported","12606401,","HGNC:7865","secreted","HGNC:18123","HGNC:7865 HGNC:18123",""
"1599","NODAL","ACVR2A","NODAL ACVR2A","Ramilowski_2015_Literature_supported","11952836,","HGNC:7865","secreted","HGNC:173","HGNC:7865 HGNC:173",""
"1600","NODAL","ACVR2B","NODAL ACVR2B","Ramilowski_2015_Literature_supported","11952836,","HGNC:7865","secreted","HGNC:174","HGNC:7865 HGNC:174",""
"1601","NODAL","CFC1","NODAL CFC1","Hou et al. 2020 (this publication)","28126904,","HGNC:7865","secreted","HGNC:18292","HGNC:7865 HGNC:18292",""
"1602","NODAL","TDGF1","NODAL TDGF1","Hou et al. 2020 (this publication)","28126904,","HGNC:7865","secreted","HGNC:11701","HGNC:7865 HGNC:11701",""
"1603","NPB","NPBWR1","NPB NPBWR1","Ramilowski_2015_Literature_supported","12401809,12401809, 12118011,12401809, 12118011,","HGNC:30099","secreted","HGNC:4522","HGNC:30099 HGNC:4522","CellphoneDB"
"1604","NPB","NPBWR2","NPB NPBWR2","Ramilowski_2015_Literature_supported","12401809,12401809,","HGNC:30099","secreted","HGNC:4530","HGNC:30099 HGNC:4530","CellphoneDB"
"1605","NPFF","NPFFR1","NPFF NPFFR1","Ramilowski_2015_Literature_supported","11024015,12242085, 17011599, 12421602,11024015,","HGNC:7901","secreted","HGNC:17425","HGNC:7901 HGNC:17425",""
"1606","NPFF","NPFFR2","NPFF NPFFR2","Ramilowski_2015_Literature_supported","11024015,12421602, 11325787,10851242, 12609745,","HGNC:7901","secreted","HGNC:4525","HGNC:7901 HGNC:4525",""
"1607","NPNT","ITGA8","NPNT ITGA8","Ramilowski_2015_Literature_supported","11470831,11470831,","HGNC:27405","secreted","HGNC:6144","HGNC:27405 HGNC:6144",""
"1608","NPNT","ITGB1","NPNT ITGB1","Ramilowski_2015_Literature_supported","11470831,","HGNC:27405","secreted","HGNC:6153","HGNC:27405 HGNC:6153",""
"1609","NPPA","NPR1","NPPA NPR1","Ramilowski_2015_Literature_supported","15911069,8700153,12547834,","HGNC:7939","secreted","HGNC:7943","HGNC:7939 HGNC:7943","CellphoneDB"
"1610","NPPA","NPR2","NPR2 NPPA","Efremova et al. 2020 (CellphoneDB)","1672777, 1660465, 1309330,","HGNC:7939","secreted","HGNC:7944","HGNC:7939 HGNC:7944",""
"1611","NPPA","NPR3","NPPA NPR3","Ramilowski_2015_Literature_supported","2169733,2169733,","HGNC:7939","secreted","HGNC:7945","HGNC:7939 HGNC:7945","CellphoneDB_flipped"
"1612","NPPB","NPR1","NPPB NPR1","Ramilowski_2015_Literature_supported","8700153,7901875, 1309330,","HGNC:7940","secreted","HGNC:7943","HGNC:7940 HGNC:7943","CellphoneDB"
"1613","NPPB","NPR2","NPPB NPR2","Ramilowski_2015_Literature_supported","2570358,","HGNC:7940","secreted","HGNC:7944","HGNC:7940 HGNC:7944","CellphoneDB"
"1614","NPPB","NPR3","NPPB NPR3","Ramilowski_2015_Literature_supported","1309330,1309330, 7901875,","HGNC:7940","secreted","HGNC:7945","HGNC:7940 HGNC:7945","CellphoneDB"
"1615","NPPC","NPR2","NPPC NPR2","Ramilowski_2015_Literature_supported","11952095,1309330,12709393,","HGNC:7941","secreted","HGNC:7944","HGNC:7941 HGNC:7944","CellphoneDB"
"1616","NPPC","NPR3","NPPC NPR3","Ramilowski_2015_Literature_supported","11533490, 1309330,","HGNC:7941","secreted","HGNC:7945","HGNC:7941 HGNC:7945","CellphoneDB"
"1617","NPS","NPSR1","NPS NPSR1","Ramilowski_2015_Literature_supported","15312648,15312648,","HGNC:33940","secreted","HGNC:23631","HGNC:33940 HGNC:23631","CellphoneDB"
"1618","NPVF","NPFFR1","NPVF NPFFR1","Ramilowski_2015_Literature_supported","11024015,12242085, 12421602, 17337079,","HGNC:13782","secreted","HGNC:17425","HGNC:13782 HGNC:17425","CellphoneDB"
"1619","NPVF","NPFFR2","NPVF NPFFR2","Ramilowski_2015_Literature_supported","12242085, 12421602,","HGNC:13782","secreted","HGNC:4525","HGNC:13782 HGNC:4525",""
"1620","NPW","NPBWR1","NPW NPBWR1","Ramilowski_2015_Literature_supported","12130646,12130646,12401809, 12130646,","HGNC:30509","secreted","HGNC:4522","HGNC:30509 HGNC:4522","CellphoneDB"
"1621","NPW","NPBWR2","NPW NPBWR2","Ramilowski_2015_Literature_supported","12130646,12401809,12719537, 12130646,","HGNC:30509","secreted","HGNC:4530","HGNC:30509 HGNC:4530","CellphoneDB"
"1622","NPY","FAP","NPY FAP","Ramilowski_2015_Literature_supported","21314817,","HGNC:7955","secreted","HGNC:3590","HGNC:7955 HGNC:3590",""
"1623","NPY","NPFFR2","NPY NPFFR2","Ramilowski_2015_Literature_supported","12609745,","HGNC:7955","secreted","HGNC:4525","HGNC:7955 HGNC:4525",""
"1624","NPY","NPY1R","NPY NPY1R","Ramilowski_2015_Literature_supported","9549761,12007534, 7559383, 9001438,","HGNC:7955","secreted","HGNC:7956","HGNC:7955 HGNC:7956",""
"1625","NPY","NPY2R","NPY NPY2R","Ramilowski_2015_Literature_supported","9549761,8632753, 7592910,9001438, 7559383, 12007534,","HGNC:7955","secreted","HGNC:7957","HGNC:7955 HGNC:7957",""
"1626","NPY","NPY4R","NPY NPY4R","Ramilowski_2015_Literature_supported","7592911,7493937,7493937,","HGNC:7955","secreted","HGNC:9329","HGNC:7955 HGNC:9329",""
"1627","NPY","NPY5R","NPY NPY5R","Ramilowski_2015_Literature_supported","12417094,8824284,12007534,","HGNC:7955","secreted","HGNC:7958","HGNC:7955 HGNC:7958",""
"1628","NPY","PRLHR","NPY PRLHR","Ramilowski_2015_Literature_supported","15885496,","HGNC:7955","secreted","HGNC:4464","HGNC:7955 HGNC:4464",""
"1629","NRG1","ERBB2","NRG1 ERBB2","Ramilowski_2015_Literature_supported","1350381, 7514177,","HGNC:7997","plasma membrane; secreted","HGNC:3430","HGNC:7997 HGNC:3430",""
"1630","NRG1","ERBB3","NRG1 ERBB3","Ramilowski_2015_Literature_supported","7514177,7592681, 11555649, 9565587, 8702572,","HGNC:7997","plasma membrane; secreted","HGNC:3431","HGNC:7997 HGNC:3431","CellphoneDB"
"1631","NRG1","ERBB4","NRG1 ERBB4","Ramilowski_2015_Literature_supported","8062828, 10537356, 7721889, 9565587,","HGNC:7997","plasma membrane; secreted","HGNC:3432","HGNC:7997 HGNC:3432","CellphoneDB"
"1632","NRG2","ERBB3","NRG2 ERBB3","Ramilowski_2015_Literature_supported","9168115,9168115, 9168114,","HGNC:7998","secreted","HGNC:3431","HGNC:7998 HGNC:3431","CellphoneDB"
"1633","NRG2","ERBB4","NRG2 ERBB4","Ramilowski_2015_Literature_supported","9168115,9168115, 9168114,","HGNC:7998","secreted","HGNC:3432","HGNC:7998 HGNC:3432","CellphoneDB"
"1634","NRG3","ERBB4","NRG3 ERBB4","Ramilowski_2015_Literature_supported","9275162,9275162,","HGNC:7999","plasma membrane","HGNC:3432","HGNC:7999 HGNC:3432","CellphoneDB"
"1635","NRG4","ERBB4","NRG4 ERBB4","Ramilowski_2015_Literature_supported","10348342,","HGNC:29862","secreted","HGNC:3432","HGNC:29862 HGNC:3432","CellphoneDB"
"1636","NRTN","GFRA1","NRTN GFRA1","Ramilowski_2015_Literature_supported","9182803,9407096,","HGNC:8007","secreted","HGNC:4243","HGNC:8007 HGNC:4243",""
"1637","NRTN","GFRA2","NRTN GFRA2","Ramilowski_2015_Literature_supported","9182803,10829012,","HGNC:8007","secreted","HGNC:4244","HGNC:8007 HGNC:4244",""
"1638","NRTN","RET","NRTN RET","Ramilowski_2015_Literature_supported","9182803,9192898,","HGNC:8007","secreted","HGNC:9967","HGNC:8007 HGNC:9967",""
"1639","NTF3","NGFR","NTF3 NGFR","Ramilowski_2015_Literature_supported","27434667, ","HGNC:8023","secreted","HGNC:7809","HGNC:8023 HGNC:7809","CellphoneDB"
"1640","NTF3","NTRK1","NTF3 NTRK1","Ramilowski_2015_Literature_supported","17439940,","HGNC:8023","secreted","HGNC:8031","HGNC:8023 HGNC:8031","CellphoneDB_flipped"
"1641","NTF3","NTRK2","NTF3 NTRK2","Ramilowski_2015_Literature_supported","8621424,","HGNC:8023","secreted","HGNC:8032","HGNC:8023 HGNC:8032","CellphoneDB_flipped"
"1642","NTF3","NTRK3","NTF3 NTRK3","Ramilowski_2015_Literature_supported","7679912,9488719, 9973222,","HGNC:8023","secreted","HGNC:8033","HGNC:8023 HGNC:8033","CellphoneDB"
"1643","NTF4","BEX3","NTF4 BEX3","Ramilowski_2015_Literature_supported","7679912,","HGNC:8024","secreted","HGNC:13388","HGNC:8024 HGNC:13388",""
"1644","NTF4","NGFR","NTF4 NGFR","Ramilowski_2015_Literature_supported","7541633,","HGNC:8024","secreted","HGNC:7809","HGNC:8024 HGNC:7809","CellphoneDB"
"1645","NTF4","NTRK1","NTF4 NTRK1","Ramilowski_2015_Literature_supported","11114882,","HGNC:8024","secreted","HGNC:8031","HGNC:8024 HGNC:8031",""
"1646","NTF4","NTRK2","NTF4 NTRK2","Ramilowski_2015_Literature_supported","7679912,11855816,","HGNC:8024","secreted","HGNC:8032","HGNC:8024 HGNC:8032","CellphoneDB_flipped"
"1647","NTN1","ADORA2B","NTN1 ADORA2B","Ramilowski_2015_Literature_supported","11048721,","HGNC:8029","secreted","HGNC:264","HGNC:8029 HGNC:264",""
"1648","NTN1","DCC","NTN1 DCC","Ramilowski_2015_Literature_supported","8861902, 10399920,9950216, 12810718,","HGNC:8029","secreted","HGNC:2701","HGNC:8029 HGNC:2701",""
"1649","NTN1","MCAM","NTN1 MCAM","Hou et al. 2020 (this publication)","25656845,","HGNC:8029","secreted","HGNC:6934","HGNC:8029 HGNC:6934",""
"1650","NTN1","NEO1","NTN1 NEO1","Ramilowski_2015_Literature_supported","8861902, 12636918,","HGNC:8029","secreted","HGNC:7754","HGNC:8029 HGNC:7754",""
"1651","NTN1","UNC5A","NTN1 UNC5A","Ramilowski_2015_Literature_supported","9126742,","HGNC:8029","secreted","HGNC:12567","HGNC:8029 HGNC:12567",""
"1652","NTN1","UNC5B","NTN1 UNC5B","Ramilowski_2015_Literature_supported","9126742,","HGNC:8029","secreted","HGNC:12568","HGNC:8029 HGNC:12568",""
"1653","NTN1","UNC5C","NTN1 UNC5C","Ramilowski_2015_Literature_supported","12810718, 10399920,12810718,","HGNC:8029","secreted","HGNC:12569","HGNC:8029 HGNC:12569",""
"1654","NTN1","UNC5D","NTN1 UNC5D","Ramilowski_2015_Literature_supported","9126742,","HGNC:8029","secreted","HGNC:18634","HGNC:8029 HGNC:18634",""
"1655","NTN3","CDON","NTN3 CDON","Ramilowski_2015_Literature_supported","15520228,","HGNC:8030","secreted","HGNC:17104","HGNC:8030 HGNC:17104",""
"1656","NTN3","NEO1","NTN3 NEO1","Ramilowski_2015_Literature_supported","15520228,10366627,","HGNC:8030","secreted","HGNC:7754","HGNC:8030 HGNC:7754",""
"1657","NTN4","DCC","NTN4 DCC","Ramilowski_2015_Literature_supported","17174565,","HGNC:13658","secreted","HGNC:2701","HGNC:13658 HGNC:2701",""
"1658","NTN4","UNC5A","NTN4 UNC5A","Ramilowski_2015_Literature_supported","17174565,","HGNC:13658","secreted","HGNC:12567","HGNC:13658 HGNC:12567",""
"1659","NTNG1","LRRC4C","NTNG1 LRRC4C","Ramilowski_2015_Literature_supported","14595443,14595443,","HGNC:23319","secreted","HGNC:29317","HGNC:23319 HGNC:29317",""
"1660","NTNG2","LRRC4","NTNG2 LRRC4","Ramilowski_2015_Literature_supported","17973922,","HGNC:14288","secreted","HGNC:15586","HGNC:14288 HGNC:15586",""
"1661","NTRK3","PTPRD","NTRK3 PTPRD","Hou et al. 2020 (this publication)","23345436,","HGNC:8033","plasma membrane","HGNC:9668","HGNC:8033 HGNC:9668",""
"1662","NTRK3","PTPRF","NTRK3 PTPRF","Hou et al. 2020 (this publication)","23345436,","HGNC:8033","plasma membrane","HGNC:9670","HGNC:8033 HGNC:9670",""
"1663","NTRK3","PTPRS","NTRK3 PTPRS","Hou et al. 2020 (this publication)","23345436,","HGNC:8033","plasma membrane","HGNC:9681","HGNC:8033 HGNC:9681",""
"1664","NTS","NTSR1","NTS NTSR1","Ramilowski_2015_Literature_supported","1331689, 1694443,11811984, 11723247, 10930533,11559354, 16087676,","HGNC:8038","secreted","HGNC:8039","HGNC:8038 HGNC:8039","CellphoneDB"
"1665","NTS","NTSR2","NTS NTSR2","Ramilowski_2015_Literature_supported","9851594,11723247,11801734, 16087676,","HGNC:8038","secreted","HGNC:8040","HGNC:8038 HGNC:8040",""
"1666","NTS","SORT1","NTS SORT1","Ramilowski_2015_Literature_supported","9756851, 16087676,","HGNC:8038","secreted","HGNC:11186","HGNC:8038 HGNC:11186",""
"1667","NXPH1","NRXN1","NXPH1 NRXN1","Ramilowski_2015_Literature_supported","9856994,8699246, 9856994,","HGNC:20693","secreted","HGNC:8008","HGNC:20693 HGNC:8008",""
"1668","NXPH1","NRXN2","NXPH1 NRXN2","Ramilowski_2015_Literature_supported","9856994,","HGNC:20693","secreted","HGNC:8009","HGNC:20693 HGNC:8009",""
"1669","NXPH1","NRXN3","NXPH1 NRXN3","Ramilowski_2015_Literature_supported","9856994,","HGNC:20693","secreted","HGNC:8010","HGNC:20693 HGNC:8010",""
"1670","NXPH2","NRXN1","NXPH2 NRXN1","Ramilowski_2015_Literature_supported","8699246,","HGNC:8076","secreted","HGNC:8008","HGNC:8076 HGNC:8008",""
"1671","NXPH3","NRXN1","NXPH3 NRXN1","Ramilowski_2015_Literature_supported","9856994,9856994,","HGNC:8077","secreted","HGNC:8008","HGNC:8077 HGNC:8008",""
"1672","NXPH3","NRXN2","NXPH3 NRXN2","Ramilowski_2015_Literature_supported","9856994,","HGNC:8077","secreted","HGNC:8009","HGNC:8077 HGNC:8009",""
"1673","NXPH3","NRXN3","NXPH3 NRXN3","Ramilowski_2015_Literature_supported","9856994,","HGNC:8077","secreted","HGNC:8010","HGNC:8077 HGNC:8010",""
"1674","OMG","LINGO1","OMG LINGO1","Ramilowski_2015_Literature_supported","14966521,","HGNC:8135","plasma membrane","HGNC:21205","HGNC:8135 HGNC:21205",""
"1675","OMG","RTN4R","OMG RTN4R","Ramilowski_2015_Literature_supported","12068310,","HGNC:8135","plasma membrane","HGNC:18601","HGNC:8135 HGNC:18601",""
"1676","OMG","RTN4RL1","OMG RTN4RL1","Ramilowski_2015_Literature_supported","12068310,","HGNC:8135","plasma membrane","HGNC:21329","HGNC:8135 HGNC:21329",""
"1677","OMG","TNFRSF1B","OMG TNFRSF1B","Ramilowski_2015_Literature_supported","14966521,","HGNC:8135","plasma membrane","HGNC:11917","HGNC:8135 HGNC:11917",""
"1678","ORM1","CCR5","ORM1 CCR5","Ramilowski_2015_Literature_supported","11336643,","HGNC:8498","secreted","HGNC:1606","HGNC:8498 HGNC:1606",""
"1679","OSM","IL6ST","OSM IL6ST","Ramilowski_2015_Literature_supported","10854424, 8999038,8999038, 16051226,","HGNC:8506","secreted","HGNC:6021","HGNC:8506 HGNC:6021",""
"1680","OSM","LIFR","OSM LIFR","Ramilowski_2015_Literature_supported","10854424,1542794, 1536831, 16051226,","HGNC:8506","secreted","HGNC:6597","HGNC:8506 HGNC:6597",""
"1681","OSM","OSMR","OSM OSMR","Ramilowski_2015_Literature_supported","8999038,10997905, 8999038,","HGNC:8506","secreted","HGNC:8507","HGNC:8506 HGNC:8507",""
"1682","OSTN","NPR3","OSTN NPR3","Ramilowski_2015_Literature_supported","17951249,","HGNC:29961","secreted","HGNC:7945","HGNC:29961 HGNC:7945","CellphoneDB"
"1683","OXT","AVPR1A","OXT AVPR1A","Ramilowski_2015_Literature_supported","8106369, 9884074, 9334232, 9322919, 9459574, 9264324, 10519430, 12660315,","HGNC:8528","secreted","HGNC:895","HGNC:8528 HGNC:895",""
"1684","OXT","AVPR1B","OXT AVPR1B","Ramilowski_2015_Literature_supported","9884074, 9322919, 9459574, 9264324, 16158071,","HGNC:8528","secreted","HGNC:896","HGNC:8528 HGNC:896",""
"1685","OXT","AVPR2","OXT AVPR2","Ramilowski_2015_Literature_supported","9884074, 9322919, 9459574, 9264324, 7774575, 12660315,","HGNC:8528","secreted","HGNC:897","HGNC:8528 HGNC:897",""
"1686","OXT","OXTR","OXT OXTR","Ramilowski_2015_Literature_supported","1313946,10519430, 7774575, 12660315, 16158071, 7475979, 8955347,10698266,","HGNC:8528","secreted","HGNC:8529","HGNC:8528 HGNC:8529",""
"1687","PCNA","NCR2","PCNA NCR2","Hou et al. 2020 (this publication)","22021614,","HGNC:8729","secreted","HGNC:6732","HGNC:8729 HGNC:6732",""
"1688","PCSK9","VLDLR","PCSK9 VLDLR","Ramilowski_2015_Literature_supported","17452316,","HGNC:20001","secreted","HGNC:12698","HGNC:20001 HGNC:12698",""
"1689","PDCD1LG2","PDCD1","PDCD1LG2 PDCD1","Efremova et al. 2020 (CellphoneDB)","12810690,","HGNC:18731","plasma membrane; secreted","HGNC:8760","HGNC:18731 HGNC:8760",""
"1690","PDCD1LG2","RGMB","PDCD1LG2 RGMB","Hou et al. 2020 (this publication)","24752301,","HGNC:18731","plasma membrane; secreted","HGNC:26896","HGNC:18731 HGNC:26896",""
"1691","PDGFA","PDGFRA","PDGFA PDGFRA","Ramilowski_2015_Literature_supported","15207811,2544881,","HGNC:8799","secreted","HGNC:8803","HGNC:8799 HGNC:8803","CellphoneDB"
"1692","PDGFB","ART1","PDGFB ART1","Ramilowski_2015_Literature_supported","11498506,","HGNC:8800","secreted","HGNC:723","HGNC:8800 HGNC:723",""
"1693","PDGFB","LRP1","PDGFB LRP1","Ramilowski_2015_Literature_supported","11854294,","HGNC:8800","secreted","HGNC:6692","HGNC:8800 HGNC:6692","CellphoneDB_flipped"
"1694","PDGFB","PDGFRA","PDGFB PDGFRA","Ramilowski_2015_Literature_supported","15207811,2544881,","HGNC:8800","secreted","HGNC:8803","HGNC:8800 HGNC:8803","CellphoneDB"
"1695","PDGFB","PDGFRB","PDGFB PDGFRB","Ramilowski_2015_Literature_supported","2850496,11903042,","HGNC:8800","secreted","HGNC:8804","HGNC:8800 HGNC:8804","CellphoneDB"
"1696","PDGFC","PDGFRA","PDGFC PDGFRA","Ramilowski_2015_Literature_supported","10806482,11297552, 10806482, 11342471,","HGNC:8801","secreted","HGNC:8803","HGNC:8801 HGNC:8803","CellphoneDB"
"1697","PDGFC","PDGFRB","PDGFC PDGFRB","Baccin et al. 2020 (RNA-Magnet)","19795151,","HGNC:8801","secreted","HGNC:8804","HGNC:8801 HGNC:8804",""
"1698","PDGFD","PDGFRB","PDGFD PDGFRB","Ramilowski_2015_Literature_supported","15207811,14514732,","HGNC:30620","secreted","HGNC:8804","HGNC:30620 HGNC:8804","CellphoneDB"
"1699","PDPN","CLEC1B","PDPN CLEC1B","Hou et al. 2020 (this publication)","29853539,","HGNC:29602","plasma membrane","HGNC:24356","HGNC:29602 HGNC:24356",""
"1700","PDYN","OPRD1","PDYN OPRD1","Ramilowski_2015_Literature_supported","9686407,","HGNC:8820","secreted","HGNC:8153","HGNC:8820 HGNC:8153",""
"1701","PDYN","OPRK1","PDYN OPRK1","Ramilowski_2015_Literature_supported","8170987,7869844, 7624359, 9686407, 9262330, 1967312,","HGNC:8820","secreted","HGNC:8154","HGNC:8820 HGNC:8154",""
"1702","PDYN","OPRM1","PDYN OPRM1","Ramilowski_2015_Literature_supported","9686407,","HGNC:8820","secreted","HGNC:8156","HGNC:8820 HGNC:8156",""
"1703","PECAM1","CD38","PECAM1 CD38","Cabello-Aguilar et al. 2020 (SingleCellSignalR)","9551996, 26407101,","HGNC:8823","plasma membrane","HGNC:1667","HGNC:8823 HGNC:1667",""
"1704","PENK","MRGPRX1","PENK MRGPRX1","Ramilowski_2015_Literature_supported","15163697, 11850634, 23396314,","HGNC:8831","secreted","HGNC:17962","HGNC:8831 HGNC:17962","CellphoneDB"
"1705","PENK","OGFR","PENK OGFR","Ramilowski_2015_Literature_supported","16820893,","HGNC:8831","secreted","HGNC:15768","HGNC:8831 HGNC:15768",""
"1706","PENK","OPRD1","PENK OPRD1","Ramilowski_2015_Literature_supported","9686407,","HGNC:8831","secreted","HGNC:8153","HGNC:8831 HGNC:8153",""
"1707","PENK","OPRM1","PENK OPRM1","Ramilowski_2015_Literature_supported","9686407,","HGNC:8831","secreted","HGNC:8156","HGNC:8831 HGNC:8156",""
"1708","PF4","CXCR3","PF4 CXCR3","Ramilowski_2015_Literature_supported","12782716,","HGNC:8861","secreted","HGNC:4540","HGNC:8861 HGNC:4540","CellphoneDB_flipped"
"1709","PF4","FGFR2","PF4 FGFR2","Ramilowski_2015_Literature_supported","9558385,","HGNC:8861","secreted","HGNC:3689","HGNC:8861 HGNC:3689",""
"1710","PF4","LDLR","PF4 LDLR","Ramilowski_2015_Literature_supported","11986215,11986215,","HGNC:8861","secreted","HGNC:6547","HGNC:8861 HGNC:6547",""
"1711","PF4","PROCR","PF4 PROCR","Ramilowski_2015_Literature_supported","9395524,","HGNC:8861","secreted","HGNC:9452","HGNC:8861 HGNC:9452",""
"1712","PF4","SDC2","PF4 SDC2","Ramilowski_2015_Literature_supported","7524669,","HGNC:8861","secreted","HGNC:10659","HGNC:8861 HGNC:10659",""
"1713","PF4","THBD","PF4 THBD","Ramilowski_2015_Literature_supported","9395524,9395524,","HGNC:8861","secreted","HGNC:11784","HGNC:8861 HGNC:11784",""
"1714","PF4V1","CXCR3","PF4V1 CXCR3","Hou et al. 2020 (this publication)","28859966,","HGNC:8862","secreted","HGNC:4540","HGNC:8862 HGNC:4540",""
"1715","PGF","FLT1","PGF FLT1","Ramilowski_2015_Literature_supported","9452434, 14684734,","HGNC:8893","secreted","HGNC:3763","HGNC:8893 HGNC:3763","CellphoneDB_flipped"
"1716","PGF","NRP1","PGF NRP1","Ramilowski_2015_Literature_supported","11986311,11986311,","HGNC:8893","secreted","HGNC:8004","HGNC:8893 HGNC:8004","CellphoneDB_flipped"
"1717","PGF","NRP2","PGF NRP2","Ramilowski_2015_Literature_supported","10748121,","HGNC:8893","secreted","HGNC:8005","HGNC:8893 HGNC:8005","CellphoneDB_flipped"
"1718","PGLYRP1","TREM1","PGLYRP1 TREM1","Hou et al. 2020 (this publication)","25595774,","HGNC:8904","secreted","HGNC:17760","HGNC:8904 HGNC:17760",""
"1719","PIP","CD4","PIP CD4","Ramilowski_2015_Literature_supported","10820003,","HGNC:8993","secreted","HGNC:1678","HGNC:8993 HGNC:1678",""
"1720","PLA2G10","PLA2R1","PLA2G10 PLA2R1","Ramilowski_2015_Literature_supported","11019817, 10922494,","HGNC:9029","secreted","HGNC:9042","HGNC:9029 HGNC:9042",""
"1721","PLA2G2A","ITGA4","PLA2G2A ITGA4","Hou et al. 2020 (this publication)","25398877,","HGNC:9031","secreted","HGNC:6140","HGNC:9031 HGNC:6140",""
"1722","PLA2G2A","ITGA5","PLA2G2A ITGA5","Hou et al. 2020 (this publication)","25398877,","HGNC:9031","secreted","HGNC:6141","HGNC:9031 HGNC:6141",""
"1723","PLA2G2A","ITGAV","PLA2G2A ITGAV","Hou et al. 2020 (this publication)","25398877,","HGNC:9031","secreted","HGNC:6150","HGNC:9031 HGNC:6150",""
"1724","PLA2G2A","ITGB1","PLA2G2A ITGB1","Hou et al. 2020 (this publication)","25398877,","HGNC:9031","secreted","HGNC:6153","HGNC:9031 HGNC:6153",""
"1725","PLA2G2A","ITGB3","PLA2G2A ITGB3","Hou et al. 2020 (this publication)","25398877,","HGNC:9031","secreted","HGNC:6156","HGNC:9031 HGNC:6156",""
"1726","PLAT","LRP1","PLAT LRP1","Ramilowski_2015_Literature_supported","11560943,10632583, 1502153,","HGNC:9051","secreted","HGNC:6692","HGNC:9051 HGNC:6692",""
"1727","PLAU","IGF2R","PLAU IGF2R","Ramilowski_2015_Literature_supported","9566979,","HGNC:9052","secreted","HGNC:5467","HGNC:9052 HGNC:5467",""
"1728","PLAU","LRP1","PLAU LRP1","Ramilowski_2015_Literature_supported","11560943,","HGNC:9052","secreted","HGNC:6692","HGNC:9052 HGNC:6692",""
"1729","PLAU","LRP2","PLAU LRP2","Ramilowski_2015_Literature_supported","8344937,","HGNC:9052","secreted","HGNC:6694","HGNC:9052 HGNC:6694",""
"1730","PLAU","PLAUR","PLAU PLAUR","Ramilowski_2015_Literature_supported","16456079,3031025, 11501527, 3023326,","HGNC:9052","secreted","HGNC:9053","HGNC:9052 HGNC:9053",""
"1731","PLAU","ST14","PLAU ST14","Ramilowski_2015_Literature_supported","10962009,","HGNC:9052","secreted","HGNC:11344","HGNC:9052 HGNC:11344",""
"1732","PLG","F2R","PLG F2R","Ramilowski_2015_Literature_supported","10978167,","HGNC:9071","secreted","HGNC:3537","HGNC:9071 HGNC:3537",""
"1733","PLG","F2RL1","PLG F2RL1","Ramilowski_2015_Literature_supported","12604689, 10978167, 9020112,","HGNC:9071","secreted","HGNC:3538","HGNC:9071 HGNC:3538",""
"1734","PLG","F3","PLG F3","Ramilowski_2015_Literature_supported","9490681,","HGNC:9071","secreted","HGNC:3541","HGNC:9071 HGNC:3541",""
"1735","PLG","ITGA9","PLG ITGA9","Ramilowski_2015_Literature_supported","15247268,","HGNC:9071","secreted","HGNC:6145","HGNC:9071 HGNC:6145",""
"1736","PLG","ITGB1","PLG ITGB1","Ramilowski_2015_Literature_supported","15247268,","HGNC:9071","secreted","HGNC:6153","HGNC:9071 HGNC:6153",""
"1737","PLG","PLGRKT","PLG PLGRKT","Ramilowski_2015_Literature_supported","19897580,","HGNC:9071","secreted","HGNC:23633","HGNC:9071 HGNC:23633",""
"1738","PLTP","ABCA1","PLTP ABCA1","Ramilowski_2015_Literature_supported","14559902,","HGNC:9093","secreted","HGNC:29","HGNC:9093 HGNC:29",""
"1739","PMCH","MCHR1","PMCH MCHR1","Ramilowski_2015_Literature_supported","10421368,10421367, 11375253,11478907, 11839762,","HGNC:9109","secreted","HGNC:4479","HGNC:9109 HGNC:4479",""
"1740","PMCH","MCHR2","PMCH MCHR2","Ramilowski_2015_Literature_supported","10471841,11404457,11416225, 11404457, 11274220, 11478907, 11839762,","HGNC:9109","secreted","HGNC:20867","HGNC:9109 HGNC:20867",""
"1741","PNOC","OPRL1","PNOC OPRL1","Ramilowski_2015_Literature_supported","7481766,12967935, 8849681, 10369464, 12070757, 22827708,10692489, 11097863,","HGNC:9163","secreted","HGNC:8155","HGNC:9163 HGNC:8155",""
"1742","PODXL","SELL","PODXL SELL","Ramilowski_2015_Literature_supported","9625756,","HGNC:9171","secreted","HGNC:10720","HGNC:9171 HGNC:10720","CellphoneDB_flipped"
"1743","PODXL2","SELL","PODXL2 SELL","Ramilowski_2015_Literature_supported","12889478,12889478,","HGNC:17936","plasma membrane","HGNC:10720","HGNC:17936 HGNC:10720",""
"1744","POMC","MC1R","POMC MC1R","Ramilowski_2015_Literature_supported","1516719, 10942578,7774675, 12007532,10942578, 11041375,","HGNC:9201","secreted","HGNC:6929","HGNC:9201 HGNC:6929","CellphoneDB"
"1745","POMC","MC2R","POMC MC2R","Ramilowski_2015_Literature_supported","9058374,12213892,","HGNC:9201","secreted","HGNC:6930","HGNC:9201 HGNC:6930",""
"1746","POMC","MC3R","POMC MC3R","Ramilowski_2015_Literature_supported","7774675, 10358030, 10493100,","HGNC:9201","secreted","HGNC:6931","HGNC:9201 HGNC:6931","CellphoneDB"
"1747","POMC","MC4R","POMC MC4R","Ramilowski_2015_Literature_supported","8884876, 10493100, 11101306,12165561, 11101306,","HGNC:9201","secreted","HGNC:6932","HGNC:9201 HGNC:6932","CellphoneDB"
"1748","POMC","MC5R","POMC MC5R","Ramilowski_2015_Literature_supported","11785979,7774675, 12007532,11606131, 8185570,","HGNC:9201","secreted","HGNC:6933","HGNC:9201 HGNC:6933","CellphoneDB"
"1749","POMC","OPRD1","POMC OPRD1","Ramilowski_2015_Literature_supported","15464143,9686407,","HGNC:9201","secreted","HGNC:8153","HGNC:9201 HGNC:8153",""
"1750","POMC","OPRK1","POMC OPRK1","Ramilowski_2015_Literature_supported","8624732,9686407, 7624359,","HGNC:9201","secreted","HGNC:8154","HGNC:9201 HGNC:8154",""
"1751","POMC","OPRM1","POMC OPRM1","Ramilowski_2015_Literature_supported","15464143,","HGNC:9201","secreted","HGNC:8156","HGNC:9201 HGNC:8156",""
"1752","POSTN","PTK7","POSTN PTK7","Hou et al. 2020 (this publication)","30348980 ,","HGNC:16953","secreted","HGNC:9618","HGNC:16953 HGNC:9618",""
"1753","PPBP","CXCR1","PPBP CXCR1","Ramilowski_2015_Literature_supported","8137938,8195702, 1427896,","HGNC:9240","secreted","HGNC:6026","HGNC:9240 HGNC:6026","CellphoneDB_flipped"
"1754","PPBP","CXCR2","PPBP CXCR2","Ramilowski_2015_Literature_supported","8702798,8702798, 8195702,","HGNC:9240","secreted","HGNC:6027","HGNC:9240 HGNC:6027","CellphoneDB"
"1755","PPY","NPY4R","PPY NPY4R","Ramilowski_2015_Literature_supported","8643460,8643460, 7493937, 16807358, 7592911,7493937,","HGNC:9327","secreted","HGNC:9329","HGNC:9327 HGNC:9329",""
"1756","PPY","NPY5R","PPY NPY5R","Ramilowski_2015_Literature_supported","8824284,","HGNC:9327","secreted","HGNC:7958","HGNC:9327 HGNC:7958",""
"1757","PRG4","TLR2","PRG4 TLR2","Hou et al. 2020 (this publication)","26643105,","HGNC:9364","secreted","HGNC:11848","HGNC:9364 HGNC:11848",""
"1758","PRG4","TLR4","PRG4 TLR4","Hou et al. 2020 (this publication)","26643105,","HGNC:9364","secreted","HGNC:11850","HGNC:9364 HGNC:11850",""
"1759","PRL","PRLR","PRL PRLR","Ramilowski_2015_Literature_supported","2558309, 11356126,9626554, 10966654, 7984244,","HGNC:9445","secreted","HGNC:9446","HGNC:9445 HGNC:9446","CellphoneDB"
"1760","PRLH","PRLHR","PRLH PRLHR","Ramilowski_2015_Literature_supported","11030716,11030716, 12606605,9607765, 11030716, 10475064,","HGNC:17945","secreted","HGNC:4464","HGNC:17945 HGNC:4464","CellphoneDB"
"1761","PRND","RPSA","PRND RPSA","Ramilowski_2015_Literature_supported","15246873,15246873,","HGNC:15748","secreted","HGNC:6502","HGNC:15748 HGNC:6502",""
"1762","PROC","PROCR","PROC PROCR","Ramilowski_2015_Literature_supported","7929370,11099506, 10681521,","HGNC:9451","secreted","HGNC:9452","HGNC:9451 HGNC:9452",""
"1763","PROC","TEK","PROC TEK","Hou et al. 2020 (this publication)","28005151,","HGNC:9451","secreted","HGNC:11724","HGNC:9451 HGNC:11724",""
"1764","PROC","THBD","PROC THBD","Ramilowski_2015_Literature_supported","11106601, 12588872,","HGNC:9451","secreted","HGNC:11784","HGNC:9451 HGNC:11784",""
"1765","PROK1","PROKR1","PROK1 PROKR1","Ramilowski_2015_Literature_supported","11886876,12054613, 15772293,","HGNC:18454","secreted","HGNC:4524","HGNC:18454 HGNC:4524","CellphoneDB"
"1766","PROK1","PROKR2","PROK1 PROKR2","Ramilowski_2015_Literature_supported","11886876,12054613, 15772293,","HGNC:18454","secreted","HGNC:15836","HGNC:18454 HGNC:15836","CellphoneDB"
"1767","PROK2","PROKR1","PROK2 PROKR1","Ramilowski_2015_Literature_supported","12054613, 15772293,","HGNC:18455","secreted","HGNC:4524","HGNC:18455 HGNC:4524","CellphoneDB"
"1768","PROK2","PROKR2","PROK2 PROKR2","Ramilowski_2015_Literature_supported","12024206,12054613, 15772293,","HGNC:18455","secreted","HGNC:15836","HGNC:18455 HGNC:15836","CellphoneDB"
"1769","PROS1","AXL","PROS1 AXL","Ramilowski_2015_Literature_supported","7867073,7867073,","HGNC:9456","secreted","HGNC:905","HGNC:9456 HGNC:905","CellphoneDB"
"1770","PROS1","MERTK","PROS1 MERTK","Hou et al. 2020 (this publication)","25074926,","HGNC:9456","secreted","HGNC:7027","HGNC:9456 HGNC:7027",""
"1771","PROS1","TYRO3","PROS1 TYRO3","Ramilowski_2015_Literature_supported","7867073,7867073,8641360,","HGNC:9456","secreted","HGNC:12446","HGNC:9456 HGNC:12446","CellphoneDB"
"1772","PSAP","CD1B","PSAP CD1B","Ramilowski_2015_Literature_supported","14716313,","HGNC:9498","secreted","HGNC:1635","HGNC:9498 HGNC:1635",""
"1773","PSAP","GPR37","PSAP GPR37","Ramilowski_2015_Literature_supported","23690594,23690594,","HGNC:9498","secreted","HGNC:4494","HGNC:9498 HGNC:4494","CellphoneDB"
"1774","PSAP","GPR37L1","PSAP GPR37L1","Ramilowski_2015_Literature_supported","23690594,23690594,","HGNC:9498","secreted","HGNC:14923","HGNC:9498 HGNC:14923","CellphoneDB"
"1775","PSAP","LRP1","PSAP LRP1","Ramilowski_2015_Literature_supported","9707421,","HGNC:9498","secreted","HGNC:6692","HGNC:9498 HGNC:6692",""
"1776","PSEN1","NCSTN","PSEN1 NCSTN","Ramilowski_2015_Literature_supported","10993067,10993067, 12603837,","HGNC:9508","plasma membrane","HGNC:17091","HGNC:9508 HGNC:17091",""
"1777","PSEN1","NOTCH1","PSEN1 NOTCH1","Ramilowski_2015_Literature_supported","10077672, 10206645, 12374741,","HGNC:9508","plasma membrane","HGNC:7881","HGNC:9508 HGNC:7881",""
"1778","PSEN1","NOTCH2","PSEN1 NOTCH2","Ramilowski_2015_Literature_supported","11518718,","HGNC:9508","plasma membrane","HGNC:7882","HGNC:9508 HGNC:7882",""
"1779","PSEN1","NOTCH3","PSEN1 NOTCH3","Ramilowski_2015_Literature_supported","11518718,","HGNC:9508","plasma membrane","HGNC:7883","HGNC:9508 HGNC:7883",""
"1780","PSEN1","NOTCH4","PSEN1 NOTCH4","Ramilowski_2015_Literature_supported","11518718,","HGNC:9508","plasma membrane","HGNC:7884","HGNC:9508 HGNC:7884",""
"1781","PSPN","GFRA1","PSPN GFRA1","Ramilowski_2015_Literature_supported","20350599,","HGNC:9579","secreted","HGNC:4243","HGNC:9579 HGNC:4243",""
"1782","PSPN","GFRA4","PSPN GFRA4","Ramilowski_2015_Literature_supported","11116144,11116144,","HGNC:9579","secreted","HGNC:13821","HGNC:9579 HGNC:13821",""
"1783","PSPN","RET","PSPN RET","Ramilowski_2015_Literature_supported","11116144,","HGNC:9579","secreted","HGNC:9967","HGNC:9579 HGNC:9967",""
"1784","PTDSS1","JMJD6","PTDSS1 JMJD6","Ramilowski_2015_Literature_supported","10811223,","HGNC:9587","plasma membrane","HGNC:19355","HGNC:9587 HGNC:19355",""
"1785","PTDSS1","SCARB1","PTDSS1 SCARB1","Ramilowski_2015_Literature_supported","8999945,","HGNC:9587","plasma membrane","HGNC:1664","HGNC:9587 HGNC:1664",""
"1786","PTGS2","CAV1","PTGS2 CAV1","Ramilowski_2015_Literature_supported","11432874,","HGNC:9605","plasma membrane","HGNC:1527","HGNC:9605 HGNC:1527",""
"1787","PTGS2","PTGDR2","PTGS2 PTGDR2","Ramilowski_2015_Literature_supported","11208866,","HGNC:9605","plasma membrane","HGNC:4502","HGNC:9605 HGNC:4502",""
"1788","PTH","PTH1R","PTH PTH1R","Ramilowski_2015_Literature_supported","12947048,9108031,","HGNC:9606","secreted","HGNC:9608","HGNC:9606 HGNC:9608","CellphoneDB"
"1789","PTH","PTH2R","PTH PTH2R","Ramilowski_2015_Literature_supported","7797535,9482662,","HGNC:9606","secreted","HGNC:9609","HGNC:9606 HGNC:9609","CellphoneDB"
"1790","PTH2","PTH1R","PTH2 PTH1R","Ramilowski_2015_Literature_supported","11159842, 10854439,","HGNC:30828","secreted","HGNC:9608","HGNC:30828 HGNC:9608",""
"1791","PTH2","PTH2R","PTH2 PTH2R","Ramilowski_2015_Literature_supported","11861531,10854439, 11602681,10854439,","HGNC:30828","secreted","HGNC:9609","HGNC:30828 HGNC:9609",""
"1792","PTHLH","PTH1R","PTHLH PTH1R","Ramilowski_2015_Literature_supported","2558877,8702701,9108031,","HGNC:9607","secreted","HGNC:9608","HGNC:9607 HGNC:9608","CellphoneDB"
"1793","PTHLH","PTH2R","PTHLH PTH2R","Ramilowski_2015_Literature_supported","8702701,","HGNC:9607","secreted","HGNC:9609","HGNC:9607 HGNC:9609","CellphoneDB"
"1794","PTMA","VIPR1","PTMA VIPR1","Ramilowski_2015_Literature_supported","8886855,","HGNC:9623","secreted","HGNC:12694","HGNC:9623 HGNC:12694",""
"1795","PTN","ALK","PTN ALK","Ramilowski_2015_Literature_supported","11278720,","HGNC:9630","secreted","HGNC:427","HGNC:9630 HGNC:427","CellphoneDB"
"1796","PTN","PLXNB2","PTN PLXNB2","Ramilowski_2015_Literature_supported","16169070,","HGNC:9630","secreted","HGNC:9104","HGNC:9630 HGNC:9104","CellphoneDB"
"1797","PTN","PTPRB","PTN PTPRB","Ramilowski_2015_Literature_supported","22839765,","HGNC:9630","secreted","HGNC:9665","HGNC:9630 HGNC:9665",""
"1798","PTN","PTPRS","PTN PTPRS","Ramilowski_2015_Literature_supported","16169070,","HGNC:9630","secreted","HGNC:9681","HGNC:9630 HGNC:9681","CellphoneDB"
"1799","PTN","PTPRZ1","PTN PTPRZ1","Ramilowski_2015_Literature_supported","10706604,10706604, 16814777,","HGNC:9630","secreted","HGNC:9685","HGNC:9630 HGNC:9685","CellphoneDB_flipped"
"1800","PTN","SDC3","PTN SDC3","Ramilowski_2015_Literature_supported","8175719,","HGNC:9630","secreted","HGNC:10660","HGNC:9630 HGNC:10660",""
"1801","PTPRC","CD22","PTPRC CD22","Efremova et al. 2020 (CellphoneDB)","12115612,","HGNC:9666","plasma membrane","HGNC:1643","HGNC:9666 HGNC:1643",""
"1802","PTPRC","MRC1","PTPRC MRC1","Efremova et al. 2020 (CellphoneDB)","27601670, 10575006,","HGNC:9666","plasma membrane","HGNC:7228","HGNC:9666 HGNC:7228",""
"1803","PTPRK","PTPRK","PTPRK PTPRK","Baccin et al. 2020 (RNA-Magnet)","8264577,","HGNC:9674","plasma membrane","HGNC:9674","HGNC:9674 HGNC:9674",""
"1804","PTPRM","PTPRM","PTPRM PTPRM","Baccin et al. 2020 (RNA-Magnet)","8394372,","HGNC:9675","plasma membrane","HGNC:9675","HGNC:9675 HGNC:9675",""
"1805","PTPRZ1","L1CAM","PTPRZ1 L1CAM","Baccin et al. 2020 (RNA-Magnet)","9117260,","HGNC:9685","plasma membrane","HGNC:6470","HGNC:9685 HGNC:6470",""
"1806","PTPRZ1","NCAM1","PTPRZ1 NCAM1","Baccin et al. 2020 (RNA-Magnet)","9117260,","HGNC:9685","plasma membrane","HGNC:7656","HGNC:9685 HGNC:7656",""
"1807","PVR","CD226","PVR CD226","Efremova et al. 2020 (CellphoneDB)","15607800, ","HGNC:9705","plasma membrane; secreted","HGNC:16961","HGNC:9705 HGNC:16961",""
"1808","PVR","CD96","PVR CD96","Efremova et al. 2020 (CellphoneDB)","17971293,","HGNC:9705","plasma membrane; secreted","HGNC:16892","HGNC:9705 HGNC:16892",""
"1809","PVR","NECTIN3","PVR NECTIN3","Efremova et al. 2020 (CellphoneDB)","12011057, 11544254,","HGNC:9705","plasma membrane; secreted","HGNC:17664","HGNC:9705 HGNC:17664",""
"1810","PVR","PVRIG","PVR PVRIG","Hou et al. 2020 (this publication)","30659055,","HGNC:9705","plasma membrane; secreted","HGNC:32190","HGNC:9705 HGNC:32190",""
"1811","PVR","TIGIT","PVR TIGIT","Efremova et al. 2020 (CellphoneDB)","19815499,","HGNC:9705","plasma membrane; secreted","HGNC:26838","HGNC:9705 HGNC:26838",""
"1812","PYY","FAP","PYY FAP","Ramilowski_2015_Literature_supported","21314817,","HGNC:9748","secreted","HGNC:3590","HGNC:9748 HGNC:3590",""
"1813","PYY","NPY1R","PYY NPY1R","Ramilowski_2015_Literature_supported","9549761,12665544,","HGNC:9748","secreted","HGNC:7956","HGNC:9748 HGNC:7956","CellphoneDB"
"1814","PYY","NPY2R","PYY NPY2R","Ramilowski_2015_Literature_supported","8632753, 7592910,11408607,","HGNC:9748","secreted","HGNC:7957","HGNC:9748 HGNC:7957","CellphoneDB"
"1815","PYY","NPY4R","PYY NPY4R","Ramilowski_2015_Literature_supported","7592911,7493937,7493937,","HGNC:9748","secreted","HGNC:9329","HGNC:9748 HGNC:9329","CellphoneDB"
"1816","PYY","NPY5R","PYY NPY5R","Ramilowski_2015_Literature_supported","11825645,12665544,","HGNC:9748","secreted","HGNC:7958","HGNC:9748 HGNC:7958",""
"1817","QRFP","P2RY14","QRFP P2RY14","Ramilowski_2015_Literature_supported","12714592,","HGNC:29982","secreted","HGNC:16442","HGNC:29982 HGNC:16442",""
"1818","QRFP","QRFPR","QRFP QRFPR","Ramilowski_2015_Literature_supported","12714592,16500002, 23396314, 12714592,","HGNC:29982","secreted","HGNC:15565","HGNC:29982 HGNC:15565","CellphoneDB"
"1819","RAET1E","KLRK1","RAET1E KLRK1","Ramilowski_2015_Literature_supported","12732206, 14508119, 29651291,","HGNC:16793","secreted","HGNC:18788","HGNC:16793 HGNC:18788",""
"1820","RAET1G","KLRK1","RAET1G KLRK1","Hou et al. 2020 (this publication)","26041808, 29651291,","HGNC:16795","plasma membrane","HGNC:18788","HGNC:16795 HGNC:18788",""
"1821","RAET1L","KLRK1","RAET1L KLRK1","Hou et al. 2020 (this publication)","26041808, 29651291,","HGNC:16798","plasma membrane","HGNC:18788","HGNC:16798 HGNC:18788",""
"1822","RARRES2","CCRL2","RARRES2 CCRL2","Ramilowski_2015_Literature_supported","18794339,","HGNC:9868","secreted","HGNC:1612","HGNC:9868 HGNC:1612",""
"1823","RARRES2","CMKLR1","RARRES2 CMKLR1","Ramilowski_2015_Literature_supported","14675762,18165312, 14530373, 14701797, 23396314,","HGNC:9868","secreted","HGNC:2121","HGNC:9868 HGNC:2121","CellphoneDB"
"1824","RARRES2","GPR1","RARRES2 GPR1","Ramilowski_2015_Literature_supported","18165312, 23396314,","HGNC:9868","secreted","HGNC:4463","HGNC:9868 HGNC:4463","CellphoneDB"
"1825","RBP3","NOTCH1","RBP3 NOTCH1","Ramilowski_2015_Literature_supported","11511084,","HGNC:9921","secreted","HGNC:7881","HGNC:9921 HGNC:7881",""
"1826","RBP4","STRA6","RBP4 STRA6","Ramilowski_2015_Literature_supported","23959802,","HGNC:9922","secreted","HGNC:30650","HGNC:9922 HGNC:30650",""
"1827","RELN","ITGA3","RELN ITGA3","Ramilowski_2015_Literature_supported","10939329,","HGNC:9957","secreted","HGNC:6139","HGNC:9957 HGNC:6139",""
"1828","RELN","ITGB1","RELN ITGB1","Ramilowski_2015_Literature_supported","10939329,","HGNC:9957","secreted","HGNC:6153","HGNC:9957 HGNC:6153",""
"1829","RELN","LRP8","RELN LRP8","Ramilowski_2015_Literature_supported","12899622,10571240, 12899622, 12670700, 12167620,","HGNC:9957","secreted","HGNC:6700","HGNC:9957 HGNC:6700",""
"1830","RELN","VLDLR","RELN VLDLR","Ramilowski_2015_Literature_supported","10571240,10571240, 10571241,","HGNC:9957","secreted","HGNC:12698","HGNC:9957 HGNC:12698",""
"1831","REN","ATP6AP2","REN ATP6AP2","Ramilowski_2015_Literature_supported","12045255,12045255,","HGNC:9958","secreted","HGNC:18305","HGNC:9958 HGNC:18305",""
"1832","RGMA","NEO1","RGMA NEO1","Ramilowski_2015_Literature_supported","15258590,","HGNC:30308","secreted","HGNC:7754","HGNC:30308 HGNC:7754",""
"1833","RGMB","NEO1","RGMB NEO1","Ramilowski_2015_Literature_supported","19944164,","HGNC:26896","secreted","HGNC:7754","HGNC:26896 HGNC:7754",""
"1834","RLN1","RXFP1","RLN1 RXFP1","Ramilowski_2015_Literature_supported","11809971,16411781,11809971,","HGNC:10026","secreted","HGNC:19718","HGNC:10026 HGNC:19718","CellphoneDB"
"1835","RLN1","RXFP2","RLN1 RXFP2","Ramilowski_2015_Literature_supported","11809971,16411781,","HGNC:10026","secreted","HGNC:17318","HGNC:10026 HGNC:17318","CellphoneDB"
"1836","RLN2","RXFP1","RLN2 RXFP1","Ramilowski_2015_Literature_supported","11809971,12506116, 15649866,12506116, 15649866,","HGNC:10027","secreted","HGNC:19718","HGNC:10027 HGNC:19718","CellphoneDB"
"1837","RLN2","RXFP2","RLN2 RXFP2","Ramilowski_2015_Literature_supported","11809971,15649866,12506116, 15649866,","HGNC:10027","secreted","HGNC:17318","HGNC:10027 HGNC:17318","CellphoneDB"
"1838","RLN2","RXFP3","RLN2 RXFP3","Efremova et al. 2020 (CellphoneDB)","24641548,","HGNC:10027","secreted","HGNC:24883","HGNC:10027 HGNC:24883",""
"1839","RLN3","RXFP1","RLN3 RXFP1","Ramilowski_2015_Literature_supported","12506116,12506116, 15649866,12506116, 14522968, 15649866,","HGNC:17135","secreted","HGNC:19718","HGNC:17135 HGNC:19718","CellphoneDB"
"1840","RLN3","RXFP2","RLN3 RXFP2","Ramilowski_2015_Literature_supported","16411781,","HGNC:17135","secreted","HGNC:17318","HGNC:17135 HGNC:17318","CellphoneDB"
"1841","RLN3","RXFP3","RLN3 RXFP3","Ramilowski_2015_Literature_supported","14522968,15367576, 14522968,","HGNC:17135","secreted","HGNC:24883","HGNC:17135 HGNC:24883","CellphoneDB"
"1842","RLN3","RXFP4","RLN3 RXFP4","Ramilowski_2015_Literature_supported","14522967,14522967,14522967,","HGNC:17135","secreted","HGNC:14666","HGNC:17135 HGNC:14666","CellphoneDB"
"1843","RNASE2","TLR2","RNASE2 TLR2","Ramilowski_2015_Literature_supported","18195069,","HGNC:10045","secreted","HGNC:11848","HGNC:10045 HGNC:11848",""
"1844","ROBO1","ROBO1","ROBO1 ROBO1","Baccin et al. 2020 (RNA-Magnet)","12504588,","HGNC:10249","plasma membrane","HGNC:10249","HGNC:10249 HGNC:10249",""
"1845","ROBO2","ROBO2","ROBO2 ROBO2","Baccin et al. 2020 (RNA-Magnet)","12504588,","HGNC:10250","plasma membrane","HGNC:10250","HGNC:10250 HGNC:10250",""
"1846","RPH3A","NRXN1","RPH3A NRXN1","Ramilowski_2015_Literature_supported","8901523,","HGNC:17056","secreted","HGNC:8008","HGNC:17056 HGNC:8008",""
"1847","RPS19","C5AR1","RPS19 C5AR1","Ramilowski_2015_Literature_supported","11107061,11733378,","HGNC:10402","secreted","HGNC:1338","HGNC:10402 HGNC:1338",""
"1848","RSPO1","LGR4","RSPO1 LGR4","Ramilowski_2015_Literature_supported","21693646,21693646,","HGNC:21679","secreted","HGNC:13299","HGNC:21679 HGNC:13299","CellphoneDB"
"1849","RSPO1","LGR5","RSPO1 LGR5","Ramilowski_2015_Literature_supported","21693646,21693646,","HGNC:21679","secreted","HGNC:4504","HGNC:21679 HGNC:4504","CellphoneDB"
"1850","RSPO1","LGR6","RSPO1 LGR6","Ramilowski_2015_Literature_supported","21727895, 21693646,","HGNC:21679","secreted","HGNC:19719","HGNC:21679 HGNC:19719","CellphoneDB"
"1851","RSPO1","LRP6","RSPO1 LRP6","Ramilowski_2015_Literature_supported","18400942,","HGNC:21679","secreted","HGNC:6698","HGNC:21679 HGNC:6698",""
"1852","RSPO1","ZNRF3","RSPO1 ZNRF3","Ramilowski_2015_Literature_supported","24349440,","HGNC:21679","secreted","HGNC:18126","HGNC:21679 HGNC:18126",""
"1853","RSPO2","LGR4","RSPO2 LGR4","Ramilowski_2015_Literature_supported","21693646,21693646,","HGNC:28583","secreted","HGNC:13299","HGNC:28583 HGNC:13299","CellphoneDB"
"1854","RSPO2","LGR5","RSPO2 LGR5","Ramilowski_2015_Literature_supported","21693646,21693646,","HGNC:28583","secreted","HGNC:4504","HGNC:28583 HGNC:4504","CellphoneDB"
"1855","RSPO2","LGR6","RSPO2 LGR6","Ramilowski_2015_Literature_supported","21727895, 21693646,","HGNC:28583","secreted","HGNC:19719","HGNC:28583 HGNC:19719","CellphoneDB"
"1856","RSPO2","RNF43","RSPO2 RNF43","Hou et al. 2020 (this publication)","29769720,","HGNC:28583","secreted","HGNC:18505","HGNC:28583 HGNC:18505",""
"1857","RSPO2","ZNRF3","RSPO2 ZNRF3","Hou et al. 2020 (this publication)","29769720,","HGNC:28583","secreted","HGNC:18126","HGNC:28583 HGNC:18126",""
"1858","RSPO3","FZD8","RSPO3 FZD8","Ramilowski_2015_Literature_supported","16543246,","HGNC:20866","secreted","HGNC:4046","HGNC:20866 HGNC:4046",""
"1859","RSPO3","LGR4","RSPO3 LGR4","Ramilowski_2015_Literature_supported","21693646,21909076, 21693646,","HGNC:20866","secreted","HGNC:13299","HGNC:20866 HGNC:13299","CellphoneDB"
"1860","RSPO3","LGR5","RSPO3 LGR5","Ramilowski_2015_Literature_supported","21693646,21693646,","HGNC:20866","secreted","HGNC:4504","HGNC:20866 HGNC:4504","CellphoneDB"
"1861","RSPO3","LGR6","RSPO3 LGR6","Ramilowski_2015_Literature_supported","21727895, 21693646,","HGNC:20866","secreted","HGNC:19719","HGNC:20866 HGNC:19719","CellphoneDB"
"1862","RSPO3","LRP6","RSPO3 LRP6","Ramilowski_2015_Literature_supported","16543246,","HGNC:20866","secreted","HGNC:6698","HGNC:20866 HGNC:6698",""
"1863","RSPO3","SDC4","RSPO3 SDC4","Ramilowski_2015_Literature_supported","21397842,","HGNC:20866","secreted","HGNC:10661","HGNC:20866 HGNC:10661",""
"1864","RSPO4","LGR4","RSPO4 LGR4","Ramilowski_2015_Literature_supported","21693646,21693646,","HGNC:16175","secreted","HGNC:13299","HGNC:16175 HGNC:13299","CellphoneDB"
"1865","RSPO4","LGR5","RSPO4 LGR5","Ramilowski_2015_Literature_supported","21693646,21693646,","HGNC:16175","secreted","HGNC:4504","HGNC:16175 HGNC:4504","CellphoneDB"
"1866","RSPO4","LGR6","RSPO4 LGR6","Ramilowski_2015_Literature_supported","21727895, 21693646,","HGNC:16175","secreted","HGNC:19719","HGNC:16175 HGNC:19719","CellphoneDB"
"1867","RTN4","CNTNAP1","RTN4 CNTNAP1","Ramilowski_2015_Literature_supported","14592966,","HGNC:14085","plasma membrane","HGNC:8011","HGNC:14085 HGNC:8011",""
"1868","RTN4","LINGO1","RTN4 LINGO1","Ramilowski_2015_Literature_supported","15694322,","HGNC:14085","plasma membrane","HGNC:21205","HGNC:14085 HGNC:21205",""
"1869","RTN4","RTN4R","RTN4 RTN4R","Ramilowski_2015_Literature_supported","11201742, 15694322,11201742,","HGNC:14085","plasma membrane","HGNC:18601","HGNC:14085 HGNC:18601",""
"1870","RTN4","RTN4RL1","RTN4 RTN4RL1","Baccin et al. 2020 (RNA-Magnet)","22133682,","HGNC:14085","plasma membrane","HGNC:21329","HGNC:14085 HGNC:21329",""
"1871","RTN4","S1PR2","RTN4 S1PR2","Hou et al. 2020 (this publication)","24453941,","HGNC:14085","plasma membrane","HGNC:3169","HGNC:14085 HGNC:3169",""
"1872","RTN4","TNFRSF19","RTN4 TNFRSF19","Ramilowski_2015_Literature_supported","15694322,","HGNC:14085","plasma membrane","HGNC:11915","HGNC:14085 HGNC:11915",""
"1873","S100A8","TLR4","S100A8 TLR4","Ramilowski_2015_Literature_supported","17767165,","HGNC:10498","secreted","HGNC:11850","HGNC:10498 HGNC:11850",""
"1874","S100A9","TLR4","S100A9 TLR4","Ramilowski_2015_Literature_supported","17767165,","HGNC:10499","secreted","HGNC:11850","HGNC:10499 HGNC:11850",""
"1875","SAA1","CD36","SAA1 CD36","Hou et al. 2020 (this publication)","20075072,","HGNC:10513","secreted","HGNC:1663","HGNC:10513 HGNC:1663",""
"1876","SAA1","FPR2","SAA1 FPR2","Ramilowski_2015_Literature_supported","9892621,","HGNC:10513","secreted","HGNC:3827","HGNC:10513 HGNC:3827","CellphoneDB"
"1877","SCGB1A1","LRP2","SCGB1A1 LRP2","Ramilowski_2015_Literature_supported","11278724,","HGNC:12523","secreted","HGNC:6694","HGNC:12523 HGNC:6694",""
"1878","SCGB3A1","MARCO","SCGB3A1 MARCO","Ramilowski_2015_Literature_supported","12847263,","HGNC:18384","secreted","HGNC:6895","HGNC:18384 HGNC:6895","CellphoneDB_flipped"
"1879","SCGB3A2","MARCO","SCGB3A2 MARCO","Ramilowski_2015_Literature_supported","12847263,","HGNC:18391","secreted","HGNC:6895","HGNC:18391 HGNC:6895",""
"1880","SCT","SCTR","SCT SCTR","Ramilowski_2015_Literature_supported","7782300,7612008,8579602, 9440501, 7782300,","HGNC:10607","secreted","HGNC:10608","HGNC:10607 HGNC:10608","CellphoneDB"
"1881","SCT","VIPR1","SCT VIPR1","Ramilowski_2015_Literature_supported","12133828,","HGNC:10607","secreted","HGNC:12694","HGNC:10607 HGNC:12694","CellphoneDB"
"1882","SCT","VIPR2","SCT VIPR2","Ramilowski_2015_Literature_supported","9437714,","HGNC:10607","secreted","HGNC:12695","HGNC:10607 HGNC:12695",""
"1883","SDC2","PTPRJ","SDC2 PTPRJ","Baccin et al. 2020 (RNA-Magnet)","21813734,","HGNC:10659","plasma membrane","HGNC:9673","HGNC:10659 HGNC:9673",""
"1884","SECTM1","CD7","SECTM1 CD7","Hou et al. 2020 (this publication)","24157461, 24211252, 10652336,","HGNC:10707","plasma membrane; secreted","HGNC:1695","HGNC:10707 HGNC:1695",""
"1885","SELE","CD44","SELE CD44","Efremova et al. 2020 (CellphoneDB)","26124272,","HGNC:10718","plasma membrane","HGNC:1681","HGNC:10718 HGNC:1681",""
"1886","SELPLG","SELE","SELPLG SELE","Ramilowski_2015_Literature_supported","11402070,8621728, 9128259,","HGNC:10722","plasma membrane","HGNC:10718","HGNC:10722 HGNC:10718","CellphoneDB"
"1887","SELPLG","SELL","SELPLG SELL","Ramilowski_2015_Literature_supported","10725346,","HGNC:10722","plasma membrane","HGNC:10720","HGNC:10722 HGNC:10720","CellphoneDB_flipped"
"1888","SELPLG","SELP","SELPLG SELP","Ramilowski_2015_Literature_supported","9129046,9128259, 10713099, 17064811,","HGNC:10722","plasma membrane","HGNC:10721","HGNC:10722 HGNC:10721","CellphoneDB_flipped"
"1889","SELPLG","SIGLEC5","SELPLG SIGLEC5","Hou et al. 2020 (this publication)","27892504,","HGNC:10722","plasma membrane","HGNC:10874","HGNC:10722 HGNC:10874",""
"1890","SEMA3A","NRP1","SEMA3A NRP1","Ramilowski_2015_Literature_supported","10520994, 10934324), 15721238,10520994, 9331348,","HGNC:10723","secreted","HGNC:8004","HGNC:10723 HGNC:8004","CellphoneDB_flipped"
"1891","SEMA3A","NRP2","SEMA3A NRP2","Ramilowski_2015_Literature_supported","21059704,","HGNC:10723","secreted","HGNC:8005","HGNC:10723 HGNC:8005",""
"1892","SEMA3A","PLXNA1","SEMA3A PLXNA1","Ramilowski_2015_Literature_supported","10520994,","HGNC:10723","secreted","HGNC:9099","HGNC:10723 HGNC:9099",""
"1893","SEMA3A","PLXNA2","SEMA3A PLXNA2","Ramilowski_2015_Literature_supported","10934324),","HGNC:10723","secreted","HGNC:9100","HGNC:10723 HGNC:9100",""
"1894","SEMA3A","PLXNA4","SEMA3A PLXNA4","Ramilowski_2015_Literature_supported","15721238,","HGNC:10723","secreted","HGNC:9102","HGNC:10723 HGNC:9102",""
"1895","SEMA3B","NRP1","SEMA3B NRP1","Ramilowski_2015_Literature_supported","10196546,10196546,","HGNC:10724","secreted","HGNC:8004","HGNC:10724 HGNC:8004",""
"1896","SEMA3B","NRP2","SEMA3B NRP2","Ramilowski_2015_Literature_supported","10196546,","HGNC:10724","secreted","HGNC:8005","HGNC:10724 HGNC:8005",""
"1897","SEMA3C","NRP1","SEMA3C NRP1","Ramilowski_2015_Literature_supported","9331348,","HGNC:10725","secreted","HGNC:8004","HGNC:10725 HGNC:8004",""
"1898","SEMA3C","NRP2","SEMA3C NRP2","Ramilowski_2015_Literature_supported","10196546,9331348,","HGNC:10725","secreted","HGNC:8005","HGNC:10725 HGNC:8005","CellphoneDB_flipped"
"1899","SEMA3C","PLXND1","SEMA3C PLXND1","Ramilowski_2015_Literature_supported","15239958,","HGNC:10725","secreted","HGNC:9107","HGNC:10725 HGNC:9107",""
"1900","SEMA3D","NRP1","SEMA3D NRP1","Ramilowski_2015_Literature_supported","15456815,","HGNC:10726","secreted","HGNC:8004","HGNC:10726 HGNC:8004",""
"1901","SEMA3E","PLXND1","SEMA3E PLXND1","Ramilowski_2015_Literature_supported","15550623,","HGNC:10727","secreted","HGNC:9107","HGNC:10727 HGNC:9107","CellphoneDB"
"1902","SEMA3F","NRP1","SEMA3F NRP1","Ramilowski_2015_Literature_supported","9883722,","HGNC:10728","secreted","HGNC:8004","HGNC:10728 HGNC:8004",""
"1903","SEMA3F","NRP2","SEMA3F NRP2","Ramilowski_2015_Literature_supported","15721238,9883722,","HGNC:10728","secreted","HGNC:8005","HGNC:10728 HGNC:8005","CellphoneDB_flipped"
"1904","SEMA3F","PLXNA3","SEMA3F PLXNA3","Ramilowski_2015_Literature_supported","15721238,","HGNC:10728","secreted","HGNC:9101","HGNC:10728 HGNC:9101",""
"1905","SEMA3G","NRP2","SEMA3G NRP2","Ramilowski_2015_Literature_supported","19887479,","HGNC:30400","secreted","HGNC:8005","HGNC:30400 HGNC:8005",""
"1906","SEMA4A","LILRB2","SEMA4A LILRB2","Hou et al. 2020 (this publication)","29467366 ,","HGNC:10729","plasma membrane","HGNC:6606","HGNC:10729 HGNC:6606",""
"1907","SEMA4A","PLXNB1","SEMA4A PLXNB1","Noël et al. 2020 (ICELLNET)","29981480,","HGNC:10729","plasma membrane","HGNC:9103","HGNC:10729 HGNC:9103",""
"1908","SEMA4A","PLXNB2","SEMA4A PLXNB2","Noël et al. 2020 (ICELLNET)","29981480,","HGNC:10729","plasma membrane","HGNC:9104","HGNC:10729 HGNC:9104",""
"1909","SEMA4A","PLXND1","SEMA4A PLXND1","Ramilowski_2015_Literature_supported","17318185,","HGNC:10729","plasma membrane","HGNC:9107","HGNC:10729 HGNC:9107","CellphoneDB"
"1910","SEMA4B","DCBLD2","SEMA4B DCBLD2","Ramilowski_2015_Literature_supported","17213806,","HGNC:10730","plasma membrane","HGNC:24627","HGNC:10730 HGNC:24627",""
"1911","SEMA4C","PLXNB2","SEMA4C PLXNB2","Ramilowski_2015_Literature_supported","21122816,","HGNC:10731","plasma membrane","HGNC:9104","HGNC:10731 HGNC:9104","CellphoneDB"
"1912","SEMA4D","CD72","SEMA4D CD72","Ramilowski_2015_Literature_supported","11114375, 12882840,","HGNC:10732","plasma membrane","HGNC:1696","HGNC:10732 HGNC:1696","CellphoneDB"
"1913","SEMA4D","ERBB2","SEMA4D ERBB2","Ramilowski_2015_Literature_supported","15210733,","HGNC:10732","plasma membrane","HGNC:3430","HGNC:10732 HGNC:3430",""
"1914","SEMA4D","MET","SEMA4D MET","Ramilowski_2015_Literature_supported","12198496,","HGNC:10732","plasma membrane","HGNC:7029","HGNC:10732 HGNC:7029",""
"1915","SEMA4D","PLXNB1","SEMA4D PLXNB1","Ramilowski_2015_Literature_supported","10520995, 12198496,11937491,","HGNC:10732","plasma membrane","HGNC:9103","HGNC:10732 HGNC:9103","CellphoneDB"
"1916","SEMA4D","PLXNB2","SEMA4D PLXNB2","Ramilowski_2015_Literature_supported","15330859,","HGNC:10732","plasma membrane","HGNC:9104","HGNC:10732 HGNC:9104","CellphoneDB"
"1917","SEMA4G","PLXNB2","SEMA4G PLXNB2","Ramilowski_2015_Literature_supported","21122816,","HGNC:10735","plasma membrane","HGNC:9104","HGNC:10735 HGNC:9104","CellphoneDB"
"1918","SEMA5A","MET","SEMA5A MET","Ramilowski_2015_Literature_supported","15218527,","HGNC:10736","plasma membrane","HGNC:7029","HGNC:10736 HGNC:7029",""
"1919","SEMA5A","PLXNB3","SEMA5A PLXNB3","Ramilowski_2015_Literature_supported","15218527,","HGNC:10736","plasma membrane","HGNC:9105","HGNC:10736 HGNC:9105","CellphoneDB"
"1920","SEMA6A","PLXNA2","SEMA6A PLXNA2","Ramilowski_2015_Literature_supported","18327254,","HGNC:10738","plasma membrane","HGNC:9100","HGNC:10738 HGNC:9100",""
"1921","SEMA6A","PLXNA4","SEMA6A PLXNA4","Ramilowski_2015_Literature_supported","20606624,","HGNC:10738","plasma membrane","HGNC:9102","HGNC:10738 HGNC:9102",""
"1922","SEMA6B","PLXNA2","SEMA6B PLXNA2","Hou et al. 2020 (this publication)","25209245,","HGNC:10739","plasma membrane","HGNC:9100","HGNC:10739 HGNC:9100",""
"1923","SEMA6D","KDR","SEMA6D KDR","Ramilowski_2015_Literature_supported","14977921,","HGNC:16770","plasma membrane","HGNC:6307","HGNC:16770 HGNC:6307",""
"1924","SEMA6D","PLXNA1","SEMA6D PLXNA1","Ramilowski_2015_Literature_supported","14977921,14977921,","HGNC:16770","plasma membrane","HGNC:9099","HGNC:16770 HGNC:9099",""
"1925","SEMA6D","TREM2","SEMA6D TREM2","Ramilowski_2015_Literature_supported","16715077,","HGNC:16770","plasma membrane","HGNC:17761","HGNC:16770 HGNC:17761",""
"1926","SEMA6D","TYROBP","SEMA6D TYROBP","Ramilowski_2015_Literature_supported","16715077,","HGNC:16770","plasma membrane","HGNC:12449","HGNC:16770 HGNC:12449",""
"1927","SEMA7A","ITGA1","SEMA7A ITGA1","Ramilowski_2015_Literature_supported","7377534,","HGNC:10741","plasma membrane","HGNC:6134","HGNC:10741 HGNC:6134",""
"1928","SEMA7A","ITGB1","SEMA7A ITGB1","Ramilowski_2015_Literature_supported","7377534,","HGNC:10741","plasma membrane","HGNC:6153","HGNC:10741 HGNC:6153",""
"1929","SEMA7A","PLXNC1","SEMA7A PLXNC1","Ramilowski_2015_Literature_supported","10520995,10520995,","HGNC:10741","plasma membrane","HGNC:9106","HGNC:10741 HGNC:9106","CellphoneDB_flipped"
"1930","SERPINA1","LRP1","SERPINA1 LRP1","Ramilowski_2015_Literature_supported","8626456,15131125,","HGNC:8941","secreted","HGNC:6692","HGNC:8941 HGNC:6692",""
"1931","SERPINC1","LRP1","SERPINC1 LRP1","Ramilowski_2015_Literature_supported","8626456, 14596620,","HGNC:775","secreted","HGNC:6692","HGNC:775 HGNC:6692",""
"1932","SERPINC1","SDC2","SERPINC1 SDC2","Ramilowski_2015_Literature_supported","1315572,","HGNC:775","secreted","HGNC:10659","HGNC:775 HGNC:10659",""
"1933","SERPINE1","LRP1","SERPINE1 LRP1","Ramilowski_2015_Literature_supported","15001579,15001579,","HGNC:8583","secreted","HGNC:6692","HGNC:8583 HGNC:6692",""
"1934","SERPINE1","LRP2","SERPINE1 LRP2","Ramilowski_2015_Literature_supported","8344937,","HGNC:8583","secreted","HGNC:6694","HGNC:8583 HGNC:6694",""
"1935","SERPINE2","LRP1","SERPINE2 LRP1","Ramilowski_2015_Literature_supported","14596620,","HGNC:8951","secreted","HGNC:6692","HGNC:8951 HGNC:6692",""
"1936","SERPINF1","PLXDC1","SERPINF1 PLXDC1","Hou et al. 2020 (this publication)","25535841,","HGNC:8824","secreted","HGNC:20945","HGNC:8824 HGNC:20945",""
"1937","SERPINF1","PLXDC2","SERPINF1 PLXDC2","Hou et al. 2020 (this publication)","25535841,","HGNC:8824","secreted","HGNC:21013","HGNC:8824 HGNC:21013",""
"1938","SERPING1","LRP1","SERPING1 LRP1","Ramilowski_2015_Literature_supported","9388254,","HGNC:1228","secreted","HGNC:6692","HGNC:1228 HGNC:6692",""
"1939","SERPING1","SELE","SERPING1 SELE","Ramilowski_2015_Literature_supported","14568956,","HGNC:1228","secreted","HGNC:10718","HGNC:1228 HGNC:10718",""
"1940","SERPING1","SELP","SERPING1 SELP","Ramilowski_2015_Literature_supported","14568956,","HGNC:1228","secreted","HGNC:10721","HGNC:1228 HGNC:10721",""
"1941","SERTAD1","AR","SERTAD1 AR","Hou et al. 2020 (this publication)","30230528,","HGNC:17932","plasma membrane","HGNC:644","HGNC:17932 HGNC:644",""
"1942","SFRP1","FZD2","SFRP1 FZD2","Ramilowski_2015_Literature_supported","6172602,","HGNC:10776","secreted","HGNC:4040","HGNC:10776 HGNC:4040",""
"1943","SFRP1","FZD6","SFRP1 FZD6","Ramilowski_2015_Literature_supported","10347172,","HGNC:10776","secreted","HGNC:4044","HGNC:10776 HGNC:4044",""
"1944","SFRP2","FZD5","SFRP2 FZD5","Hou et al. 2020 (this publication)","28840375 ,","HGNC:10777","secreted","HGNC:4043","HGNC:10777 HGNC:4043",""
"1945","SFTPA1","TLR2","SFTPA1 TLR2","Ramilowski_2015_Literature_supported","11724772,","HGNC:10798","secreted","HGNC:11848","HGNC:10798 HGNC:11848",""
"1946","SFTPA2","CD93","SFTPA2 CD93","Ramilowski_2015_Literature_supported","9476117,","HGNC:10799","secreted","HGNC:15855","HGNC:10799 HGNC:15855",""
"1947","SFTPD","LAIR1","SFTPD LAIR1","Hou et al. 2020 (this publication)","24585933,","HGNC:10803","secreted","HGNC:6477","HGNC:10803 HGNC:6477",""
"1948","SFTPD","SIRPA","SFTPD SIRPA","Cabello-Aguilar et al. 2020 (SingleCellSignalR)","22511785,","HGNC:10803","secreted","HGNC:9662","HGNC:10803 HGNC:9662",""
"1949","SHANK1","ADGRL1","SHANK1 ADGRL1","Ramilowski_2015_Literature_supported","10964907,10964907, 10958799,","HGNC:15474","plasma membrane","HGNC:20973","HGNC:15474 HGNC:20973",""
"1950","SHANK1","SSTR2","SHANK1 SSTR2","Ramilowski_2015_Literature_supported","10551867, 11087996,","HGNC:15474","plasma membrane","HGNC:11331","HGNC:15474 HGNC:11331",""
"1951","SHH","BOC","SHH BOC","Ramilowski_2015_Literature_supported","17086203,","HGNC:10848","secreted","HGNC:17173","HGNC:10848 HGNC:17173",""
"1952","SHH","CDON","SHH CDON","Ramilowski_2015_Literature_supported","17086203,","HGNC:10848","secreted","HGNC:17104","HGNC:10848 HGNC:17104",""
"1953","SHH","GAS1","SHH GAS1","Cabello-Aguilar et al. 2020 (SingleCellSignalR)","17848687, 25535338,","HGNC:10848","secreted","HGNC:4165","HGNC:10848 HGNC:4165",""
"1954","SHH","GPC5","SHH GPC5","Ramilowski_2015_Literature_supported","21339334,","HGNC:10848","secreted","HGNC:4453","HGNC:10848 HGNC:4453",""
"1955","SHH","HHIP","SHH HHIP","Ramilowski_2015_Literature_supported","10050855,10050855,","HGNC:10848","secreted","HGNC:14866","HGNC:10848 HGNC:14866",""
"1956","SHH","LRP2","SHH LRP2","Ramilowski_2015_Literature_supported","22340494,","HGNC:10848","secreted","HGNC:6694","HGNC:10848 HGNC:6694",""
"1957","SHH","PTCH1","SHH PTCH1","Ramilowski_2015_Literature_supported","9811851, 16867986,9811851,","HGNC:10848","secreted","HGNC:9585","HGNC:10848 HGNC:9585",""
"1958","SHH","PTCH2","SHH PTCH2","Ramilowski_2015_Literature_supported","9811851,","HGNC:10848","secreted","HGNC:9586","HGNC:10848 HGNC:9586",""
"1959","SHH","SMO","SHH SMO","Ramilowski_2015_Literature_supported","16867986,","HGNC:10848","secreted","HGNC:11119","HGNC:10848 HGNC:11119",""
"1960","SIGLEC1","SPN","SIGLEC1 SPN","Efremova et al. 2020 (CellphoneDB)","11238599,","HGNC:11127","plasma membrane","HGNC:11249","HGNC:11127 HGNC:11249",""
"1961","SIRPA","CD47","SIRPA CD47","Efremova et al. 2020 (CellphoneDB)","23602662, 10572074,","HGNC:9662","plasma membrane","HGNC:1682","HGNC:9662 HGNC:1682",""
"1962","SIRPB2","CD47","SIRPB2 CD47","Hou et al. 2020 (this publication)","15383453,","HGNC:16247","secreted","HGNC:1682","HGNC:16247 HGNC:1682",""
"1963","SIRPG","CD47","SIRPG CD47","Efremova et al. 2020 (CellphoneDB)","15294972,","HGNC:15757","plasma membrane","HGNC:1682","HGNC:15757 HGNC:1682",""
"1964","SLAMF1","SLAMF1","SLAMF1 SLAMF1","Hou et al. 2020 (this publication)","18031695,","HGNC:10903","plasma membrane","HGNC:10903","HGNC:10903 HGNC:10903",""
"1965","SLAMF6","SLAMF6","SLAMF6 SLAMF6","Hou et al. 2020 (this publication)","15153464, 31315913,","HGNC:21392","plasma membrane","HGNC:21392","HGNC:21392 HGNC:21392",""
"1966","SLAMF7","SLAMF7","SLAMF7 SLAMF7","Hou et al. 2020 (this publication)","31358854, 15368295,","HGNC:21394","plasma membrane; secreted","HGNC:21394","HGNC:21394 HGNC:21394",""
"1967","SLIT1","GPC1","SLIT1 GPC1","Ramilowski_2015_Literature_supported","10364234,10364234,","HGNC:11085","secreted","HGNC:4449","HGNC:11085 HGNC:4449",""
"1968","SLIT1","ROBO1","SLIT1 ROBO1","Ramilowski_2015_Literature_supported","10433822,10433822,","HGNC:11085","secreted","HGNC:10249","HGNC:11085 HGNC:10249",""
"1969","SLIT1","ROBO2","SLIT1 ROBO2","Hou et al. 2020 (this publication)","30547091 ,","HGNC:11085","secreted","HGNC:10250","HGNC:11085 HGNC:10250",""
"1970","SLIT1","SDC1","SLIT1 SDC1","Ramilowski_2015_Literature_supported","10433822,","HGNC:11085","secreted","HGNC:10658","HGNC:11085 HGNC:10658",""
"1971","SLIT2","APP","SLIT2 APP","Hou et al. 2020 (this publication)","28785723,","HGNC:11086","secreted","HGNC:620","HGNC:11086 HGNC:620",""
"1972","SLIT2","GPC1","SLIT2 GPC1","Ramilowski_2015_Literature_supported","10364234,11375980, 10364234,","HGNC:11086","secreted","HGNC:4449","HGNC:11086 HGNC:4449",""
"1973","SLIT2","ROBO1","SLIT2 ROBO1","Ramilowski_2015_Literature_supported","10102268,10102268,","HGNC:11086","secreted","HGNC:10249","HGNC:11086 HGNC:10249",""
"1974","SLIT2","ROBO2","SLIT2 ROBO2","Ramilowski_2015_Literature_supported","15130495,10102268,","HGNC:11086","secreted","HGNC:10250","HGNC:11086 HGNC:10250",""
"1975","SLIT2","ROBO4","SLIT2 ROBO4","Ramilowski_2015_Literature_supported","15894287,","HGNC:11086","secreted","HGNC:17985","HGNC:11086 HGNC:17985",""
"1976","SLIT2","SDC1","SLIT2 SDC1","Ramilowski_2015_Literature_supported","10102268, 15130495,","HGNC:11086","secreted","HGNC:10658","HGNC:11086 HGNC:10658",""
"1977","SLIT3","ROBO1","SLIT3 ROBO1","Hou et al. 2020 (this publication)","19741192,","HGNC:11087","secreted","HGNC:10249","HGNC:11087 HGNC:10249",""
"1978","SLIT3","ROBO2","SLIT3 ROBO2","Ramilowski_2015_Literature_supported","31180321,","HGNC:11087","secreted","HGNC:10250","HGNC:11087 HGNC:10250",""
"1979","SLIT3","ROBO4","SLIT3 ROBO4","Hou et al. 2020 (this publication)","19741192,","HGNC:11087","secreted","HGNC:17985","HGNC:11087 HGNC:17985",""
"1980","SLITRK1","PTPRD","SLITRK1 PTPRD","Hou et al. 2020 (this publication)","23345436,","HGNC:20297","plasma membrane","HGNC:9668","HGNC:20297 HGNC:9668",""
"1981","SLITRK1","PTPRS","SLITRK1 PTPRS","Hou et al. 2020 (this publication)","23345436,","HGNC:20297","plasma membrane","HGNC:9681","HGNC:20297 HGNC:9681",""
"1982","SLITRK2","PTPRD","SLITRK2 PTPRD","Hou et al. 2020 (this publication)","25989451, 23345436,","HGNC:13449","plasma membrane","HGNC:9668","HGNC:13449 HGNC:9668",""
"1983","SLITRK2","PTPRS","SLITRK2 PTPRS","Hou et al. 2020 (this publication)","23345436,","HGNC:13449","plasma membrane","HGNC:9681","HGNC:13449 HGNC:9681",""
"1984","SLITRK3","PTPRD","SLITRK3 PTPRD","Hou et al. 2020 (this publication)","22286174, 23345436,","HGNC:23501","plasma membrane","HGNC:9668","HGNC:23501 HGNC:9668",""
"1985","SLITRK3","PTPRS","SLITRK3 PTPRS","Hou et al. 2020 (this publication)","23345436,","HGNC:23501","plasma membrane","HGNC:9681","HGNC:23501 HGNC:9681",""
"1986","SLITRK5","PTPRD","SLITRK5 PTPRD","Hou et al. 2020 (this publication)","26004511,","HGNC:20295","plasma membrane","HGNC:9668","HGNC:20295 HGNC:9668",""
"1987","SLITRK6","PTPRS","SLITRK6 PTPRS","Hou et al. 2020 (this publication)","29934346,","HGNC:23503","plasma membrane","HGNC:9681","HGNC:23503 HGNC:9681",""
"1988","SLPI","PLSCR1","SLPI PLSCR1","Baccin et al. 2020 (RNA-Magnet)","19333378,","HGNC:11092","secreted","HGNC:9092","HGNC:11092 HGNC:9092",""
"1989","SLPI","PLSCR4","SLPI PLSCR4","Baccin et al. 2020 (RNA-Magnet)","19333378,","HGNC:11092","secreted","HGNC:16497","HGNC:11092 HGNC:16497",""
"1990","SLURP1","CHRNA7","SLURP1 CHRNA7","Hou et al. 2020 (this publication)","29545933,","HGNC:18746","secreted","HGNC:1960","HGNC:18746 HGNC:1960",""
"1991","SNCA","LAG3","SNCA LAG3","Hou et al. 2020 (this publication)","27708076,","HGNC:11138","secreted","HGNC:6476","HGNC:11138 HGNC:6476",""
"1992","SOST","LRP4","SOST LRP4","Hou et al. 2020 (this publication)","19936252,","HGNC:13771","secreted","HGNC:6696","HGNC:13771 HGNC:6696",""
"1993","SOST","LRP5","SOST LRP5","Ramilowski_2015_Literature_supported","15778503,","HGNC:13771","secreted","HGNC:6697","HGNC:13771 HGNC:6697",""
"1994","SOST","LRP6","SOST LRP6","Ramilowski_2015_Literature_supported","15778503,","HGNC:13771","secreted","HGNC:6698","HGNC:13771 HGNC:6698",""
"1995","SOSTDC1","LRP4","SOSTDC1 LRP4","Hou et al. 2020 (this publication)","20724449,","HGNC:21748","secreted","HGNC:6696","HGNC:21748 HGNC:6696",""
"1996","SOSTDC1","LRP5","SOSTDC1 LRP5","Hou et al. 2020 (this publication)","20724449,","HGNC:21748","secreted","HGNC:6697","HGNC:21748 HGNC:6697",""
"1997","SOSTDC1","LRP6","SOSTDC1 LRP6","Hou et al. 2020 (this publication)","20724449,","HGNC:21748","secreted","HGNC:6698","HGNC:21748 HGNC:6698",""
"1998","SPINK1","EGFR","SPINK1 EGFR","Ramilowski_2015_Literature_supported","21368222,","HGNC:11244","secreted","HGNC:3236","HGNC:11244 HGNC:3236",""
"1999","SPN","SIGLEC1","SPN SIGLEC1","Efremova et al. 2020 (CellphoneDB)","11238599,","HGNC:11249","plasma membrane","HGNC:11127","HGNC:11249 HGNC:11127",""
"2000","SPON1","APP","SPON1 APP","Hou et al. 2020 (this publication)","14983046,","HGNC:11252","secreted","HGNC:620","HGNC:11252 HGNC:620",""
"2001","SPON1","LRP8","SPON1 LRP8","Hou et al. 2020 (this publication)","21488757,","HGNC:11252","secreted","HGNC:6700","HGNC:11252 HGNC:6700",""
"2002","SPON2","ITGA4","SPON2 ITGA4","Hou et al. 2020 (this publication)","29440144,","HGNC:11253","secreted","HGNC:6140","HGNC:11253 HGNC:6140",""
"2003","SPON2","ITGA5","SPON2 ITGA5","Hou et al. 2020 (this publication)","29440144,","HGNC:11253","secreted","HGNC:6141","HGNC:11253 HGNC:6141",""
"2004","SPON2","ITGAM","SPON2 ITGAM","Hou et al. 2020 (this publication)","30869196,","HGNC:11253","secreted","HGNC:6149","HGNC:11253 HGNC:6149","Ramilowski_2015_Putative"
"2005","SPON2","ITGB1","SPON2 ITGB1","Hou et al. 2020 (this publication)","29440144,","HGNC:11253","secreted","HGNC:6153","HGNC:11253 HGNC:6153",""
"2006","SPON2","ITGB2","SPON2 ITGB2","Hou et al. 2020 (this publication)","30869196,","HGNC:11253","secreted","HGNC:6155","HGNC:11253 HGNC:6155","Ramilowski_2015_Putative"
"2007","SPP1","CD44","SPP1 CD44","Ramilowski_2015_Literature_supported","10657301,10657301, 12377945,","HGNC:11255","secreted","HGNC:1681","HGNC:11255 HGNC:1681","CellphoneDB"
"2008","SPP1","ITGA4","SPP1 ITGA4","Ramilowski_2015_Literature_supported","19417209,","HGNC:11255","secreted","HGNC:6140","HGNC:11255 HGNC:6140",""
"2009","SPP1","ITGA9","SPP1 ITGA9","Ramilowski_2015_Literature_supported","10593924,","HGNC:11255","secreted","HGNC:6145","HGNC:11255 HGNC:6145",""
"2010","SPP1","ITGAV","SPP1 ITGAV","Ramilowski_2015_Literature_supported","10835423,10835423, 7592829,","HGNC:11255","secreted","HGNC:6150","HGNC:11255 HGNC:6150",""
"2011","SPP1","ITGB1","SPP1 ITGB1","Ramilowski_2015_Literature_supported","10593924, 7592829,","HGNC:11255","secreted","HGNC:6153","HGNC:11255 HGNC:6153",""
"2012","SPP1","ITGB3","SPP1 ITGB3","Hou et al. 2020 (this publication)","7592829,","HGNC:11255","secreted","HGNC:6156","HGNC:11255 HGNC:6156",""
"2013","SPP1","ITGB5","SPP1 ITGB5","Hou et al. 2020 (this publication)","7592829,","HGNC:11255","secreted","HGNC:6160","HGNC:11255 HGNC:6160",""
"2014","SPX","GALR2","SPX GALR2","Hou et al. 2020 (this publication)","30305242, 24517231,","HGNC:28139","secreted","HGNC:4133","HGNC:28139 HGNC:4133",""
"2015","SPX","GALR3","SPX GALR3","Hou et al. 2020 (this publication)","30305242, 24517231,","HGNC:28139","secreted","HGNC:4134","HGNC:28139 HGNC:4134",""
"2016","SST","SSTR1","SST SSTR1","Ramilowski_2015_Literature_supported","8769372,9784130, 8769372, 9650799, 10598788, 9600011, 15333679, 7988476, 11520208, 9724791,1346068,","HGNC:11329","secreted","HGNC:11330","HGNC:11329 HGNC:11330",""
"2017","SST","SSTR2","SST SSTR2","Ramilowski_2015_Literature_supported","8702767,9784130, 8769372, 9650799, 10598788, 15333679, 7988476, 11520208, 9724791, 9652348,1346068,","HGNC:11329","secreted","HGNC:11331","HGNC:11329 HGNC:11331",""
"2018","SST","SSTR3","SST SSTR3","Ramilowski_2015_Literature_supported","8769372,9784130, 8769372, 9650799, 10598788, 15333679, 7988476, 11520208, 9724791, 8097479, 9600011,1337145,","HGNC:11329","secreted","HGNC:11332","HGNC:11329 HGNC:11332",""
"2019","SST","SSTR4","SST SSTR4","Ramilowski_2015_Literature_supported","8769372,9784130, 8769372, 9650799, 10598788, 9600011, 15333679, 7988476, 11520208, 9724791,8100352,","HGNC:11329","secreted","HGNC:11333","HGNC:11329 HGNC:11333",""
"2020","SST","SSTR5","SST SSTR5","Ramilowski_2015_Literature_supported","8769372,9784130, 8769372, 9650799, 10598788, 9600011, 15333679, 7988476, 11520208, 9724791, 9652348,7908405,","HGNC:11329","secreted","HGNC:11334","HGNC:11329 HGNC:11334",""
"2021","ST6GAL1","CD22","ST6GAL1 CD22","Cabello-Aguilar et al. 2020 (SingleCellSignalR)","1717156,","HGNC:10860","plasma membrane","HGNC:1643","HGNC:10860 HGNC:1643",""
"2022","TAC1","TACR1","TAC1 TACR1","Ramilowski_2015_Literature_supported","7557266, 12548712,11786503, 8985159, 1311270, 9190866, 8702757, 15265501,12548712,","HGNC:11517","secreted","HGNC:11526","HGNC:11517 HGNC:11526",""
"2023","TAC1","TACR2","TAC1 TACR2","Ramilowski_2015_Literature_supported","12954451, 7961636,11786503, 9190866, 7682062, 11137709,7961636, 10189055,","HGNC:11517","secreted","HGNC:11527","HGNC:11517 HGNC:11527",""
"2024","TAC1","TACR3","TAC1 TACR3","Ramilowski_2015_Literature_supported","9272936,1312036, 9190866, 11226387,9272936,","HGNC:11517","secreted","HGNC:11528","HGNC:11517 HGNC:11528",""
"2025","TAC3","TACR1","TAC3 TACR1","Ramilowski_2015_Literature_supported","8925404,9190866,12727971,","HGNC:11521","secreted","HGNC:11526","HGNC:11521 HGNC:11526",""
"2026","TAC3","TACR2","TAC3 TACR2","Ramilowski_2015_Literature_supported","8925404,9190866, 7682062,7961636, 10189055,","HGNC:11521","secreted","HGNC:11527","HGNC:11521 HGNC:11527",""
"2027","TAC3","TACR3","TAC3 TACR3","Ramilowski_2015_Literature_supported","7557266, 8990205,1312036, 2176308, 9190866, 11226387,8990205, 10189055, 10866201,","HGNC:11521","secreted","HGNC:11528","HGNC:11521 HGNC:11528",""
"2028","TAC4","TACR1","TAC4 TACR1","Ramilowski_2015_Literature_supported","11062498, 15224188,11786503,","HGNC:16641","secreted","HGNC:11526","HGNC:16641 HGNC:11526",""
"2029","TAC4","TACR2","TAC4 TACR2","Ramilowski_2015_Literature_supported","11786503,","HGNC:16641","secreted","HGNC:11527","HGNC:16641 HGNC:11527",""
"2030","TAC4","TACR3","TAC4 TACR3","Ramilowski_2015_Literature_supported","11786503,11786503,","HGNC:16641","secreted","HGNC:11528","HGNC:16641 HGNC:11528",""
"2031","TAFA4","FPR1","TAFA4 FPR1","Hou et al. 2020 (this publication)","25109685,","HGNC:21591","secreted","HGNC:3826","HGNC:21591 HGNC:3826",""
"2032","TCN1","CD320","TCN1 CD320","Hou et al. 2020 (this publication)","27411955,","HGNC:11652","secreted","HGNC:16692","HGNC:11652 HGNC:16692",""
"2033","TCTN1","TMEM67","TCTN1 TMEM67","Ramilowski_2015_Literature_supported","21725307,","HGNC:26113","secreted","HGNC:28396","HGNC:26113 HGNC:28396",""
"2034","TDGF1","ACVR1B","TDGF1 ACVR1B","Ramilowski_2015_Literature_supported","11909953,","HGNC:11701","secreted","HGNC:172","HGNC:11701 HGNC:172",""
"2035","TDGF1","ACVR2A","TDGF1 ACVR2A","Ramilowski_2015_Literature_supported","12682303,","HGNC:11701","secreted","HGNC:173","HGNC:11701 HGNC:173",""
"2036","TF","TFR2","TF TFR2","Ramilowski_2015_Literature_supported","11027676,","HGNC:11740","secreted","HGNC:11762","HGNC:11740 HGNC:11762",""
"2037","TF","TFRC","TF TFRC","Ramilowski_2015_Literature_supported","6270680,12210842, 6268632, 16354665,","HGNC:11740","secreted","HGNC:11763","HGNC:11740 HGNC:11763",""
"2038","TFF2","CXCR4","TFF2 CXCR4","Hou et al. 2020 (this publication)","23183167, 19064997,","HGNC:11756","secreted","HGNC:2561","HGNC:11756 HGNC:2561",""
"2039","TFF3","ACKR3","TFF3 ACKR3","Hou et al. 2020 (this publication)","26780310,","HGNC:11757","secreted","HGNC:23692","HGNC:11757 HGNC:23692",""
"2040","TFF3","CXCR4","TFF3 CXCR4","Hou et al. 2020 (this publication)","26780310,","HGNC:11757","secreted","HGNC:2561","HGNC:11757 HGNC:2561",""
"2041","TFPI","LRP1","TFPI LRP1","Ramilowski_2015_Literature_supported","8824219,","HGNC:11760","secreted","HGNC:6692","HGNC:11760 HGNC:6692",""
"2042","TFPI","VLDLR","TFPI VLDLR","Ramilowski_2015_Literature_supported","11278667,","HGNC:11760","secreted","HGNC:12698","HGNC:11760 HGNC:12698",""
"2043","TG","ASGR1","TG ASGR1","Ramilowski_2015_Literature_supported","12477859,","HGNC:11764","secreted","HGNC:742","HGNC:11764 HGNC:742",""
"2044","TG","LRP2","TG LRP2","Ramilowski_2015_Literature_supported","9492085,","HGNC:11764","secreted","HGNC:6694","HGNC:11764 HGNC:6694",""
"2045","TGFA","EGFR","TGFA EGFR","Ramilowski_2015_Literature_supported","3018723,12297049,","HGNC:11765","secreted","HGNC:3236","HGNC:11765 HGNC:3236","CellphoneDB"
"2046","TGFA","ERBB2","TGFA ERBB2","Ramilowski_2015_Literature_supported","10918572,","HGNC:11765","secreted","HGNC:3430","HGNC:11765 HGNC:3430",""
"2047","TGFA","ERBB4","TGFA ERBB4","Ramilowski_2015_Literature_supported","10918572,","HGNC:11765","secreted","HGNC:3432","HGNC:11765 HGNC:3432",""
"2048","TGFB1","ACVRL1","TGFB1 ACVRL1","Ramilowski_2015_Literature_supported","10716993,10716993,","HGNC:11766","secreted","HGNC:175","HGNC:11766 HGNC:175",""
"2049","TGFB1","ENG","TGFB1 ENG","Ramilowski_2015_Literature_supported","12015308,","HGNC:11766","secreted","HGNC:3349","HGNC:11766 HGNC:3349",""
"2050","TGFB1","ITGAV","TGFB1 ITGAV","Ramilowski_2015_Literature_supported","11970960,","HGNC:11766","secreted","HGNC:6150","HGNC:11766 HGNC:6150",""
"2051","TGFB1","ITGB6","TGFB1 ITGB6","Ramilowski_2015_Literature_supported","10025398,","HGNC:11766","secreted","HGNC:6161","HGNC:11766 HGNC:6161",""
"2052","TGFB1","ITGB8","TGFB1 ITGB8","Ramilowski_2015_Literature_supported","11970960,","HGNC:11766","secreted","HGNC:6163","HGNC:11766 HGNC:6163",""
"2053","TGFB1","SDC2","TGFB1 SDC2","Ramilowski_2015_Literature_supported","14976204,","HGNC:11766","secreted","HGNC:10659","HGNC:11766 HGNC:10659",""
"2054","TGFB1","TGFBR1","TGFB1 TGFBR1","Ramilowski_2015_Literature_supported","12809600,8235612,","HGNC:11766","secreted","HGNC:11772","HGNC:11766 HGNC:11772",""
"2055","TGFB1","TGFBR2","TGFB1 TGFBR2","Ramilowski_2015_Literature_supported","12809600, 10716993,7935686,","HGNC:11766","secreted","HGNC:11773","HGNC:11766 HGNC:11773",""
"2056","TGFB1","TGFBR3","TGFB1 TGFBR3","Ramilowski_2015_Literature_supported","7935686,","HGNC:11766","secreted","HGNC:11774","HGNC:11766 HGNC:11774","CellphoneDB_flipped"
"2057","TGFB1","VASN","TGFB1 VASN","Hou et al. 2020 (this publication)","15247411, 21170088,","HGNC:11766","secreted","HGNC:18517","HGNC:11766 HGNC:18517",""
"2058","TGFB2","ACVR1","TGFB2 ACVR1","Baccin et al. 2020 (RNA-Magnet)","21102460,","HGNC:11768","secreted","HGNC:171","HGNC:11768 HGNC:171",""
"2059","TGFB2","ENG","TGFB2 ENG","Ramilowski_2015_Literature_supported","12015308,","HGNC:11768","secreted","HGNC:3349","HGNC:11768 HGNC:3349",""
"2060","TGFB2","TGFBR1","TGFB2 TGFBR1","Ramilowski_2015_Literature_supported","12809600,11157754,","HGNC:11768","secreted","HGNC:11772","HGNC:11768 HGNC:11772",""
"2061","TGFB2","TGFBR2","TGFB2 TGFBR2","Ramilowski_2015_Literature_supported","12809600,8106553, 11157754,","HGNC:11768","secreted","HGNC:11773","HGNC:11768 HGNC:11773",""
"2062","TGFB2","TGFBR3","TGFB2 TGFBR3","Ramilowski_2015_Literature_supported","12809600,11157754,","HGNC:11768","secreted","HGNC:11774","HGNC:11768 HGNC:11774","CellphoneDB"
"2063","TGFB3","ACVRL1","TGFB3 ACVRL1","Ramilowski_2015_Literature_supported","11850637,10187774,","HGNC:11769","secreted","HGNC:175","HGNC:11769 HGNC:175",""
"2064","TGFB3","ENG","TGFB3 ENG","Ramilowski_2015_Literature_supported","9872992,","HGNC:11769","secreted","HGNC:3349","HGNC:11769 HGNC:3349",""
"2065","TGFB3","TGFBR1","TGFB3 TGFBR1","Ramilowski_2015_Literature_supported","11850637, ","HGNC:11769","secreted","HGNC:11772","HGNC:11769 HGNC:11772",""
"2066","TGFB3","TGFBR2","TGFB3 TGFBR2","Ramilowski_2015_Literature_supported","11850637,11850637, 11382746, 12729750, 8106553,","HGNC:11769","secreted","HGNC:11773","HGNC:11769 HGNC:11773",""
"2067","TGFB3","TGFBR3","TGFB3 TGFBR3","Ramilowski_2015_Literature_supported","11382746,","HGNC:11769","secreted","HGNC:11774","HGNC:11769 HGNC:11774","CellphoneDB_flipped"
"2068","TGM2","ADGRG1","TGM2 ADGRG1","Ramilowski_2015_Literature_supported","16757564,","HGNC:11778","secreted","HGNC:4512","HGNC:11778 HGNC:4512",""
"2069","TGM2","ITGB1","TGM2 ITGB1","Ramilowski_2015_Literature_supported","10684262,","HGNC:11778","secreted","HGNC:6153","HGNC:11778 HGNC:6153",""
"2070","TGM2","ITGB3","TGM2 ITGB3","Ramilowski_2015_Literature_supported","10684262,","HGNC:11778","secreted","HGNC:6156","HGNC:11778 HGNC:6156",""
"2071","TGM2","SDC4","TGM2 SDC4","Ramilowski_2015_Literature_supported","23499501,","HGNC:11778","secreted","HGNC:10661","HGNC:11778 HGNC:10661",""
"2072","THBS1","CD36","THBS1 CD36","Ramilowski_2015_Literature_supported","1379600,10772961, 10487979,","HGNC:11785","secreted","HGNC:1663","HGNC:11785 HGNC:1663",""
"2073","THBS1","CD47","THBS1 CD47","Ramilowski_2015_Literature_supported","11980922,9169439, 8550562, 10397731,","HGNC:11785","secreted","HGNC:1682","HGNC:11785 HGNC:1682",""
"2074","THBS1","ITGA2B","THBS1 ITGA2B","Ramilowski_2015_Literature_supported","2478219,","HGNC:11785","secreted","HGNC:6138","HGNC:11785 HGNC:6138",""
"2075","THBS1","ITGA3","THBS1 ITGA3","Ramilowski_2015_Literature_supported","10196234,","HGNC:11785","secreted","HGNC:6139","HGNC:11785 HGNC:6139",""
"2076","THBS1","ITGA4","THBS1 ITGA4","Ramilowski_2015_Literature_supported","14699013,","HGNC:11785","secreted","HGNC:6140","HGNC:11785 HGNC:6140",""
"2077","THBS1","ITGA6","THBS1 ITGA6","Ramilowski_2015_Literature_supported","12909644,","HGNC:11785","secreted","HGNC:6142","HGNC:11785 HGNC:6142",""
"2078","THBS1","ITGB1","THBS1 ITGB1","Ramilowski_2015_Literature_supported","15292271,","HGNC:11785","secreted","HGNC:6153","HGNC:11785 HGNC:6153",""
"2079","THBS1","ITGB3","THBS1 ITGB3","Ramilowski_2015_Literature_supported","2478219,","HGNC:11785","secreted","HGNC:6156","HGNC:11785 HGNC:6156",""
"2080","THBS1","LRP1","THBS1 LRP1","Ramilowski_2015_Literature_supported","9045712, 14991768, 7775583,","HGNC:11785","secreted","HGNC:6692","HGNC:11785 HGNC:6692",""
"2081","THBS1","PTPRJ","THBS1 PTPRJ","Baccin et al. 2020 (RNA-Magnet)","22308318,","HGNC:11785","secreted","HGNC:9673","HGNC:11785 HGNC:9673",""
"2082","THBS1","SDC1","THBS1 SDC1","Ramilowski_2015_Literature_supported","11257118,","HGNC:11785","secreted","HGNC:10658","HGNC:11785 HGNC:10658",""
"2083","THBS1","SDC4","THBS1 SDC4","Baccin et al. 2020 (RNA-Magnet)","17879962,","HGNC:11785","secreted","HGNC:10661","HGNC:11785 HGNC:10661",""
"2084","THBS1","TNFRSF11B","THBS1 TNFRSF11B","Ramilowski_2015_Literature_supported","15799029,","HGNC:11785","secreted","HGNC:11909","HGNC:11785 HGNC:11909",""
"2085","THBS2","CD47","THBS2 CD47","Ramilowski_2015_Literature_supported","8550562,","HGNC:11786","secreted","HGNC:1682","HGNC:11786 HGNC:1682",""
"2086","THBS2","ITGA4","THBS2 ITGA4","Ramilowski_2015_Literature_supported","14699013,","HGNC:11786","secreted","HGNC:6140","HGNC:11786 HGNC:6140",""
"2087","THBS2","ITGA6","THBS2 ITGA6","Ramilowski_2015_Literature_supported","12909644,","HGNC:11786","secreted","HGNC:6142","HGNC:11786 HGNC:6142",""
"2088","THBS2","ITGB1","THBS2 ITGB1","Ramilowski_2015_Literature_supported","15292271,","HGNC:11786","secreted","HGNC:6153","HGNC:11786 HGNC:6153",""
"2089","THBS2","NOTCH3","THBS2 NOTCH3","Ramilowski_2015_Literature_supported","19147503,","HGNC:11786","secreted","HGNC:7883","HGNC:11786 HGNC:7883",""
"2090","THPO","MPL","THPO MPL","Ramilowski_2015_Literature_supported","10495959,9766811,","HGNC:11795","secreted","HGNC:7217","HGNC:11795 HGNC:7217","CellphoneDB"
"2091","TIGIT","NECTIN2","TIGIT NECTIN2","Efremova et al. 2020 (CellphoneDB)","19815499,","HGNC:26838","plasma membrane","HGNC:9707","HGNC:26838 HGNC:9707",""
"2092","TIGIT","PVR","TIGIT PVR","Efremova et al. 2020 (CellphoneDB)","19815499,","HGNC:26838","plasma membrane","HGNC:9705","HGNC:26838 HGNC:9705",""
"2093","TIMD4","HAVCR1","TIMD4 HAVCR1","Hou et al. 2020 (this publication)","28949386,","HGNC:25132","plasma membrane","HGNC:17866","HGNC:25132 HGNC:17866",""
"2094","TIMP1","CD63","TIMP1 CD63","Ramilowski_2015_Literature_supported","16917503,","HGNC:11820","secreted","HGNC:1692","HGNC:11820 HGNC:1692",""
"2095","TIMP2","ITGA3","TIMP2 ITGA3","Ramilowski_2015_Literature_supported","12887919, 16326706,","HGNC:11821","secreted","HGNC:6139","HGNC:11821 HGNC:6139",""
"2096","TIMP2","ITGB1","TIMP2 ITGB1","Ramilowski_2015_Literature_supported","16326706, 12887919,","HGNC:11821","secreted","HGNC:6153","HGNC:11821 HGNC:6153",""
"2097","TIMP3","AGTR2","TIMP3 AGTR2","Ramilowski_2015_Literature_supported","18344519,","HGNC:11822","secreted","HGNC:338","HGNC:11822 HGNC:338",""
"2098","TIMP3","KDR","TIMP3 KDR","Ramilowski_2015_Literature_supported","12652295,","HGNC:11822","secreted","HGNC:6307","HGNC:11822 HGNC:6307",""
"2099","TNC","CNTN1","TNC CNTN1","Ramilowski_2015_Literature_supported","10103110,","HGNC:5318","secreted","HGNC:2171","HGNC:5318 HGNC:2171",""
"2100","TNC","EGFR","TNC EGFR","Ramilowski_2015_Literature_supported","11470832,","HGNC:5318","secreted","HGNC:3236","HGNC:5318 HGNC:3236",""
"2101","TNC","ITGA7","TNC ITGA7","Ramilowski_2015_Literature_supported","14715956,","HGNC:5318","secreted","HGNC:6143","HGNC:5318 HGNC:6143",""
"2102","TNC","ITGAV","TNC ITGAV","Hou et al. 2020 (this publication)","9314546,","HGNC:5318","secreted","HGNC:6150","HGNC:5318 HGNC:6150","Ramilowski_2015_Putative"
"2103","TNC","ITGB1","TNC ITGB1","Ramilowski_2015_Literature_supported","14715956,","HGNC:5318","secreted","HGNC:6153","HGNC:5318 HGNC:6153",""
"2104","TNC","ITGB3","TNC ITGB3","Hou et al. 2020 (this publication)","9314546,","HGNC:5318","secreted","HGNC:6156","HGNC:5318 HGNC:6156",""
"2105","TNC","PTPRB","TNC PTPRB","Ramilowski_2015_Literature_supported","11313993,","HGNC:5318","secreted","HGNC:9665","HGNC:5318 HGNC:9665",""
"2106","TNC","PTPRZ1","TNC PTPRZ1","Baccin et al. 2020 (RNA-Magnet)","20689858,","HGNC:5318","secreted","HGNC:9685","HGNC:5318 HGNC:9685",""
"2107","TNF","TNFRSF1A","TNF TNFRSF1A","Ramilowski_2015_Literature_supported","7852363,10634209, 14743216, 19084540,","HGNC:11892","plasma membrane; secreted","HGNC:11916","HGNC:11892 HGNC:11916","CellphoneDB"
"2108","TNF","TNFRSF1B","TNF TNFRSF1B","Ramilowski_2015_Literature_supported","2158863,7664431, 2158863, 19084540,","HGNC:11892","plasma membrane; secreted","HGNC:11917","HGNC:11892 HGNC:11917","CellphoneDB"
"2109","TNF","TNFRSF21","TNF TNFRSF21","Ramilowski_2015_Literature_supported","9714541,","HGNC:11892","plasma membrane; secreted","HGNC:13469","HGNC:11892 HGNC:13469",""
"2110","TNFRSF14","BTLA","TNFRSF14 BTLA","Hou et al. 2020 (this publication)","29061848,","HGNC:11912","plasma membrane","HGNC:21087","HGNC:11912 HGNC:21087",""
"2111","TNFRSF14","CD160","TNFRSF14 CD160","Hou et al. 2020 (this publication)","31332204,","HGNC:11912","plasma membrane","HGNC:17013","HGNC:11912 HGNC:17013",""
"2112","TNFSF10","TNFRSF10A","TNFSF10 TNFRSF10A","Ramilowski_2015_Literature_supported","15766588,10549288, 9082980, 9325248,","HGNC:11925","plasma membrane; secreted","HGNC:11904","HGNC:11925 HGNC:11904","CellphoneDB"
"2113","TNFSF10","TNFRSF10B","TNFSF10 TNFRSF10B","Ramilowski_2015_Literature_supported","15766588,9311998, 10549288, 9325248,","HGNC:11925","plasma membrane; secreted","HGNC:11905","HGNC:11925 HGNC:11905","CellphoneDB"
"2114","TNFSF10","TNFRSF10C","TNFSF10 TNFRSF10C","Ramilowski_2015_Literature_supported","9325248,9613612, 9314565, 9325248,","HGNC:11925","plasma membrane; secreted","HGNC:11906","HGNC:11925 HGNC:11906","CellphoneDB_flipped"
"2115","TNFSF10","TNFRSF10D","TNFSF10 TNFRSF10D","Ramilowski_2015_Literature_supported","9242610,9430226,","HGNC:11925","plasma membrane; secreted","HGNC:11907","HGNC:11925 HGNC:11907","CellphoneDB"
"2116","TNFSF10","TNFRSF11B","TNFSF10 TNFRSF11B","Ramilowski_2015_Literature_supported","9520411, 12221720,","HGNC:11925","plasma membrane; secreted","HGNC:11909","HGNC:11925 HGNC:11909","CellphoneDB"
"2117","TNFSF11","TNFRSF11A","TNFSF11 TNFRSF11A","Ramilowski_2015_Literature_supported","11581298,9367155,","HGNC:11926","plasma membrane; secreted","HGNC:11908","HGNC:11926 HGNC:11908","CellphoneDB"
"2118","TNFSF11","TNFRSF11B","TNFSF11 TNFRSF11B","Ramilowski_2015_Literature_supported","9568710, 11733492,12221720, 9520411,","HGNC:11926","plasma membrane; secreted","HGNC:11909","HGNC:11926 HGNC:11909","CellphoneDB"
"2119","TNFSF12","CD163","TNFSF12 CD163","Hou et al. 2020 (this publication)","19473660,","HGNC:11927","plasma membrane; secreted","HGNC:1631","HGNC:11927 HGNC:1631",""
"2120","TNFSF12","TNFRSF12A","TNFSF12 TNFRSF12A","Ramilowski_2015_Literature_supported","12787562,11728344, 12529173,","HGNC:11927","plasma membrane; secreted","HGNC:18152","HGNC:11927 HGNC:18152","CellphoneDB"
"2121","TNFSF13","FAS","TNFSF13 FAS","Ramilowski_2015_Literature_supported","10706119,","HGNC:11928","plasma membrane; secreted","HGNC:11920","HGNC:11928 HGNC:11920","CellphoneDB_flipped"
"2122","TNFSF13","SDC2","TNFSF13 SDC2","Ramilowski_2015_Literature_supported","15846369,","HGNC:11928","plasma membrane; secreted","HGNC:10659","HGNC:11928 HGNC:10659",""
"2123","TNFSF13","TNFRSF11B","TNFSF13 TNFRSF11B","Ramilowski_2015_Literature_supported","10706119,","HGNC:11928","plasma membrane; secreted","HGNC:11909","HGNC:11928 HGNC:11909",""
"2124","TNFSF13","TNFRSF13B","TNFSF13 TNFRSF13B","Ramilowski_2015_Literature_supported","10956646,10956646,","HGNC:11928","plasma membrane; secreted","HGNC:18153","HGNC:11928 HGNC:18153","CellphoneDB"
"2125","TNFSF13","TNFRSF14","TNFSF13 TNFRSF14","Ramilowski_2015_Literature_supported","10706119,","HGNC:11928","plasma membrane; secreted","HGNC:11912","HGNC:11928 HGNC:11912","CellphoneDB"
"2126","TNFSF13","TNFRSF17","TNFSF13 TNFRSF17","Ramilowski_2015_Literature_supported","14764606,10973284,","HGNC:11928","plasma membrane; secreted","HGNC:11913","HGNC:11928 HGNC:11913","CellphoneDB"
"2127","TNFSF13","TNFRSF1A","TNFSF13 TNFRSF1A","Ramilowski_2015_Literature_supported","10706119,","HGNC:11928","plasma membrane; secreted","HGNC:11916","HGNC:11928 HGNC:11916","CellphoneDB_flipped"
"2128","TNFSF13B","TNFRSF13B","TNFSF13B TNFRSF13B","Ramilowski_2015_Literature_supported","10956646,10801128,","HGNC:11929","plasma membrane; secreted","HGNC:18153","HGNC:11929 HGNC:18153","CellphoneDB"
"2129","TNFSF13B","TNFRSF13C","TNFSF13B TNFRSF13C","Ramilowski_2015_Literature_supported","15851487,12721620, 11509692,","HGNC:11929","plasma membrane; secreted","HGNC:17755","HGNC:11929 HGNC:17755","CellphoneDB"
"2130","TNFSF13B","TNFRSF17","TNFSF13B TNFRSF17","Ramilowski_2015_Literature_supported","10973284,10908663, 10801128, 10973284,","HGNC:11929","plasma membrane; secreted","HGNC:11913","HGNC:11929 HGNC:11913","CellphoneDB"
"2131","TNFSF14","LTBR","TNFSF14 LTBR","Ramilowski_2015_Literature_supported","10799510,10318773, 10799510, 9462508,","HGNC:11930","plasma membrane; secreted","HGNC:6718","HGNC:11930 HGNC:6718","CellphoneDB"
"2132","TNFSF14","TNFRSF14","TNFSF14 TNFRSF14","Ramilowski_2015_Literature_supported","10894944,11390428, 9462508,","HGNC:11930","plasma membrane; secreted","HGNC:11912","HGNC:11930 HGNC:11912","CellphoneDB"
"2133","TNFSF14","TNFRSF6B","TNFSF14 TNFRSF6B","Ramilowski_2015_Literature_supported","11994433,","HGNC:11930","plasma membrane; secreted","HGNC:11921","HGNC:11930 HGNC:11921","CellphoneDB_flipped"
"2134","TNFSF15","TNFRSF25","TNFSF15 TNFRSF25","Ramilowski_2015_Literature_supported","11911831,11911831,","HGNC:11931","plasma membrane; secreted","HGNC:11910","HGNC:11931 HGNC:11910","CellphoneDB"
"2135","TNFSF15","TNFRSF6B","TNFSF15 TNFRSF6B","Ramilowski_2015_Literature_supported","11911831,","HGNC:11931","plasma membrane; secreted","HGNC:11921","HGNC:11931 HGNC:11921","CellphoneDB_flipped"
"2136","TNFSF18","TNFRSF18","TNFSF18 TNFRSF18","Ramilowski_2015_Literature_supported","10037686,10037686, 10074428,","HGNC:11932","plasma membrane","HGNC:11914","HGNC:11932 HGNC:11914","CellphoneDB"
"2137","TNFSF4","TNFRSF4","TNFSF4 TNFRSF4","Ramilowski_2015_Literature_supported","12134113,12134113,","HGNC:11934","plasma membrane","HGNC:11918","HGNC:11934 HGNC:11918","CellphoneDB"
"2138","TNFSF8","TNFRSF8","TNFSF8 TNFRSF8","Ramilowski_2015_Literature_supported","8391931,11754357,","HGNC:11938","plasma membrane","HGNC:11923","HGNC:11938 HGNC:11923","CellphoneDB"
"2139","TNFSF9","TNFRSF9","TNFSF9 TNFRSF9","Ramilowski_2015_Literature_supported","8088337,13130507, 9045669, 8088337,","HGNC:11939","plasma membrane","HGNC:11924","HGNC:11939 HGNC:11924","CellphoneDB"
"2140","TOR2A","ATP5F1B","TOR2A ATP5F1B","Hou et al. 2020 (this publication)","30552345,","HGNC:11996","secreted","HGNC:830","HGNC:11996 HGNC:830",""
"2141","TRH","TRHR","TRH TRHR","Ramilowski_2015_Literature_supported","2175902,15117874, 9794253,","HGNC:12298","secreted","HGNC:12299","HGNC:12298 HGNC:12299",""
"2142","TSHB","TSHR","TSHB TSHR","Ramilowski_2015_Literature_supported","15571461,2558651,","HGNC:12372","secreted","HGNC:12373","HGNC:12372 HGNC:12373",""
"2143","TSLP","CRLF2","TSLP CRLF2","Hou et al. 2020 (this publication)","26198769, 22915648,","HGNC:30743","secreted","HGNC:14281","HGNC:30743 HGNC:14281",""
"2144","TSLP","IL7R","TSLP IL7R","Ramilowski_2015_Literature_supported","11418668,","HGNC:30743","secreted","HGNC:6024","HGNC:30743 HGNC:6024",""
"2145","UCN","CRHR1","UCN CRHR1","Ramilowski_2015_Literature_supported","11416224,15450949, 11123370, 8612563,8612563, 9423932,","HGNC:12516","secreted","HGNC:2357","HGNC:12516 HGNC:2357",""
"2146","UCN","CRHR2","UCN CRHR2","Ramilowski_2015_Literature_supported","10816663,15450949, 11123370,8612563, 9423932, 11416224,","HGNC:12516","secreted","HGNC:2358","HGNC:12516 HGNC:2358","CellphoneDB"
"2147","UCN2","CRHR1","UCN2 CRHR1","Ramilowski_2015_Literature_supported","15450949,","HGNC:18414","secreted","HGNC:2357","HGNC:18414 HGNC:2357",""
"2148","UCN2","CRHR2","UCN2 CRHR2","Ramilowski_2015_Literature_supported","11329063,15450949,11416224, 11226328,","HGNC:18414","secreted","HGNC:2358","HGNC:18414 HGNC:2358","CellphoneDB"
"2149","UCN2","IL10RB","UCN2 IL10RB","Ramilowski_2015_Literature_supported","11416224,","HGNC:18414","secreted","HGNC:5965","HGNC:18414 HGNC:5965",""
"2150","UCN3","CRHR1","UCN3 CRHR1","Ramilowski_2015_Literature_supported","11416224,","HGNC:17781","secreted","HGNC:2357","HGNC:17781 HGNC:2357",""
"2151","UCN3","CRHR2","UCN3 CRHR2","Ramilowski_2015_Literature_supported","11329063,15450949,11329063, 11416224,","HGNC:17781","secreted","HGNC:2358","HGNC:17781 HGNC:2358","CellphoneDB"
"2152","UCN3","IL10RB","UCN3 IL10RB","Ramilowski_2015_Literature_supported","11416224,","HGNC:17781","secreted","HGNC:5965","HGNC:17781 HGNC:5965",""
"2153","ULBP1","KLRK1","ULBP1 KLRK1","Hou et al. 2020 (this publication)","29651291, 26041808,","HGNC:14893","plasma membrane; secreted","HGNC:18788","HGNC:14893 HGNC:18788",""
"2154","ULBP2","KLRK1","ULBP2 KLRK1","Ramilowski_2015_Literature_supported","10894171, 26041808,","HGNC:14894","plasma membrane; secreted","HGNC:18788","HGNC:14894 HGNC:18788",""
"2155","ULBP3","KLRK1","ULBP3 KLRK1","Hou et al. 2020 (this publication)","11239445, 29651291, 26041808,","HGNC:14895","plasma membrane","HGNC:18788","HGNC:14895 HGNC:18788",""
"2156","UTS2","UTS2R","UTS2 UTS2R","Ramilowski_2015_Literature_supported","10499587, 15109617,11976263, 12238917, 15852036,10581185,","HGNC:12636","secreted","HGNC:4468","HGNC:12636 HGNC:4468","CellphoneDB"
"2157","UTS2B","UTS2R","UTS2B UTS2R","Ramilowski_2015_Literature_supported","14550283, 11015293,14550283,","HGNC:30894","secreted","HGNC:4468","HGNC:30894 HGNC:4468","CellphoneDB_flipped"
"2158","VASP","CXCR2","VASP CXCR2","Ramilowski_2015_Literature_supported","19435808,","HGNC:12652","secreted","HGNC:6027","HGNC:12652 HGNC:6027",""
"2159","VCAM1","ITGA4","VCAM1 ITGA4","Ramilowski_2015_Literature_supported","11751331,","HGNC:12663","secreted","HGNC:6140","HGNC:12663 HGNC:6140",""
"2160","VCAM1","ITGA9","VCAM1 ITGA9","Noël et al. 2020 (ICELLNET)","10209034,","HGNC:12663","secreted","HGNC:6145","HGNC:12663 HGNC:6145",""
"2161","VCAM1","ITGAD","VCAM1 ITGAD","Ramilowski_2015_Literature_supported","10438935,10438935,","HGNC:12663","secreted","HGNC:6146","HGNC:12663 HGNC:6146",""
"2162","VCAM1","ITGB1","VCAM1 ITGB1","Ramilowski_2015_Literature_supported","11751331,12097820, 19057841,","HGNC:12663","secreted","HGNC:6153","HGNC:12663 HGNC:6153",""
"2163","VCAM1","ITGB2","VCAM1 ITGB2","Ramilowski_2015_Literature_supported","10438935,","HGNC:12663","secreted","HGNC:6155","HGNC:12663 HGNC:6155",""
"2164","VCAM1","ITGB7","VCAM1 ITGB7","Ramilowski_2015_Literature_supported","12682249,","HGNC:12663","secreted","HGNC:6162","HGNC:12663 HGNC:6162",""
"2165","VCAN","CD44","VCAN CD44","Ramilowski_2015_Literature_supported","10950950,","HGNC:2464","secreted","HGNC:1681","HGNC:2464 HGNC:1681",""
"2166","VCAN","EGFR","VCAN EGFR","Ramilowski_2015_Literature_supported","16045811,","HGNC:2464","secreted","HGNC:3236","HGNC:2464 HGNC:3236",""
"2167","VCAN","ITGB1","VCAN ITGB1","Ramilowski_2015_Literature_supported","11805102,","HGNC:2464","secreted","HGNC:6153","HGNC:2464 HGNC:6153",""
"2168","VCAN","SELP","VCAN SELP","Ramilowski_2015_Literature_supported","10950950,","HGNC:2464","secreted","HGNC:10721","HGNC:2464 HGNC:10721",""
"2169","VCAN","TLR2","VCAN TLR2","Ramilowski_2015_Literature_supported","19122641,","HGNC:2464","secreted","HGNC:11848","HGNC:2464 HGNC:11848",""
"2170","VEGFA","FLT1","VEGFA FLT1","Ramilowski_2015_Literature_supported","8621427, 15637071,8621427, 17051153, 9393862,","HGNC:12680","secreted","HGNC:3763","HGNC:12680 HGNC:3763","CellphoneDB_flipped"
"2171","VEGFA","GPC1","VEGFA GPC1","Ramilowski_2015_Literature_supported","10196157,","HGNC:12680","secreted","HGNC:4449","HGNC:12680 HGNC:4449",""
"2172","VEGFA","KDR","VEGFA KDR","Ramilowski_2015_Literature_supported","8621427, 15637071,8621427, 17318185,","HGNC:12680","secreted","HGNC:6307","HGNC:12680 HGNC:6307","CellphoneDB_flipped"
"2173","VEGFA","NRP1","VEGFA NRP1","Ramilowski_2015_Literature_supported","11986311, 15637071,11986311, 10409677, 9529250, 17222790, 16763549,","HGNC:12680","secreted","HGNC:8004","HGNC:12680 HGNC:8004","CellphoneDB_flipped"
"2174","VEGFA","NRP2","VEGFA NRP2","Ramilowski_2015_Literature_supported","10748121,","HGNC:12680","secreted","HGNC:8005","HGNC:12680 HGNC:8005","CellphoneDB_flipped"
"2175","VEGFB","FLT1","VEGFB FLT1","Ramilowski_2015_Literature_supported","97517301,9751730,","HGNC:12681","secreted","HGNC:3763","HGNC:12681 HGNC:3763","CellphoneDB_flipped"
"2176","VEGFB","NRP1","VEGFB NRP1","Ramilowski_2015_Literature_supported","409677,10409677,","HGNC:12681","secreted","HGNC:8004","HGNC:12681 HGNC:8004","CellphoneDB_flipped"
"2177","VEGFC","FLT4","VEGFC FLT4","Ramilowski_2015_Literature_supported","12881528,8700872, 16530705,","HGNC:12682","secreted","HGNC:3767","HGNC:12682 HGNC:3767","CellphoneDB"
"2178","VEGFC","KDR","VEGFC KDR","Ramilowski_2015_Literature_supported","8612600, 11332691,11332691,","HGNC:12682","secreted","HGNC:6307","HGNC:12682 HGNC:6307","CellphoneDB_flipped"
"2179","VEGFC","NRP2","VEGFC NRP2","Ramilowski_2015_Literature_supported","8612600,","HGNC:12682","secreted","HGNC:8005","HGNC:12682 HGNC:8005",""
"2180","VEGFC","VIPR2","VEGFC VIPR2","Ramilowski_2015_Literature_supported","12881528,","HGNC:12682","secreted","HGNC:12695","HGNC:12682 HGNC:12695",""
"2181","VEGFD","FLT4","VEGFD FLT4","Ramilowski_2015_Literature_supported","9435229, 9435229, 21148085,","HGNC:3708","secreted","HGNC:3767","HGNC:3708 HGNC:3767","CellphoneDB"
"2182","VEGFD","ITGA9","VEGFD ITGA9","Ramilowski_2015_Literature_supported","15590642,","HGNC:3708","secreted","HGNC:6145","HGNC:3708 HGNC:6145",""
"2183","VEGFD","KDR","VEGFD KDR","Ramilowski_2015_Literature_supported","9435229,9435229,","HGNC:3708","secreted","HGNC:6307","HGNC:3708 HGNC:6307","CellphoneDB_flipped"
"2184","VEGFD","NRP2","VEGFD NRP2","Ramilowski_2015_Literature_supported","16816121, 9435229,","HGNC:3708","secreted","HGNC:8005","HGNC:3708 HGNC:8005",""
"2185","VIM","CD44","VIM CD44","Ramilowski_2015_Literature_supported","22216242,","HGNC:12692","secreted","HGNC:1681","HGNC:12692 HGNC:1681",""
"2186","VIP","ADCYAP1R1","VIP ADCYAP1R1","Ramilowski_2015_Literature_supported","10583729, 16930633, 11931347,","HGNC:12693","secreted","HGNC:242","HGNC:12693 HGNC:242",""
"2187","VIP","SCTR","VIP SCTR","Ramilowski_2015_Literature_supported","1646711,","HGNC:12693","secreted","HGNC:10608","HGNC:12693 HGNC:10608",""
"2188","VIP","VIPR1","VIP VIPR1","Ramilowski_2015_Literature_supported","11027527,8791009, 8074647, 16930633, 9928018, 9437714, 10801840, 10570056, 8390245, 11931347, 9726637, 9152366, 9454823,15247290, 807467, 11027527,","HGNC:12693","secreted","HGNC:12694","HGNC:12693 HGNC:12694","CellphoneDB"
"2189","VIP","VIPR2","VIP VIPR2","Ramilowski_2015_Literature_supported","12220741,16930633, 10801840, 9454823, 9928018, 10570056, 11931347, 9437714, 9152366, 9726637,8146174, 9454823, 10801840,","HGNC:12693","secreted","HGNC:12695","HGNC:12693 HGNC:12695",""
"2190","VTN","ITGA5","VTN ITGA5","Ramilowski_2015_Literature_supported","11331280,","HGNC:12724","secreted","HGNC:6141","HGNC:12724 HGNC:6141",""
"2191","VTN","ITGA8","VTN ITGA8","Ramilowski_2015_Literature_supported","7559467,","HGNC:12724","secreted","HGNC:6144","HGNC:12724 HGNC:6144",""
"2192","VTN","ITGAV","VTN ITGAV","Ramilowski_2015_Literature_supported","23154389,","HGNC:12724","secreted","HGNC:6150","HGNC:12724 HGNC:6150",""
"2193","VTN","ITGB3","VTN ITGB3","Ramilowski_2015_Literature_supported","11331280,16195248,","HGNC:12724","secreted","HGNC:6156","HGNC:12724 HGNC:6156",""
"2194","VTN","ITGB6","VTN ITGB6","Ramilowski_2015_Literature_supported","8120056,","HGNC:12724","secreted","HGNC:6161","HGNC:12724 HGNC:6161",""
"2195","VTN","ITGB8","VTN ITGB8","Ramilowski_2015_Literature_supported","11156415,","HGNC:12724","secreted","HGNC:6163","HGNC:12724 HGNC:6163",""
"2196","VTN","PLAUR","VTN PLAUR","Ramilowski_2015_Literature_supported","8830783,","HGNC:12724","secreted","HGNC:9053","HGNC:12724 HGNC:9053",""
"2197","VTN","PVR","VTN PVR","Ramilowski_2015_Literature_supported","11437656,","HGNC:12724","secreted","HGNC:9705","HGNC:12724 HGNC:9705",""
"2198","VTN","TNFRSF11B","VTN TNFRSF11B","Ramilowski_2015_Literature_supported","15799029,","HGNC:12724","secreted","HGNC:11909","HGNC:12724 HGNC:11909",""
"2199","VWF","GP1BA","VWF GP1BA","Ramilowski_2015_Literature_supported","12183630, 12087105, 6336654,","HGNC:12726","secreted","HGNC:4439","HGNC:12726 HGNC:4439",""
"2200","VWF","ITGA2B","VWF ITGA2B","Ramilowski_2015_Literature_supported","1737795,","HGNC:12726","secreted","HGNC:6138","HGNC:12726 HGNC:6138",""
"2201","VWF","TNFRSF11B","VWF TNFRSF11B","Ramilowski_2015_Literature_supported","15799029,","HGNC:12726","secreted","HGNC:11909","HGNC:12726 HGNC:11909",""
"2202","WNT1","FZD1","WNT1 FZD1","Efremova et al. 2020 (CellphoneDB)","24032637,","HGNC:12774","secreted","HGNC:4038","HGNC:12774 HGNC:4038","Ramilowski_2015_Putative"
"2203","WNT1","FZD10","WNT1 FZD10","Hou et al. 2020 (this publication)","24599775,","HGNC:12774","secreted","HGNC:4039","HGNC:12774 HGNC:4039",""
"2204","WNT1","FZD2","WNT1 FZD2","Hou et al. 2020 (this publication)","28733458,","HGNC:12774","secreted","HGNC:4040","HGNC:12774 HGNC:4040",""
"2205","WNT1","FZD3","WNT1 FZD3","Ramilowski_2015_Literature_supported","14642436,","HGNC:12774","secreted","HGNC:4041","HGNC:12774 HGNC:4041",""
"2206","WNT1","FZD4","WNT1 FZD4","Hou et al. 2020 (this publication)","28733458,","HGNC:12774","secreted","HGNC:4042","HGNC:12774 HGNC:4042",""
"2207","WNT1","FZD8","WNT1 FZD8","Ramilowski_2015_Literature_supported","15454084,15454084,","HGNC:12774","secreted","HGNC:4046","HGNC:12774 HGNC:4046","CellphoneDB"
"2208","WNT1","FZD9","WNT1 FZD9","Ramilowski_2015_Literature_supported","9147651,9147651,","HGNC:12774","secreted","HGNC:4047","HGNC:12774 HGNC:4047",""
"2209","WNT1","LRP6","WNT1 LRP6","Ramilowski_2015_Literature_supported","11029007, 11448771,","HGNC:12774","secreted","HGNC:6698","HGNC:12774 HGNC:6698",""
"2210","WNT1","ROR2","WNT1 ROR2","Efremova et al. 2020 (CellphoneDB)","15388793, ","HGNC:12774","secreted","HGNC:10257","HGNC:12774 HGNC:10257",""
"2211","WNT1","RYK","WNT1 RYK","Ramilowski_2015_Literature_supported","15454084,15454084,","HGNC:12774","secreted","HGNC:10481","HGNC:12774 HGNC:10481","CellphoneDB_flipped"
"2212","WNT10A","FZD1","WNT10A FZD1","Hou et al. 2020 (this publication)","28733458,","HGNC:13829","secreted","HGNC:4038","HGNC:13829 HGNC:4038",""
"2213","WNT10A","FZD5","WNT10A FZD5","Hou et al. 2020 (this publication)","28733458,","HGNC:13829","secreted","HGNC:4043","HGNC:13829 HGNC:4043",""
"2214","WNT10A","FZD8","WNT10A FZD8","Hou et al. 2020 (this publication)","28733458,","HGNC:13829","secreted","HGNC:4046","HGNC:13829 HGNC:4046",""
"2215","WNT10B","FZD7","WNT10B FZD7","Hou et al. 2020 (this publication)","29979633,","HGNC:12775","secreted","HGNC:4045","HGNC:12775 HGNC:4045",""
"2216","WNT11","FZD7","WNT11 FZD7","Ramilowski_2015_Literature_supported","10862746,","HGNC:12776","secreted","HGNC:4045","HGNC:12776 HGNC:4045",""
"2217","WNT11","FZD8","WNT11 FZD8","Hou et al. 2020 (this publication)","29717114,","HGNC:12776","secreted","HGNC:4046","HGNC:12776 HGNC:4046",""
"2218","WNT16","FZD2","WNT16 FZD2","Hou et al. 2020 (this publication)","26861315,","HGNC:16267","secreted","HGNC:4040","HGNC:16267 HGNC:4040",""
"2219","WNT16","LRP5","WNT16 LRP5","Hou et al. 2020 (this publication)","26861315,","HGNC:16267","secreted","HGNC:6697","HGNC:16267 HGNC:6697",""
"2220","WNT2","FZD1","WNT2 FZD1","Ramilowski_2015_Literature_supported","10557084,","HGNC:12780","secreted","HGNC:4038","HGNC:12780 HGNC:4038",""
"2221","WNT2","FZD2","WNT2 FZD2","Efremova et al. 2020 (CellphoneDB)","24032637,","HGNC:12780","secreted","HGNC:4040","HGNC:12780 HGNC:4040",""
"2222","WNT2","FZD3","WNT2 FZD3","Efremova et al. 2020 (CellphoneDB)","24032637,","HGNC:12780","secreted","HGNC:4041","HGNC:12780 HGNC:4041",""
"2223","WNT2","FZD4","WNT2 FZD4","Efremova et al. 2020 (CellphoneDB)","24032637,","HGNC:12780","secreted","HGNC:4042","HGNC:12780 HGNC:4042",""
"2224","WNT2","FZD5","WNT2 FZD5","Ramilowski_2015_Literature_supported","18302287,","HGNC:12780","secreted","HGNC:4043","HGNC:12780 HGNC:4043",""
"2225","WNT2","FZD7","WNT2 FZD7","Ramilowski_2015_Literature_supported","23815780,","HGNC:12780","secreted","HGNC:4045","HGNC:12780 HGNC:4045",""
"2226","WNT2","FZD8","WNT2 FZD8","Ramilowski_2015_Literature_supported","23815780,","HGNC:12780","secreted","HGNC:4046","HGNC:12780 HGNC:4046",""
"2227","WNT2","FZD9","WNT2 FZD9","Ramilowski_2015_Literature_supported","12138115,","HGNC:12780","secreted","HGNC:4047","HGNC:12780 HGNC:4047","CellphoneDB"
"2228","WNT2B","FZD4","WNT2B FZD4","Efremova et al. 2020 (CellphoneDB)","24032637,","HGNC:12781","secreted","HGNC:4042","HGNC:12781 HGNC:4042",""
"2229","WNT2B","FZD7","WNT2B FZD7","Hou et al. 2020 (this publication)","18567805,","HGNC:12781","secreted","HGNC:4045","HGNC:12781 HGNC:4045",""
"2230","WNT3","FZD1","WNT3 FZD1","Ramilowski_2015_Literature_supported","10557084,","HGNC:12782","secreted","HGNC:4038","HGNC:12782 HGNC:4038",""
"2231","WNT3","FZD7","WNT3 FZD7","Ramilowski_2015_Literature_supported","18313787, 25892522,","HGNC:12782","secreted","HGNC:4045","HGNC:12782 HGNC:4045","CellphoneDB"
"2232","WNT3","FZD8","WNT3 FZD8","Ramilowski_2015_Literature_supported","18528331, 15454084,","HGNC:12782","secreted","HGNC:4046","HGNC:12782 HGNC:4046",""
"2233","WNT3","LRP6","WNT3 LRP6","Ramilowski_2015_Literature_supported","18528331,","HGNC:12782","secreted","HGNC:6698","HGNC:12782 HGNC:6698",""
"2234","WNT3","RYK","WNT3 RYK","Ramilowski_2015_Literature_supported","15454084,","HGNC:12782","secreted","HGNC:10481","HGNC:12782 HGNC:10481",""
"2235","WNT3A","APCDD1","WNT3A APCDD1","Ramilowski_2015_Literature_supported","20393562,","HGNC:15983","secreted","HGNC:15718","HGNC:15983 HGNC:15718",""
"2236","WNT3A","FZD1","WNT3A FZD1","Ramilowski_2015_Literature_supported","10557084,","HGNC:15983","secreted","HGNC:4038","HGNC:15983 HGNC:4038","CellphoneDB_flipped"
"2237","WNT3A","FZD10","WNT3A FZD10","Hou et al. 2020 (this publication)","24599775,","HGNC:15983","secreted","HGNC:4039","HGNC:15983 HGNC:4039",""
"2238","WNT3A","FZD2","WNT3A FZD2","Ramilowski_2015_Literature_supported","18215320, 19910923,","HGNC:15983","secreted","HGNC:4040","HGNC:15983 HGNC:4040","CellphoneDB"
"2239","WNT3A","FZD5","WNT3A FZD5","Ramilowski_2015_Literature_supported","22753465,","HGNC:15983","secreted","HGNC:4043","HGNC:15983 HGNC:4043",""
"2240","WNT3A","FZD6","WNT3A FZD6","Ramilowski_2015_Literature_supported","21665003, 21128903,","HGNC:15983","secreted","HGNC:4044","HGNC:15983 HGNC:4044",""
"2241","WNT3A","FZD7","WNT3A FZD7","Ramilowski_2015_Literature_supported","18215320,","HGNC:15983","secreted","HGNC:4045","HGNC:15983 HGNC:4045",""
"2242","WNT3A","FZD8","WNT3A FZD8","Ramilowski_2015_Literature_supported","22303445,","HGNC:15983","secreted","HGNC:4046","HGNC:15983 HGNC:4046","CellphoneDB"
"2243","WNT3A","LRP1","WNT3A LRP1","Ramilowski_2015_Literature_supported","14739301,","HGNC:15983","secreted","HGNC:6692","HGNC:15983 HGNC:6692",""
"2244","WNT3A","LRP6","WNT3A LRP6","Ramilowski_2015_Literature_supported","14739301, 12897152,","HGNC:15983","secreted","HGNC:6698","HGNC:15983 HGNC:6698",""
"2245","WNT3A","RYK","WNT3A RYK","Ramilowski_2015_Literature_supported","15454084,","HGNC:15983","secreted","HGNC:10481","HGNC:15983 HGNC:10481","CellphoneDB_flipped"
"2246","WNT4","FZD2","WNT4 FZD2","Ramilowski_2015_Literature_supported","12325120,","HGNC:12783","secreted","HGNC:4040","HGNC:12783 HGNC:4040",""
"2247","WNT4","FZD6","WNT4 FZD6","Ramilowski_2015_Literature_supported","15265686,21541287, 15265686,15265686,","HGNC:12783","secreted","HGNC:4044","HGNC:12783 HGNC:4044","CellphoneDB"
"2248","WNT5A","FZD1","WNT5A FZD1","Ramilowski_2015_Literature_supported","10557084,","HGNC:12784","secreted","HGNC:4038","HGNC:12784 HGNC:4038","CellphoneDB_flipped"
"2249","WNT5A","FZD2","WNT5A FZD2","Ramilowski_2015_Literature_supported","9389482, 19910923,","HGNC:12784","secreted","HGNC:4040","HGNC:12784 HGNC:4040","CellphoneDB"
"2250","WNT5A","FZD3","WNT5A FZD3","Efremova et al. 2020 (CellphoneDB)","24032637,","HGNC:12784","secreted","HGNC:4041","HGNC:12784 HGNC:4041",""
"2251","WNT5A","FZD4","WNT5A FZD4","Ramilowski_2015_Literature_supported","10990458,","HGNC:12784","secreted","HGNC:4042","HGNC:12784 HGNC:4042",""
"2252","WNT5A","FZD5","WNT5A FZD5","Ramilowski_2015_Literature_supported","9054360,","HGNC:12784","secreted","HGNC:4043","HGNC:12784 HGNC:4043","CellphoneDB"
"2253","WNT5A","FZD6","WNT5A FZD6","Ramilowski_2015_Literature_supported","21665003,","HGNC:12784","secreted","HGNC:4044","HGNC:12784 HGNC:4044","CellphoneDB"
"2254","WNT5A","FZD7","WNT5A FZD7","Ramilowski_2015_Literature_supported","10990458,","HGNC:12784","secreted","HGNC:4045","HGNC:12784 HGNC:4045",""
"2255","WNT5A","FZD8","WNT5A FZD8","Ramilowski_2015_Literature_supported","21518267,","HGNC:12784","secreted","HGNC:4046","HGNC:12784 HGNC:4046",""
"2256","WNT5A","LRP5","WNT5A LRP5","Ramilowski_2015_Literature_supported","16602827,","HGNC:12784","secreted","HGNC:6697","HGNC:12784 HGNC:6697",""
"2257","WNT5A","MCAM","WNT5A MCAM","Ramilowski_2015_Literature_supported","24335906,","HGNC:12784","secreted","HGNC:6934","HGNC:12784 HGNC:6934",""
"2258","WNT5A","ROR1","WNT5A ROR1","Ramilowski_2015_Literature_supported","18287027,","HGNC:12784","secreted","HGNC:10256","HGNC:12784 HGNC:10256","CellphoneDB_flipped"
"2259","WNT5A","ROR2","WNT5A ROR2","Ramilowski_2015_Literature_supported","12839624,","HGNC:12784","secreted","HGNC:10257","HGNC:12784 HGNC:10257",""
"2260","WNT5A","RYK","WNT5A RYK","Ramilowski_2015_Literature_supported","15598975,","HGNC:12784","secreted","HGNC:10481","HGNC:12784 HGNC:10481",""
"2261","WNT5B","FZD2","WNT5B FZD2","Hou et al. 2020 (this publication)","27036869,","HGNC:16265","secreted","HGNC:4040","HGNC:16265 HGNC:4040",""
"2262","WNT5B","FZD8","WNT5B FZD8","Hou et al. 2020 (this publication)","26849959,","HGNC:16265","secreted","HGNC:4046","HGNC:16265 HGNC:4046",""
"2263","WNT6","FZD7","WNT6 FZD7","Hou et al. 2020 (this publication)","27122540,","HGNC:12785","secreted","HGNC:4045","HGNC:12785 HGNC:4045",""
"2264","WNT7A","FZD1","WNT7A FZD1","Hou et al. 2020 (this publication)","28733458,","HGNC:12786","secreted","HGNC:4038","HGNC:12786 HGNC:4038",""
"2265","WNT7A","FZD10","WNT7A FZD10","Ramilowski_2015_Literature_supported","18567805, 12857724,","HGNC:12786","secreted","HGNC:4039","HGNC:12786 HGNC:4039",""
"2266","WNT7A","FZD5","WNT7A FZD5","Ramilowski_2015_Literature_supported","12857724, 12857724,","HGNC:12786","secreted","HGNC:4043","HGNC:12786 HGNC:4043","CellphoneDB"
"2267","WNT7A","FZD9","WNT7A FZD9","Ramilowski_2015_Literature_supported","15705594,","HGNC:12786","secreted","HGNC:4047","HGNC:12786 HGNC:4047",""
"2268","WNT7B","FZD1","WNT7B FZD1","Ramilowski_2015_Literature_supported","15923619,","HGNC:12787","secreted","HGNC:4038","HGNC:12787 HGNC:4038","CellphoneDB"
"2269","WNT7B","FZD10","WNT7B FZD10","Ramilowski_2015_Literature_supported","15923619,","HGNC:12787","secreted","HGNC:4039","HGNC:12787 HGNC:4039","CellphoneDB"
"2270","WNT7B","FZD4","WNT7B FZD4","Efremova et al. 2020 (CellphoneDB)","24032637,","HGNC:12787","secreted","HGNC:4042","HGNC:12787 HGNC:4042",""
"2271","WNT7B","FZD5","WNT7B FZD5","Hou et al. 2020 (this publication)","28733458,","HGNC:12787","secreted","HGNC:4043","HGNC:12787 HGNC:4043",""
"2272","WNT7B","FZD8","WNT7B FZD8","Hou et al. 2020 (this publication)","28733458,","HGNC:12787","secreted","HGNC:4046","HGNC:12787 HGNC:4046",""
"2273","WNT7B","LRP5","WNT7B LRP5","Ramilowski_2015_Literature_supported","15923619,","HGNC:12787","secreted","HGNC:6697","HGNC:12787 HGNC:6697",""
"2274","WNT8A","FZD4","WNT8A FZD4","Hou et al. 2020 (this publication)","28733458,","HGNC:12788","secreted","HGNC:4042","HGNC:12788 HGNC:4042",""
"2275","WNT8A","FZD5","WNT8A FZD5","Hou et al. 2020 (this publication)","28733458,","HGNC:12788","secreted","HGNC:4043","HGNC:12788 HGNC:4043",""
"2276","WNT8A","FZD8","WNT8A FZD8","Hou et al. 2020 (this publication)","28733458,","HGNC:12788","secreted","HGNC:4046","HGNC:12788 HGNC:4046",""
"2277","WNT9A","FZD10","WNT9A FZD10","Hou et al. 2020 (this publication)","28733458,","HGNC:12778","secreted","HGNC:4039","HGNC:12778 HGNC:4039",""
"2278","WNT9A","FZD4","WNT9A FZD4","Hou et al. 2020 (this publication)","28733458,","HGNC:12778","secreted","HGNC:4042","HGNC:12778 HGNC:4042",""
"2279","WNT9B","FZD10","WNT9B FZD10","Hou et al. 2020 (this publication)","28733458,","HGNC:12779","secreted","HGNC:4039","HGNC:12779 HGNC:4039",""
"2280","WNT9B","FZD4","WNT9B FZD4","Hou et al. 2020 (this publication)","28733458,","HGNC:12779","secreted","HGNC:4042","HGNC:12779 HGNC:4042",""
"2281","WNT9B","FZD5","WNT9B FZD5","Hou et al. 2020 (this publication)","28733458, 30978219, 25892522,","HGNC:12779","secreted","HGNC:4043","HGNC:12779 HGNC:4043",""
"2282","WNT9B","FZD8","WNT9B FZD8","Hou et al. 2020 (this publication)","28733458,","HGNC:12779","secreted","HGNC:4046","HGNC:12779 HGNC:4046",""
"2283","XCL1","XCR1","XCL1 XCR1","Ramilowski_2015_Literature_supported","9632725,9632725, 11446740,","HGNC:10645","secreted","HGNC:1625","HGNC:10645 HGNC:1625","CellphoneDB"
"2284","XCL2","XCR1","XCL2 XCR1","Ramilowski_2015_Literature_supported","9632725,","HGNC:10646","secreted","HGNC:1625","HGNC:10646 HGNC:1625","CellphoneDB"
"2285","YBX1","NOTCH1","YBX1 NOTCH1","Hou et al. 2020 (this publication)","30321499,","HGNC:8014","secreted","HGNC:7881","HGNC:8014 HGNC:7881",""
"2286","ZG16B","CXCR4","ZG16B CXCR4","Ramilowski_2015_Literature_supported","20802527,","HGNC:30456","secreted","HGNC:2561","HGNC:30456 HGNC:2561",""
"2287","ZG16B","TLR2","ZG16B TLR2","Ramilowski_2015_Literature_supported","20802527,","HGNC:30456","secreted","HGNC:11848","HGNC:30456 HGNC:11848",""
"2288","ZG16B","TLR4","ZG16B TLR4","Ramilowski_2015_Literature_supported","20802527,","HGNC:30456","secreted","HGNC:11850","HGNC:30456 HGNC:11850",""
"2289","ZG16B","TLR5","ZG16B TLR5","Ramilowski_2015_Literature_supported","20802527,","HGNC:30456","secreted","HGNC:11851","HGNC:30456 HGNC:11851",""
"2290","ZG16B","TLR6","ZG16B TLR6","Ramilowski_2015_Literature_supported","20802527,","HGNC:30456","secreted","HGNC:16711","HGNC:30456 HGNC:16711",""
"2291","ZP3","CHRNA7","ZP3 CHRNA7","Hou et al. 2020 (this publication)","22577141,","HGNC:13189","secreted","HGNC:1960","HGNC:13189 HGNC:1960",""
"2292","ZP3","EGFR","ZP3 EGFR","Hou et al. 2020 (this publication)","22577141,","HGNC:13189","secreted","HGNC:3236","HGNC:13189 HGNC:3236","Ramilowski_2015_Putative"
"2293","ZP3","MERTK","ZP3 MERTK","Ramilowski_2015_Literature_supported","7541556,","HGNC:13189","secreted","HGNC:7027","HGNC:13189 HGNC:7027",""
