"","ligand","receptor"
"1","CRISP3","A1BG"
"2","A2M","LRP1"
"3","AANAT","MTNR1A"
"4","AANAT","MTNR1B"
"5","APOA1","ABCA1"
"6","APOE","ABCA1"
"7","LIN7C","ABCA1"
"8","MEGF10","ABCA1"
"9","PLTP","ABCA1"
"10","RIMS2","ABCA1"
"11","SHANK1","ABCA1"
"12","GHRL","ACE2"
"13","ACE2","SLC6A19"
"14","ACE","AGTR2"
"15","ACE","BDKRB2"
"16","CCL1","ACKR1"
"17","CCL11","ACKR1"
"18","CCL13","ACKR1"
"19","CCL14","ACKR1"
"20","CCL16","ACKR1"
"21","CCL17","ACKR1"
"22","CCL18","ACKR1"
"23","CCL2","ACKR1"
"24","CCL5","ACKR1"
"25","CCL7","ACKR1"
"26","CCL8","ACKR1"
"27","CXCL1","ACKR1"
"28","CXCL10","ACKR1"
"29","CXCL11","ACKR1"
"30","CXCL13","ACKR1"
"31","CXCL2","ACKR1"
"32","CXCL3","ACKR1"
"33","CXCL5","ACKR1"
"34","CXCL6","ACKR1"
"35","CXCL8","ACKR1"
"36","CXCL9","ACKR1"
"37","PF4","ACKR1"
"38","PPBP","ACKR1"
"39","CCL11","ACKR2"
"40","CCL13","ACKR2"
"41","CCL14","ACKR2"
"42","CCL17","ACKR2"
"43","CCL19","ACKR2"
"44","CCL2","ACKR2"
"45","CCL21","ACKR2"
"46","CCL22","ACKR2"
"47","CCL23","ACKR2"
"48","CCL24","ACKR2"
"49","CCL25","ACKR2"
"50","CCL26","ACKR2"
"51","CCL27","ACKR2"
"52","CCL28","ACKR2"
"53","CCL3","ACKR2"
"54","CCL3L1","ACKR2"
"55","CCL3L3","ACKR2"
"56","CCL4","ACKR2"
"57","CCL4L1","ACKR2"
"58","CCL5","ACKR2"
"59","CCL7","ACKR2"
"60","CCL8","ACKR2"
"61","CXCL11","ACKR3"
"62","CXCL12","ACKR3"
"63","MIF","ACKR3"
"64","TFF3","ACKR3"
"65","CCL1","ACKR4"
"66","CCL11","ACKR4"
"67","CCL13","ACKR4"
"68","CCL19","ACKR4"
"69","CCL2","ACKR4"
"70","CCL20","ACKR4"
"71","CCL21","ACKR4"
"72","CCL25","ACKR4"
"73","CCL5","ACKR4"
"74","CCL7","ACKR4"
"75","CCL8","ACKR4"
"76","CXCL13","ACKR4"
"77","BMP3","ACVR1B,ACVR2A"
"78","GDF1","ACVR1B,ACVR2A"
"79","GDF10","ACVR1B,ACVR2A"
"80","GDF11","ACVR1B,ACVR2A"
"81","GDF3","ACVR1B,ACVR2A"
"82","INHBA","ACVR1B,ACVR2A"
"83","INHBA,INHBB","ACVR1B,ACVR2A"
"84","INHBB","ACVR1B,ACVR2A"
"85","INHBC","ACVR1B,ACVR2A"
"86","INHBE","ACVR1B,ACVR2A"
"87","MSTN","ACVR1B,ACVR2A"
"88","NODAL","ACVR1B,ACVR2A"
"89","GDF1","ACVR1B,ACVR2B"
"90","GDF10","ACVR1B,ACVR2B"
"91","GDF11","ACVR1B,ACVR2B"
"92","GDF3","ACVR1B,ACVR2B"
"93","INHBA","ACVR1B,ACVR2B"
"94","INHBA,INHBB","ACVR1B,ACVR2B"
"95","INHBB","ACVR1B,ACVR2B"
"96","INHBC","ACVR1B,ACVR2B"
"97","INHBE","ACVR1B,ACVR2B"
"98","MSTN","ACVR1B,ACVR2B"
"99","NODAL","ACVR1B,ACVR2B"
"100","NODAL","ACVR1B,ACVR2B,TDGF1"
"101","GDF9","ACVR1B,BMPR2"
"102","CFC1","ACVR1B"
"103","INHA","ACVR1B"
"104","LEFTY1","ACVR1B"
"105","LEFTY2","ACVR1B"
"106","TGFB1","ACVR1B,TGFBR2"
"107","TGFB2","ACVR1B,TGFBR2"
"108","TGFB3","ACVR1B,TGFBR2"
"109","GDF1","ACVR1C,ACVR2A"
"110","GDF3","ACVR1C,ACVR2A"
"111","INHBA","ACVR1C,ACVR2A"
"112","INHBA,INHBB","ACVR1C,ACVR2A"
"113","INHBB","ACVR1C,ACVR2A"
"114","INHBC","ACVR1C,ACVR2A"
"115","INHBE","ACVR1C,ACVR2A"
"116","NODAL","ACVR1C,ACVR2A"
"117","GDF1","ACVR1C,ACVR2B"
"118","GDF3","ACVR1C,ACVR2B"
"119","INHBA","ACVR1C,ACVR2B"
"120","INHBA,INHBB","ACVR1C,ACVR2B"
"121","INHBB","ACVR1C,ACVR2B"
"122","INHBC","ACVR1C,ACVR2B"
"123","INHBE","ACVR1C,ACVR2B"
"124","NODAL","ACVR1C,ACVR2B"
"125","TDGF1","ACVR1C"
"126","TGFB1","ACVR1C,TGFBR2"
"127","TGFB2","ACVR1C,TGFBR2"
"128","TGFB3","ACVR1C,TGFBR2"
"129","BMP5","ACVR1,ACVR2A"
"130","BMP6","ACVR1,ACVR2A"
"131","BMP7","ACVR1,ACVR2A"
"132","BMP8A","ACVR1,ACVR2A"
"133","BMP8B","ACVR1,ACVR2A"
"134","INHBA","ACVR1,ACVR2A"
"135","INHBA,INHBB","ACVR1,ACVR2A"
"136","INHBB","ACVR1,ACVR2A"
"137","BMP5","ACVR1,ACVR2B"
"138","BMP6","ACVR1,ACVR2B"
"139","BMP7","ACVR1,ACVR2B"
"140","BMP8A","ACVR1,ACVR2B"
"141","BMP8B","ACVR1,ACVR2B"
"142","INHBA","ACVR1,ACVR2B"
"143","INHBA,INHBB","ACVR1,ACVR2B"
"144","INHBB","ACVR1,ACVR2B"
"145","AMH","AMHR2,ACVR1"
"146","BMP10","ACVR1"
"147","BMP15","ACVR1"
"148","BMP2","ACVR1"
"149","BMP3","ACVR1"
"150","BMP4","ACVR1"
"151","BMP5","ACVR1,BMPR2"
"152","BMP6","ACVR1,BMPR2"
"153","BMP7","ACVR1,BMPR2"
"154","BMP8A","ACVR1,BMPR2"
"155","BMP8B","ACVR1,BMPR2"
"156","GDF1","ACVR1"
"157","GDF2","ACVR1"
"158","GDF5","ACVR1"
"159","INHA","ACVR1"
"160","INHBC","ACVR1"
"161","INHBE","ACVR1"
"162","TGFB1","ACVR1,TGFBR1"
"163","TGFB1","TGFBR2,ACVR1"
"164","TGFB2","ACVR1,TGFBR1"
"165","TGFB2","TGFBR2,ACVR1"
"166","TGFB3","ACVR1,TGFBR1"
"167","TGFB3","TGFBR2,ACVR1"
"168","BMP10","ACVRL1,ACVR2A"
"169","GDF2","ACVRL1,ACVR2A"
"170","BMP15","ACVR2A"
"171","BMP2","BMPR1A,ACVR2A"
"172","BMP2","BMPR1B,ACVR2A"
"173","BMP4","BMPR1A,ACVR2A"
"174","BMP4","BMPR1B,ACVR2A"
"175","BMP5","BMPR1A,ACVR2A"
"176","BMP5","BMPR1B,ACVR2A"
"177","BMP6","BMPR1A,ACVR2A"
"178","BMP6","BMPR1B,ACVR2A"
"179","BMP7","BMPR1A,ACVR2A"
"180","BMP7","BMPR1B,ACVR2A"
"181","BMP8A","BMPR1A,ACVR2A"
"182","BMP8A","BMPR1B,ACVR2A"
"183","BMP8B","BMPR1A,ACVR2A"
"184","BMP8B","BMPR1B,ACVR2A"
"185","GDF5","BMPR1A,ACVR2A"
"186","GDF6","BMPR1A,ACVR2A"
"187","GDF7","BMPR1A,ACVR2A"
"188","GDF5","BMPR1B,ACVR2A"
"189","GDF6","BMPR1B,ACVR2A"
"190","GDF7","BMPR1B,ACVR2A"
"191","CFC1","ACVR2A"
"192","GDF11","TGFBR1,ACVR2A"
"193","GDF9","ACVR2A"
"194","INHA","ACVR2A"
"195","INHBC","ACVR2A"
"196","INHBE","ACVR2A"
"197","LEFTY1","ACVR2A"
"198","LEFTY2","ACVR2A"
"199","MSTN","TGFBR1,ACVR2A"
"200","TDGF1","ACVR2A"
"201","BMP10","ACVRL1,ACVR2B"
"202","GDF2","ACVRL1,ACVR2B"
"203","BMP15","ACVR2B"
"204","BMP2","BMPR1A,ACVR2B"
"205","BMP2","BMPR1B,ACVR2B"
"206","BMP3","ACVR2B"
"207","BMP4","BMPR1A,ACVR2B"
"208","BMP4","BMPR1B,ACVR2B"
"209","BMP5","BMPR1A,ACVR2B"
"210","BMP5","BMPR1B,ACVR2B"
"211","BMP6","BMPR1A,ACVR2B"
"212","BMP6","BMPR1B,ACVR2B"
"213","BMP7","BMPR1A,ACVR2B"
"214","BMP7","BMPR1B,ACVR2B"
"215","BMP8A","BMPR1A,ACVR2B"
"216","BMP8A","BMPR1B,ACVR2B"
"217","BMP8B","BMPR1A,ACVR2B"
"218","BMP8B","BMPR1B,ACVR2B"
"219","GDF5","BMPR1A,ACVR2B"
"220","GDF6","BMPR1A,ACVR2B"
"221","GDF7","BMPR1A,ACVR2B"
"222","GDF5","BMPR1B,ACVR2B"
"223","GDF6","BMPR1B,ACVR2B"
"224","GDF7","BMPR1B,ACVR2B"
"225","GDF11","TGFBR1,ACVR2B"
"226","INHA","ACVR2B"
"227","INHBC","ACVR2B"
"228","INHBE","ACVR2B"
"229","LEFTY1","ACVR2B"
"230","LEFTY2","ACVR2B"
"231","MSTN","TGFBR1,ACVR2B"
"232","BMP10","ACVRL1,BMPR2"
"233","GDF2","ACVRL1,BMPR2"
"234","TGFB1","ACVRL1"
"235","TGFB3","ACVRL1"
"236","ADAM10","AXL"
"237","ADAM10","CADM1"
"238","ADAM10","CD44"
"239","ADAM10","EFNA3"
"240","ADAM10","EPHA3"
"241","ADAM10","GPNMB"
"242","ADAM10","IL6R"
"243","ADAM10","MET"
"244","ADAM10","NOTCH1"
"245","ADAM10","NOTCH2"
"246","ADAM10","NRCAM"
"247","ADAM10","TREM2"
"248","ADAM10","TSPAN10"
"249","ADAM10","TSPAN12"
"250","ADAM10","TSPAN14"
"251","ADAM10","TSPAN15"
"252","ADAM10","TSPAN17"
"253","ADAM10","TSPAN5"
"254","ADAM11","ITGA4"
"255","LGI1","ADAM11"
"256","LGI2","ADAM11"
"257","LGI4","ADAM11"
"258","ADAM12","ITGA9"
"259","ADAM12","ITGB1"
"260","ADAM12","SDC4"
"261","ADAM15","ITGA5"
"262","ADAM15","ITGA9"
"263","ADAM15","ITGAV"
"264","ADAM15","ITGB1"
"265","ADAM15","ITGB3"
"266","ADAM17","ERBB4"
"267","ADAM17","IL6R"
"268","ADAM17","ITGA5"
"269","ADAM17","ITGB1"
"270","ADAM17","MET"
"271","ADAM17","MUC1"
"272","ADAM17","NOTCH1"
"273","ADAM17","RHBDF2"
"274","TIMP3","ADAM17"
"275","LGI1","ADAM22"
"276","LGI2","ADAM22"
"277","LGI3","ADAM22"
"278","LGI4","ADAM22"
"279","ADAM23","ITGA4"
"280","ADAM23","ITGA5"
"281","ADAM23","ITGB3"
"282","LGI1","ADAM23"
"283","LGI2","ADAM23"
"284","LGI3","ADAM23"
"285","LGI4","ADAM23"
"286","ADAM28","ITGA4"
"287","ADAM29","ITGA4"
"288","ADAM2","CD9"
"289","ADAM2","ITGA6"
"290","ADAM2","ITGA9"
"291","ADAM2","ITGB1"
"292","ADAM2","ITGB7"
"293","ADAM7","ITGA4"
"294","ADAM7","ITGB7"
"295","ADAM9","ITGA3"
"296","ADAM9","ITGA6"
"297","ADAM9","ITGAV"
"298","ADAM9","ITGB1"
"299","ADAM9","ITGB5"
"300","ADAMTS3","CCBE1"
"301","ADA","DPP4"
"302","ADM","ADCYAP1R1"
"303","ADM2","ADCYAP1R1"
"304","AVP","ADCYAP1R1"
"305","CALCA","ADCYAP1R1"
"306","CALCB","ADCYAP1R1"
"307","CGA","ADCYAP1R1"
"308","CRH","ADCYAP1R1"
"309","FSHB","ADCYAP1R1"
"310","GCG","ADCYAP1R1"
"311","GHRH","ADCYAP1R1"
"312","GIP","ADCYAP1R1"
"313","IAPP","ADCYAP1R1"
"314","INSL3","ADCYAP1R1"
"315","LHB","ADCYAP1R1"
"316","NPS","ADCYAP1R1"
"317","POMC","ADCYAP1R1"
"318","PTH","ADCYAP1R1"
"319","PTH2","ADCYAP1R1"
"320","PTHLH","ADCYAP1R1"
"321","RLN2","ADCYAP1R1"
"322","RLN3","ADCYAP1R1"
"323","SCT","ADCYAP1R1"
"324","TSHB","ADCYAP1R1"
"325","VIP","ADCYAP1R1"
"326","ADCYAP1","ADCYAP1R1"
"327","ADCYAP1","ADRB2"
"328","ADCYAP1","ADRB3"
"329","ADCYAP1","DPP4"
"330","ADCYAP1","GPR20"
"331","ADCYAP1","GPR84"
"332","ADCYAP1","PTH1R"
"333","ADCYAP1","RAMP2"
"334","ADCYAP1","RAMP3"
"335","ADCYAP1","SCTR"
"336","ADCYAP1","TSHR"
"337","ADCYAP1","VIPR1"
"338","ADCYAP1","VIPR2"
"339","ADGRB1","RTN4R"
"340","ADGRB1","RTN4RL1"
"341","ADGRB1","RTN4RL2"
"342","SHANK1","ADGRB2"
"343","CD55","ADGRE2"
"344","CD55","ADGRE5"
"345","TGM2","ADGRG1"
"346","VSTM1","ADGRG3"
"347","FAM3C","ADGRG5"
"348","TNFSF9","ADGRG5"
"349","NRG1","ADGRL1"
"350","SHANK1","ADGRL1"
"351","SHANK1","ADGRL2"
"352","EDN1","ADGRL4"
"353","GPHA2","ADGRV1"
"354","IFNE","ADGRV1"
"355","PDGFB","ADGRV1"
"356","XCL1","ADGRV1"
"357","ADIPOQ","ADIPOR1"
"358","ADIPOQ","ADIPOR2"
"359","ADIPOQ","ASGR2"
"360","ADIPOQ","CD200R1"
"361","ADIPOQ","CLEC2D"
"362","ADIPOQ","CNR2"
"363","ADIPOQ","GPR152"
"364","ADIPOQ","GPR42"
"365","ADIPOQ","PROKR2"
"366","ADM2","ADRB2"
"367","ADM2","ADRB3"
"368","ADM2","CALCR"
"369","ADM2","CALCRL"
"370","ADM2","GPR20"
"371","ADM2","GPR84"
"372","ADM2","PTH1R"
"373","ADM2","RAMP1"
"374","ADM2","RAMP2"
"375","ADM2","RAMP3"
"376","ADM2","TSHR"
"377","ADM2","VIPR1"
"378","ADM","ADRB2"
"379","ADM","ADRB3"
"380","ADM","CALCR"
"381","ADM","CALCRL"
"382","ADM","GPR182"
"383","ADM","GPR20"
"384","ADM","GPR84"
"385","ADM","MRGPRX2"
"386","ADM","PTH1R"
"387","ADM","RAMP1"
"388","ADM","RAMP2"
"389","ADM","RAMP3"
"390","ADM","TSHR"
"391","ADM","VIPR1"
"392","ENTPD1","ADORA1"
"393","ENTPD1","ADORA2A"
"394","NAMPT","ADORA2A"
"395","ENTPD1","ADORA2B"
"396","NTN1","ADORA2B"
"397","ENTPD1","ADORA3"
"398","AGT","ADRA2A"
"399","ANXA1","ADRA2A"
"400","APLN","ADRA2A"
"401","APP","ADRA2A"
"402","C3","ADRA2A"
"403","C5","ADRA2A"
"404","CCL16","ADRA2A"
"405","CCL19","ADRA2A"
"406","CCL20","ADRA2A"
"407","CCL21","ADRA2A"
"408","CCL23","ADRA2A"
"409","CCL25","ADRA2A"
"410","CCL27","ADRA2A"
"411","CCL28","ADRA2A"
"412","CCL5","ADRA2A"
"413","CORT","ADRA2A"
"414","CXCL1","ADRA2A"
"415","CXCL10","ADRA2A"
"416","CXCL11","ADRA2A"
"417","CXCL12","ADRA2A"
"418","CXCL13","ADRA2A"
"419","CXCL16","ADRA2A"
"420","CXCL2","ADRA2A"
"421","CXCL3","ADRA2A"
"422","CXCL5","ADRA2A"
"423","CXCL6","ADRA2A"
"424","CXCL8","ADRA2A"
"425","CXCL9","ADRA2A"
"426","GAL","ADRA2A"
"427","HEBP1","ADRA2A"
"428","INSL5","ADRA2A"
"429","KNG1","ADRA2A"
"430","MT-RNR2","ADRA2A"
"431","NMS","ADRA2A"
"432","NMU","ADRA2A"
"433","NPB","ADRA2A"
"434","NPW","ADRA2A"
"435","NPY","ADRA2A"
"436","PDYN","ADRA2A"
"437","PENK","ADRA2A"
"438","PF4","ADRA2A"
"439","PMCH","ADRA2A"
"440","PNOC","ADRA2A"
"441","POMC","ADRA2A"
"442","PPBP","ADRA2A"
"443","PPY","ADRA2A"
"444","PYY","ADRA2A"
"445","RLN3","ADRA2A"
"446","SAA1","ADRA2A"
"447","SST","ADRA2A"
"448","APOB","ADRB2"
"449","AVP","ADRB2"
"450","CALCA","ADRB2"
"451","CALCB","ADRB2"
"452","CGA","ADRB2"
"453","CRH","ADRB2"
"454","EGF","ADRB2"
"455","FSHB","ADRB2"
"456","GCG","ADRB2"
"457","GHRH","ADRB2"
"458","GIP","ADRB2"
"459","IAPP","ADRB2"
"460","IL1B","ADRB2"
"461","INSL3","ADRB2"
"462","LHB","ADRB2"
"463","NPS","ADRB2"
"464","POMC","ADRB2"
"465","PTH","ADRB2"
"466","PTH2","ADRB2"
"467","PTHLH","ADRB2"
"468","RLN2","ADRB2"
"469","RLN3","ADRB2"
"470","RPS27A","ADRB2"
"471","SCT","ADRB2"
"472","TF","ADRB2"
"473","TSHB","ADRB2"
"474","VEGFB","ADRB2"
"475","VIP","ADRB2"
"476","WNT5A","ADRB2"
"477","AVP","ADRB3"
"478","CALCA","ADRB3"
"479","CALCB","ADRB3"
"480","CGA","ADRB3"
"481","CRH","ADRB3"
"482","FSHB","ADRB3"
"483","GCG","ADRB3"
"484","GHRH","ADRB3"
"485","GIP","ADRB3"
"486","IAPP","ADRB3"
"487","INSL3","ADRB3"
"488","LHB","ADRB3"
"489","NPS","ADRB3"
"490","POMC","ADRB3"
"491","PTH","ADRB3"
"492","PTH2","ADRB3"
"493","PTHLH","ADRB3"
"494","RLN2","ADRB3"
"495","RLN3","ADRB3"
"496","SCT","ADRB3"
"497","TSHB","ADRB3"
"498","VIP","ADRB3"
"499","AFDN","EPHA7"
"500","AFDN","EPHB2"
"501","AFDN","EPHB3"
"502","AFDN","EPHB6"
"503","AFDN","F11R"
"504","AFDN","NECTIN1"
"505","AFDN","NECTIN2"
"506","AFDN","NECTIN3"
"507","AFDN","NECTIN4"
"508","AFDN","NRXN2"
"509","AFDN","NRXN3"
"510","APP","AGER"
"511","HMGB1","AGER"
"512","S100A1","AGER"
"513","S100A8","AGER"
"514","S100A9","AGER"
"515","S100B","AGER"
"516","TTR","AGER"
"517","AGRN","ATP1A3"
"518","AGRN","DAG1"
"519","AGRN","ITGB1"
"520","AGRN","LRP1"
"521","AGRN","LRP2"
"522","AGRN","LRP4"
"523","AGRN","MUSK"
"524","AGRP","MC3R"
"525","AGRP","MC4R"
"526","AGRP","MC5R"
"527","AGRP","SDC3"
"528","HRAS","AGTR1"
"529","TIMP3","AGTR2"
"530","AGTRAP","RACK1"
"531","AGT","AGTR1"
"532","AGT","AGTR2"
"533","AGT","ENPEP"
"534","AGT","GRM7"
"535","AGT","LRP2"
"536","AGT","MAS1"
"537","AGT","MTNR1A"
"538","AHSG","INSR"
"539","AIMP1","NTRK1"
"540","ALB","B2M,FCGRT"
"541","ALB","LRP2"
"542","CD6","ALCAM"
"543","ALCAM","CHL1"
"544","ALCAM","L1CAM"
"545","ALCAM","NRP1"
"546","S100A9","ALCAM"
"547","S100B","ALCAM"
"548","ALKAL1","LTK"
"549","ALKAL2","LTK"
"550","ALKAL1","ALK"
"551","ALKAL2","ALK"
"552","MDK","ALK"
"553","PTN","ALK"
"554","VCL","ALK"
"555","AMBN","CD63"
"556","AMELX","CD63"
"557","AMELX","LAMP1"
"558","AMELX","LAMP2"
"559","AMELY","CD63"
"560","AMELY","LAMP1"
"561","AMELY","LAMP2"
"562","GPI","AMFR"
"563","AMH","AMHR2,BMPR1A"
"564","AMH","AMHR2,BMPR1B"
"565","AMH","EGFR"
"566","ANGPT1","ITGA5"
"567","ANGPT1","ITGB1"
"568","ANGPT1","TEK"
"569","ANGPT1","TIE1"
"570","ANGPT2","ITGA5,ITGB1"
"571","ANGPT2","TEK"
"572","ANGPT2","TIE1"
"573","ANGPT4","TEK"
"574","ANGPT4","TIE1"
"575","ANGPTL1","ITGA1,ITGB1"
"576","ANGPTL1","LILRB1"
"577","ANGPTL1","TEK"
"578","ANGPTL2","ITGA5,ITGB1"
"579","ANGPTL2","LILRB1"
"580","ANGPTL2","LILRB2"
"581","ANGPTL2","TIE1"
"582","ANGPTL2","TLR4"
"583","ANGPTL3","ITGA5"
"584","ANGPTL3","ITGAV,ITGB3"
"585","ANGPTL4","CDH11"
"586","ANGPTL4","CDH5"
"587","ANGPTL4","GPIHBP1"
"588","ANGPTL4","ITGA5,ITGB1"
"589","ANGPTL4","ITGAV,ITGB3"
"590","ANGPTL4","SDC1"
"591","ANGPTL4","SDC2"
"592","ANGPTL4","SDC3"
"593","ANGPTL4","SDC4"
"594","ANGPTL4","TIE1"
"595","ANGPTL7","LILRB1"
"596","ANG","EGFR"
"597","ANG","PLXNB2"
"598","ANOS1","FGFR1"
"599","ANOS1","SDC2"
"600","ANPEP","SELE"
"601","GDF11","ANTXR1"
"602","WNT5A","ANTXR1"
"603","ANXA1","DYSF"
"604","ANXA1","EGFR"
"605","ANXA1","FPR1"
"606","ANXA1","FPR2"
"607","ANXA1","FPR2,FPR3"
"608","ANXA1","FPR3"
"609","ANXA1","GRM7"
"610","ANXA1","MTNR1A"
"611","ANXA2","ROBO4"
"612","ANXA2","TLR2"
"613","WNT3A","APCDD1"
"614","APELA","APLNR"
"615","APLN","APLNR"
"616","APLN","GRM7"
"617","APLN","MTNR1A"
"618","APP","APLP1"
"619","APP","APLP2"
"620","HLA-A","APLP2"
"621","PCSK9","APLP2"
"622","APOA1","LDLR"
"623","APOA1","LRP1"
"624","APOA1","LRP2"
"625","APOA2","LDLR"
"626","APOA2","LRP1"
"627","APOA2","LRP2"
"628","APOA4","LDLR"
"629","APOA4","LRP1"
"630","APOA4","LRP2"
"631","APOB","CALCR"
"632","APOB","ENO1"
"633","APOB","ITGAM"
"634","APOB","ITGB2"
"635","APOB","LDLR"
"636","APOB","LRP1"
"637","APOB","LRP2"
"638","APOB","LRP6"
"639","APOB","LRP8"
"640","APOB","LSR"
"641","APOB","OLR1"
"642","APOB","TLR4"
"643","APOB","TLR6"
"644","APOB","VLDLR"
"645","APOC1","VLDLR"
"646","APOC2","LDLR"
"647","APOC2","LRP1"
"648","APOC2","LRP2"
"649","APOC3","LDLR"
"650","APOC3","LRP1"
"651","APOC3","LRP2"
"652","APOC3","SDC2"
"653","APOC3","TLR2"
"654","APOC4","VLDLR"
"655","APOD","LEPR"
"656","APOE","CHRNA4"
"657","APOE","LDLR"
"658","APOE","LRP1"
"659","APOE","LRP2"
"660","APOE","LRP4"
"661","APOE","LRP5"
"662","APOE","LRP6"
"663","APOE","LRP8"
"664","APOE","LSR"
"665","APOE","SCARB1"
"666","APOE","SDC2"
"667","APOE","SORL1"
"668","APOE","TREM2"
"669","APOE","VLDLR"
"670","APP","CAV1"
"671","APP","CD74"
"672","APP","DCC"
"673","APP","FPR2"
"674","APP","GPC1"
"675","APP","GRM7"
"676","APP","LRP1"
"677","APP","LRP10"
"678","APP","LRP6"
"679","APP","MTNR1A"
"680","APP","NCSTN"
"681","APP","NGFR"
"682","APP","NOTCH2"
"683","APP","PLD1"
"684","APP","PTGER2"
"685","APP","RPSA"
"686","APP","SLC45A3"
"687","SLIT2","APP"
"688","APP","SORL1"
"689","SPON1","APP"
"690","APP","TNFRSF21"
"691","APP","TSPAN12"
"692","APP","TSPAN15"
"693","APP","VLDLR"
"694","EFEMP2","AQP1"
"695","KRTAP4-12","AQP1"
"696","PIP","AQP5"
"697","AREG","EGFR"
"698","AREG","EGFR,ERBB2"
"699","AREG","ERBB3"
"700","AREG","ICAM1"
"701","ARF1","CHRM3"
"702","ARF1","INSR"
"703","ARF4","EGFR"
"704","ARF6","PLD1"
"705","ARF6","SMAP1"
"706","ARTN","GFRA1"
"707","ARTN","RET,GFRA1"
"708","ARTN","GFRA2"
"709","ARTN","GFRA3"
"710","ARTN","RET,GFRA3"
"711","PSAP","AR"
"712","SERTAD1","AR"
"713","HP","ASGR1"
"714","TG","ASGR1"
"715","F8","ASGR2"
"716","HP","ASGR2"
"717","REN","ASIC3"
"718","ASIP","ATRN"
"719","ASIP","F11R"
"720","ASIP","MC1R"
"721","ASIP","MC2R"
"722","ASIP","MC3R"
"723","ASIP","MC4R"
"724","ASIP","MC5R"
"725","REN","ATP6AP2"
"726","WNT3A","ATP6AP2"
"727","CXCL12","AVPR1A"
"728","OXT","AVPR1A"
"729","VIP","AVPR1A"
"730","OXT","AVPR1B"
"731","C1QTNF1","AVPR2"
"732","OXT","AVPR2"
"733","AVP","AVPR1A"
"734","AVP","AVPR1B"
"735","AVP","AVPR2"
"736","AVP","GPR20"
"737","AVP","GPR84"
"738","AVP","LDLR"
"739","AVP","LRP2"
"740","AVP","OXTR"
"741","AVP","PTH1R"
"742","AVP","RAMP2"
"743","AVP","RAMP3"
"744","AVP","TSHR"
"745","AVP","VIPR1"
"746","EGF","AXL"
"747","GAS6","AXL"
"748","IL15RA","AXL"
"749","PROS1","AXL"
"750","AZGP1","ITGAV"
"751","B2M","CD1A"
"752","B2M","CD1B"
"753","B2M","CD247"
"754","B2M","CD3D"
"755","B2M","CD3G"
"756","B2M","HFE"
"757","B2M","HLA-F"
"758","B2M","KIR2DL1"
"759","B2M","KIR2DL3"
"760","B2M","KIR3DL1"
"761","B2M","KLRC1"
"762","B2M","KLRC2"
"763","B2M","KLRD1"
"764","B2M","LILRB1"
"765","B2M","LILRB2"
"766","B2M","TFRC"
"767","BAG6","NCR3"
"768","INHBA","BAMBI"
"769","LAMA5","BCAM"
"770","BCAN","EGFR"
"771","BCAN","NRCAM"
"772","KNG1","BDKRB1"
"773","KNG1","BDKRB2"
"774","BDNF","BEX3"
"775","BDNF","DDR1"
"776","BDNF","DRD4"
"777","BDNF","F11R"
"778","BDNF","GPR152"
"779","BDNF","NCAM1"
"780","BDNF","NGFR"
"781","BDNF","NTRK2"
"782","BDNF","SORT1"
"783","NGF","BEX3"
"784","NTF4","BEX3"
"785","BGN","FGFR3"
"786","BGN","LY96"
"787","BGN","TLR1"
"788","BGN","TLR2"
"789","BGN","TLR4"
"790","BMP10","BMPR1A"
"791","BMP10","BMPR1B"
"792","BMP10","ENG"
"793","BMP10","FFAR2"
"794","BMP10","GPR152"
"795","BMP10","KIR2DL3"
"796","BMP10","KIR3DL1"
"797","BMP10","KIR3DS1"
"798","BMP10","VSIR"
"799","BMP15","BMPR1A"
"800","BMP15","BMPR1B,BMPR2"
"801","BMP1","BMPR1A"
"802","BMP1","BMPR1B"
"803","BMP1","BMPR2"
"804","BMP2","BMPR1A,BMPR2"
"805","BMP2","BMPR1B,BMPR2"
"806","BMP2","ENG"
"807","BMP2","GPC1"
"808","BMP2","HJV"
"809","BMP2","RGMB"
"810","BMP2","SMO"
"811","BMP3","BMPR1A"
"812","BMP3","BMPR1B"
"813","BMP3","BMPR2"
"814","BMP4","BMPR1A,BMPR2"
"815","BMP4","BMPR1B,BMPR2"
"816","BMP4","CFC1"
"817","BMP4","HJV"
"818","BMP4","LRP6"
"819","BMP4","RGMB"
"820","BMP5","BMPR1A,BMPR2"
"821","BMP5","BMPR1B,BMPR2"
"822","BMP5","HJV"
"823","BMP6","BMPR1A,BMPR2"
"824","BMP6","BMPR1B,BMPR2"
"825","BMP6","HJV"
"826","BMP7","BMPR1A,BMPR2"
"827","BMP7","BMPR1B,BMPR2"
"828","BMP7","ENG"
"829","BMP7","HJV"
"830","BMP7","PTPRK"
"831","BMP7","SLAMF1"
"832","BMP8A","BMPR1A,BMPR2"
"833","BMP8A","BMPR1B,BMPR2"
"834","BMP8A","TGFBR1"
"835","BMP8A","TGFBR2"
"836","BMP8B","BMPR1A,BMPR2"
"837","BMP8B","BMPR1B,BMPR2"
"838","BMP8B","PLAUR"
"839","BMPR1B,BMPR2","BMPR1A"
"840","GDF5","BMPR1A,BMPR2"
"841","GDF6","BMPR1A,BMPR2"
"842","GDF7","BMPR1A,BMPR2"
"843","GDF1","BMPR1A"
"844","GDF11","BMPR1A"
"845","GDF9","BMPR1A"
"846","GDF5","BMPR1B,BMPR2"
"847","GDF6","BMPR1B,BMPR2"
"848","GDF7","BMPR1B,BMPR2"
"849","FST","BMPR1B"
"850","GDF11","BMPR1B"
"851","GDF9","BMPR1B"
"852","RGMA","BMPR1B"
"853","RGMB","BMPR1B"
"854","C4BPA","BMPR2"
"855","FST","BMPR2"
"856","GDF1","BMPR2"
"857","GDF11","BMPR2"
"858","GDF9","TGFBR1,BMPR2"
"859","RGMA","BMPR2"
"860","RGMB","BMPR2"
"861","DHH","BOC"
"862","IHH","BOC"
"863","SHH","BOC"
"864","GRP","BRS3"
"865","NMB","BRS3"
"866","BSG","SELE"
"867","BSG","SLC16A1"
"868","BSG","SLC16A7"
"869","BST1","CAV1"
"870","BST2","LILRA4"
"871","BST2","LILRB3"
"872","BTC","EGFR"
"873","BTC","EGFR,ERBB2"
"874","BTC","ERBB2,ERBB4"
"875","BTC","ERBB3"
"876","BTC","ERBB4"
"877","BTLA","CD247"
"878","BTLA","CD79A"
"879","BTLA","TNFRSF14"
"880","BTLA","VTCN1"
"881","C1QA","CD33"
"882","C1QA","CD93"
"883","C1QA","CR1"
"884","C1QA","CSPG4"
"885","C1QB","C1QBP"
"886","C1QB","CD33"
"887","C1QB","LRP1"
"888","C1QTNF5","MFRP"
"889","C1orf112","PLSCR4"
"890","C1orf194","PLSCR4"
"891","C4A","C3AR1"
"892","C3","C3AR1"
"893","C3","C5AR2"
"894","C3","CD19"
"895","C3","CD46"
"896","C3","CD81"
"897","C3","CR1"
"898","C3","CR2"
"899","C3","GRM7"
"900","C3","IFITM1"
"901","C3","ITGB2,ITGAM"
"902","C3","ITGAX,ITGB2"
"903","C3","LRP1"
"904","C3","MTNR1A"
"905","C3","NRP1"
"906","C4A","C5AR2"
"907","C4A","CR1"
"908","C4A","CR2"
"909","C4A","NRP1"
"910","C4BPA","CD40"
"911","C4BPA","LRP1"
"912","C4B","CD46"
"913","C4B","CR1"
"914","FN1","C5AR1"
"915","RPS19","C5AR1"
"916","C5","C5AR1"
"917","C5","C5AR2"
"918","C5","GRM7"
"919","C5","MTNR1A"
"920","C6orf15","DDR1"
"921","ECM1","CACHD1"
"922","HHIPL2","CACHD1"
"923","LTA","CACHD1"
"924","NCAM1","CACNA1C"
"925","RIMS1","CACNA1C"
"926","CADM1","CADM1"
"927","CADM3","CADM1"
"928","CRTAM","CADM1"
"929","CADM1","NECTIN3"
"930","CADM3","CADM3"
"931","CADM3","CADM4"
"932","CADM3","EPB41L1"
"933","CADM3","NECTIN1"
"934","CADM3","NECTIN3"
"935","CALCA","CALCR"
"936","CALCA","CALCRL"
"937","CALCA","CALCRL,RAMP1"
"938","CALCA","CALCRL,RAMP2"
"939","CALCA","CALCRL,RAMP3"
"940","CALCA","GPR20"
"941","CALCA","GPR84"
"942","CALCA","PTH1R"
"943","CALCA","TSHR"
"944","CALCA","VIPR1"
"945","CALCB","CALCR"
"946","CALCB","CALCRL"
"947","CALCB","GPR20"
"948","CALCB","GPR84"
"949","CALCB","PTH1R"
"950","CALCB","RAMP1"
"951","CALCB","RAMP2"
"952","CALCB","RAMP3"
"953","CALCB","TSHR"
"954","CALCB","VIPR1"
"955","IAPP","CALCRL"
"956","IAPP","CALCR"
"957","MBL2","CALCR"
"958","CALR","HLA-F"
"959","CALR","ITGA2B"
"960","CALR","ITGA3"
"961","CALR","ITGAV"
"962","CALR","LRP1"
"963","CALR","MPL"
"964","CALR","MTNR1A"
"965","CALR","SCARF1"
"966","CALR","TSHR"
"967","CAMP","EGFR"
"968","CAMP","FPR2"
"969","CAMP","IGF1R"
"970","CAMP","P2RX7"
"971","HLA-B","CANX"
"972","RETN","CAP1"
"973","CRISP2","CATSPER1"
"974","EFEMP2","CATSPER1"
"975","KRTAP4-12","CATSPER1"
"976","CCN1","CAV1"
"977","EGF","CAV1"
"978","HRAS","CAV1"
"979","ICAM1","CAV1"
"980","PTGS2","CAV1"
"981","TGFB1","CAV1"
"982","VEGFC","CCBE1"
"983","GAST","CCKAR"
"984","GAST","CCKBR"
"985","CCK","CCKAR"
"986","CCK","CCKBR"
"987","CCL11","CCR2"
"988","CCL11","CCR3"
"989","CCL11","CCR5"
"990","CCL11","CXCR3"
"991","CCL11","DPP4"
"992","CCL13","CCR1"
"993","CCL13","CCR2"
"994","CCL13","CCR3"
"995","CCL13","CCR5"
"996","CCL13","CCR9"
"997","CCL13","CXCR3"
"998","CCL14","CCR1"
"999","CCL14","CCR3"
"1000","CCL14","CCR5"
"1001","CCL15","CCR1"
"1002","CCL15","CCR3"
"1003","CCL16","CCR1"
"1004","CCL16","CCR2"
"1005","CCL16","CCR5"
"1006","CCL16","CCR8"
"1007","CCL16","GRM7"
"1008","CCL16","HRH4"
"1009","CCL16","MTNR1A"
"1010","CCL17","CCR4"
"1011","CCL17","CCR8"
"1012","CCL18","CCR1"
"1013","CCL18","CCR3"
"1014","CCL18","CCR8"
"1015","CCL18","ERG28"
"1016","CCL18","PITPNM3"
"1017","CCL19","CCR10"
"1018","CCL19","CCR7"
"1019","CCL19","CCRL2"
"1020","CCL19","CXCR3"
"1021","CCL19","GRM7"
"1022","CCL19","MTNR1A"
"1023","CCL1","CCR8"
"1024","CCL20","CCR6"
"1025","CCL20","CXCR3"
"1026","CCL20","GRM7"
"1027","CCL20","MTNR1A"
"1028","CCL21","CCR10"
"1029","CCL21","CCR7"
"1030","CCL21","CXCR3"
"1031","CCL21","GRM7"
"1032","CCL21","MTNR1A"
"1033","CCL22","CCR4"
"1034","CCL22","DPP4"
"1035","CCL23","CCR1"
"1036","CCL23","FPR2"
"1037","CCL23","GRM7"
"1038","CCL23","IDE"
"1039","CCL23","MTNR1A"
"1040","CCL24","CCR2"
"1041","CCL24","CCR3"
"1042","CCL25","CCR10"
"1043","CCL25","CCR9"
"1044","CCL25","GRM7"
"1045","CCL25","MTNR1A"
"1046","CCL26","CCR1"
"1047","CCL26","CCR2"
"1048","CCL26","CCR3"
"1049","CCL26","CCR5"
"1050","CCL26","CX3CR1"
"1051","CCL27","CCR10"
"1052","CCL27","CCR2"
"1053","CCL27","CCR3"
"1054","CCL27","GRM7"
"1055","CCL27","MTNR1A"
"1056","CCL28","CCR10"
"1057","CCL28","CCR3"
"1058","CCL28","GRM7"
"1059","CCL28","MTNR1A"
"1060","CCL2","CCR1"
"1061","CCL2","CCR10"
"1062","CCL2","CCR2"
"1063","CCL2","CCR3"
"1064","CCL2","CCR4"
"1065","CCL2","CCR5"
"1066","CCL3L1","CCR1"
"1067","CCL3L1","CCR3"
"1068","CCL3L1","CCR5"
"1069","CCL3L1","DPP4"
"1070","CCL3L3","CCR1"
"1071","CCL3L3","CCR5"
"1072","CCL3","CCR1"
"1073","CCL3","CCR3"
"1074","CCL3","CCR4"
"1075","CCL3","CCR5"
"1076","CCL3","IDE"
"1077","CCL4L1","CCR1"
"1078","CCL4L1","CCR3"
"1079","CCL4L1","CCR5"
"1080","CCL4L2","FFAR2"
"1081","CCL4L2","GPR101"
"1082","CCL4L2","GPR151"
"1083","CCL4L2","GPR152"
"1084","CCL4L2","GPR42"
"1085","CCL4L2","PGRMC2"
"1086","CCL4L2","VSIR"
"1087","CCL4","CCR1"
"1088","CCL4","CCR3"
"1089","CCL4","CCR5"
"1090","CCL4","CCR8"
"1091","CCL4","CNR2"
"1092","CCL4","GPR152"
"1093","CCL4","GPRC5D"
"1094","CCL4","SLC7A1"
"1095","CCL5","CCR1"
"1096","CCL5","CCR3"
"1097","CCL5","CCR4"
"1098","CCL5","CCR5"
"1099","CCL5","CCRL2"
"1100","CCL5","CXCR3"
"1101","CCL5","GPR75"
"1102","CCL5","GRM7"
"1103","CCL5","MTNR1A"
"1104","CCL5","SDC1"
"1105","CCL5","SDC4"
"1106","CCL7","CCR1"
"1107","CCL7","CCR10"
"1108","CCL7","CCR2"
"1109","CCL7","CCR3"
"1110","CCL7","CCR5"
"1111","CCL7","CXCR3"
"1112","CCL8","CCR1"
"1113","CCL8","CCR2"
"1114","CCL8","CCR3"
"1115","CCL8","CCR5"
"1116","CCL8","CCR8"
"1117","CCN1","ITGA5"
"1118","CCN1","ITGAM"
"1119","CCN1","ITGAV"
"1120","CCN1","ITGB2"
"1121","CCN1","ITGB3"
"1122","CCN1","ITGB5"
"1123","CCN1","SDC4"
"1124","CCN1","TLR2"
"1125","CCN1","TLR4"
"1126","CCN2","EGFR"
"1127","CCN2","ERBB4"
"1128","CCN2","FGFR2"
"1129","CCN2","IGF2R"
"1130","CCN2","ITGA5"
"1131","CCN2","ITGAM"
"1132","CCN2","ITGB2"
"1133","CCN2","LRP1"
"1134","CCN2","LRP6"
"1135","CCN2","NTRK1"
"1136","CCN3","NOTCH1"
"1137","CCN3","PLXNA1"
"1138","CCN4","ITGA5"
"1139","CCN4","ITGB1"
"1140","CCN6","SORL1"
"1141","CXCL13","CCR10"
"1142","CYTL1","CCR2"
"1143","DEFB103A","CCR2"
"1144","DEFB103B","CCR2"
"1145","DEFB106A","CCR2"
"1146","MMP2","CCR2"
"1147","MSMP","CCR2"
"1148","CXCL10","CCR3"
"1149","CXCL11","CCR3"
"1150","CXCL9","CCR3"
"1151","CKLF","CCR4"
"1152","CXCL12","CCR4"
"1153","CXCL11","CCR5"
"1154","IL16","CCR5"
"1155","ORM1","CCR5"
"1156","S100A4","CCR5"
"1157","DEFB1","CCR6"
"1158","DEFB103A","CCR6"
"1159","DEFB103B","CCR6"
"1160","DEFB4A","CCR6"
"1161","DEFB4B","CCR6"
"1162","SPP1","CCR8"
"1163","RARRES2","CCRL2"
"1164","TGFB1","CD109"
"1165","CD14","ITGA4"
"1166","CD14","ITGB1"
"1167","CD14","ITGB2"
"1168","CD14","RIPK1"
"1169","CD14","TLR1"
"1170","CD14","TLR4"
"1171","CD14","TLR6"
"1172","CD14","TLR9"
"1173","DUSP18","CD151"
"1174","LAMB3","CD151"
"1175","LAMC2","CD151"
"1176","MMP7","CD151"
"1177","CD160","TNFRSF14"
"1178","HMGB1","CD163"
"1179","HP","CD163"
"1180","TNFSF12","CD163"
"1181","CD177","PECAM1"
"1182","SHBG","CD177"
"1183","LY86","CD180"
"1184","PSAP","CD1B"
"1185","CEACAM5","CD1D"
"1186","CD1D","LILRB2"
"1187","CD1D","LILRB3"
"1188","CD200","CD200R1"
"1189","CD200","CD200R1L"
"1190","CEACAM1","CD209"
"1191","ICAM3","CD209"
"1192","ICAM5","CD209"
"1193","ITGAL","CD226"
"1194","ITGB2","CD226"
"1195","CD226","NECTIN2"
"1196","PVR","CD226"
"1197","HP","CD22"
"1198","PTPRC","CD22"
"1199","ST6GAL1","CD22"
"1200","CD48","CD244"
"1201","MMRN2","CD248"
"1202","SELP","CD24"
"1203","CD24","SIGLEC10"
"1204","CD80","CD274"
"1205","PDCD1","CD274"
"1206","CD70","CD27"
"1207","CD28","CD80"
"1208","CD28","CD86"
"1209","ICOSLG","CD28"
"1210","IL12A","CD28"
"1211","CD48","CD2"
"1212","CD58","CD2"
"1213","CD59","CD2"
"1214","HAVCR1","CD300LB"
"1215","PTPN6","CD300LF"
"1216","TCN1","CD320"
"1217","LGALS3BP","CD33"
"1218","CD34","SELE"
"1219","SELL","CD34"
"1220","SELP","CD34"
"1221","COL1A1","CD36"
"1222","COL1A2","CD36"
"1223","COMP","CD36"
"1224","S100A12","CD36"
"1225","S100A8","CD36"
"1226","S100A9","CD36"
"1227","SAA1","CD36"
"1228","THBS1","CD36"
"1229","THBS2","CD36"
"1230","THBS3","CD36"
"1231","THBS4","CD36"
"1232","CD36","TLR4"
"1233","CD36","TLR6"
"1234","WNT1","CD36"
"1235","PECAM1","CD38"
"1236","HLA-A","CD3D"
"1237","HLA-B","CD3D"
"1238","HLA-C","CD3D"
"1239","HLA-A","CD3G"
"1240","HLA-B","CD3G"
"1241","HLA-C","CD3G"
"1242","CD40LG","ITGA2B,ITGB3"
"1243","CD40LG","ITGB1,ITGA5"
"1244","CD40LG","ITGAM,ITGB2"
"1245","CD40LG","TRAF3"
"1246","CD40LG","CD40"
"1247","INSL3","CD40"
"1248","LTB","CD40"
"1249","TNFSF13B","CD40"
"1250","MIF","CD74,CD44"
"1251","COL14A1","CD44"
"1252","COL1A1","CD44"
"1253","COL1A2","CD44"
"1254","COL2A1","CD44"
"1255","COL4A1","CD44"
"1256","COL4A2","CD44"
"1257","COL4A3","CD44"
"1258","COL4A4","CD44"
"1259","COL4A5","CD44"
"1260","COL4A6","CD44"
"1261","COL6A1","CD44"
"1262","COL6A2","CD44"
"1263","COL6A3","CD44"
"1264","COL6A5","CD44"
"1265","COL6A6","CD44"
"1266","COL9A1","CD44"
"1267","COL9A2","CD44"
"1268","COL9A3","CD44"
"1269","FGF1","CD44"
"1270","FGF2","CD44"
"1271","FGFR2","CD44"
"1272","FN1","CD44"
"1273","HAS2","CD44"
"1274","HBEGF","CD44"
"1275","HGF","CD44"
"1276","LAMA1","CD44"
"1277","LAMA2","CD44"
"1278","LAMA3","CD44"
"1279","LAMA4","CD44"
"1280","LAMA5","CD44"
"1281","LAMB1","CD44"
"1282","LAMB2","CD44"
"1283","LAMB3","CD44"
"1284","LAMC1","CD44"
"1285","LAMC2","CD44"
"1286","LAMC3","CD44"
"1287","LGALS9","CD44"
"1288","LPL","CD44"
"1289","MADCAM1","CD44"
"1290","MMP1","CD44"
"1291","MMP7","CD44"
"1292","MMP9","CD44"
"1293","PRG4","CD44"
"1294","PSEN1","CD44"
"1295","SELE","CD44"
"1296","SPP1","CD44"
"1297","TIMP2","CD44"
"1298","TIMP3","CD44"
"1299","VCAN","CD44"
"1300","JAG1","CD46"
"1301","COL4A1","CD47"
"1302","COL4A3","CD47"
"1303","COL4A4","CD47"
"1304","COL4A5","CD47"
"1305","COL4A6","CD47"
"1306","COMP","CD47"
"1307","LGALS9","CD47"
"1308","SIRPA","CD47"
"1309","CD47","SIRPB1,TYROBP"
"1310","SIRPB2","CD47"
"1311","SIRPG","CD47"
"1312","THBS1","CD47"
"1313","THBS2","CD47"
"1314","THBS3","CD47"
"1315","THBS4","CD47"
"1316","VTN","CD47"
"1317","IL18","CD48"
"1318","CXCL12","CD4"
"1319","HLA-DMA","CD4"
"1320","HLA-DMB","CD4"
"1321","HLA-DOA","CD4"
"1322","HLA-DOB","CD4"
"1323","HLA-DQA1","CD4"
"1324","HLA-DQB1","CD4"
"1325","HLA-DRA","CD4"
"1326","HLA-DRB5","CD4"
"1327","HLA-G","CD4"
"1328","IL16","CD4"
"1329","PIP","CD4"
"1330","SLPI","CD4"
"1331","SIGLEC10","CD52"
"1332","IL2","CD53"
"1333","IL4","CD53"
"1334","CD55","CR1"
"1335","CD5L","CD5"
"1336","CD72","CD5"
"1337","ENAM","CD63"
"1338","TIMP1","CD63"
"1339","S100A8","CD68"
"1340","S100A9","CD68"
"1341","LGALS1","CD69"
"1342","MYL9","CD69"
"1343","S100A8","CD69"
"1344","CD70","GPRC5B"
"1345","CD70","TNFRSF13B"
"1346","CD70","TNFRSF17"
"1347","CD72","SEMA4D"
"1348","COPA","CD74"
"1349","MIF","CD74,CXCR2"
"1350","MIF","CD74,CXCR4"
"1351","MIF","CD74"
"1352","CXCL8","CD79A"
"1353","FN1","CD79A"
"1354","SECTM1","CD7"
"1355","CTLA4","CD80"
"1356","CD99","CD81"
"1357","GPC3","CD81"
"1358","HBEGF","CD82"
"1359","FGFR2","CD83"
"1360","CD84","CD84"
"1361","CTLA4","CD86"
"1362","LCK","CD8A,CD8B"
"1363","CEACAM5","CD8A"
"1364","HLA-A","CD8A"
"1365","HLA-E","CD8A"
"1366","HLA-F","CD8A"
"1367","HLA-G","CD8A"
"1368","HLA-A","CD8B"
"1369","HLA-E","CD8B"
"1370","HLA-F","CD8B"
"1371","HLA-G","CD8B"
"1372","COL1A1","CD93"
"1373","COL1A2","CD93"
"1374","COL4A1","CD93"
"1375","COL4A2","CD93"
"1376","COL4A3","CD93"
"1377","COL4A4","CD93"
"1378","COL4A5","CD93"
"1379","COL4A6","CD93"
"1380","F12","CD93"
"1381","KNG1","CD93"
"1382","MBL2","CD93"
"1383","MMRN2","CD93"
"1384","SFTPA2","CD93"
"1385","NECTIN1","CD96"
"1386","NECTIN2","CD96"
"1387","PVR","CD96"
"1388","CD99","CD99"
"1389","CD99","PILRA"
"1390","CD99","PILRB"
"1391","HBEGF","CD9"
"1392","IZUMO1","CD9"
"1393","CD9","L1CAM"
"1394","PTN","CDH10"
"1395","CDH15","CDH15"
"1396","MIA","CDH19"
"1397","CDH1","CDH1"
"1398","CDH1","CDH2"
"1399","CDH1","EGFR"
"1400","CDH1","ERBB3"
"1401","CDH1","IGF1R"
"1402","CDH1","ITGA1,ITGB1"
"1403","CDH1","ITGB1,ITGA2"
"1404","CDH1","ITGB7,ITGAE"
"1405","CDH1","KLRG1"
"1406","CDH1","LRP5"
"1407","CDH1","PTPRF"
"1408","CDH1","PTPRM"
"1409","CDH2","CDH2"
"1410","NCAN","CDH2"
"1411","CDH3","CDH3"
"1412","CDH4","CDH4"
"1413","CDH5","CDH5"
"1414","FGA","CDH5"
"1415","MMP7","CDH6"
"1416","MIA","CDH7"
"1417","DHH","CDON"
"1418","IHH","CDON"
"1419","NTN3","CDON"
"1420","SHH","CDON"
"1421","CEACAM16","TECTA"
"1422","CEACAM16","TECTB"
"1423","CEACAM1","CEACAM5"
"1424","CEACAM1","CEACAM6"
"1425","CEACAM1","CEACAM8"
"1426","CEACAM1","EGFR"
"1427","CEACAM1","HAVCR2"
"1428","CEACAM1","SELE"
"1429","CEACAM5","CEACAM6"
"1430","CEACAM6","CEACAM6"
"1431","CEACAM8","CEACAM6"
"1432","CEACAM6","EGFR"
"1433","CELA3B","CHRM3"
"1434","PSAP","CELSR1"
"1435","TNF","CELSR2"
"1436","CSF1","CELSR3"
"1437","CEL","CXCR4"
"1438","CER1","MRC2"
"1439","INHBB","CFC1B"
"1440","INHBB","CFC1"
"1441","NODAL","CFC1"
"1442","CFH","ITGAM"
"1443","CFH","SELL"
"1444","CFP","NCR1"
"1445","CGA","FSHR"
"1446","CGA","GPR20"
"1447","CGA","GPR84"
"1448","CGA","LHCGR"
"1449","CGA","PTH1R"
"1450","CGA","RAMP2"
"1451","CGA","RAMP3"
"1452","CGA","SIRPA"
"1453","CGA","TSHR"
"1454","CGA","VIPR1"
"1455","CGB3","LHCGR"
"1456","CGB3","SIRPA"
"1457","CGB5","LHCGR"
"1458","CGN","F11R"
"1459","CGN","OCLN"
"1460","CGN","TGFBR1"
"1461","CGN","TGFBR2"
"1462","CHAD","ITGA2,ITGB1"
"1463","GZMB","CHRM3"
"1464","HHLA3","CHRM3"
"1465","HSPG2","CHRM3"
"1466","SLURP1","CHRNA10"
"1467","SLURP2","CHRNA10"
"1468","SLURP1","CHRNA1"
"1469","SLURP2","CHRNA1"
"1470","SLURP1","CHRNA2"
"1471","SLURP2","CHRNA2"
"1472","SLURP1","CHRNA3"
"1473","SLURP2","CHRNA3"
"1474","SLURP1","CHRNA4"
"1475","SLURP2","CHRNA4"
"1476","SLURP1","CHRNA5"
"1477","SLURP2","CHRNA5"
"1478","SLURP1","CHRNA6"
"1479","SLURP2","CHRNA6"
"1480","SLURP1","CHRNA7"
"1481","SLURP2","CHRNA7"
"1482","ZP3","CHRNA7"
"1483","SLURP1","CHRNA9"
"1484","SLURP2","CHRNA9"
"1485","SLURP1","CHRNB1"
"1486","SLURP2","CHRNB1"
"1487","SLURP1","CHRNB2"
"1488","SLURP2","CHRNB2"
"1489","SLURP1","CHRNB3"
"1490","SLURP2","CHRNB3"
"1491","SLURP1","CHRNB4"
"1492","SLURP2","CHRNB4"
"1493","SLURP1","CHRND"
"1494","SLURP2","CHRND"
"1495","SLURP1","CHRNE"
"1496","SLURP2","CHRNE"
"1497","SLURP1","CHRNG"
"1498","SLURP2","CHRNG"
"1499","CIRBP","TREM1"
"1500","CKLF","LRP6"
"1501","CLCF1,CRLF1","CNTFR,IL6ST"
"1502","CLCF1","CNTFR,LIFR,IL6ST"
"1503","CLCF1","CNTFR,LIFR"
"1504","CLDN11","CLDN11"
"1505","CLDN24","CLDN24"
"1506","KRTAP4-12","CLDN2"
"1507","SHBG","CLDN4"
"1508","CLEC3A","CLEC10A"
"1509","CLEC11A","ITGA10"
"1510","CLEC11A","ITGA11"
"1511","CLEC11A","ITGB1"
"1512","CLEC11A","KIT"
"1513","PTPN6","CLEC12A"
"1514","MMRN2","CLEC14A"
"1515","PDPN","CLEC1B"
"1516","KLRF2","CLEC2A"
"1517","CLEC3A","CLEC2B"
"1518","CLEC2B","KLRF1"
"1519","FAM3C","CLEC2D"
"1520","KLRB1","CLEC2D"
"1521","CLEC4G","LAG3"
"1522","GRN","CLEC4M"
"1523","ICAM3","CLEC4M"
"1524","RARRES2","CMKLR1"
"1525","TCN2","CNR1"
"1526","KRTAP4-12","CNTFR"
"1527","CNTF","CNTFR,IL6ST"
"1528","CNTF","CNTFR,LIFR,IL6ST"
"1529","CNTF","CNTFR,LIFR"
"1530","CNTF","EGFR"
"1531","CNTF","IL6R"
"1532","CNTF","LIFR,IL6ST"
"1533","CNTN2","CNTN1"
"1534","NFASC","CNTN1,CNTNAP1"
"1535","L1CAM","CNTN1"
"1536","CNTN1","NOTCH1"
"1537","CNTN1","NOTCH2"
"1538","CNTN1","NRCAM"
"1539","CNTN1","PTPRZ1"
"1540","TNC","CNTN1"
"1541","CNTN2","CNTN2"
"1542","CNTN2","CNTN2,CNTNAP2"
"1543","CNTN2","L1CAM"
"1544","CNTN2","NRCAM"
"1545","CNTN2","NRP1"
"1546","CNTN3","PTPRG"
"1547","CNTN4","PTPRG"
"1548","CNTN6","NOTCH1"
"1549","RTN4","CNTNAP1"
"1550","COL10A1","ITGB1,ITGA10"
"1551","COL10A1","ITGB1,ITGA11"
"1552","COL10A1","ITGB1,ITGA1"
"1553","COL10A1","ITGB1,ITGA2"
"1554","COL11A1","DDR1"
"1555","COL11A1","ITGB1,ITGA10"
"1556","COL11A1","ITGB1,ITGA11"
"1557","COL11A1","ITGB1,ITGA1"
"1558","COL11A1","ITGB1,ITGA2"
"1559","COL11A2","ITGB1,ITGA10"
"1560","COL11A2","ITGB1,ITGA11"
"1561","COL11A2","ITGB1,ITGA1"
"1562","COL11A2","ITGB1,ITGA2"
"1563","COL12A1","ITGB1,ITGA10"
"1564","COL12A1","ITGB1,ITGA11"
"1565","COL12A1","ITGB1,ITGA1"
"1566","COL12A1","ITGB1,ITGA2"
"1567","FN1","COL13A1"
"1568","HSPG2","COL13A1"
"1569","COL13A1","ITGB1,ITGA10"
"1570","COL13A1","ITGB1,ITGA11"
"1571","COL13A1","ITGB1,ITGA1"
"1572","COL13A1","ITGB1,ITGA2"
"1573","NID1","COL13A1"
"1574","NID2","COL13A1"
"1575","COL14A1","ITGB1,ITGA10"
"1576","COL14A1","ITGB1,ITGA11"
"1577","COL14A1","ITGB1,ITGA1"
"1578","COL14A1","ITGB1,ITGA2"
"1579","COL15A1","ITGB1,ITGA10"
"1580","COL15A1","ITGB1,ITGA11"
"1581","COL15A1","ITGB1,ITGA1"
"1582","COL15A1","ITGB1,ITGA2"
"1583","COL16A1","ITGB1,ITGA10"
"1584","COL16A1","ITGB1,ITGA11"
"1585","COL16A1","ITGB1,ITGA1"
"1586","COL16A1","ITGB1,ITGA2"
"1587","COL17A1","ITGB1,ITGA10"
"1588","COL17A1","ITGB1,ITGA11"
"1589","COL17A1","ITGB1,ITGA1"
"1590","COL17A1","ITGB1,ITGA2"
"1591","LAMB3","COL17A1"
"1592","LAMC2","COL17A1"
"1593","COL18A1","GPC1"
"1594","COL18A1","GPC4"
"1595","COL18A1","ITGB1,ITGA10"
"1596","COL18A1","ITGB1,ITGA11"
"1597","COL18A1","ITGB1,ITGA1"
"1598","COL18A1","ITGB1,ITGA2"
"1599","COL18A1","ITGA3"
"1600","COL18A1","ITGA5"
"1601","COL18A1","ITGB3"
"1602","COL18A1","ITGB5"
"1603","COL18A1","KDR"
"1604","COL18A1","PTPRS"
"1605","COL19A1","ITGB1,ITGA10"
"1606","COL19A1","ITGB1,ITGA11"
"1607","COL19A1","ITGB1,ITGA1"
"1608","COL19A1","ITGB1,ITGA2"
"1609","COL1A1","DDR1"
"1610","COL1A1","DDR2"
"1611","COL1A1","FLT4"
"1612","COL1A1","GP6"
"1613","COL1A1","ITGB1,ITGA10"
"1614","COL1A1","ITGB1,ITGA11"
"1615","COL1A1","ITGB1,ITGA1"
"1616","COL1A1","ITGB1,ITGA2"
"1617","COL1A1","ITGA3,ITGB1"
"1618","COL1A1","ITGA5"
"1619","COL1A1","ITGA9,ITGB1"
"1620","COL1A1","ITGAV,ITGB8"
"1621","COL1A1","SDC1"
"1622","COL1A1","SDC4"
"1623","COL1A1","TMPRSS6"
"1624","COL1A2","FLT4"
"1625","COL1A2","GP6"
"1626","COL1A2","ITGB1,ITGA10"
"1627","COL1A2","ITGB1,ITGA11"
"1628","COL1A2","ITGB1,ITGA1"
"1629","COL1A2","ITGA2B"
"1630","COL1A2","ITGB1,ITGA2"
"1631","COL1A2","ITGA3,ITGB1"
"1632","COL1A2","ITGA9,ITGB1"
"1633","COL1A2","ITGAV,ITGB8"
"1634","COL1A2","ITGB3"
"1635","COL1A2","SDC1"
"1636","COL1A2","SDC4"
"1637","COL20A1","ITGB1,ITGA10"
"1638","COL20A1","ITGB1,ITGA11"
"1639","COL20A1","ITGB1,ITGA1"
"1640","COL20A1","ITGB1,ITGA2"
"1641","COL21A1","ITGB1,ITGA10"
"1642","COL21A1","ITGB1,ITGA11"
"1643","COL21A1","ITGB1,ITGA1"
"1644","COL21A1","ITGB1,ITGA2"
"1645","COL22A1","ITGB1,ITGA10"
"1646","COL22A1","ITGB1,ITGA11"
"1647","COL22A1","ITGB1,ITGA1"
"1648","COL22A1","ITGB1,ITGA2"
"1649","COL24A1","ITGB1,ITGA10"
"1650","COL24A1","ITGB1,ITGA11"
"1651","COL24A1","ITGB1,ITGA1"
"1652","COL24A1","ITGB1,ITGA2"
"1653","COL26A1","ITGB1,ITGA10"
"1654","COL26A1","ITGB1,ITGA11"
"1655","COL26A1","ITGB1,ITGA1"
"1656","COL26A1","ITGB1,ITGA2"
"1657","COL27A1","ITGB1,ITGA10"
"1658","COL27A1","ITGB1,ITGA11"
"1659","COL27A1","ITGB1,ITGA1"
"1660","COL27A1","ITGB1,ITGA2"
"1661","COL28A1","ITGB1,ITGA10"
"1662","COL28A1","ITGB1,ITGA11"
"1663","COL28A1","ITGB1,ITGA1"
"1664","COL28A1","ITGB1,ITGA2"
"1665","COL2A1","DDR1"
"1666","COL2A1","GP6"
"1667","COL2A1","ITGB1,ITGA10"
"1668","COL2A1","ITGB1,ITGA11"
"1669","COL2A1","ITGB1,ITGA1"
"1670","COL2A1","ITGA2B"
"1671","COL2A1","ITGB1,ITGA2"
"1672","COL2A1","ITGA3,ITGB1"
"1673","COL2A1","ITGA9,ITGB1"
"1674","COL2A1","ITGAV,ITGB8"
"1675","COL2A1","MAG"
"1676","COL2A1","OR1E1"
"1677","COL2A1","SDC1"
"1678","COL2A1","SDC4"
"1679","COL2A1","TNFRSF10A"
"1680","COL3A1","DDR1"
"1681","COL3A1","DDR2"
"1682","COL3A1","ITGB1,ITGA10"
"1683","COL3A1","ITGB1,ITGA11"
"1684","COL3A1","ITGB1,ITGA1"
"1685","COL3A1","ITGB1,ITGA2"
"1686","COL3A1","MAG"
"1687","COL4A1","GP6"
"1688","COL4A1","ITGB1,ITGA10"
"1689","COL4A1","ITGB1,ITGA11"
"1690","COL4A1","ITGB1,ITGA1"
"1691","COL4A1","ITGB1,ITGA2"
"1692","COL4A1","ITGA3,ITGB1"
"1693","COL4A1","ITGA9,ITGB1"
"1694","COL4A1","ITGAV,ITGB8"
"1695","COL4A1","SDC1"
"1696","COL4A1","SDC4"
"1697","COL4A2","GP6"
"1698","COL4A2","ITGB1,ITGA10"
"1699","COL4A2","ITGB1,ITGA11"
"1700","COL4A2","ITGB1,ITGA1"
"1701","COL4A2","ITGB1,ITGA2"
"1702","COL4A2","ITGA3,ITGB1"
"1703","COL4A2","ITGA9,ITGB1"
"1704","COL4A2","ITGAV,ITGB8"
"1705","COL4A2","ITGB3"
"1706","COL4A2","ITGB5"
"1707","COL4A2","SDC1"
"1708","COL4A2","SDC4"
"1709","COL4A3","GP6"
"1710","COL4A3","ITGB1,ITGA10"
"1711","COL4A3","ITGB1,ITGA11"
"1712","COL4A3","ITGB1,ITGA1"
"1713","COL4A3","ITGB1,ITGA2"
"1714","COL4A3","ITGA3,ITGB1"
"1715","COL4A3","ITGA9,ITGB1"
"1716","COL4A3","ITGAV,ITGB8"
"1717","COL4A3","ITGB3"
"1718","COL4A3","SDC1"
"1719","COL4A3","SDC4"
"1720","COL4A4","GP6"
"1721","COL4A4","ITGB1,ITGA10"
"1722","COL4A4","ITGB1,ITGA11"
"1723","COL4A4","ITGB1,ITGA1"
"1724","COL4A4","ITGB1,ITGA2"
"1725","COL4A4","ITGA3,ITGB1"
"1726","COL4A4","ITGA9,ITGB1"
"1727","COL4A4","ITGAV,ITGB8"
"1728","COL4A4","ITGB3"
"1729","COL4A4","SDC1"
"1730","COL4A4","SDC4"
"1731","COL4A5","GP6"
"1732","COL4A5","ITGB1,ITGA10"
"1733","COL4A5","ITGB1,ITGA11"
"1734","COL4A5","ITGB1,ITGA1"
"1735","COL4A5","ITGB1,ITGA2"
"1736","COL4A5","ITGA3,ITGB1"
"1737","COL4A5","ITGA9,ITGB1"
"1738","COL4A5","ITGAV,ITGB8"
"1739","COL4A5","SDC1"
"1740","COL4A5","SDC4"
"1741","COL4A6","GP6"
"1742","COL4A6","ITGB1,ITGA10"
"1743","COL4A6","ITGB1,ITGA11"
"1744","COL4A6","ITGB1,ITGA1"
"1745","COL4A6","ITGB1,ITGA2"
"1746","COL4A6","ITGA3,ITGB1"
"1747","COL4A6","ITGA9,ITGB1"
"1748","COL4A6","ITGAV,ITGB8"
"1749","COL4A6","SDC1"
"1750","COL4A6","SDC4"
"1751","COL5A1","ITGB1,ITGA10"
"1752","COL5A1","ITGB1,ITGA11"
"1753","COL5A1","ITGB1,ITGA1"
"1754","COL5A1","ITGB1,ITGA2"
"1755","COL5A1","SDC3"
"1756","COL5A2","DDR1"
"1757","COL5A2","ITGB1,ITGA10"
"1758","COL5A2","ITGB1,ITGA11"
"1759","COL5A2","ITGB1,ITGA1"
"1760","COL5A2","ITGB1,ITGA2"
"1761","COL5A3","ITGB1,ITGA10"
"1762","COL5A3","ITGB1,ITGA11"
"1763","COL5A3","ITGB1,ITGA1"
"1764","COL5A3","ITGB1,ITGA2"
"1765","COL5A3","SDC3"
"1766","COL6A1","GP6"
"1767","COL6A1","ITGB1,ITGA10"
"1768","COL6A1","ITGB1,ITGA11"
"1769","COL6A1","ITGB1,ITGA1"
"1770","COL6A1","ITGB1,ITGA2"
"1771","COL6A1","ITGA3,ITGB1"
"1772","COL6A1","ITGA6"
"1773","COL6A1","ITGA9,ITGB1"
"1774","COL6A1","ITGAV,ITGB8"
"1775","COL6A1","SDC1"
"1776","COL6A1","SDC4"
"1777","COL6A2","GP6"
"1778","COL6A2","ITGB1,ITGA10"
"1779","COL6A2","ITGB1,ITGA11"
"1780","COL6A2","ITGB1,ITGA1"
"1781","COL6A2","ITGB1,ITGA2"
"1782","COL6A2","ITGA3,ITGB1"
"1783","COL6A2","ITGA9,ITGB1"
"1784","COL6A2","ITGAV,ITGB8"
"1785","COL6A2","SDC1"
"1786","COL6A2","SDC4"
"1787","COL6A3","GP6"
"1788","COL6A3","ITGB1,ITGA10"
"1789","COL6A3","ITGB1,ITGA11"
"1790","COL6A3","ITGB1,ITGA1"
"1791","COL6A3","ITGB1,ITGA2"
"1792","COL6A3","ITGA3,ITGB1"
"1793","COL6A3","ITGA9,ITGB1"
"1794","COL6A3","ITGAV,ITGB8"
"1795","COL6A3","SDC1"
"1796","COL6A3","SDC4"
"1797","COL6A5","GP6"
"1798","COL6A5","ITGB1,ITGA10"
"1799","COL6A5","ITGB1,ITGA11"
"1800","COL6A5","ITGB1,ITGA1"
"1801","COL6A5","ITGB1,ITGA2"
"1802","COL6A5","ITGA3,ITGB1"
"1803","COL6A5","ITGA9,ITGB1"
"1804","COL6A5","ITGAV,ITGB8"
"1805","COL6A5","SDC1"
"1806","COL6A5","SDC4"
"1807","COL6A6","GP6"
"1808","COL6A6","ITGB1,ITGA10"
"1809","COL6A6","ITGB1,ITGA11"
"1810","COL6A6","ITGB1,ITGA1"
"1811","COL6A6","ITGB1,ITGA2"
"1812","COL6A6","ITGA3,ITGB1"
"1813","COL6A6","ITGA9,ITGB1"
"1814","COL6A6","ITGAV,ITGB8"
"1815","COL6A6","SDC1"
"1816","COL6A6","SDC4"
"1817","COL7A1","ITGB1,ITGA10"
"1818","COL7A1","ITGB1,ITGA11"
"1819","COL7A1","ITGB1,ITGA1"
"1820","COL7A1","ITGB1,ITGA2"
"1821","COL8A1","ITGB1,ITGA10"
"1822","COL8A1","ITGB1,ITGA11"
"1823","COL8A1","ITGB1,ITGA1"
"1824","COL8A1","ITGB1,ITGA2"
"1825","COL8A2","ITGB1,ITGA10"
"1826","COL8A2","ITGB1,ITGA11"
"1827","COL8A2","ITGB1,ITGA1"
"1828","COL8A2","ITGB1,ITGA2"
"1829","COL8A2","SLC4A11"
"1830","COL9A1","GP6"
"1831","COL9A1","ITGB1,ITGA10"
"1832","COL9A1","ITGB1,ITGA11"
"1833","COL9A1","ITGB1,ITGA1"
"1834","COL9A1","ITGB1,ITGA2"
"1835","COL9A1","ITGA3,ITGB1"
"1836","COL9A1","ITGA9,ITGB1"
"1837","COL9A1","ITGAV,ITGB8"
"1838","COL9A1","MAG"
"1839","COL9A1","SDC1"
"1840","COL9A1","SDC4"
"1841","COL9A2","GP6"
"1842","COL9A2","ITGB1,ITGA10"
"1843","COL9A2","ITGB1,ITGA11"
"1844","COL9A2","ITGB1,ITGA1"
"1845","COL9A2","ITGB1,ITGA2"
"1846","COL9A2","ITGA3,ITGB1"
"1847","COL9A2","ITGA9,ITGB1"
"1848","COL9A2","ITGAV,ITGB8"
"1849","COL9A2","MAG"
"1850","COL9A2","SDC1"
"1851","COL9A2","SDC4"
"1852","COL9A3","GP6"
"1853","COL9A3","ITGB1,ITGA10"
"1854","COL9A3","ITGB1,ITGA11"
"1855","COL9A3","ITGB1,ITGA1"
"1856","COL9A3","ITGB1,ITGA2"
"1857","COL9A3","ITGA3,ITGB1"
"1858","COL9A3","ITGA9,ITGB1"
"1859","COL9A3","ITGAV,ITGB8"
"1860","COL9A3","MAG"
"1861","COL9A3","SDC1"
"1862","COL9A3","SDC4"
"1863","LGALS9","COLEC12"
"1864","COLQ","MUSK"
"1865","COMP","ITGA2B"
"1866","COMP","ITGA3,ITGB1"
"1867","COMP","ITGA5"
"1868","COMP","ITGAV,ITGB3"
"1869","COMP","SDC1"
"1870","COMP","SDC4"
"1871","COPA","EGFR"
"1872","COPA","MTNR1B"
"1873","COPA","NTRK1"
"1874","COPA","NTSR2"
"1875","COPA","P2RY6"
"1876","COPA","SORT1"
"1877","CORT","GHSR"
"1878","CORT","GRM7"
"1879","CORT","MRGPRX2"
"1880","CORT","MTNR1A"
"1881","CORT","SSTR1"
"1882","CORT","SSTR2"
"1883","CORT","SSTR3"
"1884","CORT","SSTR4"
"1885","CORT","SSTR5"
"1886","CPAMD8","SCTR"
"1887","CP","SLC40A1"
"1888","CRP","CR1"
"1889","FCER2","CR2"
"1890","IFNA1","CR2"
"1891","UCN","CRHR1"
"1892","UCN2","CRHR1"
"1893","UCN3","CRHR1"
"1894","UCN","CRHR2"
"1895","UCN2","CRHR2"
"1896","UCN3","CRHR2"
"1897","CRH","CRHR1"
"1898","CRH","CRHR2"
"1899","CRH","GPR20"
"1900","CRH","GPR84"
"1901","CRH","MC2R"
"1902","CRH","PTH1R"
"1903","CRH","RAMP2"
"1904","CRH","RAMP3"
"1905","CRH","TSHR"
"1906","CRH","VIPR1"
"1907","CRLF2","IL7R,CRLF2"
"1908","TSLP","IL7R,CRLF2"
"1909","EPO","CRLF3"
"1910","CRP","OLR1"
"1911","CSF2","CSF1R"
"1912","CSF3","CSF1R"
"1913","IL34","CSF1R"
"1914","CSF1","CSF1R"
"1915","IL34,CSF1","CSF1R"
"1916","CSF1","SIRPA"
"1917","CSF1","SLC7A1"
"1918","IL3","CSF2RB,IL3RA"
"1919","IL5","CSF2RB,IL5RA"
"1920","CSF2","CSF2RB,CSF2RA"
"1921","CSF2","CSF3R"
"1922","CSF2","IL3RA"
"1923","CSF2","ITGA9"
"1924","CSF2","ITGB1"
"1925","CSF2","SDC2"
"1926","CSF3","CSF3R"
"1927","CSH1","GHR"
"1928","CSH1","PRLR"
"1929","CSH2","PRLR"
"1930","CSHL1","GHR"
"1931","CSHL1","PRLR"
"1932","FGF1","CSPG4"
"1933","CSPG4","ITGA2,ITGB1"
"1934","CSPG4","ITGB1,ITGA3"
"1935","CTF1","LIFR,IL6ST"
"1936","CTHRC1","FZD3"
"1937","CTHRC1","FZD5"
"1938","CTHRC1","FZD6"
"1939","CTHRC1","ROR2"
"1940","ICOSLG","CTLA4"
"1941","CTSG","F2R"
"1942","CTSG","F2RL1"
"1943","CTSG","F2RL2"
"1944","CTSG","F2RL3"
"1945","CTSG","PARD3"
"1946","CUBN","LRP2"
"1947","CX3CL1","CX3CR1"
"1948","CX3CL1","ITGAV"
"1949","CX3CL1","ITGB3"
"1950","CXADR","CXADR"
"1951","FAM3C","CXADR"
"1952","CXADR","JAML"
"1953","CXCL10","CXCR3"
"1954","CXCL10","DPP4"
"1955","CXCL10","GRM7"
"1956","CXCL10","MTNR1A"
"1957","CXCL10","SDC4"
"1958","CXCL11","CXCR3"
"1959","CXCL11","DPP4"
"1960","CXCL11","GRM7"
"1961","CXCL11","MTNR1A"
"1962","CXCL12","CXCR3"
"1963","CXCL12","CXCR4"
"1964","CXCL12","DPP4"
"1965","CXCL12","GRM7"
"1966","CXCL12","ITGA4"
"1967","CXCL12","ITGA5"
"1968","CXCL12","ITGAV"
"1969","CXCL12","ITGB1"
"1970","CXCL12","ITGB3"
"1971","CXCL12","MTNR1A"
"1972","CXCL12","SDC4"
"1973","CXCL13","CXCR3"
"1974","CXCL13","CXCR5"
"1975","CXCL13","GRM7"
"1976","CXCL13","HTR2A"
"1977","CXCL13","MTNR1A"
"1978","CXCL13","OPRD1"
"1979","CXCL14","CXCR4"
"1980","CXCL16","CXCR6"
"1981","CXCL16","GRM7"
"1982","CXCL16","MTNR1A"
"1983","CXCL17","GPR35"
"1984","CXCL1","CXCR1"
"1985","CXCL1","CXCR2"
"1986","CXCL1","GRM7"
"1987","CXCL1","MTNR1A"
"1988","CXCL2","CXCR1"
"1989","CXCL2","CXCR2"
"1990","CXCL2","DPP4"
"1991","CXCL2","GRM7"
"1992","CXCL2","MTNR1A"
"1993","CXCL2","XCR1"
"1994","CXCL3","CXCR1"
"1995","CXCL3","CXCR2"
"1996","CXCL3","GRM7"
"1997","CXCL3","MTNR1A"
"1998","CXCL5","CXCR1"
"1999","CXCL5","CXCR2"
"2000","CXCL5","GRM7"
"2001","CXCL5","MTNR1A"
"2002","CXCL6","CXCR1"
"2003","CXCL6","CXCR2"
"2004","CXCL6","GRM7"
"2005","CXCL6","MTNR1A"
"2006","CXCL8","CXCR1"
"2007","CXCL8","CXCR2"
"2008","CXCL8","GRM7"
"2009","CXCL8","KDR"
"2010","CXCL8","MTNR1A"
"2011","CXCL8","SDC1"
"2012","CXCL8","SDC2"
"2013","CXCL8","SDC3"
"2014","CXCL9","CXCR3"
"2015","CXCL9","DPP4"
"2016","CXCL9","FCGR2A"
"2017","CXCL9","GRM7"
"2018","CXCL9","KIR2DL3"
"2019","CXCL9","MTNR1A"
"2020","PPBP","CXCR1"
"2021","YARS1","CXCR1"
"2022","MIF","CXCR2"
"2023","PPBP","CXCR2"
"2024","VASP","CXCR2"
"2025","PF4","CXCR3"
"2026","PF4V1","CXCR3"
"2027","HMGB1","CXCR4"
"2028","MIF","CXCR4"
"2029","TFF2","CXCR4"
"2030","TFF3","CXCR4"
"2031","TGFB1","CXCR4"
"2032","ZG16B","CXCR4"
"2033","HSPG2","DAG1"
"2034","LAMA1","DAG1"
"2035","LAMA2","DAG1"
"2036","LAMA3","DAG1"
"2037","DAG1","LAMA4"
"2038","LAMA5","DAG1"
"2039","LAMB1","DAG1"
"2040","LAMB2","DAG1"
"2041","LAMB3","DAG1"
"2042","LAMC1","DAG1"
"2043","LAMC2","DAG1"
"2044","LAMC3","DAG1"
"2045","LGALS9","DAG1"
"2046","TNF","DAG1"
"2047","SEMA4B","DCBLD2"
"2048","DRAXIN","DCC"
"2049","DSCAM","DCC"
"2050","NTN1","DCC"
"2051","NTN4","DCC"
"2052","SLIT2","DCC"
"2053","FAT4","DCHS1"
"2054","DCN","EGFR"
"2055","DCN","ERBB4"
"2056","DCN","MET"
"2057","DCN","TLR2"
"2058","DCN","TLR4"
"2059","HLA-C","DDR1"
"2060","TTR","DDR1"
"2061","DEFB4A","TLR4"
"2062","DHH","HHIP"
"2063","DHH","PTCH1"
"2064","DHH","PTCH2"
"2065","FSTL1","DIP2A"
"2066","DKK1","KREMEN1"
"2067","DKK1","KREMEN2"
"2068","DKK1","LRP4"
"2069","DKK1","LRP5"
"2070","DKK1","LRP6"
"2071","DKK2","KREMEN1"
"2072","DKK2","KREMEN2"
"2073","DKK2","LRP5"
"2074","DKK2","LRP6"
"2075","DKK3","KREMEN1"
"2076","DKK4","KREMEN1"
"2077","DKK4","KREMEN2"
"2078","DKK4","LRP5"
"2079","DKK4","LRP6"
"2080","DLK1","NOTCH1"
"2081","DLK1","NOTCH2"
"2082","DLK1","NOTCH3"
"2083","DLK1","NOTCH4"
"2084","DLK2","NOTCH1"
"2085","DLL1","NOTCH1"
"2086","DLL1","NOTCH2"
"2087","DLL1","NOTCH3"
"2088","DLL1","NOTCH4"
"2089","DLL3","NOTCH1"
"2090","DLL3","NOTCH2"
"2091","DLL3","NOTCH3"
"2092","DLL3","NOTCH4"
"2093","DLL4","NOTCH1"
"2094","DLL4","NOTCH2"
"2095","DLL4","NOTCH3"
"2096","DLL4","NOTCH4"
"2097","DMP1","ITGAV,ITGB3"
"2098","DMP1","PHEX"
"2099","DNAJB11","PRTG"
"2100","FN1","DPP4"
"2101","GCG","DPP4"
"2102","GIP","DPP4"
"2103","NPPB","DPP4"
"2104","NPY","DPP4"
"2105","PYY","DPP4"
"2106","VIP","DPP4"
"2107","DSG1","DSC1"
"2108","DSC1","DSG2"
"2109","DSC1","DSG3"
"2110","DSC1","DSG4"
"2111","DSG1","DSC2"
"2112","DSC2","DSG2"
"2113","DSC2","DSG3"
"2114","DSC2","DSG4"
"2115","DSG1","DSC3"
"2116","DSG2","DSC3"
"2117","DSC3","DSG3"
"2118","DSC3","DSG4"
"2119","DSPP","ITGAV,ITGB1"
"2120","DSPP","ITGAV,ITGB6"
"2121","DUSP18","ITGA1"
"2122","DUSP18","ITGA2"
"2123","DUSP18","ITGA3"
"2124","DUSP18","ITGA6"
"2125","DUSP18","ITGA7"
"2126","DUSP18","ITGB1"
"2127","DUSP18","ITGB4"
"2128","DUSP18","RPSA"
"2129","QDPR","DYSF"
"2130","EBI3,IL12A","IL6ST,IL12RB2"
"2131","EBI3","IL27RA,IL6ST"
"2132","EBI3,IL27","IL27RA,IL6ST"
"2133","ECM1","ITGB4"
"2134","EDA","EDA2R"
"2135","EDA","EDAR"
"2136","EPO","EDA"
"2137","EDIL3","ITGAV"
"2138","EDIL3","ITGB3"
"2139","EDIL3","ITGB5"
"2140","EDN1","EDNRA"
"2141","EDN1","EDNRB"
"2142","EDN1","KEL"
"2143","EDN2","EDNRA"
"2144","EDN2","EDNRB"
"2145","EDN2","KEL"
"2146","EDN3","EDNRA"
"2147","EDN3","EDNRB"
"2148","EDN3","KEL"
"2149","LTA","EDNRA"
"2150","GDNF","EDNRB"
"2151","EFEMP1","EGFR"
"2152","EFEMP2","LINGO1"
"2153","EFEMP2","PLSCR4"
"2154","EFNA1","EPHA1"
"2155","EFNA1","EPHA10"
"2156","EFNA1","EPHA2"
"2157","EFNA1","EPHA3"
"2158","EFNA1","EPHA4"
"2159","EFNA1","EPHA5"
"2160","EFNA1","EPHA6"
"2161","EFNA1","EPHA7"
"2162","EFNA1","EPHA8"
"2163","EFNA1","EPHB1"
"2164","EFNA1","EPHB6"
"2165","EFNA2","EPHA1"
"2166","EFNA2","EPHA10"
"2167","EFNA2","EPHA2"
"2168","EFNA2","EPHA3"
"2169","EFNA2","EPHA4"
"2170","EFNA2","EPHA5"
"2171","EFNA2","EPHA6"
"2172","EFNA2","EPHA7"
"2173","EFNA2","EPHA8"
"2174","EFNA3","EPHA1"
"2175","EFNA3","EPHA10"
"2176","EFNA3","EPHA2"
"2177","EFNA3","EPHA3"
"2178","EFNA3","EPHA4"
"2179","EFNA3","EPHA5"
"2180","EFNA3","EPHA6"
"2181","EFNA3","EPHA7"
"2182","EFNA3","EPHA8"
"2183","EFNA3","EPHB1"
"2184","EFNA3","EPHB6"
"2185","EFNA4","EPHA1"
"2186","EFNA4","EPHA10"
"2187","EFNA4","EPHA2"
"2188","EFNA4","EPHA3"
"2189","EFNA4","EPHA4"
"2190","EFNA4","EPHA5"
"2191","EFNA4","EPHA6"
"2192","EFNA4","EPHA7"
"2193","EFNA4","EPHA8"
"2194","EFNA5","EPHA1"
"2195","EFNA5","EPHA10"
"2196","EFNA5","EPHA2"
"2197","EFNA5","EPHA3"
"2198","EFNA5","EPHA4"
"2199","EFNA5","EPHA5"
"2200","EFNA5","EPHA6"
"2201","EFNA5","EPHA7"
"2202","EFNA5","EPHA8"
"2203","EFNA5","EPHB1"
"2204","EFNA5","EPHB2"
"2205","EFNA5","EPHB6"
"2206","EFNB1","EPHA4"
"2207","EFNB1","EPHA6"
"2208","EFNB1","EPHB1"
"2209","EFNB1","EPHB2"
"2210","EFNB1","EPHB3"
"2211","EFNB1","EPHB4"
"2212","EFNB1","EPHB6"
"2213","EFNB1","ERBB2"
"2214","EFNB2","EPHA3"
"2215","EFNB2","EPHA4"
"2216","EFNB2","EPHA6"
"2217","EFNB2","EPHB1"
"2218","EPHB2","EFNB2"
"2219","EFNB2","EPHB3"
"2220","EFNB2","EPHB4"
"2221","EPHB6","EFNB2"
"2222","EPO","EFNB2"
"2223","EFNB2","GRM1"
"2224","EFNB2","GRM5"
"2225","EFNB2","PECAM1"
"2226","EFNB2","RHBDL2"
"2227","EPHA4","EFNB3"
"2228","EPHB1","EFNB3"
"2229","EPHB2","EFNB3"
"2230","EPHB3","EFNB3"
"2231","EPHB4","EFNB3"
"2232","EPHB6","EFNB3"
"2233","EFNB3","RHBDL2"
"2234","EGFL8","NCR3"
"2235","EPGN","EGFR"
"2236","EREG","EGFR,ERBB2"
"2237","HBEGF","EGFR,ERBB2"
"2238","TGFA","EGFR,ERBB2"
"2239","EREG","EGFR"
"2240","FGF1","EGFR"
"2241","FGF13","EGFR"
"2242","FGL1","EGFR"
"2243","GRN","EGFR"
"2244","GSTP1","EGFR"
"2245","EGFR","HBEGF"
"2246","ICAM1","EGFR"
"2247","L1CAM","EGFR"
"2248","LRIG1","EGFR"
"2249","LRIG2","EGFR"
"2250","MIF","EGFR"
"2251","EGFR","NRG1"
"2252","NRG4","EGFR"
"2253","S100A4","EGFR"
"2254","SPINK1","EGFR"
"2255","ST6GAL1","EGFR"
"2256","TGFA","EGFR"
"2257","TGFB1","EGFR"
"2258","TNC","EGFR"
"2259","VCAN","EGFR"
"2260","VEGFA","EGFR"
"2261","ZP3","EGFR"
"2262","EGF","EGFR"
"2263","EGF","EGFR,ERBB2"
"2264","EGF","ERBB3"
"2265","EGF","ERBB4"
"2266","EGF","FSHR"
"2267","EGF","LDLR"
"2268","EGF","LRP2"
"2269","EGF","NRG1"
"2270","EGF","NRP1"
"2271","EGF","RHBDL2"
"2272","GDF2","ENG"
"2273","INHBA","ENG"
"2274","TGFB1","ENG"
"2275","TGFB2","ENG"
"2276","TGFB3","ENG"
"2277","ENHO","GPR19"
"2278","EPCAM","EPCAM"
"2279","FGFR2","EPHA4"
"2280","FGFR3","EPHA4"
"2281","FGFR4","EPHA4"
"2282","GPHA2","EPHA6"
"2283","WNT5A","EPHA7"
"2284","L1CAM","EPHB2"
"2285","MMP9","EPHB2"
"2286","VEGFA","EPHB2"
"2287","EPO","EPHB4"
"2288","KITLG","EPOR"
"2289","KLK3","EPOR"
"2290","EPO","EPOR"
"2291","NUCB2","ERAP1"
"2292","NRG1","ERBB2,ERBB3"
"2293","NRG2","ERBB2,ERBB3"
"2294","EREG","ERBB2,ERBB4"
"2295","HBEGF","ERBB2,ERBB4"
"2296","NRG1","ERBB2,ERBB4"
"2297","NRG2","ERBB2,ERBB4"
"2298","NRG3","ERBB2,ERBB4"
"2299","NRG4","ERBB2,ERBB4"
"2300","HLA-A","ERBB2"
"2301","HRG","ERBB2"
"2302","L1CAM","ERBB2"
"2303","RPS27A","ERBB2"
"2304","S100A4","ERBB2"
"2305","SEMA4D","ERBB2"
"2306","EREG","ERBB3"
"2307","HRG","ERBB3"
"2308","L1CAM","ERBB3"
"2309","ERBB3","NRG1"
"2310","NRG2","ERBB3"
"2311","NRG3","ERBB3"
"2312","TGFA","ERBB3"
"2313","EREG","ERBB4"
"2314","HBEGF","ERBB4"
"2315","MMP7","ERBB4"
"2316","NRG1","ERBB4"
"2317","NRG2","ERBB4"
"2318","NRG3","ERBB4"
"2319","NRG4","ERBB4"
"2320","TGFA","ERBB4"
"2321","ERFE","LRP1"
"2322","ESAM","ESAM"
"2323","SELPLG","ESAM"
"2324","EXOC3-AS1","TRAF2"
"2325","VCAM1","EZR"
"2326","F10","F3"
"2327","F10","ITGB2,ITGAM"
"2328","F11R","F11R"
"2329","ITGB2,ITGAL","F11R,ITGB2"
"2330","F11R","JAM2"
"2331","F11R","JAM3"
"2332","F11","GP1BA"
"2333","F12","GP1BA"
"2334","F13A1","ITGA4"
"2335","F13A1","ITGA9"
"2336","F13A1","ITGB1"
"2337","GZMA","F2RL1"
"2338","PLG","F2RL1"
"2339","PRSS1","F2RL1"
"2340","PRSS2","F2RL1"
"2341","PRSS3","F2RL1"
"2342","GZMA","F2RL2"
"2343","PLG","F2RL2"
"2344","PRSS1","F2RL2"
"2345","PRSS2","F2RL2"
"2346","PRSS3","F2RL2"
"2347","GZMA","F2RL3"
"2348","PLG","F2RL3"
"2349","PRSS1","F2RL3"
"2350","PRSS2","F2RL3"
"2351","PRSS3","F2RL3"
"2352","GZMA","F2R"
"2353","PLG","F2R"
"2354","PRSS1","F2R"
"2355","PRSS2","F2R"
"2356","PRSS3","F2R"
"2357","F2","F2R"
"2358","F2","F2RL1"
"2359","F2","F2RL2"
"2360","F2","F2RL3"
"2361","F2","GP1BA,GP1BB"
"2362","F2","GP9"
"2363","F2","ITGA2B,ITGB3"
"2364","F2","ITGAV,ITGB3"
"2365","F2","PARD3"
"2366","F2","THBD"
"2367","F7","F3"
"2368","IL6","F3"
"2369","PLG","F3"
"2370","TFPI","F3"
"2371","F8","LDLR"
"2372","F8","LRP1"
"2373","F9","LRP1"
"2374","FABP5","RXRA"
"2375","FAM3B","LRP5"
"2376","FAM3C","FFAR2"
"2377","FAM3C","GLRA2"
"2378","FAM3C","GPR42"
"2379","FAM3C","HLA-C"
"2380","FAM3C","KIR2DL3"
"2381","FAM3C","LAMP1"
"2382","FAM3C","LIFR"
"2383","FAM3C","PDCD1"
"2384","FAM3D","FPR1"
"2385","FAM3D","FPR2"
"2386","NPY","FAP"
"2387","PYY","FAP"
"2388","FARP2","PLXNA1"
"2389","FARP2","PLXNA2"
"2390","FARP2","PLXNA3"
"2391","FARP2","PLXNA4"
"2392","FASLG","TNFRSF10B"
"2393","FASLG","TNFRSF1A"
"2394","TNFRSF6B","FASLG"
"2395","FASLG","FAS"
"2396","TNF","FAS"
"2397","TNFSF13","FAS"
"2398","FBLN1","ITGB1"
"2399","FBLN2","ITGB3"
"2400","FBN1","ITGB1,ITGA5"
"2401","FBN1","ITGAV"
"2402","FBN1","ITGB3"
"2403","FBN1","ITGB6"
"2404","ITIH2","FCER1A"
"2405","ITGB2,ITGAM","FCER2,ITGB2"
"2406","ITGAV,ITGB3","FCER2,ITGB3"
"2407","ITGAX,ITGB2","FCER2,ITGB2"
"2408","HRG","FCGR1A"
"2409","SYK","FCGR2A"
"2410","IGHG1,IGLC1","FCGR3B"
"2411","FCN2","LRP1"
"2412","PTPN11","FCRL4"
"2413","PTPN6","FCRL4"
"2414","TFF1","FCRL4"
"2415","TNF","FFAR2"
"2416","ITGA2B,ITGB3","FGA,FGG,FGB"
"2417","ITGB2,ITGAM","FGA,FGG,FGB"
"2418","ITGAX,ITGB2","FGA,FGG,FGB"
"2419","FGA","ITGA5"
"2420","FGA","ITGAD"
"2421","FGA","ITGAV"
"2422","FGA","ITGB1"
"2423","FGA","PLAUR"
"2424","FGA","TLR4"
"2425","FGB","ITGA5"
"2426","FGB","ITGAV"
"2427","FGB","ITGB1"
"2428","FGB","TLR4"
"2429","FGF10","FGFR1"
"2430","FGF10","FGFR2"
"2431","FGF10","FGFR3"
"2432","FGF10","FGFR4"
"2433","FGF10","FGFRL1"
"2434","FGF11","FGFR1"
"2435","FGF11","FGFR2"
"2436","FGF11","FGFR3"
"2437","FGF11","FGFR4"
"2438","FGF12","FGFR1"
"2439","FGF12","FGFR2"
"2440","FGF12","FGFR3"
"2441","FGF12","FGFR4"
"2442","FGF13","FGFR1"
"2443","FGF13","FGFR2"
"2444","FGF13","FGFR3"
"2445","FGF13","FGFR4"
"2446","FGF13","SCN5A"
"2447","FGF13","SCN8A"
"2448","FGF14","FGFR1"
"2449","FGF14","FGFR2"
"2450","FGF14","FGFR3"
"2451","FGF14","FGFR4"
"2452","FGF16","FGFR1"
"2453","FGF16","FGFR2"
"2454","FGF16","FGFR3"
"2455","FGF16","FGFR4"
"2456","FGF17","FGFR1"
"2457","FGF17","FGFR2"
"2458","FGF17","FGFR3"
"2459","FGF17","FGFR4"
"2460","FGF18","FGFR1"
"2461","FGF18","FGFR2"
"2462","FGF18","FGFR3"
"2463","FGF18","FGFR4"
"2464","FGF19","FGFR1"
"2465","FGF19","FGFR2"
"2466","FGF19","FGFR3"
"2467","FGF19","FGFR4"
"2468","FGF19","KLB"
"2469","FGF1","FGFR1"
"2470","FGF1","FGFR2"
"2471","FGF1","FGFR3"
"2472","FGF1","FGFR4"
"2473","FGF1","FGFRL1"
"2474","FGF1","ITGAV,ITGB3"
"2475","FGF1","NRP1"
"2476","FGF1","TGFBR3"
"2477","FGF20","FGFR1"
"2478","FGF20","FGFR2"
"2479","FGF20","FGFR3"
"2480","FGF20","FGFR4"
"2481","FGF21","FGFR1"
"2482","FGF21","FGFR2"
"2483","FGF21","FGFR3"
"2484","FGF21","FGFR4"
"2485","FGF21","KLB"
"2486","FGF22","FGFR1"
"2487","FGF22","FGFR2"
"2488","FGF22","FGFRL1"
"2489","FGF23","FGFR1"
"2490","FGF23","FGFR2"
"2491","FGF23","FGFR3"
"2492","FGF23","FGFR4"
"2493","FGF23","KL"
"2494","FGF23","PHEX"
"2495","FGF2","FGFR1"
"2496","FGF2","FGFR2"
"2497","FGF2","FGFR3"
"2498","FGF2","FGFR4"
"2499","FGF2","FGFRL1"
"2500","FGF2","GPC4"
"2501","FGF2","ITGAV,ITGB3"
"2502","FGF2","NRP1"
"2503","FGF2","SDC1"
"2504","FGF2","SDC2"
"2505","FGF2","SDC3"
"2506","FGF2","SDC4"
"2507","FGF3","FGFR1"
"2508","FGF3","FGFR2"
"2509","FGF3","FGFR3"
"2510","FGF3","FGFR4"
"2511","FGF3","FGFRL1"
"2512","FGF4","FGFR1"
"2513","FGF4","FGFR2"
"2514","FGF4","FGFR3"
"2515","FGF4","FGFR4"
"2516","FGF4","FGFRL1"
"2517","FGF4","NRP1"
"2518","FGF5","FGFR1"
"2519","FGF5","FGFR2"
"2520","FGF5","FGFR3"
"2521","FGF5","FGFR4"
"2522","FGF6","FGFR1"
"2523","FGF6","FGFR2"
"2524","FGF6","FGFR3"
"2525","FGF6","FGFR4"
"2526","FGF6","SDC4"
"2527","FGF7","FGFR1"
"2528","FGF7","FGFR2"
"2529","FGF7","FGFR3"
"2530","FGF7","FGFR4"
"2531","FGF7","NRP1"
"2532","FGF8","FGFR1"
"2533","FGF8","FGFR2"
"2534","FGF8","FGFR3"
"2535","FGF8","FGFR4"
"2536","FGF8","FGFRL1"
"2537","FGF9","FGFR1"
"2538","FGF9","FGFR2"
"2539","FGF9","FGFR3"
"2540","FGF9","FGFR4"
"2541","FGFR2","FGFR1"
"2542","HSPG2","FGFR1"
"2543","KL","FGFR1"
"2544","MMP2","FGFR1"
"2545","NCAM1","FGFR1"
"2546","FGFR2","FGFR3"
"2547","L1CAM","FGFR2"
"2548","NCAM1","FGFR2"
"2549","FGFR2","NECTIN1"
"2550","PF4","FGFR2"
"2551","FGFR2","PTPRR"
"2552","FGFR2","ROS1"
"2553","RPS27A","FGFR2"
"2554","TFF1","FGFR2"
"2555","TIMP1","FGFR2"
"2556","FGFR2","XPR1"
"2557","FGFR3","NECTIN1"
"2558","FGFR4","PTPRR"
"2559","SCGB3A1","FGFR4"
"2560","FGFR4","TNFRSF10A"
"2561","FGG","ITGA5"
"2562","FGG","ITGAV"
"2563","FGG","ITGB1"
"2564","FGG","TLR4"
"2565","FGL1","LAG3"
"2566","LGI3","FLOT1"
"2567","SLIT1","FLRT3"
"2568","PGF","FLT1,KDR"
"2569","VEGFA","FLT1,KDR"
"2570","VEGFB","FLT1,KDR"
"2571","PDGFC","FLT1"
"2572","PGF","FLT1"
"2573","PIGF","FLT1"
"2574","PLG","FLT1"
"2575","VEGFA","FLT1"
"2576","VEGFB","FLT1"
"2577","VEGFC","FLT1"
"2578","VEGFD","FLT1"
"2579","FLT3LG","FLT3"
"2580","FN1","FLT4"
"2581","PDGFC","FLT4"
"2582","TNF","FLT4"
"2583","VEGFC","FLT4"
"2584","VEGFD","FLT4"
"2585","FN1","IL17RC"
"2586","FN1","ITGB1,ITGA10"
"2587","FN1","ITGB1,ITGA11"
"2588","FN1","ITGA2B,ITGB3"
"2589","FN1","ITGB1,ITGA2"
"2590","FN1","ITGB1,ITGA3"
"2591","FN1","ITGB1,ITGA4"
"2592","FN1","ITGB7,ITGA4"
"2593","FN1","ITGB1,ITGA5"
"2594","FN1","ITGA6"
"2595","FN1","ITGB1,ITGA8"
"2596","FN1","ITGA9"
"2597","FN1","ITGAV"
"2598","FN1","ITGB1,ITGAV"
"2599","FN1","ITGAV,ITGB3"
"2600","FN1","ITGB5,ITGAV"
"2601","FN1","ITGAV,ITGB6"
"2602","FN1","ITGAV,ITGB8"
"2603","FN1","MAG"
"2604","FN1","NT5E"
"2605","FN1","PLAUR"
"2606","FN1","ROBO4"
"2607","FN1","SDC1"
"2608","FN1","SDC2"
"2609","FN1","SDC4"
"2610","FN1","TMPRSS6"
"2611","FN1","TNFRSF11B"
"2612","FN1","TSHR"
"2613","FNDC5","ITGAV"
"2614","FNDC5","ITGB5"
"2615","SAA1","FPR1"
"2616","TAFA4","FPR1"
"2617","HEBP1","FPR2"
"2618","SAA1","FPR2"
"2619","HEBP1","FPR3"
"2620","FSHB","FSHR"
"2621","FSHB","GPR20"
"2622","FSHB","GPR84"
"2623","FSHB","PTH1R"
"2624","FSHB","RAMP2"
"2625","FSHB","RAMP3"
"2626","FSHB","TSHR"
"2627","FSHB","VIPR1"
"2628","FST","HJV"
"2629","GDF9","FXYD6"
"2630","FYN","SPN"
"2631","FYN","THY1"
"2632","WNT1","FZD10,LRP5"
"2633","WNT10A","FZD10,LRP5"
"2634","WNT10B","FZD10,LRP5"
"2635","WNT16","FZD10,LRP5"
"2636","WNT2","FZD10,LRP5"
"2637","WNT2B","FZD10,LRP5"
"2638","WNT3","FZD10,LRP5"
"2639","WNT3A","FZD10,LRP5"
"2640","WNT4","FZD10,LRP5"
"2641","WNT5B","FZD10,LRP5"
"2642","WNT6","FZD10,LRP5"
"2643","WNT7A","FZD10,LRP5"
"2644","WNT7B","FZD10,LRP5"
"2645","WNT8A","FZD10,LRP5"
"2646","WNT8B","FZD10,LRP5"
"2647","WNT9A","FZD10,LRP5"
"2648","WNT9B","FZD10,LRP5"
"2649","WNT1","FZD10,LRP6"
"2650","WNT10A","FZD10,LRP6"
"2651","WNT10B","FZD10,LRP6"
"2652","WNT16","FZD10,LRP6"
"2653","WNT2","FZD10,LRP6"
"2654","WNT2B","FZD10,LRP6"
"2655","WNT3","FZD10,LRP6"
"2656","WNT3A","FZD10,LRP6"
"2657","WNT4","FZD10,LRP6"
"2658","WNT5B","FZD10,LRP6"
"2659","WNT6","FZD10,LRP6"
"2660","WNT7A","FZD10,LRP6"
"2661","WNT7B","FZD10,LRP6"
"2662","WNT8A","FZD10,LRP6"
"2663","WNT8B","FZD10,LRP6"
"2664","WNT9A","FZD10,LRP6"
"2665","WNT9B","FZD10,LRP6"
"2666","MYOC","FZD10"
"2667","WNT11","FZD10"
"2668","WNT5A","FZD10"
"2669","WNT5B","FZD10"
"2670","WNT7B","FZD10"
"2671","WNT1","FZD1,LRP5"
"2672","WNT10A","FZD1,LRP5"
"2673","WNT10B","FZD1,LRP5"
"2674","WNT16","FZD1,LRP5"
"2675","WNT2","FZD1,LRP5"
"2676","WNT2B","FZD1,LRP5"
"2677","WNT3","FZD1,LRP5"
"2678","WNT3A","FZD1,LRP5"
"2679","WNT4","FZD1,LRP5"
"2680","WNT5B","FZD1,LRP5"
"2681","WNT6","FZD1,LRP5"
"2682","WNT7A","FZD1,LRP5"
"2683","WNT7B","FZD1,LRP5"
"2684","WNT8A","FZD1,LRP5"
"2685","WNT8B","FZD1,LRP5"
"2686","WNT9A","FZD1,LRP5"
"2687","WNT9B","FZD1,LRP5"
"2688","WNT1","FZD1,LRP6"
"2689","WNT10A","FZD1,LRP6"
"2690","WNT10B","FZD1,LRP6"
"2691","WNT16","FZD1,LRP6"
"2692","WNT2","FZD1,LRP6"
"2693","WNT2B","FZD1,LRP6"
"2694","WNT3","FZD1,LRP6"
"2695","WNT3A","FZD1,LRP6"
"2696","WNT4","FZD1,LRP6"
"2697","WNT5B","FZD1,LRP6"
"2698","WNT6","FZD1,LRP6"
"2699","WNT7A","FZD1,LRP6"
"2700","WNT7B","FZD1,LRP6"
"2701","WNT8A","FZD1,LRP6"
"2702","WNT8B","FZD1,LRP6"
"2703","WNT9A","FZD1,LRP6"
"2704","WNT9B","FZD1,LRP6"
"2705","MYOC","FZD1"
"2706","WNT1","FZD1"
"2707","WNT11","FZD1"
"2708","WNT2","FZD1"
"2709","WNT3","FZD1"
"2710","WNT3A","FZD1"
"2711","WNT4","FZD1"
"2712","WNT5A","FZD1"
"2713","WNT5B","FZD1"
"2714","WNT7B","FZD1"
"2715","WNT1","FZD2,LRP5"
"2716","WNT10A","FZD2,LRP5"
"2717","WNT10B","FZD2,LRP5"
"2718","WNT16","FZD2,LRP5"
"2719","WNT2","FZD2,LRP5"
"2720","WNT2B","FZD2,LRP5"
"2721","WNT3","FZD2,LRP5"
"2722","WNT3A","FZD2,LRP5"
"2723","WNT4","FZD2,LRP5"
"2724","WNT5B","FZD2,LRP5"
"2725","WNT6","FZD2,LRP5"
"2726","WNT7A","FZD2,LRP5"
"2727","WNT7B","FZD2,LRP5"
"2728","WNT8A","FZD2,LRP5"
"2729","WNT8B","FZD2,LRP5"
"2730","WNT9A","FZD2,LRP5"
"2731","WNT9B","FZD2,LRP5"
"2732","WNT1","FZD2,LRP6"
"2733","WNT10A","FZD2,LRP6"
"2734","WNT10B","FZD2,LRP6"
"2735","WNT16","FZD2,LRP6"
"2736","WNT2","FZD2,LRP6"
"2737","WNT2B","FZD2,LRP6"
"2738","WNT3","FZD2,LRP6"
"2739","WNT3A","FZD2,LRP6"
"2740","WNT4","FZD2,LRP6"
"2741","WNT5B","FZD2,LRP6"
"2742","WNT6","FZD2,LRP6"
"2743","WNT7A","FZD2,LRP6"
"2744","WNT7B","FZD2,LRP6"
"2745","WNT8A","FZD2,LRP6"
"2746","WNT8B","FZD2,LRP6"
"2747","WNT9A","FZD2,LRP6"
"2748","WNT9B","FZD2,LRP6"
"2749","SFRP1","FZD2"
"2750","WNT11","FZD2"
"2751","WNT2","FZD2"
"2752","WNT3A","FZD2"
"2753","WNT5A","FZD2"
"2754","WNT5B","FZD2"
"2755","WNT1","FZD3,LRP5"
"2756","WNT10A","FZD3,LRP5"
"2757","WNT10B","FZD3,LRP5"
"2758","WNT16","FZD3,LRP5"
"2759","WNT2","FZD3,LRP5"
"2760","WNT2B","FZD3,LRP5"
"2761","WNT3","FZD3,LRP5"
"2762","WNT3A","FZD3,LRP5"
"2763","WNT4","FZD3,LRP5"
"2764","WNT5B","FZD3,LRP5"
"2765","WNT6","FZD3,LRP5"
"2766","WNT7A","FZD3,LRP5"
"2767","WNT7B","FZD3,LRP5"
"2768","WNT8A","FZD3,LRP5"
"2769","WNT8B","FZD3,LRP5"
"2770","WNT9A","FZD3,LRP5"
"2771","WNT9B","FZD3,LRP5"
"2772","WNT1","FZD3,LRP6"
"2773","WNT10A","FZD3,LRP6"
"2774","WNT10B","FZD3,LRP6"
"2775","WNT16","FZD3,LRP6"
"2776","WNT2","FZD3,LRP6"
"2777","WNT2B","FZD3,LRP6"
"2778","WNT3","FZD3,LRP6"
"2779","WNT3A","FZD3,LRP6"
"2780","WNT4","FZD3,LRP6"
"2781","WNT5B","FZD3,LRP6"
"2782","WNT6","FZD3,LRP6"
"2783","WNT7A","FZD3,LRP6"
"2784","WNT7B","FZD3,LRP6"
"2785","WNT8A","FZD3,LRP6"
"2786","WNT8B","FZD3,LRP6"
"2787","WNT9A","FZD3,LRP6"
"2788","WNT9B","FZD3,LRP6"
"2789","MYOC","FZD3"
"2790","WNT1","FZD3"
"2791","WNT11","FZD3"
"2792","WNT2","FZD3"
"2793","WNT5A","FZD3"
"2794","WNT5B","FZD3"
"2795","WNT1","FZD4,LRP5"
"2796","WNT10A","FZD4,LRP5"
"2797","WNT10B","FZD4,LRP5"
"2798","WNT16","FZD4,LRP5"
"2799","WNT2","FZD4,LRP5"
"2800","WNT2B","FZD4,LRP5"
"2801","WNT3","FZD4,LRP5"
"2802","WNT3A","FZD4,LRP5"
"2803","WNT4","FZD4,LRP5"
"2804","WNT6","FZD4,LRP5"
"2805","WNT7A","FZD4,LRP5"
"2806","WNT7B","FZD4,LRP5"
"2807","WNT8A","FZD4,LRP5"
"2808","WNT8B","FZD4,LRP5"
"2809","WNT9A","FZD4,LRP5"
"2810","WNT9B","FZD4,LRP5"
"2811","WNT1","FZD4,LRP6"
"2812","WNT10A","FZD4,LRP6"
"2813","WNT10B","FZD4,LRP6"
"2814","WNT16","FZD4,LRP6"
"2815","WNT2","FZD4,LRP6"
"2816","WNT2B","FZD4,LRP6"
"2817","WNT3","FZD4,LRP6"
"2818","WNT3A","FZD4,LRP6"
"2819","WNT4","FZD4,LRP6"
"2820","WNT6","FZD4,LRP6"
"2821","WNT7A","FZD4,LRP6"
"2822","WNT7B","FZD4,LRP6"
"2823","WNT8A","FZD4,LRP6"
"2824","WNT8B","FZD4,LRP6"
"2825","WNT9A","FZD4,LRP6"
"2826","WNT9B","FZD4,LRP6"
"2827","MYOC","FZD4"
"2828","NDP","FZD4"
"2829","WNT11","FZD4"
"2830","WNT2","FZD4"
"2831","WNT2B","FZD4"
"2832","WNT5A","FZD4"
"2833","WNT5B","FZD4"
"2834","WNT7B","FZD4"
"2835","WNT1","FZD5,LRP5"
"2836","WNT10A","FZD5,LRP5"
"2837","WNT10B","FZD5,LRP5"
"2838","WNT16","FZD5,LRP5"
"2839","WNT2","FZD5,LRP5"
"2840","WNT2B","FZD5,LRP5"
"2841","WNT3","FZD5,LRP5"
"2842","WNT3A","FZD5,LRP5"
"2843","WNT4","FZD5,LRP5"
"2844","WNT5B","FZD5,LRP5"
"2845","WNT6","FZD5,LRP5"
"2846","WNT7A","FZD5,LRP5"
"2847","WNT7B","FZD5,LRP5"
"2848","WNT8A","FZD5,LRP5"
"2849","WNT8B","FZD5,LRP5"
"2850","WNT9A","FZD5,LRP5"
"2851","WNT9B","FZD5,LRP5"
"2852","WNT1","FZD5,LRP6"
"2853","WNT10A","FZD5,LRP6"
"2854","WNT10B","FZD5,LRP6"
"2855","WNT16","FZD5,LRP6"
"2856","WNT2","FZD5,LRP6"
"2857","WNT2B","FZD5,LRP6"
"2858","WNT3","FZD5,LRP6"
"2859","WNT3A","FZD5,LRP6"
"2860","WNT4","FZD5,LRP6"
"2861","WNT5B","FZD5,LRP6"
"2862","WNT6","FZD5,LRP6"
"2863","WNT7A","FZD5,LRP6"
"2864","WNT7B","FZD5,LRP6"
"2865","WNT8A","FZD5,LRP6"
"2866","WNT8B","FZD5,LRP6"
"2867","WNT9A","FZD5,LRP6"
"2868","WNT9B","FZD5,LRP6"
"2869","SFRP2","FZD5"
"2870","WNT11","FZD5"
"2871","WNT5A","FZD5"
"2872","WNT5B","FZD5"
"2873","WNT7A","FZD5"
"2874","WNT1","FZD6,LRP5"
"2875","WNT10A","FZD6,LRP5"
"2876","WNT10B","FZD6,LRP5"
"2877","WNT16","FZD6,LRP5"
"2878","WNT2","FZD6,LRP5"
"2879","WNT2B","FZD6,LRP5"
"2880","WNT3","FZD6,LRP5"
"2881","WNT3A","FZD6,LRP5"
"2882","WNT4","FZD6,LRP5"
"2883","WNT5B","FZD6,LRP5"
"2884","WNT6","FZD6,LRP5"
"2885","WNT7A","FZD6,LRP5"
"2886","WNT7B","FZD6,LRP5"
"2887","WNT8A","FZD6,LRP5"
"2888","WNT8B","FZD6,LRP5"
"2889","WNT9A","FZD6,LRP5"
"2890","WNT9B","FZD6,LRP5"
"2891","WNT1","FZD6,LRP6"
"2892","WNT10A","FZD6,LRP6"
"2893","WNT10B","FZD6,LRP6"
"2894","WNT16","FZD6,LRP6"
"2895","WNT2","FZD6,LRP6"
"2896","WNT2B","FZD6,LRP6"
"2897","WNT3","FZD6,LRP6"
"2898","WNT3A","FZD6,LRP6"
"2899","WNT4","FZD6,LRP6"
"2900","WNT5B","FZD6,LRP6"
"2901","WNT6","FZD6,LRP6"
"2902","WNT7A","FZD6,LRP6"
"2903","WNT7B","FZD6,LRP6"
"2904","WNT8A","FZD6,LRP6"
"2905","WNT8B","FZD6,LRP6"
"2906","WNT9A","FZD6,LRP6"
"2907","WNT9B","FZD6,LRP6"
"2908","SFRP1","FZD6"
"2909","WNT11","FZD6"
"2910","WNT4","FZD6"
"2911","WNT5A","FZD6"
"2912","WNT5B","FZD6"
"2913","WNT1","FZD7,LRP5"
"2914","WNT10A","FZD7,LRP5"
"2915","WNT10B","FZD7,LRP5"
"2916","WNT16","FZD7,LRP5"
"2917","WNT2","FZD7,LRP5"
"2918","WNT2B","FZD7,LRP5"
"2919","WNT3","FZD7,LRP5"
"2920","WNT3A","FZD7,LRP5"
"2921","WNT4","FZD7,LRP5"
"2922","WNT5B","FZD7,LRP5"
"2923","WNT6","FZD7,LRP5"
"2924","WNT7A","FZD7,LRP5"
"2925","WNT7B","FZD7,LRP5"
"2926","WNT8A","FZD7,LRP5"
"2927","WNT8B","FZD7,LRP5"
"2928","WNT9A","FZD7,LRP5"
"2929","WNT9B","FZD7,LRP5"
"2930","WNT1","FZD7,LRP6"
"2931","WNT10A","FZD7,LRP6"
"2932","WNT10B","FZD7,LRP6"
"2933","WNT16","FZD7,LRP6"
"2934","WNT2","FZD7,LRP6"
"2935","WNT2B","FZD7,LRP6"
"2936","WNT3","FZD7,LRP6"
"2937","WNT3A","FZD7,LRP6"
"2938","WNT4","FZD7,LRP6"
"2939","WNT5B","FZD7,LRP6"
"2940","WNT6","FZD7,LRP6"
"2941","WNT7A","FZD7,LRP6"
"2942","WNT7B","FZD7,LRP6"
"2943","WNT8A","FZD7,LRP6"
"2944","WNT8B","FZD7,LRP6"
"2945","WNT9A","FZD7,LRP6"
"2946","WNT9B","FZD7,LRP6"
"2947","MYOC","FZD7"
"2948","WNT11","FZD7"
"2949","WNT3","FZD7"
"2950","WNT5A","FZD7"
"2951","WNT5B","FZD7"
"2952","IGFBP4","FZD8"
"2953","WNT1","FZD8,LRP5"
"2954","WNT10A","FZD8,LRP5"
"2955","WNT10B","FZD8,LRP5"
"2956","WNT16","FZD8,LRP5"
"2957","WNT2","FZD8,LRP5"
"2958","WNT2B","FZD8,LRP5"
"2959","WNT3","FZD8,LRP5"
"2960","WNT3A","FZD8,LRP5"
"2961","WNT4","FZD8,LRP5"
"2962","WNT5B","FZD8,LRP5"
"2963","WNT6","FZD8,LRP5"
"2964","WNT7A","FZD8,LRP5"
"2965","WNT7B","FZD8,LRP5"
"2966","WNT8A","FZD8,LRP5"
"2967","WNT8B","FZD8,LRP5"
"2968","WNT9A","FZD8,LRP5"
"2969","WNT9B","FZD8,LRP5"
"2970","WNT1","FZD8,LRP6"
"2971","WNT10A","FZD8,LRP6"
"2972","WNT10B","FZD8,LRP6"
"2973","WNT16","FZD8,LRP6"
"2974","WNT2","FZD8,LRP6"
"2975","WNT2B","FZD8,LRP6"
"2976","WNT3","FZD8,LRP6"
"2977","WNT3A","FZD8,LRP6"
"2978","WNT4","FZD8,LRP6"
"2979","WNT5B","FZD8,LRP6"
"2980","WNT6","FZD8,LRP6"
"2981","WNT7A","FZD8,LRP6"
"2982","WNT7B","FZD8,LRP6"
"2983","WNT8A","FZD8,LRP6"
"2984","WNT8B","FZD8,LRP6"
"2985","WNT9A","FZD8,LRP6"
"2986","WNT9B","FZD8,LRP6"
"2987","RSPO1","FZD8"
"2988","RSPO3","FZD8"
"2989","WNT1","FZD8"
"2990","WNT11","FZD8"
"2991","WNT3A","FZD8"
"2992","WNT4","FZD8"
"2993","WNT5A","FZD8"
"2994","WNT5B","FZD8"
"2995","WNT1","FZD9,LRP5"
"2996","WNT10A","FZD9,LRP5"
"2997","WNT10B","FZD9,LRP5"
"2998","WNT16","FZD9,LRP5"
"2999","WNT2","FZD9,LRP5"
"3000","WNT2B","FZD9,LRP5"
"3001","WNT3","FZD9,LRP5"
"3002","WNT3A","FZD9,LRP5"
"3003","WNT4","FZD9,LRP5"
"3004","WNT5B","FZD9,LRP5"
"3005","WNT6","FZD9,LRP5"
"3006","WNT7A","FZD9,LRP5"
"3007","WNT7B","FZD9,LRP5"
"3008","WNT8A","FZD9,LRP5"
"3009","WNT8B","FZD9,LRP5"
"3010","WNT9A","FZD9,LRP5"
"3011","WNT9B","FZD9,LRP5"
"3012","WNT1","FZD9,LRP6"
"3013","WNT10A","FZD9,LRP6"
"3014","WNT10B","FZD9,LRP6"
"3015","WNT16","FZD9,LRP6"
"3016","WNT2","FZD9,LRP6"
"3017","WNT2B","FZD9,LRP6"
"3018","WNT3","FZD9,LRP6"
"3019","WNT3A","FZD9,LRP6"
"3020","WNT4","FZD9,LRP6"
"3021","WNT5B","FZD9,LRP6"
"3022","WNT6","FZD9,LRP6"
"3023","WNT7A","FZD9,LRP6"
"3024","WNT7B","FZD9,LRP6"
"3025","WNT8A","FZD9,LRP6"
"3026","WNT8B","FZD9,LRP6"
"3027","WNT9A","FZD9,LRP6"
"3028","WNT9B","FZD9,LRP6"
"3029","WNT1","FZD9"
"3030","WNT11","FZD9"
"3031","WNT2","FZD9"
"3032","WNT5A","FZD9"
"3033","WNT5B","FZD9"
"3034","WNT7A","FZD9"
"3035","GAD1","GRM4"
"3036","GALP","GALR1"
"3037","GALP","GALR2"
"3038","GALP","GALR3"
"3039","SPX","GALR2"
"3040","SPX","GALR3"
"3041","GAL","GALR1"
"3042","GAL","GALR2"
"3043","GAL","GALR3"
"3044","GAL","GPR151"
"3045","GAL","GRM7"
"3046","GAL","HLA-DPA1"
"3047","GAL","MTNR1A"
"3048","SHH","GAS1"
"3049","GAS6","MERTK"
"3050","GAS6","TYRO3"
"3051","GAST","GPR152"
"3052","GAST","KIR2DL3"
"3053","GCG","GCGR"
"3054","GCG","GIPR"
"3055","GCG","GLP1R"
"3056","GCG","GLP2R"
"3057","GCG","GPR20"
"3058","GCG","GPR84"
"3059","GCG","IDE"
"3060","GCG","PTH1R"
"3061","GCG","RAMP2"
"3062","GCG","RAMP3"
"3063","GCG","TSHR"
"3064","GCG","VIPR1"
"3065","GC","LRP2"
"3066","GDF15","GFRAL"
"3067","GDF15","RET"
"3068","GDF15","TGFBR2"
"3069","GDF1","HTR4"
"3070","GDF3","TDGF1"
"3071","GDF5","ROR2"
"3072","GDF9","ORAI2"
"3073","GDNF","GFRA1"
"3074","GDNF","RET,GFRA1"
"3075","GDNF","GFRA2,RET"
"3076","GDNF","GFRA3"
"3077","GDNF","NCAM1"
"3078","GDNF","SLC44A5"
"3079","NCAM1","GFRA1"
"3080","NRTN","GFRA1,RET"
"3081","PSPN","GFRA1"
"3082","NRTN","GFRA2"
"3083","NRTN","RET,GFRA2"
"3084","PSPN","GFRA2"
"3085","NRTN","GFRA3"
"3086","PSPN","GFRA3"
"3087","PSPN","GFRA4"
"3088","PSPN","RET,GFRA4"
"3089","GH1","GHR"
"3090","GH1","PRLR"
"3091","GH2","GHR"
"3092","GHRL","GHRHR"
"3093","GHRH","GHRHR"
"3094","GHRH","GHSR"
"3095","GHRH","GPR20"
"3096","GHRH","GPR84"
"3097","GHRH","PTH1R"
"3098","GHRH","RAMP2"
"3099","GHRH","RAMP3"
"3100","GHRH","TSHR"
"3101","GHRH","VIPR1"
"3102","GHRH","VIPR2"
"3103","GHRL","GHSR"
"3104","GHRL","GPR39"
"3105","GHRL","MLNR"
"3106","GHRL","PTGER3"
"3107","GHRL","PTGIR"
"3108","GHRL","TBXA2R"
"3109","LEAP2","GHSR"
"3110","GIP","GIPR"
"3111","GIP","GPR20"
"3112","GIP","GPR84"
"3113","GIP","INSR"
"3114","GIP","PTH1R"
"3115","GIP","RAMP2"
"3116","GIP","RAMP3"
"3117","GIP","TSHR"
"3118","GIP","VIPR1"
"3119","RTN4","GJB2"
"3120","SELE","GLG1"
"3121","GNRH1","GNRHR"
"3122","GNRH2","GNRHR"
"3123","VWF","GP1BA,GP1BB"
"3124","GP1BA","ITGB2,ITGAM"
"3125","KNG1","GP1BA"
"3126","VWF","GP5"
"3127","LTF","GP9"
"3128","VWF","GP9"
"3129","LAMA1","GPC1"
"3130","NRG1","GPC1"
"3131","SERPINC1","GPC1"
"3132","SHH","GPC1"
"3133","SLIT1","GPC1"
"3134","SLIT2","GPC1"
"3135","TDGF1","GPC1"
"3136","VEGFA","GPC1"
"3137","MDK","GPC2"
"3138","GPC3","IGF1R"
"3139","GPC3","LRP1"
"3140","GPC3","LRP2"
"3141","SHH","GPC5"
"3142","GPC6","LRP1"
"3143","GPC6","LRP2"
"3144","GPHA2","TSHR"
"3145","GPHB5","TSHR"
"3146","LPL","GPIHBP1"
"3147","GPI","NTRK1"
"3148","KNG1","GPR135"
"3149","IFNA8","GPR152"
"3150","IGF2","GPR152"
"3151","LTF","GPR162"
"3152","P4HB","GPR162"
"3153","TF","GPR162"
"3154","PCSK1N","GPR171"
"3155","IAPP","GPR20"
"3156","INSL3","GPR20"
"3157","LHB","GPR20"
"3158","NPS","GPR20"
"3159","POMC","GPR20"
"3160","PTH","GPR20"
"3161","PTH2","GPR20"
"3162","PTHLH","GPR20"
"3163","RLN2","GPR20"
"3164","RLN3","GPR20"
"3165","SCT","GPR20"
"3166","TSHB","GPR20"
"3167","VIP","GPR20"
"3168","RETN","GPR25"
"3169","PSAP","GPR37L1"
"3170","PSAP","GPR37"
"3171","NPY","GPR83"
"3172","PPY","GPR83"
"3173","PYY","GPR83"
"3174","IAPP","GPR84"
"3175","INSL3","GPR84"
"3176","LHB","GPR84"
"3177","NPS","GPR84"
"3178","POMC","GPR84"
"3179","PTH","GPR84"
"3180","PTH2","GPR84"
"3181","PTHLH","GPR84"
"3182","RLN2","GPR84"
"3183","RLN3","GPR84"
"3184","SCT","GPR84"
"3185","TSHB","GPR84"
"3186","VIP","GPR84"
"3187","SHBG","GPRC6A"
"3188","GREM1","KDR"
"3189","IL16","GRIN2A"
"3190","IL16","GRIN2B"
"3191","VEGFA","GRIN2B"
"3192","IL16","GRIN2C"
"3193","HRAS","GRIN2D"
"3194","HSPA1A","GRIN2D"
"3195","IL16","GRIN2D"
"3196","HEBP1","GRM7"
"3197","INSL5","GRM7"
"3198","KNG1","GRM7"
"3199","MT-RNR2","GRM7"
"3200","NMS","GRM7"
"3201","NMU","GRM7"
"3202","NPB","GRM7"
"3203","NPW","GRM7"
"3204","NPY","GRM7"
"3205","PDYN","GRM7"
"3206","PENK","GRM7"
"3207","PF4","GRM7"
"3208","PMCH","GRM7"
"3209","PNOC","GRM7"
"3210","POMC","GRM7"
"3211","PPBP","GRM7"
"3212","PPY","GRM7"
"3213","PYY","GRM7"
"3214","RLN3","GRM7"
"3215","SAA1","GRM7"
"3216","SST","GRM7"
"3217","GRN","NTRK1"
"3218","GRN","SORT1"
"3219","GRN","TNFRSF1A"
"3220","GRN","TNFRSF1B"
"3221","NMB","GRPR"
"3222","GRP","GRPR"
"3223","GRP","NMBR"
"3224","GSTM2","RYR2"
"3225","GSTO1","RYR1"
"3226","GSTP1","TRAF2"
"3227","IL2","GYPE"
"3228","GZMA","PARD3"
"3229","GZMB","IGF2R"
"3230","GZMB","PGRMC1"
"3231","HAS2","HMMR"
"3232","HAVCR1","HAVCR1"
"3233","TIMD4","HAVCR1"
"3234","HMGB1","HAVCR2"
"3235","LGALS9","HAVCR2"
"3236","HBEGF","PRLR"
"3237","HCRT","HCRTR1"
"3238","HCRT","HCRTR2"
"3239","HCRT","NPFFR2"
"3240","MICA","KLRK1,HCST"
"3241","MICB","KLRK1,HCST"
"3242","RAET1E","KLRK1,HCST"
"3243","RAET1G","KLRK1,HCST"
"3244","RAET1L","KLRK1,HCST"
"3245","KLRK1,HCST","ULBP1,HCST"
"3246","ULBP2","KLRK1,HCST"
"3247","ULBP3","KLRK1,HCST"
"3248","HDC","HRH1"
"3249","HDC","HRH2"
"3250","HDC","HRH3"
"3251","HDC","HRH4"
"3252","HEBP1","MTNR1A"
"3253","RGMA","HFE"
"3254","TF","HFE"
"3255","HGF","ITGB1"
"3256","HGF","MET"
"3257","HGF","NRP1"
"3258","HGF","SDC1"
"3259","HGF","SDC2"
"3260","HGF","ST14"
"3261","IHH","HHIP"
"3262","SHH","HHIP"
"3263","HHLA2","TMIGD2"
"3264","RGMA","HJV"
"3265","RGMB","HJV"
"3266","HLA-A","KIR2DL1"
"3267","HLA-A","KIR2DL3"
"3268","HLA-A","KIR3DL1"
"3269","HLA-A","KIR3DL2"
"3270","HLA-A","LILRA1"
"3271","HLA-A","LILRB1"
"3272","HLA-A","LILRB2"
"3273","HLA-B","KIR2DL3"
"3274","HLA-B","KIR3DL1"
"3275","HLA-B","KIR3DL2"
"3276","HLA-B","KLRD1"
"3277","HLA-B","LILRA1"
"3278","HLA-B","LILRB1"
"3279","HLA-B","LILRB2"
"3280","HLA-C","KIR2DL1"
"3281","HLA-C","KIR2DL2"
"3282","HLA-C","KIR2DL3"
"3283","HLA-C","KIR2DS4"
"3284","HLA-C","KIR3DL1"
"3285","HLA-C","LILRA1"
"3286","HLA-C","LILRA3"
"3287","HLA-C","LILRB1"
"3288","HLA-C","LILRB2"
"3289","HLA-C","NOTCH4"
"3290","HLA-C","SLC9C2"
"3291","TSHB","HLA-C"
"3292","HLA-DPA1","LAG3"
"3293","TNFSF9","HLA-DPA1"
"3294","HLA-DPA2","LAG3"
"3295","HLA-DPA3","LAG3"
"3296","HLA-DPB1","LAG3"
"3297","NRG1","HLA-DPB1"
"3298","TNFSF13B","HLA-DPB1"
"3299","HLA-DPB2","LAG3"
"3300","HLA-DQA1","LAG3"
"3301","HLA-DQA2","LAG3"
"3302","HLA-DQB1","LAG3"
"3303","HLA-DQB2","LAG3"
"3304","PRL","HLA-DQB2"
"3305","HLA-DQB3","LAG3"
"3306","HLA-DRA","LAG3"
"3307","HLA-DRB1","LAG3"
"3308","OGN","HLA-DRB1"
"3309","HLA-DRB2","LAG3"
"3310","HLA-DRB3","LAG3"
"3311","HLA-DRB4","LAG3"
"3312","HLA-DRB5","LAG3"
"3313","HLA-DRB6","LAG3"
"3314","HLA-DRB7","LAG3"
"3315","HLA-DRB8","LAG3"
"3316","HLA-DRB9","LAG3"
"3317","HLA-E","KIR3DL1"
"3318","HLA-E","KLRC1"
"3319","HLA-E","KLRD1,KLRC1"
"3320","HLA-E","KLRC2"
"3321","HLA-E","KLRD1,KLRC2"
"3322","HLA-E","KLRD1,KLRC3"
"3323","HLA-E","KLRK1"
"3324","HLA-E","SLC16A4"
"3325","HLA-F","KIR3DL1"
"3326","HLA-F","KIR3DL2"
"3327","HLA-F","KIR3DS1"
"3328","HLA-F","LILRB1"
"3329","HLA-F","LILRB2"
"3330","HLA-G","KIR2DL4"
"3331","HLA-G","KIR3DL1"
"3332","HLA-G","KLRC1"
"3333","HLA-G","KLRD1"
"3334","LILRB1","HLA-G"
"3335","HLA-G","LILRB2"
"3336","HMGB1","SDC1"
"3337","HMGB1","THBD"
"3338","HMGB1","TLR2"
"3339","HMGB1","TLR4"
"3340","HMGB1","TLR9"
"3341","HPX","LRP1"
"3342","HP","ITGAM"
"3343","HP","ITGB2"
"3344","HP","TLR4"
"3345","HRAS","INSR"
"3346","HRAS","SDC2"
"3347","HRAS","TLR2"
"3348","HRAS","TLR9"
"3349","IL6","HRH1"
"3350","HSPA1A","TLR4"
"3351","HSPA4","TLR4"
"3352","HSPG2","ITGA2"
"3353","HSPG2","ITGB1"
"3354","HSPG2","LRP1"
"3355","HSPG2","LRP2"
"3356","HSPG2","PTPRS"
"3357","HSPG2","SDC1"
"3358","TPH1","HTR1A"
"3359","TPH1","HTR1B"
"3360","TPH1","HTR1D"
"3361","TPH1","HTR1E"
"3362","TPH1","HTR1F"
"3363","PON2","HTR2A"
"3364","TPH1","HTR2A"
"3365","TPH1","HTR2B"
"3366","LIN7C","HTR2C"
"3367","TPH1","HTR2C"
"3368","TPH1","HTR4"
"3369","TPH1","HTR5A"
"3370","TPH1","HTR6"
"3371","TPH1","HTR7"
"3372","IAPP","IDE"
"3373","IAPP","PTH1R"
"3374","IAPP","RAMP1"
"3375","IAPP","RAMP2"
"3376","IAPP","RAMP3"
"3377","IAPP","TSHR"
"3378","IAPP","VIPR1"
"3379","IBSP","ITGAV,ITGB3"
"3380","IBSP","ITGAV,ITGB5"
"3381","ICAM1","IL2RA"
"3382","ICAM1","IL2RG"
"3383","ICAM1","ITGAL"
"3384","ITGAL	,ITGB2","ICAM1"
"3385","ITGB2,ITGAL","ICAM1,ITGB2"
"3386","ITGB2,ITGAM","ICAM1,ITGB2"
"3387","ITGAX,ITGB2","ICAM1,ITGB2"
"3388","ICAM1","ITGB2"
"3389","ICAM1","MUC1"
"3390","SPN","ICAM1"
"3391","ITGAL	,ITGB2","ICAM2"
"3392","ICAM2","ITGB2,ITGAL"
"3393","ICAM2","ITGAM,ITGB2"
"3394","ICAM2","ITGB2"
"3395","ICAM3","ITGB2,ITGAD"
"3396","ITGAL	,ITGB2","ICAM3"
"3397","ICAM3","ITGB2,ITGAL"
"3398","ICAM4","ITGA2B"
"3399","ICAM4","ITGA4"
"3400","ICAM4","ITGB2,ITGAL"
"3401","ICAM4","ITGAM"
"3402","ICAM4","ITGAV"
"3403","ICAM4","ITGB1"
"3404","ICAM4","ITGB3"
"3405","ICAM4","RHAG"
"3406","ICAM5","ITGAL"
"3407","ICAM5","ITGB2"
"3408","ICOSLG","ICOS"
"3409","TNF","ICOS"
"3410","IGF2","IDE"
"3411","INS","IDE"
"3412","IFNA10","IFNAR1,IFNAR2"
"3413","IFNA13","IFNAR1"
"3414","IFNA13","IFNAR2"
"3415","IFNA14","IFNAR1,IFNAR2"
"3416","IFNA16","IFNAR1,IFNAR2"
"3417","IFNA17","IFNAR1,IFNAR2"
"3418","IFNA1","IFNAR1,IFNAR2"
"3419","IFNA21","IFNAR1,IFNAR2"
"3420","IFNA2","IFNAR1,IFNAR2"
"3421","IFNA4","IFNAR1,IFNAR2"
"3422","IFNA5","IFNAR1,IFNAR2"
"3423","IFNA6","IFNAR1,IFNAR2"
"3424","IFNA7","IFNAR1,IFNAR2"
"3425","IFNA8","IFNAR1,IFNAR2"
"3426","IFNB1","IFNAR1,IFNAR2"
"3427","IFNE","IFNAR1,IFNAR2"
"3428","IFNK","IFNAR1,IFNAR2"
"3429","IFNW1","IFNAR1,IFNAR2"
"3430","MMP9","IFNAR1"
"3431","IFNG","IFNGR1,IFNGR2"
"3432","IFNL1","IL10RB,IFNLR1"
"3433","IFNL2","IL10RB,IFNLR1"
"3434","IFNL3","IFNLR1,IL10RB"
"3435","IFNL4","IFNLR1"
"3436","IFNL4","IL10RB"
"3437","IGF2","IGF1R"
"3438","INS","IGF1R"
"3439","IGF1","IGF1R"
"3440","IGF1","IGF2R"
"3441","IGF1","INSR"
"3442","IGF1","ITGB4,ITGA6"
"3443","IGF1","ITGAV,ITGB3"
"3444","IGF1","TRPV2"
"3445","PLAU","IGF2R"
"3446","PLG","IGF2R"
"3447","IGF2","IGF2R"
"3448","IGF2","INSR"
"3449","IGF2","ITGA6,ITGB4"
"3450","IGF2","ITGAV,ITGB3"
"3451","IGFBP4","LRP6"
"3452","IGFL1","IGFLR1"
"3453","IGFL2","IGFLR1"
"3454","IGFL3","IGFLR1"
"3455","IGSF11","VSIR"
"3456","IHH","PTCH1"
"3457","IHH","PTCH2"
"3458","IL22","IL10RA"
"3459","IL26","IL20RA,IL10RB"
"3460","IL22","IL22RA1,IL10RB"
"3461","IL24","IL10RB"
"3462","UCN2","IL10RB"
"3463","UCN3","IL10RB"
"3464","IL10","IL10RA,IL10RB"
"3465","IL10","SIRPG"
"3466","IL11","IL11RA,IL6ST"
"3467","IL12A,IL12B","IL12RB1,IL12RB2"
"3468","IL27,IL12A","IL27RA,IL12RB2"
"3469","IL12B","IL12RB1,IL12RB2"
"3470","IL12B,IL23A","IL12RB1,IL23R"
"3471","IL23A","IL23R,IL12RB1"
"3472","IL23A","IL12RB2"
"3473","IL4","IL13RA1,IL4R"
"3474","IL4","IL13RA2"
"3475","IL4","IL4R,IL13RA2"
"3476","NAMPT","IL13RA2"
"3477","TNFSF9","IL13RA2"
"3478","IL13","IL13RA1"
"3479","IL13","IL13RA1,IL4R"
"3480","IL13","IL13RA2"
"3481","IL13","IL4R,IL13RA2"
"3482","IL13","IL2RG"
"3483","IL13","TMEM219"
"3484","IL15","IL15RA"
"3485","IL15","IL15RA,IL2RB"
"3486","IL15","IL15RA,IL2RB,IL2RG"
"3487","IL15","IL2RA"
"3488","IL15","IL2RB,IL2RG"
"3489","IL16","KCNA3"
"3490","IL16","KCND1"
"3491","IL16","KCND2"
"3492","IL16","KCNJ10"
"3493","IL16","KCNJ15"
"3494","IL16","KCNJ4"
"3495","IL17A,IL17F","IL17RA,IL17RC"
"3496","IL17A","IL17RA,IL17RC"
"3497","IL17B","IL17RB"
"3498","IL17C","IL17RA,IL17RE"
"3499","IL17F","IL17RA,IL17RC"
"3500","IL25","IL17RA,IL17RB"
"3501","IL25","IL17RB"
"3502","IL37","IL18R1,IL18RAP"
"3503","IL37","IL18R1,SIGIRR"
"3504","IL18","IL18BP"
"3505","IL18","IL18R1,IL18RAP"
"3506","IL18","IL18,IL18R1,IL18RAP"
"3507","IL18","IL1RAPL1"
"3508","IL18","IL1RL2"
"3509","IL19","IL20RA,IL20RB"
"3510","IL1A","IL1R1,IL1RAP"
"3511","IL1A","IL1R2"
"3512","IL1A","IL1R2,IL1RAP"
"3513","IL1B","IL1R1,IL1RAP"
"3514","IL1B","IL1R2"
"3515","IL1B","IL1R2,IL1RAP"
"3516","IL1B","SIGIRR"
"3517","IL1F10","IL1R1"
"3518","IL1F10","IL1RAPL1"
"3519","IL1F10","IL1RAPL2"
"3520","IL1F10","IL1RL2,IL1RAP"
"3521","IL1F10","IL1RL2"
"3522","IL1F10","SIGIRR"
"3523","IL1RN","IL1R1,IL1RAP"
"3524","IL1RN","IL1R1"
"3525","IL1RN","IL1R2,IL1RAP"
"3526","IL1RN","IL1R2"
"3527","IL37","IL1RAPL1"
"3528","IL1RAPL1","PTPRD"
"3529","IL1RAPL1","PTPRF"
"3530","IL1RAPL1","PTPRS"
"3531","IL33","IL1RL1,IL1RAP"
"3532","IL36A","IL1RL2,IL1RAP"
"3533","IL36B","IL1RL2,IL1RAP"
"3534","IL36G","IL1RL2,IL1RAP"
"3535","IL36RN","IL1RL2,IL1RAP"
"3536","IL1RN","IL1RL2"
"3537","IL36RN","IL1RL2"
"3538","IL24","IL20RA,IL20RB"
"3539","IL24","IL22RA1,IL20RB"
"3540","IL22","IL22RA1,IL20RB"
"3541","IL26","IL20RB"
"3542","IL20","IL20RA,IL20RB"
"3543","IL20","IL22RA1,IL20RB"
"3544","IL22","IL21R"
"3545","IL21","IL21R,IL2RG"
"3546","IL22","IL22RA2"
"3547","IL24","NOTCH2"
"3548","IL4","IL2RG,IL4R"
"3549","IL7","IL7R,IL2RG"
"3550","IL9","IL9R,IL2RG"
"3551","IL2","IL2RA,IL2RB,IL2RG"
"3552","IL2","IL2RB,IL2RG"
"3553","IL2","NGFR"
"3554","IL31","IL31RA,OSMR"
"3555","IL32","ITGB3"
"3556","IL34","PTPRZ1"
"3557","IL36A","IL36RN"
"3558","IL36B","IL36RN"
"3559","IL36G","IL36RN"
"3560","IL4","IL4R"
"3561","OSM","LIFR,IL6ST"
"3562","LIF","LIFR,IL6ST"
"3563","OSM","OSMR,IL6ST"
"3564","IL6","IL6R,IL6ST"
"3565","INHA","TGFBR3"
"3566","INHBA","TGFBR3"
"3567","INSL3","PTH1R"
"3568","INSL3","RAMP2"
"3569","INSL3","RAMP3"
"3570","INSL3","RXFP1"
"3571","INSL3","RXFP2"
"3572","INSL3","RXFP3"
"3573","INSL3","RXFP4"
"3574","INSL3","TSHR"
"3575","INSL3","VIPR1"
"3576","INSL5","MTNR1A"
"3577","INSL5","RXFP1"
"3578","INSL5","RXFP2"
"3579","INSL5","RXFP3"
"3580","INSL5","RXFP4"
"3581","NAMPT","INSR"
"3582","SORBS1","INSR"
"3583","INS","INSR"
"3584","INS","LILRB1"
"3585","INS","LILRB2"
"3586","INS","LRP2"
"3587","LAMA1","ITGA1,ITGB1"
"3588","LAMA2","ITGA1,ITGB1"
"3589","LAMA3","ITGA1,ITGB1"
"3590","LAMA4","ITGA1,ITGB1"
"3591","LAMA5","ITGA1,ITGB1"
"3592","LAMB1","ITGA1,ITGB1"
"3593","LAMB2","ITGA1,ITGB1"
"3594","LAMB3","ITGA1,ITGB1"
"3595","LAMC1","ITGA1,ITGB1"
"3596","LAMC2","ITGA1,ITGB1"
"3597","LAMC3","ITGA1,ITGB1"
"3598","SEMA7A","ITGB1,ITGA1"
"3599","MATN1","ITGA1"
"3600","SORBS1","ITGA1"
"3601","VEGFD","ITGA1"
"3602","PLG","ITGA2B,ITGB3"
"3603","THBS1","ITGA2B,ITGB3"
"3604","TNC","ITGA2B,ITGB3"
"3605","TNN","ITGA2B,ITGB3"
"3606","TNR","ITGA2B,ITGB3"
"3607","TNXB","ITGA2B,ITGB3"
"3608","VTN","ITGA2B,ITGB3"
"3609","VWF","ITGA2B,ITGB3"
"3610","LAMA1","ITGA2,ITGB1"
"3611","LAMA2","ITGA2,ITGB1"
"3612","LAMA3","ITGA2,ITGB1"
"3613","LAMA4","ITGA2,ITGB1"
"3614","LAMA5","ITGA2,ITGB1"
"3615","LAMB1","ITGA2,ITGB1"
"3616","LAMB2","ITGA2,ITGB1"
"3617","LAMB3","ITGA2,ITGB1"
"3618","LAMC1","ITGB1,ITGA2"
"3619","LAMC2","ITGA2,ITGB1"
"3620","LAMC3","ITGA2,ITGB1"
"3621","MMP1","ITGA2"
"3622","TNC","ITGA2"
"3623","VEGFD","ITGA2"
"3624","JAM2","ITGA3,ITGB1"
"3625","LAMA1","ITGA3,ITGB1"
"3626","LAMA2","ITGA3,ITGB1"
"3627","LAMA3","ITGB1,ITGA3"
"3628","LAMA4","ITGA3,ITGB1"
"3629","LAMA5","ITGA3,ITGB1"
"3630","LAMB1","ITGA3,ITGB1"
"3631","LAMB2","ITGA3,ITGB1"
"3632","LAMB3","ITGA3,ITGB1"
"3633","LAMC1","ITGA3,ITGB1"
"3634","LAMC2","ITGA3,ITGB1"
"3635","LAMC3","ITGA3,ITGB1"
"3636","RELN","ITGA3,ITGB1"
"3637","THBS1","ITGB1,ITGA3"
"3638","THBS2","ITGA3,ITGB1"
"3639","THBS3","ITGA3,ITGB1"
"3640","THBS4","ITGA3,ITGB1"
"3641","LGALS8","ITGA3"
"3642","NID1","ITGA3"
"3643","PLAU","ITGA3"
"3644","TIMP2","ITGA3"
"3645","VTN","ITGA3"
"3646","JAM2","ITGB1,ITGA4"
"3647","MDK","ITGA4,ITGB1"
"3648","ITGB1,ITGA4","PLAUR"
"3649","SPP1","ITGB1,ITGA4"
"3650","TNC","ITGB1,ITGA4"
"3651","VCAM1","ITGB1,ITGA4"
"3652","L1CAM","ITGA4,ITGB7"
"3653","MADCAM1","ITGB7,ITGA4"
"3654","VCAM1","ITGB7,ITGA4"
"3655","SPON2","ITGA4"
"3656","TGM2","ITGA4"
"3657","THBS1","ITGA4"
"3658","THBS2","ITGA4"
"3659","VCAN","ITGA4"
"3660","VEGFD","ITGA4"
"3661","L1CAM","ITGB1,ITGA5"
"3662","NAMPT","ITGA5,ITGB1"
"3663","SPP1","ITGA5,ITGB1"
"3664","PLAU","ITGA5"
"3665","SPON2","ITGA5"
"3666","TNC","ITGA5"
"3667","VEGFD","ITGA5"
"3668","VTN","ITGA5"
"3669","LAMA1","ITGA6,ITGB1"
"3670","LAMA2","ITGA6,ITGB1"
"3671","LAMA3","ITGA6,ITGB1"
"3672","LAMA4","ITGA6,ITGB1"
"3673","LAMA5","ITGA6,ITGB1"
"3674","LAMB1","ITGA6,ITGB1"
"3675","LAMB2","ITGA6,ITGB1"
"3676","LAMB3","ITGA6,ITGB1"
"3677","LAMC1","ITGB1,ITGA6"
"3678","LAMC2","ITGA6,ITGB1"
"3679","LAMC3","ITGA6,ITGB1"
"3680","MDK","ITGA6,ITGB1"
"3681","LAMA1","ITGA6,ITGB4"
"3682","LAMA2","ITGA6,ITGB4"
"3683","LAMA3","ITGA6,ITGB4"
"3684","LAMA4","ITGA6,ITGB4"
"3685","LAMA5","ITGA6,ITGB4"
"3686","LAMB1","ITGA6,ITGB4"
"3687","LAMB2","ITGA6,ITGB4"
"3688","LAMB3","ITGA6,ITGB4"
"3689","LAMC1","ITGA6,ITGB4"
"3690","LAMC2","ITGA6,ITGB4"
"3691","LAMC3","ITGA6,ITGB4"
"3692","ITGB4,ITGA6","NRG1"
"3693","THBS1","ITGA6"
"3694","THBS2","ITGA6"
"3695","LAMA1","ITGA7,ITGB1"
"3696","LAMA2","ITGA7,ITGB1"
"3697","LAMA3","ITGA7,ITGB1"
"3698","LAMA4","ITGA7,ITGB1"
"3699","LAMA5","ITGA7,ITGB1"
"3700","LAMB1","ITGA7,ITGB1"
"3701","LAMB2","ITGA7,ITGB1"
"3702","LAMB3","ITGA7,ITGB1"
"3703","LAMC1","ITGB1,ITGA7"
"3704","LAMC2","ITGA7,ITGB1"
"3705","LAMC3","ITGA7,ITGB1"
"3706","TNC","ITGA7"
"3707","NPNT","ITGA8,ITGB1"
"3708","SPP1","ITGA8,ITGB1"
"3709","TNC","ITGB1,ITGA8"
"3710","TNN","ITGA8,ITGB1"
"3711","TNR","ITGA8,ITGB1"
"3712","TNXB","ITGA8,ITGB1"
"3713","VTN","ITGA8,ITGB1"
"3714","LAMA1","ITGA9,ITGB1"
"3715","LAMA2","ITGA9,ITGB1"
"3716","LAMA3","ITGA9,ITGB1"
"3717","LAMA4","ITGA9,ITGB1"
"3718","LAMA5","ITGA9,ITGB1"
"3719","LAMB1","ITGA9,ITGB1"
"3720","LAMB2","ITGA9,ITGB1"
"3721","LAMB3","ITGA9,ITGB1"
"3722","LAMC1","ITGA9,ITGB1"
"3723","LAMC2","ITGA9,ITGB1"
"3724","LAMC3","ITGA9,ITGB1"
"3725","SPP1","ITGB1,ITGA9"
"3726","TNC","ITGB1,ITGA9"
"3727","TNN","ITGA9,ITGB1"
"3728","TNR","ITGA9,ITGB1"
"3729","TNXB","ITGA9,ITGB1"
"3730","VCAM1","ITGB1,ITGA9"
"3731","PLG","ITGA9"
"3732","TGM2","ITGA9"
"3733","VEGFA","ITGA9"
"3734","VEGFC","ITGA9"
"3735","VEGFD","ITGA9"
"3736","VCAM1","ITGB2,ITGAD"
"3737","LYZ","ITGAL"
"3738","JAM3","ITGB2,ITGAM"
"3739","THY1","ITGB2,ITGAM"
"3740","KNG1","ITGAM"
"3741","LPA","ITGAM"
"3742","MMP9","ITGAM"
"3743","PLAT","ITGAM"
"3744","PLAU","ITGAM"
"3745","PLG","ITGAM"
"3746","PROC","ITGAM"
"3747","SELPLG","ITGAM"
"3748","SPON2","ITGAM"
"3749","JAM2","ITGAV,ITGB1"
"3750","SPP1","ITGAV,ITGB1"
"3751","VTN","ITGB1,ITGAV"
"3752","L1CAM","ITGAV,ITGB3"
"3753","LAMC1","ITGAV,ITGB3"
"3754","MMP2","ITGAV,ITGB3"
"3755","NRG1","ITGAV,ITGB3"
"3756","OMD","ITGAV,ITGB3"
"3757","ITGAV,ITGB3","PLAUR"
"3758","POSTN","ITGAV,ITGB3"
"3759","PTN","ITGAV,ITGB3"
"3760","SPP1","ITGAV,ITGB3"
"3761","THBS1","ITGAV,ITGB3"
"3762","THBS2","ITGAV,ITGB3"
"3763","THBS3","ITGAV,ITGB3"
"3764","THBS4","ITGAV,ITGB3"
"3765","THY1","ITGAV,ITGB3"
"3766","TNC","ITGAV,ITGB3"
"3767","TNN","ITGAV,ITGB3"
"3768","TNR","ITGAV,ITGB3"
"3769","TNXB","ITGAV,ITGB3"
"3770","VTN","ITGAV,ITGB3"
"3771","VWF","ITGAV,ITGB3"
"3772","POSTN","ITGAV,ITGB5"
"3773","SPP1","ITGAV,ITGB5"
"3774","VTN","ITGAV,ITGB5"
"3775","SPP1","ITGAV,ITGB6"
"3776","TGFB1","ITGAV,ITGB6"
"3777","TNC","ITGAV,ITGB6"
"3778","TNN","ITGAV,ITGB6"
"3779","TNR","ITGAV,ITGB6"
"3780","TNXB","ITGAV,ITGB6"
"3781","LAMA1","ITGAV,ITGB8"
"3782","LAMA2","ITGAV,ITGB8"
"3783","LAMA3","ITGAV,ITGB8"
"3784","LAMA4","ITGAV,ITGB8"
"3785","LAMA5","ITGAV,ITGB8"
"3786","LAMB1","ITGAV,ITGB8"
"3787","LAMB2","ITGAV,ITGB8"
"3788","LAMB3","ITGAV,ITGB8"
"3789","LAMC1","ITGAV,ITGB8"
"3790","LAMC2","ITGAV,ITGB8"
"3791","LAMC3","ITGAV,ITGB8"
"3792","VTN","ITGAV,ITGB8"
"3793","MFGE8","ITGAV"
"3794","NID1","ITGAV"
"3795","PDGFB","ITGAV"
"3796","PLAU","ITGAV"
"3797","SERPINE1","ITGAV"
"3798","VEGFA","ITGAV"
"3799","VTN","ITGAV"
"3800","THY1","ITGAX,ITGB2"
"3801","JAM3","ITGB1"
"3802","LGALS1","ITGB1"
"3803","LGALS3BP","ITGB1"
"3804","LUM","ITGB1"
"3805","MATN1","ITGB1"
"3806","NID1","ITGB1"
"3807","PLAU","ITGB1"
"3808","PLG","ITGB1"
"3809","SPON2","ITGB1"
"3810","TGFB1","ITGB1"
"3811","TGFB3","ITGB1"
"3812","TGM2","ITGB1"
"3813","TIMP2","ITGB1"
"3814","VCAN","ITGB1"
"3815","VEGFA","ITGB1"
"3816","VEGFC","ITGB1"
"3817","VEGFD","ITGB1"
"3818","KNG1","ITGB2"
"3819","LPA","ITGB2"
"3820","MMP9","ITGB2"
"3821","PLAT","ITGB2"
"3822","PLAU","ITGB2"
"3823","PLG","ITGB2"
"3824","PROC","ITGB2"
"3825","S100A8","ITGB2"
"3826","S100A9","ITGB2"
"3827","SELPLG","ITGB2"
"3828","SPON2","ITGB2"
"3829","ITGB3BP","ITGB5"
"3830","ITGB3BP","ITGB3"
"3831","MFGE8","ITGB3"
"3832","NID1","ITGB3"
"3833","TGFB1","ITGB3"
"3834","TGFB3","ITGB3"
"3835","TGM2","ITGB3"
"3836","VEGFA","ITGB3"
"3837","LTBP1","ITGB5"
"3838","LTBP3","ITGB5"
"3839","PLAU","ITGB5"
"3840","SERPINE1","ITGB5"
"3841","SORBS1","ITGB5"
"3842","TGFB1","ITGB5"
"3843","TGFB3","ITGB5"
"3844","VCL","ITGB5"
"3845","TGFB3","ITGB6"
"3846","VTN","ITGB6"
"3847","TGFB1","ITGB8"
"3848","IZUMO1","IZUMO1R"
"3849","JAG1","NOTCH1"
"3850","JAG1","NOTCH2"
"3851","JAG1","NOTCH3"
"3852","JAG1","NOTCH4"
"3853","JAG2","NOTCH1"
"3854","JAG2","NOTCH2"
"3855","JAG2","NOTCH3"
"3856","JAG2","NOTCH4"
"3857","JAM2","JAM2"
"3858","JAM3","JAM2"
"3859","JAM3","JAM3"
"3860","LIN7C","KCNJ4"
"3861","PDGFC","KDR"
"3862","SEMA6D","PLXNA1,KDR"
"3863","TIMP3","KDR"
"3864","VEGFA","KDR"
"3865","VEGFC","KDR"
"3866","VEGFD","KDR"
"3867","VTN","KDR"
"3868","NGF","KIDINS220"
"3869","KISS1","KISS1R"
"3870","KISS1","MMP24"
"3871","KITLG","KIT"
"3872","KLK3","NGFR"
"3873","KLK3","NTRK1"
"3874","TNFSF9","KLRG2"
"3875","WNT11","KLRG2"
"3876","WNT5B","KLRG2"
"3877","MICA","KLRK1"
"3878","MICB","KLRK1"
"3879","ULBP1","KLRK1"
"3880","KMT2E","NCR2"
"3881","KNG1","MTNR1A"
"3882","KNG1","PLAUR"
"3883","KNG1","RXFP4"
"3884","KNG1","SDC2"
"3885","KRTAP4-12","LINGO1"
"3886","KRTAP4-12","PDGFRB"
"3887","KRTAP4-12","PLSCR4"
"3888","L1CAM","L1CAM"
"3889","L1CAM","NCAM1"
"3890","NCAM2","L1CAM"
"3891","L1CAM","PTPRZ1"
"3892","LACRT","SDC1"
"3893","LGALS3","LAG3"
"3894","SNCA","LAG3"
"3895","LAIR1","LILRB3"
"3896","LAIR1","LILRB4"
"3897","SFTPD","LAIR1"
"3898","LAMA1","NT5E"
"3899","LAMA1","RPSA"
"3900","LAMA1","SDC2"
"3901","LAMA1","SDC4"
"3902","LAMA1","SV2A"
"3903","LAMA1","SV2B"
"3904","LAMA1","SV2C"
"3905","LAMA1","TMPRSS6"
"3906","LAMA2","RPSA"
"3907","LAMA2","SV2A"
"3908","LAMA2","SV2B"
"3909","LAMA2","SV2C"
"3910","LAMA3","SDC2"
"3911","LAMA3","SV2A"
"3912","LAMA3","SV2B"
"3913","LAMA3","SV2C"
"3914","LAMA4","SV2A"
"3915","LAMA4","SV2B"
"3916","LAMA4","SV2C"
"3917","LAMA5","SDC1"
"3918","LAMA5","SV2A"
"3919","LAMA5","SV2B"
"3920","LAMA5","SV2C"
"3921","LAMB1","SV2A"
"3922","LAMB1","SV2B"
"3923","LAMB1","SV2C"
"3924","LAMB2","RPSA"
"3925","LAMB2","SV2A"
"3926","LAMB2","SV2B"
"3927","LAMB2","SV2C"
"3928","LAMB3","SV2A"
"3929","LAMB3","SV2B"
"3930","LAMB3","SV2C"
"3931","LAMC1","SV2A"
"3932","LAMC1","SV2B"
"3933","LAMC1","SV2C"
"3934","LAMC2","SV2A"
"3935","LAMC2","SV2B"
"3936","LAMC2","SV2C"
"3937","LAMC3","SV2A"
"3938","LAMC3","SV2B"
"3939","LAMC3","SV2C"
"3940","VSTM1","LAMP1"
"3941","SYK","LAT"
"3942","LCN1","LMBR1L"
"3943","LCN2","LRP2"
"3944","LRPAP1","LDLR"
"3945","PCSK9","LDLR"
"3946","PF4","LDLR"
"3947","RPS27A","LDLR"
"3948","TF","LDLR"
"3949","WNT5A","LDLR"
"3950","WNT7A","LDLR"
"3951","LEFTY1","TDGF1"
"3952","LEFTY2","TDGF1"
"3953","LEP","LEPR"
"3954","LEP","LRP2"
"3955","LGALS1","LGALS1"
"3956","LGALS1","PTPRC"
"3957","LGALS3BP","VANGL1"
"3958","LGALS9","LRP1"
"3959","LGALS9","MET"
"3960","LGALS9","MRC2"
"3961","LGALS9","PTPRC"
"3962","LGALS9","PTPRK"
"3963","LGALS9","SLC1A5"
"3964","LGALS9","SORL1"
"3965","LGI1","RTN4R"
"3966","LGI3","STX1A"
"3967","RSPO4","LGR4,LRP5"
"3968","RSPO4","LGR4,LRP6"
"3969","NDP","LGR4"
"3970","NRG1","LGR4"
"3971","RSPO1","LGR4"
"3972","RSPO2","LGR4"
"3973","RSPO3","LGR4"
"3974","RSPO4","LGR4"
"3975","TNFSF11","LGR4"
"3976","RSPO4","LGR5,LRP5"
"3977","RSPO4","LGR5,LRP6"
"3978","RSPO1","LGR5"
"3979","RSPO2","LGR5"
"3980","RSPO3","LGR5"
"3981","RSPO4","LGR5"
"3982","WNT3A","LGR5"
"3983","RSPO1","LGR6"
"3984","RSPO2","LGR6"
"3985","RSPO3","LGR6"
"3986","RSPO4","LGR6"
"3987","LHB","LHCGR"
"3988","LHB","PTH1R"
"3989","LHB","RAMP2"
"3990","LHB","RAMP3"
"3991","LHB","TSHR"
"3992","LHB","VIPR1"
"3993","SEMA4A","LILRB2"
"3994","OMG","LINGO1"
"3995","RTN4","LINGO1"
"3996","LIPC","LRP1"
"3997","LIPH","LPAR1"
"3998","LIPH","LPAR2"
"3999","LIPH","LPAR4"
"4000","SCGB1A1","LMBR1L"
"4001","LPA","LPAR1"
"4002","LPA","LPAR2"
"4003","LPA","LPAR3"
"4004","LPA","LPAR4"
"4005","LPA","LRP2"
"4006","LPL","LRP1"
"4007","LPL","LRP2"
"4008","LPL","SDC1"
"4009","LPL","VLDLR"
"4010","LRFN3","LRFN3"
"4011","LRFN5","LRFN5"
"4012","LRIG1","MET"
"4013","LTF","LRP11"
"4014","LRP1B","PLAUR"
"4015","LRPAP1","LRP1"
"4016","LTF","LRP1"
"4017","MDK","LRP1"
"4018","MMP13","LRP1"
"4019","MMP9","LRP1"
"4020","PCSK9","LRP1"
"4021","PDGFB","LRP1"
"4022","PF4","LRP1"
"4023","PLAT","LRP1"
"4024","PLAU","LRP1"
"4025","PSAP","LRP1"
"4026","SERPINA1","LRP1"
"4027","SERPINC1","LRP1"
"4028","SERPINE1","LRP1"
"4029","SERPINE2","LRP1"
"4030","SERPING1","LRP1"
"4031","TFPI","LRP1"
"4032","THBS1","LRP1"
"4033","VWF","LRP1"
"4034","WNT3A","LRP1"
"4035","LRPAP1","LRP2"
"4036","MDK","LRP2"
"4037","PLAU","LRP2"
"4038","RPS27A","LRP2"
"4039","SCGB1A1","LRP2"
"4040","SERPINE1","LRP2"
"4041","SHH","LRP2"
"4042","TCN2","LRP2"
"4043","TF","LRP2"
"4044","TG","LRP2"
"4045","WNT5A","LRP2"
"4046","SOST","LRP4"
"4047","SOSTDC1","LRP4"
"4048","SOST","LRP5"
"4049","SOSTDC1","LRP5"
"4050","THBS1","LRP5"
"4051","WNT5A","LRP5"
"4052","PTH","LRP6"
"4053","RSPO1","LRP6"
"4054","RSPO3","LRP6"
"4055","SOST","LRP6"
"4056","SOSTDC1","LRP6"
"4057","WNT5A","LRP6"
"4058","LRPAP1","LRP8"
"4059","RELN","LRP8"
"4060","SPON1","LRP8"
"4061","LRPAP1","SORL1"
"4062","LRPAP1","SORT1"
"4063","LRPAP1","VLDLR"
"4064","LRRC4B","PTPRD"
"4065","LRRC4B","PTPRF"
"4066","LRRC4B","PTPRS"
"4067","NTNG1","LRRC4C"
"4068","NTNG2","LRRC4C"
"4069","NTNG2","LRRC4"
"4070","NRG1","LSR"
"4071","LTA","LTBR"
"4072","LTB,LTA","LTBR,LTBR"
"4073","LTA","RIPK1"
"4074","LTA","TNFRSF14"
"4075","LTA","TNFRSF1A"
"4076","LTA","TNFRSF1B"
"4077","TNF","LTBR"
"4078","TNFSF14","LTBR"
"4079","LTB","LTBR"
"4080","LTB","TNFRSF1A"
"4081","LTF","TFRC"
"4082","LY6G5C","PGAP6"
"4083","PIK3CD-AS1","LY6G6C"
"4084","SFTPD","LY96"
"4085","LY9","LY9"
"4086","VEGFC","LYVE1"
"4087","SELL","MADCAM1"
"4088","NGF","MAGED1"
"4089","MAG","MAG"
"4090","SCGB3A1","MARCO"
"4091","SCGB3A2","MARCO"
"4092","NPFF","MAS1"
"4093","MATN1","PTPRD"
"4094","POMC","MC1R"
"4095","POMC","MC2R"
"4096","POMC","MC3R"
"4097","NPY","MC4R"
"4098","POMC","MC4R"
"4099","POMC","MC5R"
"4100","MCAM","MCAM"
"4101","NTN1","MCAM"
"4102","WNT5A","MCAM"
"4103","PMCH","MCHR1"
"4104","PMCH","MCHR2"
"4105","NLGN2","MDGA1"
"4106","MDK","NCL"
"4107","MDK","NOTCH2"
"4108","MDK","PTPRB"
"4109","MDK","PTPRZ1"
"4110","MDK","SDC1"
"4111","MDK","SDC2"
"4112","MDK","SDC3"
"4113","MDK","SDC4"
"4114","MDK","SORL1"
"4115","MDK","TSPAN1"
"4116","MELTF","PLG"
"4117","MELTF","TFRC"
"4118","MEPE","PHEX"
"4119","PMCH","MERTK"
"4120","PROS1","MERTK"
"4121","ZP3","MERTK"
"4122","SEMA4D","MET"
"4123","SEMA5A","MET"
"4124","TIMP3","MET"
"4125","MFAP2","NOTCH1"
"4126","MFAP5","NOTCH1"
"4127","MFGE8","PDGFRB"
"4128","MFNG","NOTCH1"
"4129","MFNG","NOTCH2"
"4130","MIF","TNFRSF10D"
"4131","MIF","TNFRSF14"
"4132","MLN","MLNR"
"4133","MMP12","PLAUR"
"4134","MMP2","PECAM1"
"4135","MMP2","SDC2"
"4136","MMP7","SDC1"
"4137","MMP9","RECK"
"4138","MMP9","TLR9"
"4139","THPO","MPL"
"4140","MPZL1","MPZL1"
"4141","MPZ","MPZ"
"4142","MPZ","MPZL1"
"4143","PTPRC","MRC1"
"4144","PLAU","MRC2"
"4145","PENK","MRGPRX1"
"4146","NRG1","MS4A4A"
"4147","VCAM1","MSN"
"4148","MST1","MST1R"
"4149","MT-RNR2","MTNR1A"
"4150","NMS","MTNR1A"
"4151","NMU","MTNR1A"
"4152","NPB","MTNR1A"
"4153","NPW","MTNR1A"
"4154","NPY","MTNR1A"
"4155","PDYN","MTNR1A"
"4156","PENK","MTNR1A"
"4157","PF4","MTNR1A"
"4158","PMCH","MTNR1A"
"4159","PNOC","MTNR1A"
"4160","POMC","MTNR1A"
"4161","PPBP","MTNR1A"
"4162","PPY","MTNR1A"
"4163","PYY","MTNR1A"
"4164","RLN3","MTNR1A"
"4165","SAA1","MTNR1A"
"4166","SST","MTNR1A"
"4167","MUC1","SIGLEC9"
"4168","TFF1","MUC5AC"
"4169","TFF2","MUC6"
"4170","MUC7","SELL"
"4171","WNT11","MUSK"
"4172","NAMPT","NTRK1"
"4173","NAMPT","P2RY6"
"4174","NCAM1","NCAM1"
"4175","NCAM1","NCAM2"
"4176","NCAM1","PTPRA"
"4177","NCAM1","PTPRZ1"
"4178","NCAM1","ROBO1"
"4179","NCAM1","ROBO3"
"4180","NCAN","SDC3"
"4181","PTN","NCL"
"4182","PCNA","NCR2"
"4183","NCR3LG1","NCR3"
"4184","PSEN1","NCSTN"
"4185","NECTIN1","NECTIN1"
"4186","NECTIN3","NECTIN1"
"4187","NECTIN1","NECTIN4"
"4188","NECTIN2","NECTIN2"
"4189","NECTIN3","NECTIN2"
"4190","NECTIN2","PVRIG"
"4191","TIGIT","NECTIN2"
"4192","NECTIN3","NECTIN3"
"4193","NECTIN3","PVR"
"4194","TIGIT","NECTIN3"
"4195","NECTIN4","NECTIN4"
"4196","PAPLN","NECTIN4"
"4197","NECTIN4","TIGIT"
"4198","NEGR1","NEGR1"
"4199","NELL2","ROBO3"
"4200","NTN1","NEO1"
"4201","NTN3","NEO1"
"4202","RGMA","NEO1"
"4203","RGMB","NEO1"
"4204","NRG1","NETO2"
"4205","NTF3","NGFR"
"4206","NTF4","NGFR"
"4207","NTS","NGFR"
"4208","OMG","NGFR"
"4209","RTN4","NGFR"
"4210","TTR","NGFR"
"4211","NGF","NGFR"
"4212","NGF","NTRK1"
"4213","NGF","SORCS2"
"4214","NGF","SORCS3"
"4215","NGF","SORT1"
"4216","NGF","TRPV1"
"4217","NID1","PTPRF"
"4218","NLGN1","NRXN1"
"4219","NLGN1","NRXN2"
"4220","NLGN1","NRXN3"
"4221","NLGN2","NRXN1"
"4222","NLGN2","NRXN2"
"4223","NLGN2","NRXN3"
"4224","NLGN3","NRXN1"
"4225","NLGN3","NRXN2"
"4226","NLGN3","NRXN3"
"4227","NLGN4X","NRXN1"
"4228","NRXN3","NLGN4Y"
"4229","NMB","NMBR"
"4230","NMS","NMUR1"
"4231","NMS","NMUR2"
"4232","NMU","NMUR1"
"4233","NMU","NMUR2"
"4234","PSEN1","NOTCH1"
"4235","RBP3","NOTCH1"
"4236","TNF","NOTCH1"
"4237","WNT4","NOTCH1"
"4238","YBX1","NOTCH1"
"4239","PSEN1","NOTCH2"
"4240","PSEN1","NOTCH3"
"4241","SCGB3A1","NOTCH3"
"4242","THBS2","NOTCH3"
"4243","PSEN1","NOTCH4"
"4244","THBS2","NOTCH4"
"4245","NPW","NPBWR1"
"4246","NPW","NPBWR2"
"4247","NPB","NPBWR1"
"4248","NPB","NPBWR2"
"4249","NPVF","NPFFR1"
"4250","PPY","NPFFR1"
"4251","NPVF","NPFFR2"
"4252","NPY","NPFFR2"
"4253","PPY","NPFFR2"
"4254","NPFF","NPFFR1"
"4255","NPFF","NPFFR2"
"4256","NPPA","NPR1"
"4257","NPPA","NPR2"
"4258","NPPA","NPR3"
"4259","NPPB","NPR1"
"4260","NPPB","NPR2"
"4261","NPPB","NPR3"
"4262","NPPC","NPR1"
"4263","NPPC","NPR2"
"4264","NPPC","NPR3"
"4265","OSTN","NPR3"
"4266","VIP","NPR3"
"4267","NPS","NPSR1"
"4268","NPS","PTH1R"
"4269","NPS","RAMP2"
"4270","NPS","RAMP3"
"4271","NPS","TSHR"
"4272","NPS","VIPR1"
"4273","PIP","NPTN"
"4274","NPTX1","NPTXR"
"4275","NPTX2","NPTXR"
"4276","PPY","NPY1R"
"4277","PYY","NPY1R"
"4278","PPY","NPY2R"
"4279","PYY","NPY2R"
"4280","PPY","NPY4R"
"4281","PYY","NPY4R"
"4282","PPY","NPY5R"
"4283","PYY","NPY5R"
"4284","PPY","NPY6R"
"4285","PYY","NPY6R"
"4286","NPY","NPY1R"
"4287","NPY","NPY2R"
"4288","NPY","NPY4R"
"4289","NPY","NPY5R"
"4290","NPY","NPY6R"
"4291","NPY","PRLHR"
"4292","SEMA3C","NRP1,NRP2"
"4293","PGF","NRP1"
"4294","SEMA3A","NRP1,PLXNA1"
"4295","SEMA3B","NRP1,PLXNA1"
"4296","SEMA3C","NRP1,PLXNA1"
"4297","SEMA3D","NRP1,PLXNA1"
"4298","SEMA4A","NRP1,PLXNA1"
"4299","SEMA3A","NRP1,PLXNA2"
"4300","SEMA3B","NRP1,PLXNA2"
"4301","SEMA3C","NRP1,PLXNA2"
"4302","SEMA3D","NRP1,PLXNA2"
"4303","SEMA4A","NRP1,PLXNA2"
"4304","SEMA3A","NRP1,PLXNA3"
"4305","SEMA3B","NRP1,PLXNA3"
"4306","SEMA3C","NRP1,PLXNA3"
"4307","SEMA3D","NRP1,PLXNA3"
"4308","SEMA4A","NRP1,PLXNA3"
"4309","SEMA3A","NRP1,PLXNA4"
"4310","SEMA3B","NRP1,PLXNA4"
"4311","SEMA3C","NRP1,PLXNA4"
"4312","SEMA3D","NRP1,PLXNA4"
"4313","SEMA4A","NRP1,PLXNA4"
"4314","SEMA3A","NRP1"
"4315","SEMA3E","NRP1"
"4316","SEMA3F","NRP1"
"4317","SEMA4A","NRP1"
"4318","VEGFA","NRP1"
"4319","VEGFB","NRP1"
"4320","PGF","NRP2"
"4321","SEMA3B","NRP2,PLXNA1"
"4322","SEMA3C","NRP2,PLXNA1"
"4323","SEMA3D","NRP2,PLXNA1"
"4324","SEMA3F","NRP2,PLXNA1"
"4325","SEMA3G","NRP2,PLXNA1"
"4326","SEMA3B","NRP2,PLXNA2"
"4327","SEMA3C","NRP2,PLXNA2"
"4328","SEMA3D","NRP2,PLXNA2"
"4329","SEMA3F","NRP2,PLXNA2"
"4330","SEMA3G","NRP2,PLXNA2"
"4331","SEMA3B","NRP2,PLXNA3"
"4332","SEMA3C","NRP2,PLXNA3"
"4333","SEMA3D","NRP2,PLXNA3"
"4334","SEMA3F","NRP2,PLXNA3"
"4335","SEMA3G","NRP2,PLXNA3"
"4336","SEMA3B","NRP2,PLXNA4"
"4337","SEMA3C","NRP2,PLXNA4"
"4338","SEMA3D","NRP2,PLXNA4"
"4339","SEMA3F","NRP2,PLXNA4"
"4340","SEMA3G","NRP2,PLXNA4"
"4341","SEMA3A","NRP2"
"4342","SEMA3C","NRP2"
"4343","SEMA3F","NRP2"
"4344","SEMA4F","NRP2"
"4345","VEGFA","NRP2"
"4346","VEGFC","NRP2"
"4347","VEGFD","NRP2"
"4348","SPINK1","NRSN1"
"4349","NXPH1","NRXN1"
"4350","NXPH2","NRXN1"
"4351","NXPH3","NRXN1"
"4352","RPH3A","NRXN1"
"4353","NXPH1","NRXN2"
"4354","NXPH3","NRXN2"
"4355","NXPH1","NRXN3"
"4356","NXPH3","NRXN3"
"4357","TNC","NT5E"
"4358","NTF3","NTRK1"
"4359","NTF3","NTRK2"
"4360","NTF3","NTRK3"
"4361","NTF4","NTRK1"
"4362","NTF4","NTRK2"
"4363","NTF4","NTRK3"
"4364","NTN1","UNC5A"
"4365","NTN1","UNC5B"
"4366","NTN1","UNC5C"
"4367","NTN1","UNC5D"
"4368","NTN4","UNC5A"
"4369","VGF","NTRK1"
"4370","NTRK3","PTPRD"
"4371","NTRK3","PTPRF"
"4372","NTRK3","PTPRS"
"4373","NTS","NTSR1"
"4374","NTS","NTSR2"
"4375","NTS","SORT1"
"4376","OBP2A","OR1G1"
"4377","OCLN","OCLN"
"4378","PENK","OGFR"
"4379","OLFM2","ROBO2"
"4380","OMG","RTN4R"
"4381","OMG","RTN4RL1"
"4382","OMG","TNFRSF1B"
"4383","PDYN","OPRD1"
"4384","PENK","OPRD1"
"4385","POMC","OPRD1"
"4386","PDYN","OPRK1"
"4387","PENK","OPRK1"
"4388","POMC","OPRK1"
"4389","PDYN","OPRL1"
"4390","PENK","OPRL1"
"4391","PNOC","OPRL1"
"4392","POMC","OPRL1"
"4393","PDYN","OPRM1"
"4394","PENK","OPRM1"
"4395","POMC","OPRM1"
"4396","OXT","OXTR"
"4397","QRFP","P2RY14"
"4398","PAPLN","SIRPA"
"4399","PLG","PARD3"
"4400","PRSS1","PARD3"
"4401","PRSS2","PARD3"
"4402","PRSS3","PARD3"
"4403","PCSK9","SORT1"
"4404","PCSK9","VLDLR"
"4405","PDAP1","PDGFRB"
"4406","PDCD1LG2","PDCD2"
"4407","PDCD1LG2","RGMB"
"4408","PDCD1LG2","PDCD1"
"4409","PDGFA","PDGFRA"
"4410","PDGFA","PDGFRB"
"4411","PDGFB","PDGFRA"
"4412","PDGFB","PDGFRA,PDGFRB"
"4413","PDGFB","PDGFRB"
"4414","PDGFB","S1PR1"
"4415","PDGFC","PDGFRA"
"4416","PDGFC","PDGFRB"
"4417","PDGFD","PDGFRA,PDGFRB"
"4418","PDGFD","PDGFRB"
"4419","PLEKHO2","PDGFRB"
"4420","PECAM1","PECAM1"
"4421","PF4","PROCR"
"4422","PF4","SDC2"
"4423","PF4","THBD"
"4424","S100A4","PGLYRP1"
"4425","PGLYRP1","TREM1"
"4426","PIGA","PIGR"
"4427","PIK3CD-AS1","SLC16A4"
"4428","PLG","PLAUR"
"4429","SERPINE1","PLAUR"
"4430","VTN","PLAUR"
"4431","PLAU","PLAUR"
"4432","PLAU","ST14"
"4433","PLAU","VLDLR"
"4434","PLG","PLGRKT"
"4435","SLPI","PLSCR1"
"4436","SLPI","PLSCR4"
"4437","SERPINF1","PLXDC1"
"4438","SERPINF1","PLXDC2"
"4439","SEMA5A","PLXNA1"
"4440","SEMA5B","PLXNA1"
"4441","SEMA6D","PLXNA1"
"4442","SEMA6D","PLXNA1,TREM2"
"4443","SEMA6D","PLXNA1,TREM2,TYROBP"
"4444","SEMA6A","PLXNA2"
"4445","SEMA6B","PLXNA2"
"4446","SEMA5A","PLXNA3"
"4447","SEMA5B","PLXNA3"
"4448","SEMA6A","PLXNA4"
"4449","SEMA6B","PLXNA4"
"4450","SEMA4A","PLXNB1"
"4451","PLXNB1","SEMA4D"
"4452","PTN","PLXNB2"
"4453","SEMA4A","PLXNB2"
"4454","PLXNB2","SEMA4C"
"4455","PLXNB2","SEMA4D"
"4456","SEMA4G","PLXNB2"
"4457","SEMA4A","PLXNB3"
"4458","SEMA4D","PLXNB3"
"4459","SEMA5A","PLXNB3"
"4460","SEMA7A","PLXNC1"
"4461","SEMA3C","PLXND1"
"4462","SEMA3D","PLXND1"
"4463","SEMA3E","PLXND1"
"4464","SEMA4A","PLXND1"
"4465","PODXL2","SELL"
"4466","PODXL","SELL"
"4467","POMC","PTH1R"
"4468","POMC","RAMP2"
"4469","POMC","RAMP3"
"4470","POMC","TSHR"
"4471","POMC","VIPR1"
"4472","POSTN","PTK7"
"4473","PRG4","TLR2"
"4474","PRG4","TLR4"
"4475","PTHLH","PRLHR"
"4476","PRLH","PRLHR"
"4477","PRL","PRLR"
"4478","PRND","RPSA"
"4479","PROC","PROCR"
"4480","PROC","TEK"
"4481","PROC","THBD"
"4482","PROK1","PROKR1"
"4483","PROK1","PROKR2"
"4484","PROK2","PROKR1"
"4485","PROK2","PROKR2"
"4486","PROS1","TYRO3"
"4487","PRSS23","TMEM222"
"4488","PSAP","SORT1"
"4489","PSPN","SDC3"
"4490","SHH","PTCH1"
"4491","SHH","PTCH2"
"4492","PTDSS1","SCARB1"
"4493","PTGS2","PTGDR2"
"4494","SPP1","PTGER4"
"4495","PTH2","PTH1R"
"4496","PTHLH","PTH1R"
"4497","RLN2","PTH1R"
"4498","RLN3","PTH1R"
"4499","SCT","PTH1R"
"4500","TSHB","PTH1R"
"4501","VIP","PTH1R"
"4502","PTHLH","PTH2R"
"4503","PTH2","PTH2R"
"4504","PTH2","RAMP2"
"4505","PTH2","RAMP3"
"4506","PTH2","TSHR"
"4507","PTH2","VIPR1"
"4508","PTHLH","RAMP2"
"4509","PTHLH","RAMP3"
"4510","PTHLH","TSHR"
"4511","PTHLH","VIPR1"
"4512","PTH","PTH1R"
"4513","PTH","PTH2R"
"4514","PTH","RAMP2"
"4515","PTH","RAMP3"
"4516","PTH","TSHR"
"4517","PTH","VIPR1"
"4518","WNT5A","PTK7"
"4519","PTMA","VIPR1"
"4520","PTN","PTPRB"
"4521","PTN","PTPRS"
"4522","PTN","PTPRZ1"
"4523","PTN","SDC1"
"4524","PTN","SDC2"
"4525","PTN","SDC3"
"4526","PTN","SDC4"
"4527","SPTAN1","PTPRA"
"4528","SPTBN2","PTPRA"
"4529","TNC","PTPRB"
"4530","SLITRK1","PTPRD"
"4531","SLITRK2","PTPRD"
"4532","SLITRK3","PTPRD"
"4533","SLITRK5","PTPRD"
"4534","SDC2","PTPRJ"
"4535","THBS1","PTPRJ"
"4536","PTPRK","PTPRK"
"4537","WNT5A","PTPRK"
"4538","PTPRM","PTPRM"
"4539","SLITRK1","PTPRS"
"4540","SLITRK2","PTPRS"
"4541","SLITRK3","PTPRS"
"4542","SLITRK6","PTPRS"
"4543","TNF","PTPRS"
"4544","TNC","PTPRZ1"
"4545","PVR","PVRIG"
"4546","TIGIT","PVR"
"4547","TNFSF9","PVR"
"4548","VTN","PVR"
"4549","QRFP","QRFPR"
"4550","VIP","RAMP1"
"4551","RLN2","RAMP2"
"4552","RLN3","RAMP2"
"4553","SCT","RAMP2"
"4554","TSHB","RAMP2"
"4555","VIP","RAMP2"
"4556","RLN2","RAMP3"
"4557","RLN3","RAMP3"
"4558","SCT","RAMP3"
"4559","TSHB","RAMP3"
"4560","VIP","RAMP3"
"4561","RBP4","STRA6"
"4562","WNT7A","RECK"
"4563","RELN","VLDLR"
"4564","RETN","TLR4"
"4565","VEGFA","RET"
"4566","VEGFB","RET"
"4567","RGMA","TFR2"
"4568","RIMS1","SLC17A7"
"4569","RIMS1","SLC18A2"
"4570","RIMS1","SLC18A3"
"4571","RPS27A","RIPK1"
"4572","TNF","RIPK1"
"4573","TNFSF10","RIPK1"
"4574","RLN1","RXFP1"
"4575","RLN1","RXFP2"
"4576","RLN1","RXFP3"
"4577","RLN1","RXFP4"
"4578","RLN2","RXFP1"
"4579","RLN2","RXFP2"
"4580","RLN2","RXFP3"
"4581","RLN2","TSHR"
"4582","RLN2","VIPR1"
"4583","RLN3","RXFP1"
"4584","RLN3","RXFP2"
"4585","RLN3","RXFP3"
"4586","RLN3","RXFP4"
"4587","RLN3","TSHR"
"4588","RLN3","VIPR1"
"4589","RNASE2","TLR2"
"4590","VWF","RNF130"
"4591","RSPO2","RNF43"
"4592","ROBO1","ROBO1"
"4593","SLIT1","ROBO1"
"4594","SLIT2","ROBO1"
"4595","SLIT3","ROBO1"
"4596","ROBO2","ROBO2"
"4597","SLIT1","ROBO2"
"4598","SLIT2","ROBO2"
"4599","SLIT3","ROBO2"
"4600","SLIT2","ROBO4"
"4601","SLIT3","ROBO4"
"4602","WNT3A","ROR1"
"4603","WNT5A","ROR1"
"4604","WNT1","ROR2"
"4605","WNT3","ROR2"
"4606","WNT5A","ROR2"
"4607","RPS27A","TGFBR1"
"4608","RPS27A","TGFBR2"
"4609","RPS27A","TLR4"
"4610","RSPO1","ZNRF3"
"4611","RSPO2","ZNRF3"
"4612","RSPO3","SDC4"
"4613","RTN4","RTN4R"
"4614","RTN4","RTN4RL1"
"4615","RTN4","S1PR2"
"4616","RTN4","TNFRSF19"
"4617","TGS1","RXRA"
"4618","WIF1","RYK"
"4619","WNT1","RYK"
"4620","WNT3","RYK"
"4621","WNT3A","RYK"
"4622","WNT5A","RYK"
"4623","S100A1","RYR1"
"4624","S100A1","RYR2"
"4625","S100A10","TRPV6"
"4626","S100A12","TLR4"
"4627","S100A1","TLR4"
"4628","S100A1","TRPM3"
"4629","S100A8","TLR4"
"4630","S100A9","TLR4"
"4631","SPP1","S1PR1"
"4632","SAA1","SCARB1"
"4633","SAA1","TLR2"
"4634","VWF","SCARA5"
"4635","THBS1","SCARB1"
"4636","VIP","SCTR"
"4637","SCT","SCTR"
"4638","SCT","TSHR"
"4639","SCT","VIPR1"
"4640","SCT","VIPR2"
"4641","SHH","SCUBE2"
"4642","SLIT1","SDC1"
"4643","SLIT2","SDC1"
"4644","THBS1","SDC1"
"4645","THBS2","SDC1"
"4646","THBS3","SDC1"
"4647","THBS4","SDC1"
"4648","TNC","SDC1"
"4649","TNN","SDC1"
"4650","TNR","SDC1"
"4651","TNXB","SDC1"
"4652","SERPINC1","SDC2"
"4653","TGFB1","SDC2"
"4654","TNFSF13","SDC2"
"4655","TFPI","SDC4"
"4656","TGM2","SDC4"
"4657","THBS1","SDC4"
"4658","THBS2","SDC4"
"4659","THBS3","SDC4"
"4660","THBS4","SDC4"
"4661","TNC","SDC4"
"4662","TNN","SDC4"
"4663","TNR","SDC4"
"4664","TNXB","SDC4"
"4665","SELE","SELPLG"
"4666","SERPING1","SELE"
"4667","SELL","SELPLG"
"4668","VCAN","SELL"
"4669","SELPLG","SIGLEC5"
"4670","SELP","SELPLG"
"4671","SERPING1","SELP"
"4672","VCAN","SELP"
"4673","VWF","SELP"
"4674","TNF","SEMA4C"
"4675","SERPINA7","SLC16A2"
"4676","SFTPA1","TLR2"
"4677","SFTPD","SIRPA"
"4678","SFTPD","TLR4"
"4679","SHANK1","SSTR2"
"4680","SHBG","SLC37A1"
"4681","SHH","SMO"
"4682","SIGLEC1","SPN"
"4683","VEGFA","SIRPA"
"4684","VWF","SIRPA"
"4685","THPO","SIRPB1"
"4686","SLAMF1","SLAMF1"
"4687","SLAMF6","SLAMF6"
"4688","SLAMF7","SLAMF7"
"4689","TNF","SLC5A11"
"4690","WNT4","SMO"
"4691","SPINT1","ST14"
"4692","UTS2B","SSTR5"
"4693","SST","SSTR1"
"4694","SST","SSTR2"
"4695","SST","SSTR3"
"4696","SST","SSTR4"
"4697","SST","SSTR5"
"4698","VWF","STAB2"
"4699","TXLNA","STX1A"
"4700","TXLNA","STX3"
"4701","TXLNA","STX4"
"4702","TAC1","TACR1"
"4703","TAC1","TACR2"
"4704","TAC1","TACR3"
"4705","TAC3","TACR1"
"4706","TAC3","TACR2"
"4707","TAC3","TACR3"
"4708","TAC4","TACR1"
"4709","TAC4","TACR2"
"4710","TAC4","TACR3"
"4711","TGM2","TBXA2R"
"4712","TCTN1","TMEM67"
"4713","TFPI","VLDLR"
"4714","TNFSF13B","TFRC"
"4715","TF","TFR2"
"4716","TF","TFRC"
"4717","TGFB1","TGFBR1,TGFBR2"
"4718","TGFB1","TGFBR3"
"4719","TGFB1","VASN"
"4720","TGFB2","TGFBR1,TGFBR2"
"4721","TGFB2","TGFBR3"
"4722","TGFB3","TGFBR1,TGFBR2"
"4723","TGFB3","TGFBR3"
"4724","TG","TPO"
"4725","THBS1","TNFRSF11B"
"4726","VCAN","TLR1"
"4727","VCAN","TLR2"
"4728","ZG16B","TLR2"
"4729","ZG16B","TLR4"
"4730","ZG16B","TLR5"
"4731","ZG16B","TLR6"
"4732","WNT7B","TMED5"
"4733","TNFSF10","TNFRSF10A"
"4734","TNFSF10","TNFRSF10B"
"4735","TNFSF10","TNFRSF10C"
"4736","TNFSF10","TNFRSF10D"
"4737","TP53","TNFRSF10D"
"4738","TNFSF11","TNFRSF11A"
"4739","TNFRSF11B","TNFSF10"
"4740","TNFRSF11B","TNFSF11"
"4741","TNFSF13","TNFRSF11B"
"4742","VTN","TNFRSF11B"
"4743","VWF","TNFRSF11B"
"4744","TNFSF12","TNFRSF12A"
"4745","TNFSF13","TNFRSF13B"
"4746","TNFSF13B","TNFRSF13B"
"4747","TNFSF13B","TNFRSF13C"
"4748","TNFSF13","TNFRSF14"
"4749","TNFSF14","TNFRSF14"
"4750","TNFSF13","TNFRSF17"
"4751","TNFSF13B","TNFRSF17"
"4752","TNFSF18","TNFRSF18"
"4753","TNFSF13","TNFRSF1A"
"4754","TNFSF12","TNFRSF25"
"4755","TNFSF15","TNFRSF25"
"4756","TNFSF4","TNFRSF4"
"4757","TNFSF14","TNFRSF6B"
"4758","TNFSF15","TNFRSF6B"
"4759","TNFSF12","TNFRSF8"
"4760","TNFSF8","TNFRSF8"
"4761","TNFSF9","TNFRSF9"
"4762","TNFSF4","TRAF2"
"4763","TNFSF9","TRAF2"
"4764","TNF","TNFRSF1A"
"4765","TNF","TNFRSF1B"
"4766","TNF","TNFRSF21"
"4767","TNF","TRADD"
"4768","TNF","TRAF2"
"4769","TNF","TRPM2"
"4770","TNF","VSIR"
"4771","TYROBP","TREM1"
"4772","TRH","TRHR"
"4773","TSHB","TSHR"
"4774","TSHB","VIPR1"
"4775","VIP","TSHR"
"4776","VEGFA","TYRO3"
"4777","VEGFB","TYRO3"
"4778","UTS2B","UTS2R"
"4779","UTS2","UTS2R"
"4780","WNT5A","VANGL2"
"4781","VEGFC","VIPR2"
"4782","VIP","VIPR1"
"4783","VIP","VIPR2"
"4784","XCL1","XCR1"
"4785","XCL2","XCR1"
