"","ligand","receptor","pair","ligand_gene_id","receptor_gene_id"
"1","A2m","Lrp1","A2M_LRP1","ENSMUSG00000030111","ENSMUSG00000040249"
"2","Aanat","Mtnr1a","AANAT_MTNR1A","ENSMUSG00000020804","ENSMUSG00000054764"
"3","Ace","Agtr2","ACE_AGTR2","ENSMUSG00000020681","ENSMUSG00000068122"
"4","Ace","Bdkrb2","ACE_BDKRB2","ENSMUSG00000020681","ENSMUSG00000021070"
"5","Adam10","Axl","ADAM10_AXL","ENSMUSG00000054693","ENSMUSG00000002602"
"6","Adam10","Epha3","ADAM10_EPHA3","ENSMUSG00000054693","ENSMUSG00000052504"
"7","Adam12","Itga9","ADAM12_ITGA9","ENSMUSG00000054555","ENSMUSG00000039115"
"8","Adam12","Itgb1","ADAM12_ITGB1","ENSMUSG00000054555","ENSMUSG00000025809"
"9","Adam12","Sdc4","ADAM12_SDC4","ENSMUSG00000054555","ENSMUSG00000017009"
"10","Adam15","Itga5","ADAM15_ITGA5","ENSMUSG00000028041","ENSMUSG00000000555"
"11","Adam15","Itga9","ADAM15_ITGA9","ENSMUSG00000028041","ENSMUSG00000039115"
"12","Adam15","Itgav","ADAM15_ITGAV","ENSMUSG00000028041","ENSMUSG00000027087"
"13","Adam15","Itgb1","ADAM15_ITGB1","ENSMUSG00000028041","ENSMUSG00000025809"
"14","Adam15","Itgb3","ADAM15_ITGB3","ENSMUSG00000028041","ENSMUSG00000020689"
"15","Adam17","Erbb4","ADAM17_ERBB4","ENSMUSG00000052593","ENSMUSG00000062209"
"16","Adam17","Itga5","ADAM17_ITGA5","ENSMUSG00000052593","ENSMUSG00000000555"
"17","Adam17","Itgb1","ADAM17_ITGB1","ENSMUSG00000052593","ENSMUSG00000025809"
"18","Adam17","Notch1","ADAM17_NOTCH1","ENSMUSG00000052593","ENSMUSG00000026923"
"19","Adam2","Cd9","ADAM2_CD9","ENSMUSG00000022039","ENSMUSG00000030342"
"20","Adam2","Itga6","ADAM2_ITGA6","ENSMUSG00000022039","ENSMUSG00000027111"
"21","Adam2","Itga9","ADAM2_ITGA9","ENSMUSG00000022039","ENSMUSG00000039115"
"22","Adam2","Itgb1","ADAM2_ITGB1","ENSMUSG00000022039","ENSMUSG00000025809"
"23","Adam2","Itgb7","ADAM2_ITGB7","ENSMUSG00000022039","ENSMUSG00000001281"
"24","Adam23","Itga5","ADAM23_ITGA5","ENSMUSG00000025964","ENSMUSG00000000555"
"25","Adam23","Itgb3","ADAM23_ITGB3","ENSMUSG00000025964","ENSMUSG00000020689"
"26","Adam28","Itga4","ADAM28_ITGA4","ENSMUSG00000014725","ENSMUSG00000027009"
"27","Adam9","Itga3","ADAM9_ITGA3","ENSMUSG00000031555","ENSMUSG00000001507"
"28","Adam9","Itga6","ADAM9_ITGA6","ENSMUSG00000031555","ENSMUSG00000027111"
"29","Adam9","Itgav","ADAM9_ITGAV","ENSMUSG00000031555","ENSMUSG00000027087"
"30","Adam9","Itgb1","ADAM9_ITGB1","ENSMUSG00000031555","ENSMUSG00000025809"
"31","Adam9","Itgb5","ADAM9_ITGB5","ENSMUSG00000031555","ENSMUSG00000022817"
"32","Adcyap1","Adcyap1r1","ADCYAP1_ADCYAP1R1","ENSMUSG00000024256","ENSMUSG00000029778"
"33","Adcyap1","Sctr","ADCYAP1_SCTR","ENSMUSG00000024256","ENSMUSG00000026387"
"34","Adcyap1","Vipr1","ADCYAP1_VIPR1","ENSMUSG00000024256","ENSMUSG00000032528"
"35","Adcyap1","Vipr2","ADCYAP1_VIPR2","ENSMUSG00000024256","ENSMUSG00000011171"
"36","Adipoq","Adipor1","ADIPOQ_ADIPOR1","ENSMUSG00000022878","ENSMUSG00000026457"
"37","Adipoq","Adipor2","ADIPOQ_ADIPOR2","ENSMUSG00000022878","ENSMUSG00000030168"
"38","Adm","Calcr","ADM_CALCR","ENSMUSG00000030790","ENSMUSG00000023964"
"39","Adm","Calcrl","ADM_CALCRL","ENSMUSG00000030790","ENSMUSG00000059588"
"40","Adm","Gpr182","ADM_GPR182","ENSMUSG00000030790","ENSMUSG00000058396"
"41","Adm","Ramp2","ADM_RAMP2","ENSMUSG00000030790","ENSMUSG00000001240"
"42","Adm2","Calcr","ADM2_CALCR","ENSMUSG00000054136","ENSMUSG00000023964"
"43","Adm2","Calcrl","ADM2_CALCRL","ENSMUSG00000054136","ENSMUSG00000059588"
"44","Adm2","Ramp1","ADM2_RAMP1","ENSMUSG00000054136","ENSMUSG00000034353"
"45","Agrn","Atp1a3","AGRN_ATP1A3","ENSMUSG00000041936","ENSMUSG00000040907"
"46","Agrn","Lrp4","AGRN_LRP4","ENSMUSG00000041936","ENSMUSG00000027253"
"47","Agrn","Musk","AGRN_MUSK","ENSMUSG00000041936","ENSMUSG00000057280"
"48","Agrp","Mc3r","AGRP_MC3R","ENSMUSG00000005705","ENSMUSG00000038537"
"49","Agrp","Mc4r","AGRP_MC4R","ENSMUSG00000005705","ENSMUSG00000047259"
"50","Agrp","Mc5r","AGRP_MC5R","ENSMUSG00000005705","ENSMUSG00000007480"
"51","Agrp","Sdc3","AGRP_SDC3","ENSMUSG00000005705","ENSMUSG00000025743"
"52","Agt","Agtr2","AGT_AGTR2","ENSMUSG00000031980","ENSMUSG00000068122"
"53","Agt","Lrp2","AGT_LRP2","ENSMUSG00000031980","ENSMUSG00000027070"
"54","Agt","Mas1","AGT_MAS1","ENSMUSG00000031980","ENSMUSG00000068037"
"55","Ahsg","Insr","AHSG_INSR","ENSMUSG00000022868","ENSMUSG00000005534"
"56","Alb","Lrp2","ALB_LRP2","ENSMUSG00000029368","ENSMUSG00000027070"
"57","Amh","Acvr1","AMH_ACVR1","ENSMUSG00000035262","ENSMUSG00000026836"
"58","Amh","Amhr2","AMH_AMHR2","ENSMUSG00000035262","ENSMUSG00000023047"
"59","Amh","Egfr","AMH_EGFR","ENSMUSG00000035262","ENSMUSG00000020122"
"60","Angpt1","Itga5","ANGPT1_ITGA5","ENSMUSG00000022309","ENSMUSG00000000555"
"61","Angpt1","Itgb1","ANGPT1_ITGB1","ENSMUSG00000022309","ENSMUSG00000025809"
"62","Angpt1","Tek","ANGPT1_TEK","ENSMUSG00000022309","ENSMUSG00000006386"
"63","Angpt1","Tie1","ANGPT1_TIE1","ENSMUSG00000022309","ENSMUSG00000033191"
"64","Angpt2","Tek","ANGPT2_TEK","ENSMUSG00000031465","ENSMUSG00000006386"
"65","Angpt2","Tie1","ANGPT2_TIE1","ENSMUSG00000031465","ENSMUSG00000033191"
"66","Angpt4","Tek","ANGPT4_TEK","ENSMUSG00000027460","ENSMUSG00000006386"
"67","Angpt4","Tie1","ANGPT4_TIE1","ENSMUSG00000027460","ENSMUSG00000033191"
"68","Angptl1","Tek","ANGPTL1_TEK","ENSMUSG00000033544","ENSMUSG00000006386"
"69","Angptl2","Tie1","ANGPTL2_TIE1","ENSMUSG00000004105","ENSMUSG00000033191"
"70","Angptl3","Itga5","ANGPTL3_ITGA5","ENSMUSG00000028553","ENSMUSG00000000555"
"71","Angptl3","Itgav","ANGPTL3_ITGAV","ENSMUSG00000028553","ENSMUSG00000027087"
"72","Angptl3","Itgb3","ANGPTL3_ITGB3","ENSMUSG00000028553","ENSMUSG00000020689"
"73","Angptl4","Tie1","ANGPTL4_TIE1","ENSMUSG00000002289","ENSMUSG00000033191"
"74","Anxa1","Dysf","ANXA1_DYSF","ENSMUSG00000024659","ENSMUSG00000033788"
"75","Anxa1","Egfr","ANXA1_EGFR","ENSMUSG00000024659","ENSMUSG00000020122"
"76","Anxa1","Fpr1","ANXA1_FPR1","ENSMUSG00000024659","ENSMUSG00000045551"
"77","Apln","Aplnr","APLN_APLNR","ENSMUSG00000037010","ENSMUSG00000044338"
"78","Apob","Calcr","APOB_CALCR","ENSMUSG00000020609","ENSMUSG00000023964"
"79","Apob","Itgam","APOB_ITGAM","ENSMUSG00000020609","ENSMUSG00000030786"
"80","Apob","Itgb2","APOB_ITGB2","ENSMUSG00000020609","ENSMUSG00000000290"
"81","Apob","Ldlr","APOB_LDLR","ENSMUSG00000020609","ENSMUSG00000032193"
"82","Apob","Lrp2","APOB_LRP2","ENSMUSG00000020609","ENSMUSG00000027070"
"83","Apob","Lrp6","APOB_LRP6","ENSMUSG00000020609","ENSMUSG00000030201"
"84","Apob","Lrp8","APOB_LRP8","ENSMUSG00000020609","ENSMUSG00000028613"
"85","Apob","Lsr","APOB_LSR","ENSMUSG00000020609","ENSMUSG00000001247"
"86","Apob","Olr1","APOB_OLR1","ENSMUSG00000020609","ENSMUSG00000030162"
"87","Apoc3","Sdc2","APOC3_SDC2","ENSMUSG00000032081","ENSMUSG00000022261"
"88","Apoc3","Tlr2","APOC3_TLR2","ENSMUSG00000032081","ENSMUSG00000027995"
"89","Apod","Lepr","APOD_LEPR","ENSMUSG00000022548","ENSMUSG00000057722"
"90","Apoe","Chrna4","APOE_CHRNA4","ENSMUSG00000002985","ENSMUSG00000027577"
"91","Apoe","Ldlr","APOE_LDLR","ENSMUSG00000002985","ENSMUSG00000032193"
"92","Apoe","Lrp1","APOE_LRP1","ENSMUSG00000002985","ENSMUSG00000040249"
"93","Apoe","Lrp2","APOE_LRP2","ENSMUSG00000002985","ENSMUSG00000027070"
"94","Apoe","Lrp5","APOE_LRP5","ENSMUSG00000002985","ENSMUSG00000024913"
"95","Apoe","Lrp8","APOE_LRP8","ENSMUSG00000002985","ENSMUSG00000028613"
"96","Apoe","Scarb1","APOE_SCARB1","ENSMUSG00000002985","ENSMUSG00000037936"
"97","Apoe","Sorl1","APOE_SORL1","ENSMUSG00000002985","ENSMUSG00000049313"
"98","Apoe","Vldlr","APOE_VLDLR","ENSMUSG00000002985","ENSMUSG00000024924"
"99","App","Cav1","APP_CAV1","ENSMUSG00000022892","ENSMUSG00000007655"
"100","App","Cd74","APP_CD74","ENSMUSG00000022892","ENSMUSG00000024610"
"101","App","Gpc1","APP_GPC1","ENSMUSG00000022892","ENSMUSG00000034220"
"102","App","Lrp1","APP_LRP1","ENSMUSG00000022892","ENSMUSG00000040249"
"103","App","Ncstn","APP_NCSTN","ENSMUSG00000022892","ENSMUSG00000003458"
"104","App","Ngfr","APP_NGFR","ENSMUSG00000022892","ENSMUSG00000000120"
"105","App","Slc45a3","APP_SLC45A3","ENSMUSG00000022892","ENSMUSG00000026435"
"106","App","Tnfrsf21","APP_TNFRSF21","ENSMUSG00000022892","ENSMUSG00000023915"
"107","Areg","Egfr","AREG_EGFR","ENSMUSG00000029378","ENSMUSG00000020122"
"108","Areg","Erbb3","AREG_ERBB3","ENSMUSG00000029378","ENSMUSG00000018166"
"109","Arf1","Chrm3","ARF1_CHRM3","ENSMUSG00000048076","ENSMUSG00000046159"
"110","Arf1","Insr","ARF1_INSR","ENSMUSG00000048076","ENSMUSG00000005534"
"111","Arf1","Pld2","ARF1_PLD2","ENSMUSG00000048076","ENSMUSG00000020828"
"112","Artn","Gfra1","ARTN_GFRA1","ENSMUSG00000028539","ENSMUSG00000025089"
"113","Artn","Gfra3","ARTN_GFRA3","ENSMUSG00000028539","ENSMUSG00000024366"
"114","Artn","Ret","ARTN_RET","ENSMUSG00000028539","ENSMUSG00000030110"
"115","a","Atrn","ASIP_ATRN","ENSMUSG00000027596","ENSMUSG00000027312"
"116","a","F11r","ASIP_F11R","ENSMUSG00000027596","ENSMUSG00000038235"
"117","a","Mc2r","ASIP_MC2R","ENSMUSG00000027596","ENSMUSG00000045569"
"118","a","Mc3r","ASIP_MC3R","ENSMUSG00000027596","ENSMUSG00000038537"
"119","a","Mc4r","ASIP_MC4R","ENSMUSG00000027596","ENSMUSG00000047259"
"120","a","Mc5r","ASIP_MC5R","ENSMUSG00000027596","ENSMUSG00000007480"
"121","Avp","Avpr1a","AVP_AVPR1A","ENSMUSG00000037727","ENSMUSG00000020123"
"122","Avp","Avpr1b","AVP_AVPR1B","ENSMUSG00000037727","ENSMUSG00000026432"
"123","Avp","Avpr2","AVP_AVPR2","ENSMUSG00000037727","ENSMUSG00000031390"
"124","Avp","Oxtr","AVP_OXTR","ENSMUSG00000037727","ENSMUSG00000049112"
"125","Azgp1","Itgav","AZGP1_ITGAV","ENSMUSG00000037053","ENSMUSG00000027087"
"126","B2m","Cd247","B2M_CD247","ENSMUSG00000060802","ENSMUSG00000005763"
"127","B2m","Cd3d","B2M_CD3D","ENSMUSG00000060802","ENSMUSG00000032094"
"128","B2m","Cd3g","B2M_CD3G","ENSMUSG00000060802","ENSMUSG00000002033"
"129","B2m","Hfe","B2M_HFE","ENSMUSG00000060802","ENSMUSG00000006611"
"130","B2m","Klrd1","B2M_KLRD1","ENSMUSG00000060802","ENSMUSG00000030165"
"131","B2m","Tfrc","B2M_TFRC","ENSMUSG00000060802","ENSMUSG00000022797"
"132","Bcan","Egfr","BCAN_EGFR","ENSMUSG00000004892","ENSMUSG00000020122"
"133","Bcan","Nrcam","BCAN_NRCAM","ENSMUSG00000004892","ENSMUSG00000020598"
"134","Bdnf","Ddr1","BDNF_DDR1","ENSMUSG00000048482","ENSMUSG00000003534"
"135","Bdnf","Drd4","BDNF_DRD4","ENSMUSG00000048482","ENSMUSG00000025496"
"136","Bdnf","Ngfr","BDNF_NGFR","ENSMUSG00000048482","ENSMUSG00000000120"
"137","Bdnf","Ntrk2","BDNF_NTRK2","ENSMUSG00000048482","ENSMUSG00000055254"
"138","Bdnf","Sort1","BDNF_SORT1","ENSMUSG00000048482","ENSMUSG00000068747"
"139","Bgn","Ly96","BGN_LY96","ENSMUSG00000031375","ENSMUSG00000025779"
"140","Bgn","Tlr1","BGN_TLR1","ENSMUSG00000031375","ENSMUSG00000044827"
"141","Bgn","Tlr2","BGN_TLR2","ENSMUSG00000031375","ENSMUSG00000027995"
"142","Bgn","Tlr4","BGN_TLR4","ENSMUSG00000031375","ENSMUSG00000039005"
"143","Bmp10","Acvr1","BMP10_ACVR1","ENSMUSG00000030046","ENSMUSG00000026836"
"144","Bmp10","Acvr2a","BMP10_ACVR2A","ENSMUSG00000030046","ENSMUSG00000052155"
"145","Bmp10","Acvr2b","BMP10_ACVR2B","ENSMUSG00000030046","ENSMUSG00000061393"
"146","Bmp10","Acvrl1","BMP10_ACVRL1","ENSMUSG00000030046","ENSMUSG00000000530"
"147","Bmp10","Bmpr1a","BMP10_BMPR1A","ENSMUSG00000030046","ENSMUSG00000021796"
"148","Bmp10","Bmpr1b","BMP10_BMPR1B","ENSMUSG00000030046","ENSMUSG00000052430"
"149","Bmp10","Bmpr2","BMP10_BMPR2","ENSMUSG00000030046","ENSMUSG00000067336"
"150","Bmp10","Eng","BMP10_ENG","ENSMUSG00000030046","ENSMUSG00000026814"
"151","Bmp15","Acvr1","BMP15_ACVR1","ENSMUSG00000023279","ENSMUSG00000026836"
"152","Bmp15","Acvr2a","BMP15_ACVR2A","ENSMUSG00000023279","ENSMUSG00000052155"
"153","Bmp15","Acvr2b","BMP15_ACVR2B","ENSMUSG00000023279","ENSMUSG00000061393"
"154","Bmp15","Bmpr1a","BMP15_BMPR1A","ENSMUSG00000023279","ENSMUSG00000021796"
"155","Bmp15","Bmpr1b","BMP15_BMPR1B","ENSMUSG00000023279","ENSMUSG00000052430"
"156","Bmp15","Bmpr2","BMP15_BMPR2","ENSMUSG00000023279","ENSMUSG00000067336"
"157","Bmp2","Acvr1","BMP2_ACVR1","ENSMUSG00000027358","ENSMUSG00000026836"
"158","Bmp2","Acvr2a","BMP2_ACVR2A","ENSMUSG00000027358","ENSMUSG00000052155"
"159","Bmp2","Acvr2b","BMP2_ACVR2B","ENSMUSG00000027358","ENSMUSG00000061393"
"160","Bmp2","Bmpr1a","BMP2_BMPR1A","ENSMUSG00000027358","ENSMUSG00000021796"
"161","Bmp2","Bmpr1b","BMP2_BMPR1B","ENSMUSG00000027358","ENSMUSG00000052430"
"162","Bmp2","Bmpr2","BMP2_BMPR2","ENSMUSG00000027358","ENSMUSG00000067336"
"163","Bmp2","Eng","BMP2_ENG","ENSMUSG00000027358","ENSMUSG00000026814"
"164","Bmp2","Hfe2","BMP2_HFE2","ENSMUSG00000027358","ENSMUSG00000038403"
"165","Bmp3","Acvr1","BMP3_ACVR1","ENSMUSG00000029335","ENSMUSG00000026836"
"166","Bmp3","Acvr2a","BMP3_ACVR2A","ENSMUSG00000029335","ENSMUSG00000052155"
"167","Bmp3","Acvr2b","BMP3_ACVR2B","ENSMUSG00000029335","ENSMUSG00000061393"
"168","Bmp3","Bmpr1a","BMP3_BMPR1A","ENSMUSG00000029335","ENSMUSG00000021796"
"169","Bmp3","Bmpr1b","BMP3_BMPR1B","ENSMUSG00000029335","ENSMUSG00000052430"
"170","Bmp3","Bmpr2","BMP3_BMPR2","ENSMUSG00000029335","ENSMUSG00000067336"
"171","Bmp4","Acvr1","BMP4_ACVR1","ENSMUSG00000021835","ENSMUSG00000026836"
"172","Bmp4","Acvr2a","BMP4_ACVR2A","ENSMUSG00000021835","ENSMUSG00000052155"
"173","Bmp4","Acvr2b","BMP4_ACVR2B","ENSMUSG00000021835","ENSMUSG00000061393"
"174","Bmp4","Bmpr1a","BMP4_BMPR1A","ENSMUSG00000021835","ENSMUSG00000021796"
"175","Bmp4","Bmpr1b","BMP4_BMPR1B","ENSMUSG00000021835","ENSMUSG00000052430"
"176","Bmp4","Bmpr2","BMP4_BMPR2","ENSMUSG00000021835","ENSMUSG00000067336"
"177","Bmp4","Hfe2","BMP4_HFE2","ENSMUSG00000021835","ENSMUSG00000038403"
"178","Bmp5","Acvr1","BMP5_ACVR1","ENSMUSG00000032179","ENSMUSG00000026836"
"179","Bmp5","Acvr2a","BMP5_ACVR2A","ENSMUSG00000032179","ENSMUSG00000052155"
"180","Bmp5","Acvr2b","BMP5_ACVR2B","ENSMUSG00000032179","ENSMUSG00000061393"
"181","Bmp5","Bmpr1a","BMP5_BMPR1A","ENSMUSG00000032179","ENSMUSG00000021796"
"182","Bmp5","Bmpr1b","BMP5_BMPR1B","ENSMUSG00000032179","ENSMUSG00000052430"
"183","Bmp5","Bmpr2","BMP5_BMPR2","ENSMUSG00000032179","ENSMUSG00000067336"
"184","Bmp5","Hfe2","BMP5_HFE2","ENSMUSG00000032179","ENSMUSG00000038403"
"185","Bmp6","Acvr1","BMP6_ACVR1","ENSMUSG00000039004","ENSMUSG00000026836"
"186","Bmp6","Acvr2a","BMP6_ACVR2A","ENSMUSG00000039004","ENSMUSG00000052155"
"187","Bmp6","Acvr2b","BMP6_ACVR2B","ENSMUSG00000039004","ENSMUSG00000061393"
"188","Bmp6","Bmpr1a","BMP6_BMPR1A","ENSMUSG00000039004","ENSMUSG00000021796"
"189","Bmp6","Bmpr1b","BMP6_BMPR1B","ENSMUSG00000039004","ENSMUSG00000052430"
"190","Bmp6","Bmpr2","BMP6_BMPR2","ENSMUSG00000039004","ENSMUSG00000067336"
"191","Bmp7","Acvr1","BMP7_ACVR1","ENSMUSG00000008999","ENSMUSG00000026836"
"192","Bmp7","Acvr2a","BMP7_ACVR2A","ENSMUSG00000008999","ENSMUSG00000052155"
"193","Bmp7","Acvr2b","BMP7_ACVR2B","ENSMUSG00000008999","ENSMUSG00000061393"
"194","Bmp7","Bmpr1a","BMP7_BMPR1A","ENSMUSG00000008999","ENSMUSG00000021796"
"195","Bmp7","Bmpr1b","BMP7_BMPR1B","ENSMUSG00000008999","ENSMUSG00000052430"
"196","Bmp7","Bmpr2","BMP7_BMPR2","ENSMUSG00000008999","ENSMUSG00000067336"
"197","Bmp7","Eng","BMP7_ENG","ENSMUSG00000008999","ENSMUSG00000026814"
"198","Bst1","Cav1","BST1_CAV1","ENSMUSG00000029082","ENSMUSG00000007655"
"199","Btc","Egfr","BTC_EGFR","ENSMUSG00000082361","ENSMUSG00000020122"
"200","Btc","Erbb2","BTC_ERBB2","ENSMUSG00000082361","ENSMUSG00000062312"
"201","Btc","Erbb3","BTC_ERBB3","ENSMUSG00000082361","ENSMUSG00000018166"
"202","Btc","Erbb4","BTC_ERBB4","ENSMUSG00000082361","ENSMUSG00000062209"
"203","Btla","Cd247","BTLA_CD247","ENSMUSG00000052013","ENSMUSG00000005763"
"204","Btla","Cd79a","BTLA_CD79A","ENSMUSG00000052013","ENSMUSG00000003379"
"205","Btla","Tnfrsf14","BTLA_TNFRSF14","ENSMUSG00000052013","ENSMUSG00000042333"
"206","Btla","Vtcn1","BTLA_VTCN1","ENSMUSG00000052013","ENSMUSG00000051076"
"207","BC055324","Plscr4","C1orf112_PLSCR4","ENSMUSG00000041406","ENSMUSG00000032377"
"208","1700013F07Rik","Plscr4","C1orf194_PLSCR4","ENSMUSG00000027886","ENSMUSG00000032377"
"209","C1qa","Cd93","C1QA_CD93","ENSMUSG00000036887","ENSMUSG00000027435"
"210","C1qa","Cr1l","C1QA_CR1","ENSMUSG00000036887","ENSMUSG00000016481"
"211","C1qa","Cspg4","C1QA_CSPG4","ENSMUSG00000036887","ENSMUSG00000032911"
"212","C1qb","Lrp1","C1QB_LRP1","ENSMUSG00000036905","ENSMUSG00000040249"
"213","C1qtnf1","Avpr2","C1QTNF1_AVPR2","ENSMUSG00000017446","ENSMUSG00000031390"
"214","C1qtnf5","Mfrp","C1QTNF5_MFRP","ENSMUSG00000079592","ENSMUSG00000034739"
"215","C3","C3ar1","C3_C3AR1","ENSMUSG00000024164","ENSMUSG00000040552"
"216","C3","C5ar2","C3_C5AR2","ENSMUSG00000024164","ENSMUSG00000074361"
"217","C3","Cd19","C3_CD19","ENSMUSG00000024164","ENSMUSG00000030724"
"218","C3","Cd46","C3_CD46","ENSMUSG00000024164","ENSMUSG00000016493"
"219","C3","Cd81","C3_CD81","ENSMUSG00000024164","ENSMUSG00000037706"
"220","C3","Cr1l","C3_CR1","ENSMUSG00000024164","ENSMUSG00000016481"
"221","C3","Itgam","C3_ITGAM","ENSMUSG00000024164","ENSMUSG00000030786"
"222","C3","Itgb2","C3_ITGB2","ENSMUSG00000024164","ENSMUSG00000000290"
"223","C3","Lrp1","C3_LRP1","ENSMUSG00000024164","ENSMUSG00000040249"
"224","C4bp","Bmpr2","C4BPA_BMPR2","ENSMUSG00000026405","ENSMUSG00000067336"
"225","C4bp","Cd40","C4BPA_CD40","ENSMUSG00000026405","ENSMUSG00000017652"
"226","C4bp","Lrp1","C4BPA_LRP1","ENSMUSG00000026405","ENSMUSG00000040249"
"227","Hc","C5ar1","C5_C5AR1","ENSMUSG00000026874","ENSMUSG00000049130"
"228","Hc","C5ar2","C5_C5AR2","ENSMUSG00000026874","ENSMUSG00000074361"
"229","2300002M23Rik","Ddr1","C6orf15_DDR1","ENSMUSG00000039269","ENSMUSG00000003534"
"230","Calca","Calcr","CALCA_CALCR","ENSMUSG00000030669","ENSMUSG00000023964"
"231","Calca","Calcrl","CALCA_CALCRL","ENSMUSG00000030669","ENSMUSG00000059588"
"232","Calca","Ramp1","CALCA_RAMP1","ENSMUSG00000030669","ENSMUSG00000034353"
"233","Calca","Ramp2","CALCA_RAMP2","ENSMUSG00000030669","ENSMUSG00000001240"
"234","Calcb","Calcr","CALCB_CALCR","ENSMUSG00000030666","ENSMUSG00000023964"
"235","Calcb","Calcrl","CALCB_CALCRL","ENSMUSG00000030666","ENSMUSG00000059588"
"236","Calcb","Ramp1","CALCB_RAMP1","ENSMUSG00000030666","ENSMUSG00000034353"
"237","Calr","Itga2b","CALR_ITGA2B","ENSMUSG00000003814","ENSMUSG00000034664"
"238","Calr","Itga3","CALR_ITGA3","ENSMUSG00000003814","ENSMUSG00000001507"
"239","Calr","Itgav","CALR_ITGAV","ENSMUSG00000003814","ENSMUSG00000027087"
"240","Calr","Lrp1","CALR_LRP1","ENSMUSG00000003814","ENSMUSG00000040249"
"241","Calr","Mtnr1a","CALR_MTNR1A","ENSMUSG00000003814","ENSMUSG00000054764"
"242","Calr","Scarf1","CALR_SCARF1","ENSMUSG00000003814","ENSMUSG00000038188"
"243","Calr","Tshr","CALR_TSHR","ENSMUSG00000003814","ENSMUSG00000020963"
"244","Camp","Egfr","CAMP_EGFR","ENSMUSG00000038357","ENSMUSG00000020122"
"245","Camp","Igf1r","CAMP_IGF1R","ENSMUSG00000038357","ENSMUSG00000005533"
"246","Camp","P2rx7","CAMP_P2RX7","ENSMUSG00000038357","ENSMUSG00000029468"
"247","Cck","Cckar","CCK_CCKAR","ENSMUSG00000032532","ENSMUSG00000029193"
"248","Cck","Cckbr","CCK_CCKBR","ENSMUSG00000032532","ENSMUSG00000030898"
"249","Ccl1","Ccr8","CCL1_CCR8","ENSMUSG00000020702","ENSMUSG00000042262"
"250","Ccl11","Ackr2","CCL11_ACKR2","ENSMUSG00000020676","ENSMUSG00000044534"
"251","Ccl11","Ackr4","CCL11_ACKR4","ENSMUSG00000020676","ENSMUSG00000079355"
"252","Ccl11","Ccr3","CCL11_CCR3","ENSMUSG00000020676","ENSMUSG00000035448"
"253","Ccl11","Cxcr3","CCL11_CXCR3","ENSMUSG00000020676","ENSMUSG00000050232"
"254","Ccl17","Ccr4","CCL17_CCR4","ENSMUSG00000031780","ENSMUSG00000047898"
"255","Ccl17","Ccr8","CCL17_CCR8","ENSMUSG00000031780","ENSMUSG00000042262"
"256","Ccl2","Ackr2","CCL2_ACKR2","ENSMUSG00000035385","ENSMUSG00000044534"
"257","Ccl2","Ackr4","CCL2_ACKR4","ENSMUSG00000035385","ENSMUSG00000079355"
"258","Ccl2","Ccr10","CCL2_CCR10","ENSMUSG00000035385","ENSMUSG00000044052"
"259","Ccl2","Ccr3","CCL2_CCR3","ENSMUSG00000035385","ENSMUSG00000035448"
"260","Ccl2","Ccr4","CCL2_CCR4","ENSMUSG00000035385","ENSMUSG00000047898"
"261","Ccl20","Ccr6","CCL20_CCR6","ENSMUSG00000026166","ENSMUSG00000040899"
"262","Ccl20","Cxcr3","CCL20_CXCR3","ENSMUSG00000026166","ENSMUSG00000050232"
"263","Ccl22","Ccr4","CCL22_CCR4","ENSMUSG00000031779","ENSMUSG00000047898"
"264","Ccl24","Ccr3","CCL24_CCR3","ENSMUSG00000004814","ENSMUSG00000035448"
"265","Ccl25","Ackr2","CCL25_ACKR2","ENSMUSG00000023235","ENSMUSG00000044534"
"266","Ccl25","Ackr4","CCL25_ACKR4","ENSMUSG00000023235","ENSMUSG00000079355"
"267","Ccl25","Ccr10","CCL25_CCR10","ENSMUSG00000023235","ENSMUSG00000044052"
"268","Ccl25","Ccr9","CCL25_CCR9","ENSMUSG00000023235","ENSMUSG00000029530"
"269","Ccl26","Ccr3","CCL26_CCR3","ENSMUSG00000070464","ENSMUSG00000035448"
"270","Ccl28","Ackr2","CCL28_ACKR2","ENSMUSG00000074715","ENSMUSG00000044534"
"271","Ccl28","Ccr10","CCL28_CCR10","ENSMUSG00000074715","ENSMUSG00000044052"
"272","Ccl28","Ccr3","CCL28_CCR3","ENSMUSG00000074715","ENSMUSG00000035448"
"273","Ccl4","Ackr2","CCL4_ACKR2","ENSMUSG00000018930","ENSMUSG00000044534"
"274","Ccl4","Ccr3","CCL4_CCR3","ENSMUSG00000018930","ENSMUSG00000035448"
"275","Ccl4","Ccr8","CCL4_CCR8","ENSMUSG00000018930","ENSMUSG00000042262"
"276","Ccl5","Ackr2","CCL5_ACKR2","ENSMUSG00000035042","ENSMUSG00000044534"
"277","Ccl5","Ackr4","CCL5_ACKR4","ENSMUSG00000035042","ENSMUSG00000079355"
"278","Ccl5","Ccr3","CCL5_CCR3","ENSMUSG00000035042","ENSMUSG00000035448"
"279","Ccl5","Ccr4","CCL5_CCR4","ENSMUSG00000035042","ENSMUSG00000047898"
"280","Ccl5","Cxcr3","CCL5_CXCR3","ENSMUSG00000035042","ENSMUSG00000050232"
"281","Ccl5","Gpr75","CCL5_GPR75","ENSMUSG00000035042","ENSMUSG00000043999"
"282","Ccl5","Sdc1","CCL5_SDC1","ENSMUSG00000035042","ENSMUSG00000020592"
"283","Ccl5","Sdc4","CCL5_SDC4","ENSMUSG00000035042","ENSMUSG00000017009"
"284","Ccl7","Ackr2","CCL7_ACKR2","ENSMUSG00000035373","ENSMUSG00000044534"
"285","Ccl7","Ackr4","CCL7_ACKR4","ENSMUSG00000035373","ENSMUSG00000079355"
"286","Ccl7","Ccr10","CCL7_CCR10","ENSMUSG00000035373","ENSMUSG00000044052"
"287","Ccl7","Ccr3","CCL7_CCR3","ENSMUSG00000035373","ENSMUSG00000035448"
"288","Ccl7","Cxcr3","CCL7_CXCR3","ENSMUSG00000035373","ENSMUSG00000050232"
"289","Cd14","Itga4","CD14_ITGA4","ENSMUSG00000051439","ENSMUSG00000027009"
"290","Cd14","Itgb1","CD14_ITGB1","ENSMUSG00000051439","ENSMUSG00000025809"
"291","Cd24a","Selp","CD24_SELP","ENSMUSG00000047139","ENSMUSG00000026580"
"292","Cd34","Sell","CD34_SELL","ENSMUSG00000016494","ENSMUSG00000026581"
"293","Cd34","Selp","CD34_SELP","ENSMUSG00000016494","ENSMUSG00000026580"
"294","Cd40lg","Cd40","CD40LG_CD40","ENSMUSG00000031132","ENSMUSG00000017652"
"295","Cd40lg","Itgam","CD40LG_ITGAM","ENSMUSG00000031132","ENSMUSG00000030786"
"296","Cd40lg","Itgb2","CD40LG_ITGB2","ENSMUSG00000031132","ENSMUSG00000000290"
"297","Cd40lg","Traf3","CD40LG_TRAF3","ENSMUSG00000031132","ENSMUSG00000021277"
"298","Cd5l","Cd5","CD5L_CD5","ENSMUSG00000015854","ENSMUSG00000024669"
"299","Cd70","Cd27","CD70_CD27","ENSMUSG00000019489","ENSMUSG00000030336"
"300","Cdh1","Cdh2","CDH1_CDH2","ENSMUSG00000000303","ENSMUSG00000024304"
"301","Cdh1","Egfr","CDH1_EGFR","ENSMUSG00000000303","ENSMUSG00000020122"
"302","Cdh1","Erbb3","CDH1_ERBB3","ENSMUSG00000000303","ENSMUSG00000018166"
"303","Cdh1","Igf1r","CDH1_IGF1R","ENSMUSG00000000303","ENSMUSG00000005533"
"304","Cdh1","Itgae","CDH1_ITGAE","ENSMUSG00000000303","ENSMUSG00000005947"
"305","Cdh1","Itgb7","CDH1_ITGB7","ENSMUSG00000000303","ENSMUSG00000001281"
"306","Cdh1","Klrg1","CDH1_KLRG1","ENSMUSG00000000303","ENSMUSG00000030114"
"307","Cdh1","Lrp5","CDH1_LRP5","ENSMUSG00000000303","ENSMUSG00000024913"
"308","Cdh1","Ptprf","CDH1_PTPRF","ENSMUSG00000000303","ENSMUSG00000033295"
"309","Cdh1","Ptprm","CDH1_PTPRM","ENSMUSG00000000303","ENSMUSG00000033278"
"310","Cel","Cxcr4","CEL_CXCR4","ENSMUSG00000026818","ENSMUSG00000045382"
"311","Cga","Fshr","CGA_FSHR","ENSMUSG00000028298","ENSMUSG00000032937"
"312","Cga","Lhcgr","CGA_LHCGR","ENSMUSG00000028298","ENSMUSG00000024107"
"313","Cga","Tshr","CGA_TSHR","ENSMUSG00000028298","ENSMUSG00000020963"
"314","Cgn","F11r","CGN_F11R","ENSMUSG00000068876","ENSMUSG00000038235"
"315","Cgn","Ocln","CGN_OCLN","ENSMUSG00000068876","ENSMUSG00000021638"
"316","Cgn","Tgfbr1","CGN_TGFBR1","ENSMUSG00000068876","ENSMUSG00000007613"
"317","Cgn","Tgfbr2","CGN_TGFBR2","ENSMUSG00000068876","ENSMUSG00000032440"
"318","Chad","Itga2","CHAD_ITGA2","ENSMUSG00000039084","ENSMUSG00000015533"
"319","Chad","Itgb1","CHAD_ITGB1","ENSMUSG00000039084","ENSMUSG00000025809"
"320","Clcf1","Cntfr","CLCF1_CNTFR","ENSMUSG00000040663","ENSMUSG00000028444"
"321","Clcf1","Crlf1","CLCF1_CRLF1","ENSMUSG00000040663","ENSMUSG00000007888"
"322","Clcf1","Il6st","CLCF1_IL6ST","ENSMUSG00000040663","ENSMUSG00000021756"
"323","Clcf1","Lifr","CLCF1_LIFR","ENSMUSG00000040663","ENSMUSG00000054263"
"324","Clec11a","Kit","CLEC11A_KIT","ENSMUSG00000004473","ENSMUSG00000005672"
"325","Cntf","Cntfr","CNTF_CNTFR","ENSMUSG00000079415","ENSMUSG00000028444"
"326","Cntf","Il6ra","CNTF_IL6R","ENSMUSG00000079415","ENSMUSG00000027947"
"327","Cntf","Il6st","CNTF_IL6ST","ENSMUSG00000079415","ENSMUSG00000021756"
"328","Cntf","Lifr","CNTF_LIFR","ENSMUSG00000079415","ENSMUSG00000054263"
"329","Cntn2","Cntn1","CNTN2_CNTN1","ENSMUSG00000053024","ENSMUSG00000055022"
"330","Cntn2","Cntnap2","CNTN2_CNTNAP2","ENSMUSG00000053024","ENSMUSG00000039419"
"331","Cntn2","Nrcam","CNTN2_NRCAM","ENSMUSG00000053024","ENSMUSG00000020598"
"332","Cntn2","Nrp1","CNTN2_NRP1","ENSMUSG00000053024","ENSMUSG00000025810"
"333","Cntn4","Ptprg","CNTN4_PTPRG","ENSMUSG00000064293","ENSMUSG00000021745"
"334","Col11a1","Ddr1","COL11A1_DDR1","ENSMUSG00000027966","ENSMUSG00000003534"
"335","Col11a1","Itga2","COL11A1_ITGA2","ENSMUSG00000027966","ENSMUSG00000015533"
"336","Col11a1","Itgb1","COL11A1_ITGB1","ENSMUSG00000027966","ENSMUSG00000025809"
"337","Col14a1","Cd44","COL14A1_CD44","ENSMUSG00000022371","ENSMUSG00000005087"
"338","Col18a1","Gpc1","COL18A1_GPC1","ENSMUSG00000001435","ENSMUSG00000034220"
"339","Col18a1","Gpc4","COL18A1_GPC4","ENSMUSG00000001435","ENSMUSG00000031119"
"340","Col18a1","Itga5","COL18A1_ITGA5","ENSMUSG00000001435","ENSMUSG00000000555"
"341","Col18a1","Itgb1","COL18A1_ITGB1","ENSMUSG00000001435","ENSMUSG00000025809"
"342","Col18a1","Kdr","COL18A1_KDR","ENSMUSG00000001435","ENSMUSG00000062960"
"343","Col1a1","Cd36","COL1A1_CD36","ENSMUSG00000001506","ENSMUSG00000002944"
"344","Col1a1","Cd44","COL1A1_CD44","ENSMUSG00000001506","ENSMUSG00000005087"
"345","Col1a1","Cd93","COL1A1_CD93","ENSMUSG00000001506","ENSMUSG00000027435"
"346","Col1a1","Ddr1","COL1A1_DDR1","ENSMUSG00000001506","ENSMUSG00000003534"
"347","Col1a1","Ddr2","COL1A1_DDR2","ENSMUSG00000001506","ENSMUSG00000026674"
"348","Col1a1","Flt4","COL1A1_FLT4","ENSMUSG00000001506","ENSMUSG00000020357"
"349","Col1a1","Itga1","COL1A1_ITGA1","ENSMUSG00000001506","ENSMUSG00000042284"
"350","Col1a1","Itga11","COL1A1_ITGA11","ENSMUSG00000001506","ENSMUSG00000032243"
"351","Col1a1","Itga2","COL1A1_ITGA2","ENSMUSG00000001506","ENSMUSG00000015533"
"352","Col1a1","Itga5","COL1A1_ITGA5","ENSMUSG00000001506","ENSMUSG00000000555"
"353","Col1a1","Itgav","COL1A1_ITGAV","ENSMUSG00000001506","ENSMUSG00000027087"
"354","Col1a1","Itgb1","COL1A1_ITGB1","ENSMUSG00000001506","ENSMUSG00000025809"
"355","Col1a1","Tmprss6","COL1A1_TMPRSS6","ENSMUSG00000001506","ENSMUSG00000016942"
"356","Col1a2","Cd36","COL1A2_CD36","ENSMUSG00000029661","ENSMUSG00000002944"
"357","Col1a2","Cd44","COL1A2_CD44","ENSMUSG00000029661","ENSMUSG00000005087"
"358","Col1a2","Cd93","COL1A2_CD93","ENSMUSG00000029661","ENSMUSG00000027435"
"359","Col1a2","Flt4","COL1A2_FLT4","ENSMUSG00000029661","ENSMUSG00000020357"
"360","Col1a2","Itga1","COL1A2_ITGA1","ENSMUSG00000029661","ENSMUSG00000042284"
"361","Col1a2","Itga11","COL1A2_ITGA11","ENSMUSG00000029661","ENSMUSG00000032243"
"362","Col1a2","Itga2","COL1A2_ITGA2","ENSMUSG00000029661","ENSMUSG00000015533"
"363","Col1a2","Itga2b","COL1A2_ITGA2B","ENSMUSG00000029661","ENSMUSG00000034664"
"364","Col1a2","Itgav","COL1A2_ITGAV","ENSMUSG00000029661","ENSMUSG00000027087"
"365","Col1a2","Itgb1","COL1A2_ITGB1","ENSMUSG00000029661","ENSMUSG00000025809"
"366","Col1a2","Itgb3","COL1A2_ITGB3","ENSMUSG00000029661","ENSMUSG00000020689"
"367","Col2a1","Ddr1","COL2A1_DDR1","ENSMUSG00000022483","ENSMUSG00000003534"
"368","Col2a1","Itga1","COL2A1_ITGA1","ENSMUSG00000022483","ENSMUSG00000042284"
"369","Col2a1","Itga10","COL2A1_ITGA10","ENSMUSG00000022483","ENSMUSG00000090210"
"370","Col2a1","Itga2","COL2A1_ITGA2","ENSMUSG00000022483","ENSMUSG00000015533"
"371","Col2a1","Itga2b","COL2A1_ITGA2B","ENSMUSG00000022483","ENSMUSG00000034664"
"372","Col2a1","Itgb1","COL2A1_ITGB1","ENSMUSG00000022483","ENSMUSG00000025809"
"373","Col2a1","Mag","COL2A1_MAG","ENSMUSG00000022483","ENSMUSG00000036634"
"374","Col2a1","Olfr20","COL2A1_OR1E1","ENSMUSG00000022483","ENSMUSG00000062128"
"375","Col3a1","Ddr1","COL3A1_DDR1","ENSMUSG00000026043","ENSMUSG00000003534"
"376","Col3a1","Ddr2","COL3A1_DDR2","ENSMUSG00000026043","ENSMUSG00000026674"
"377","Col3a1","Itga2","COL3A1_ITGA2","ENSMUSG00000026043","ENSMUSG00000015533"
"378","Col3a1","Itgb1","COL3A1_ITGB1","ENSMUSG00000026043","ENSMUSG00000025809"
"379","Col3a1","Mag","COL3A1_MAG","ENSMUSG00000026043","ENSMUSG00000036634"
"380","Col4a1","Cd47","COL4A1_CD47","ENSMUSG00000031502","ENSMUSG00000055447"
"381","Col4a1","Cd93","COL4A1_CD93","ENSMUSG00000031502","ENSMUSG00000027435"
"382","Col4a1","Itga1","COL4A1_ITGA1","ENSMUSG00000031502","ENSMUSG00000042284"
"383","Col4a1","Itga2","COL4A1_ITGA2","ENSMUSG00000031502","ENSMUSG00000015533"
"384","Col4a1","Itgav","COL4A1_ITGAV","ENSMUSG00000031502","ENSMUSG00000027087"
"385","Col4a1","Itgb1","COL4A1_ITGB1","ENSMUSG00000031502","ENSMUSG00000025809"
"386","Col4a1","Itgb8","COL4A1_ITGB8","ENSMUSG00000031502","ENSMUSG00000025321"
"387","Col4a2","Cd93","COL4A2_CD93","ENSMUSG00000031503","ENSMUSG00000027435"
"388","Col4a3","Cd47","COL4A3_CD47","ENSMUSG00000079465","ENSMUSG00000055447"
"389","Col4a3","Cd93","COL4A3_CD93","ENSMUSG00000079465","ENSMUSG00000027435"
"390","Col4a3","Itga1","COL4A3_ITGA1","ENSMUSG00000079465","ENSMUSG00000042284"
"391","Col4a3","Itga2","COL4A3_ITGA2","ENSMUSG00000079465","ENSMUSG00000015533"
"392","Col4a3","Itgav","COL4A3_ITGAV","ENSMUSG00000079465","ENSMUSG00000027087"
"393","Col4a3","Itgb1","COL4A3_ITGB1","ENSMUSG00000079465","ENSMUSG00000025809"
"394","Col4a4","Cd47","COL4A4_CD47","ENSMUSG00000067158","ENSMUSG00000055447"
"395","Col4a4","Cd93","COL4A4_CD93","ENSMUSG00000067158","ENSMUSG00000027435"
"396","Col4a4","Itga1","COL4A4_ITGA1","ENSMUSG00000067158","ENSMUSG00000042284"
"397","Col4a4","Itga2","COL4A4_ITGA2","ENSMUSG00000067158","ENSMUSG00000015533"
"398","Col4a4","Itgav","COL4A4_ITGAV","ENSMUSG00000067158","ENSMUSG00000027087"
"399","Col4a4","Itgb1","COL4A4_ITGB1","ENSMUSG00000067158","ENSMUSG00000025809"
"400","Col4a5","Cd47","COL4A5_CD47","ENSMUSG00000031274","ENSMUSG00000055447"
"401","Col4a5","Cd93","COL4A5_CD93","ENSMUSG00000031274","ENSMUSG00000027435"
"402","Col4a5","Itga1","COL4A5_ITGA1","ENSMUSG00000031274","ENSMUSG00000042284"
"403","Col4a5","Itga2","COL4A5_ITGA2","ENSMUSG00000031274","ENSMUSG00000015533"
"404","Col4a5","Itgav","COL4A5_ITGAV","ENSMUSG00000031274","ENSMUSG00000027087"
"405","Col4a5","Itgb1","COL4A5_ITGB1","ENSMUSG00000031274","ENSMUSG00000025809"
"406","Col4a6","Cd47","COL4A6_CD47","ENSMUSG00000031273","ENSMUSG00000055447"
"407","Col4a6","Cd93","COL4A6_CD93","ENSMUSG00000031273","ENSMUSG00000027435"
"408","Col4a6","Itga1","COL4A6_ITGA1","ENSMUSG00000031273","ENSMUSG00000042284"
"409","Col4a6","Itga2","COL4A6_ITGA2","ENSMUSG00000031273","ENSMUSG00000015533"
"410","Col4a6","Itgav","COL4A6_ITGAV","ENSMUSG00000031273","ENSMUSG00000027087"
"411","Col4a6","Itgb1","COL4A6_ITGB1","ENSMUSG00000031273","ENSMUSG00000025809"
"412","Col5a1","Itga1","COL5A1_ITGA1","ENSMUSG00000026837","ENSMUSG00000042284"
"413","Col5a1","Itgb1","COL5A1_ITGB1","ENSMUSG00000026837","ENSMUSG00000025809"
"414","Col5a1","Sdc3","COL5A1_SDC3","ENSMUSG00000026837","ENSMUSG00000025743"
"415","Col5a2","Ddr1","COL5A2_DDR1","ENSMUSG00000026042","ENSMUSG00000003534"
"416","Col5a2","Itga1","COL5A2_ITGA1","ENSMUSG00000026042","ENSMUSG00000042284"
"417","Col5a2","Itgb1","COL5A2_ITGB1","ENSMUSG00000026042","ENSMUSG00000025809"
"418","Col5a3","Sdc3","COL5A3_SDC3","ENSMUSG00000004098","ENSMUSG00000025743"
"419","Col6a1","Itga1","COL6A1_ITGA1","ENSMUSG00000001119","ENSMUSG00000042284"
"420","Col6a1","Itga2","COL6A1_ITGA2","ENSMUSG00000001119","ENSMUSG00000015533"
"421","Col6a1","Itga6","COL6A1_ITGA6","ENSMUSG00000001119","ENSMUSG00000027111"
"422","Col6a1","Itgb1","COL6A1_ITGB1","ENSMUSG00000001119","ENSMUSG00000025809"
"423","Col6a2","Itga1","COL6A2_ITGA1","ENSMUSG00000020241","ENSMUSG00000042284"
"424","Col6a2","Itga2","COL6A2_ITGA2","ENSMUSG00000020241","ENSMUSG00000015533"
"425","Col6a2","Itgb1","COL6A2_ITGB1","ENSMUSG00000020241","ENSMUSG00000025809"
"426","Col6a3","Itga1","COL6A3_ITGA1","ENSMUSG00000048126","ENSMUSG00000042284"
"427","Col6a3","Itga2","COL6A3_ITGA2","ENSMUSG00000048126","ENSMUSG00000015533"
"428","Col6a3","Itgb1","COL6A3_ITGB1","ENSMUSG00000048126","ENSMUSG00000025809"
"429","Col7a1","Itga2","COL7A1_ITGA2","ENSMUSG00000025650","ENSMUSG00000015533"
"430","Col7a1","Itgb1","COL7A1_ITGB1","ENSMUSG00000025650","ENSMUSG00000025809"
"431","Col8a1","Itga1","COL8A1_ITGA1","ENSMUSG00000068196","ENSMUSG00000042284"
"432","Col8a1","Itga2","COL8A1_ITGA2","ENSMUSG00000068196","ENSMUSG00000015533"
"433","Col9a1","Mag","COL9A1_MAG","ENSMUSG00000026147","ENSMUSG00000036634"
"434","Col9a2","Mag","COL9A2_MAG","ENSMUSG00000028626","ENSMUSG00000036634"
"435","Col9a3","Mag","COL9A3_MAG","ENSMUSG00000027570","ENSMUSG00000036634"
"436","Colq","Musk","COLQ_MUSK","ENSMUSG00000057606","ENSMUSG00000057280"
"437","Cort","Ghsr","CORT_GHSR","ENSMUSG00000028971","ENSMUSG00000051136"
"438","Cort","Sstr1","CORT_SSTR1","ENSMUSG00000028971","ENSMUSG00000035431"
"439","Cort","Sstr2","CORT_SSTR2","ENSMUSG00000028971","ENSMUSG00000047904"
"440","Cort","Sstr3","CORT_SSTR3","ENSMUSG00000028971","ENSMUSG00000044933"
"441","Cort","Sstr4","CORT_SSTR4","ENSMUSG00000028971","ENSMUSG00000037014"
"442","Cort","Sstr5","CORT_SSTR5","ENSMUSG00000028971","ENSMUSG00000050824"
"443","Cp","Slc40a1","CP_SLC40A1","ENSMUSG00000003617","ENSMUSG00000025993"
"444","Crh","Crhr1","CRH_CRHR1","ENSMUSG00000049796","ENSMUSG00000018634"
"445","Crh","Crhr2","CRH_CRHR2","ENSMUSG00000049796","ENSMUSG00000003476"
"446","Crh","Mc2r","CRH_MC2R","ENSMUSG00000049796","ENSMUSG00000045569"
"447","Crp","Olr1","CRP_OLR1","ENSMUSG00000037942","ENSMUSG00000030162"
"448","Csf1","Csf1r","CSF1_CSF1R","ENSMUSG00000014599","ENSMUSG00000024621"
"449","Csf2","Csf1r","CSF2_CSF1R","ENSMUSG00000018916","ENSMUSG00000024621"
"450","Csf2","Csf3r","CSF2_CSF3R","ENSMUSG00000018916","ENSMUSG00000028859"
"451","Csf2","Il3ra","CSF2_IL3RA","ENSMUSG00000018916","ENSMUSG00000068758"
"452","Csf2","Itga9","CSF2_ITGA9","ENSMUSG00000018916","ENSMUSG00000039115"
"453","Csf2","Itgb1","CSF2_ITGB1","ENSMUSG00000018916","ENSMUSG00000025809"
"454","Csf2","Sdc2","CSF2_SDC2","ENSMUSG00000018916","ENSMUSG00000022261"
"455","Csf3","Csf1r","CSF3_CSF1R","ENSMUSG00000038067","ENSMUSG00000024621"
"456","Csf3","Csf3r","CSF3_CSF3R","ENSMUSG00000038067","ENSMUSG00000028859"
"457","Ctf1","Il6st","CTF1_IL6ST","ENSMUSG00000042340","ENSMUSG00000021756"
"458","Ctf1","Lifr","CTF1_LIFR","ENSMUSG00000042340","ENSMUSG00000054263"
"459","Ctgf","Erbb4","CTGF_ERBB4","ENSMUSG00000019997","ENSMUSG00000062209"
"460","Ctgf","Itga5","CTGF_ITGA5","ENSMUSG00000019997","ENSMUSG00000000555"
"461","Ctgf","Itgam","CTGF_ITGAM","ENSMUSG00000019997","ENSMUSG00000030786"
"462","Ctgf","Itgb2","CTGF_ITGB2","ENSMUSG00000019997","ENSMUSG00000000290"
"463","Ctgf","Lrp1","CTGF_LRP1","ENSMUSG00000019997","ENSMUSG00000040249"
"464","Ctgf","Lrp6","CTGF_LRP6","ENSMUSG00000019997","ENSMUSG00000030201"
"465","Ctgf","Ntrk1","CTGF_NTRK1","ENSMUSG00000019997","ENSMUSG00000028072"
"466","Cthrc1","Fzd3","CTHRC1_FZD3","ENSMUSG00000054196","ENSMUSG00000007989"
"467","Cthrc1","Fzd5","CTHRC1_FZD5","ENSMUSG00000054196","ENSMUSG00000045005"
"468","Cthrc1","Fzd6","CTHRC1_FZD6","ENSMUSG00000054196","ENSMUSG00000022297"
"469","Cubn","Lrp2","CUBN_LRP2","ENSMUSG00000026726","ENSMUSG00000027070"
"470","Cx3cl1","Cx3cr1","CX3CL1_CX3CR1","ENSMUSG00000031778","ENSMUSG00000052336"
"471","Cxcl10","Ccr3","CXCL10_CCR3","ENSMUSG00000034855","ENSMUSG00000035448"
"472","Cxcl10","Cxcr3","CXCL10_CXCR3","ENSMUSG00000034855","ENSMUSG00000050232"
"473","Cxcl10","Sdc4","CXCL10_SDC4","ENSMUSG00000034855","ENSMUSG00000017009"
"474","Cxcl11","Ackr3","CXCL11_ACKR3","ENSMUSG00000060183","ENSMUSG00000044337"
"475","Cxcl11","Ccr3","CXCL11_CCR3","ENSMUSG00000060183","ENSMUSG00000035448"
"476","Cxcl11","Cxcr3","CXCL11_CXCR3","ENSMUSG00000060183","ENSMUSG00000050232"
"477","Cxcl12","Ackr3","CXCL12_ACKR3","ENSMUSG00000061353","ENSMUSG00000044337"
"478","Cxcl12","Ccr4","CXCL12_CCR4","ENSMUSG00000061353","ENSMUSG00000047898"
"479","Cxcl12","Cd4","CXCL12_CD4","ENSMUSG00000061353","ENSMUSG00000023274"
"480","Cxcl12","Cxcr3","CXCL12_CXCR3","ENSMUSG00000061353","ENSMUSG00000050232"
"481","Cxcl12","Cxcr4","CXCL12_CXCR4","ENSMUSG00000061353","ENSMUSG00000045382"
"482","Cxcl12","Itgb1","CXCL12_ITGB1","ENSMUSG00000061353","ENSMUSG00000025809"
"483","Cxcl12","Sdc4","CXCL12_SDC4","ENSMUSG00000061353","ENSMUSG00000017009"
"484","Cxcl13","Ackr4","CXCL13_ACKR4","ENSMUSG00000023078","ENSMUSG00000079355"
"485","Cxcl13","Ccr10","CXCL13_CCR10","ENSMUSG00000023078","ENSMUSG00000044052"
"486","Cxcl13","Cxcr3","CXCL13_CXCR3","ENSMUSG00000023078","ENSMUSG00000050232"
"487","Cxcl13","Cxcr5","CXCL13_CXCR5","ENSMUSG00000023078","ENSMUSG00000047880"
"488","Cxcl13","Htr2a","CXCL13_HTR2A","ENSMUSG00000023078","ENSMUSG00000034997"
"489","Cxcl13","Oprd1","CXCL13_OPRD1","ENSMUSG00000023078","ENSMUSG00000050511"
"490","Cxcl16","Cxcr6","CXCL16_CXCR6","ENSMUSG00000018920","ENSMUSG00000048521"
"491","Cxcl9","Ccr3","CXCL9_CCR3","ENSMUSG00000029417","ENSMUSG00000035448"
"492","Cxcl9","Cxcr3","CXCL9_CXCR3","ENSMUSG00000029417","ENSMUSG00000050232"
"493","Cyr61","Cav1","CYR61_CAV1","ENSMUSG00000028195","ENSMUSG00000007655"
"494","Cyr61","Itga5","CYR61_ITGA5","ENSMUSG00000028195","ENSMUSG00000000555"
"495","Cyr61","Itgam","CYR61_ITGAM","ENSMUSG00000028195","ENSMUSG00000030786"
"496","Cyr61","Itgav","CYR61_ITGAV","ENSMUSG00000028195","ENSMUSG00000027087"
"497","Cyr61","Itgb2","CYR61_ITGB2","ENSMUSG00000028195","ENSMUSG00000000290"
"498","Cyr61","Itgb3","CYR61_ITGB3","ENSMUSG00000028195","ENSMUSG00000020689"
"499","Cyr61","Itgb5","CYR61_ITGB5","ENSMUSG00000028195","ENSMUSG00000022817"
"500","Dcn","Egfr","DCN_EGFR","ENSMUSG00000019929","ENSMUSG00000020122"
"501","Dcn","Erbb4","DCN_ERBB4","ENSMUSG00000019929","ENSMUSG00000062209"
"502","Dcn","Met","DCN_MET","ENSMUSG00000019929","ENSMUSG00000009376"
"503","Defb1","Ccr6","DEFB1_CCR6","ENSMUSG00000044748","ENSMUSG00000040899"
"504","Dhh","Boc","DHH_BOC","ENSMUSG00000023000","ENSMUSG00000022687"
"505","Dhh","Cdon","DHH_CDON","ENSMUSG00000023000","ENSMUSG00000038119"
"506","Dhh","Hhip","DHH_HHIP","ENSMUSG00000023000","ENSMUSG00000064325"
"507","Dhh","Ptch1","DHH_PTCH1","ENSMUSG00000023000","ENSMUSG00000021466"
"508","Dhh","Ptch2","DHH_PTCH2","ENSMUSG00000023000","ENSMUSG00000028681"
"509","Dkk1","Kremen1","DKK1_KREMEN1","ENSMUSG00000024868","ENSMUSG00000020393"
"510","Dkk1","Kremen2","DKK1_KREMEN2","ENSMUSG00000024868","ENSMUSG00000040680"
"511","Dkk1","Lrp5","DKK1_LRP5","ENSMUSG00000024868","ENSMUSG00000024913"
"512","Dkk1","Lrp6","DKK1_LRP6","ENSMUSG00000024868","ENSMUSG00000030201"
"513","Dkk2","Kremen2","DKK2_KREMEN2","ENSMUSG00000028031","ENSMUSG00000040680"
"514","Dkk2","Lrp6","DKK2_LRP6","ENSMUSG00000028031","ENSMUSG00000030201"
"515","Dlk1","Notch1","DLK1_NOTCH1","ENSMUSG00000040856","ENSMUSG00000026923"
"516","Dlk1","Notch3","DLK1_NOTCH3","ENSMUSG00000040856","ENSMUSG00000038146"
"517","Dlk1","Notch4","DLK1_NOTCH4","ENSMUSG00000040856","ENSMUSG00000015468"
"518","Dlk2","Notch1","DLK2_NOTCH1","ENSMUSG00000047428","ENSMUSG00000026923"
"519","Dll1","Notch1","DLL1_NOTCH1","ENSMUSG00000014773","ENSMUSG00000026923"
"520","Dll1","Notch3","DLL1_NOTCH3","ENSMUSG00000014773","ENSMUSG00000038146"
"521","Dll1","Notch4","DLL1_NOTCH4","ENSMUSG00000014773","ENSMUSG00000015468"
"522","Dll3","Notch1","DLL3_NOTCH1","ENSMUSG00000003436","ENSMUSG00000026923"
"523","Dll3","Notch3","DLL3_NOTCH3","ENSMUSG00000003436","ENSMUSG00000038146"
"524","Dll3","Notch4","DLL3_NOTCH4","ENSMUSG00000003436","ENSMUSG00000015468"
"525","Dll4","Notch1","DLL4_NOTCH1","ENSMUSG00000027314","ENSMUSG00000026923"
"526","Dll4","Notch3","DLL4_NOTCH3","ENSMUSG00000027314","ENSMUSG00000038146"
"527","Dll4","Notch4","DLL4_NOTCH4","ENSMUSG00000027314","ENSMUSG00000015468"
"528","Dscam","Dcc","DSCAM_DCC","ENSMUSG00000050272","ENSMUSG00000060534"
"529","Ebi3","Il27ra","EBI3_IL27RA","ENSMUSG00000003206","ENSMUSG00000005465"
"530","Ebi3","Il6st","EBI3_IL6ST","ENSMUSG00000003206","ENSMUSG00000021756"
"531","Ecm1","Cachd1","ECM1_CACHD1","ENSMUSG00000028108","ENSMUSG00000028532"
"532","Eda","Eda2r","EDA_EDA2R","ENSMUSG00000059327","ENSMUSG00000034457"
"533","Eda","Edar","EDA_EDAR","ENSMUSG00000059327","ENSMUSG00000003227"
"534","Edil3","Itgav","EDIL3_ITGAV","ENSMUSG00000034488","ENSMUSG00000027087"
"535","Edil3","Itgb5","EDIL3_ITGB5","ENSMUSG00000034488","ENSMUSG00000022817"
"536","Edn1","Ednra","EDN1_EDNRA","ENSMUSG00000021367","ENSMUSG00000031616"
"537","Edn1","Ednrb","EDN1_EDNRB","ENSMUSG00000021367","ENSMUSG00000022122"
"538","Edn1","Kel","EDN1_KEL","ENSMUSG00000021367","ENSMUSG00000029866"
"539","Edn2","Ednra","EDN2_EDNRA","ENSMUSG00000028635","ENSMUSG00000031616"
"540","Edn2","Ednrb","EDN2_EDNRB","ENSMUSG00000028635","ENSMUSG00000022122"
"541","Edn2","Kel","EDN2_KEL","ENSMUSG00000028635","ENSMUSG00000029866"
"542","Edn3","Ednra","EDN3_EDNRA","ENSMUSG00000027524","ENSMUSG00000031616"
"543","Edn3","Ednrb","EDN3_EDNRB","ENSMUSG00000027524","ENSMUSG00000022122"
"544","Edn3","Kel","EDN3_KEL","ENSMUSG00000027524","ENSMUSG00000029866"
"545","Efemp1","Egfr","EFEMP1_EGFR","ENSMUSG00000020467","ENSMUSG00000020122"
"546","Efemp2","Aqp1","EFEMP2_AQP1","ENSMUSG00000024909","ENSMUSG00000004655"
"547","Efemp2","Catsper1","EFEMP2_CATSPER1","ENSMUSG00000024909","ENSMUSG00000038498"
"548","Efemp2","Lingo1","EFEMP2_LINGO1","ENSMUSG00000024909","ENSMUSG00000049556"
"549","Efemp2","Plscr4","EFEMP2_PLSCR4","ENSMUSG00000024909","ENSMUSG00000032377"
"550","Efna1","Epha1","EFNA1_EPHA1","ENSMUSG00000027954","ENSMUSG00000029859"
"551","Efna1","Epha2","EFNA1_EPHA2","ENSMUSG00000027954","ENSMUSG00000006445"
"552","Efna1","Epha3","EFNA1_EPHA3","ENSMUSG00000027954","ENSMUSG00000052504"
"553","Efna1","Epha4","EFNA1_EPHA4","ENSMUSG00000027954","ENSMUSG00000026235"
"554","Efna1","Epha5","EFNA1_EPHA5","ENSMUSG00000027954","ENSMUSG00000029245"
"555","Efna1","Epha6","EFNA1_EPHA6","ENSMUSG00000027954","ENSMUSG00000055540"
"556","Efna1","Epha7","EFNA1_EPHA7","ENSMUSG00000027954","ENSMUSG00000028289"
"557","Efna1","Epha8","EFNA1_EPHA8","ENSMUSG00000027954","ENSMUSG00000028661"
"558","Efna1","Ephb1","EFNA1_EPHB1","ENSMUSG00000027954","ENSMUSG00000032537"
"559","Efna1","Ephb6","EFNA1_EPHB6","ENSMUSG00000027954","ENSMUSG00000029869"
"560","Efna2","Epha1","EFNA2_EPHA1","ENSMUSG00000003070","ENSMUSG00000029859"
"561","Efna2","Epha2","EFNA2_EPHA2","ENSMUSG00000003070","ENSMUSG00000006445"
"562","Efna2","Epha3","EFNA2_EPHA3","ENSMUSG00000003070","ENSMUSG00000052504"
"563","Efna2","Epha4","EFNA2_EPHA4","ENSMUSG00000003070","ENSMUSG00000026235"
"564","Efna2","Epha5","EFNA2_EPHA5","ENSMUSG00000003070","ENSMUSG00000029245"
"565","Efna2","Epha6","EFNA2_EPHA6","ENSMUSG00000003070","ENSMUSG00000055540"
"566","Efna2","Epha7","EFNA2_EPHA7","ENSMUSG00000003070","ENSMUSG00000028289"
"567","Efna2","Epha8","EFNA2_EPHA8","ENSMUSG00000003070","ENSMUSG00000028661"
"568","Efna3","Epha1","EFNA3_EPHA1","ENSMUSG00000028039","ENSMUSG00000029859"
"569","Efna3","Epha2","EFNA3_EPHA2","ENSMUSG00000028039","ENSMUSG00000006445"
"570","Efna3","Epha3","EFNA3_EPHA3","ENSMUSG00000028039","ENSMUSG00000052504"
"571","Efna3","Epha4","EFNA3_EPHA4","ENSMUSG00000028039","ENSMUSG00000026235"
"572","Efna3","Epha5","EFNA3_EPHA5","ENSMUSG00000028039","ENSMUSG00000029245"
"573","Efna3","Epha6","EFNA3_EPHA6","ENSMUSG00000028039","ENSMUSG00000055540"
"574","Efna3","Epha7","EFNA3_EPHA7","ENSMUSG00000028039","ENSMUSG00000028289"
"575","Efna3","Epha8","EFNA3_EPHA8","ENSMUSG00000028039","ENSMUSG00000028661"
"576","Efna3","Ephb1","EFNA3_EPHB1","ENSMUSG00000028039","ENSMUSG00000032537"
"577","Efna3","Ephb6","EFNA3_EPHB6","ENSMUSG00000028039","ENSMUSG00000029869"
"578","Efna4","Epha1","EFNA4_EPHA1","ENSMUSG00000028040","ENSMUSG00000029859"
"579","Efna4","Epha2","EFNA4_EPHA2","ENSMUSG00000028040","ENSMUSG00000006445"
"580","Efna4","Epha3","EFNA4_EPHA3","ENSMUSG00000028040","ENSMUSG00000052504"
"581","Efna4","Epha4","EFNA4_EPHA4","ENSMUSG00000028040","ENSMUSG00000026235"
"582","Efna4","Epha5","EFNA4_EPHA5","ENSMUSG00000028040","ENSMUSG00000029245"
"583","Efna4","Epha6","EFNA4_EPHA6","ENSMUSG00000028040","ENSMUSG00000055540"
"584","Efna4","Epha7","EFNA4_EPHA7","ENSMUSG00000028040","ENSMUSG00000028289"
"585","Efna4","Epha8","EFNA4_EPHA8","ENSMUSG00000028040","ENSMUSG00000028661"
"586","Efna5","Epha1","EFNA5_EPHA1","ENSMUSG00000048915","ENSMUSG00000029859"
"587","Efna5","Epha2","EFNA5_EPHA2","ENSMUSG00000048915","ENSMUSG00000006445"
"588","Efna5","Epha3","EFNA5_EPHA3","ENSMUSG00000048915","ENSMUSG00000052504"
"589","Efna5","Epha4","EFNA5_EPHA4","ENSMUSG00000048915","ENSMUSG00000026235"
"590","Efna5","Epha5","EFNA5_EPHA5","ENSMUSG00000048915","ENSMUSG00000029245"
"591","Efna5","Epha6","EFNA5_EPHA6","ENSMUSG00000048915","ENSMUSG00000055540"
"592","Efna5","Epha7","EFNA5_EPHA7","ENSMUSG00000048915","ENSMUSG00000028289"
"593","Efna5","Epha8","EFNA5_EPHA8","ENSMUSG00000048915","ENSMUSG00000028661"
"594","Efna5","Ephb1","EFNA5_EPHB1","ENSMUSG00000048915","ENSMUSG00000032537"
"595","Efna5","Ephb2","EFNA5_EPHB2","ENSMUSG00000048915","ENSMUSG00000028664"
"596","Efna5","Ephb6","EFNA5_EPHB6","ENSMUSG00000048915","ENSMUSG00000029869"
"597","Efnb1","Epha4","EFNB1_EPHA4","ENSMUSG00000031217","ENSMUSG00000026235"
"598","Efnb1","Epha6","EFNB1_EPHA6","ENSMUSG00000031217","ENSMUSG00000055540"
"599","Efnb1","Ephb1","EFNB1_EPHB1","ENSMUSG00000031217","ENSMUSG00000032537"
"600","Efnb1","Ephb2","EFNB1_EPHB2","ENSMUSG00000031217","ENSMUSG00000028664"
"601","Efnb1","Ephb3","EFNB1_EPHB3","ENSMUSG00000031217","ENSMUSG00000005958"
"602","Efnb1","Ephb4","EFNB1_EPHB4","ENSMUSG00000031217","ENSMUSG00000029710"
"603","Efnb1","Ephb6","EFNB1_EPHB6","ENSMUSG00000031217","ENSMUSG00000029869"
"604","Efnb1","Erbb2","EFNB1_ERBB2","ENSMUSG00000031217","ENSMUSG00000062312"
"605","Efnb2","Epha3","EFNB2_EPHA3","ENSMUSG00000001300","ENSMUSG00000052504"
"606","Efnb2","Epha4","EFNB2_EPHA4","ENSMUSG00000001300","ENSMUSG00000026235"
"607","Efnb2","Epha6","EFNB2_EPHA6","ENSMUSG00000001300","ENSMUSG00000055540"
"608","Efnb2","Ephb1","EFNB2_EPHB1","ENSMUSG00000001300","ENSMUSG00000032537"
"609","Efnb2","Ephb2","EFNB2_EPHB2","ENSMUSG00000001300","ENSMUSG00000028664"
"610","Efnb2","Ephb3","EFNB2_EPHB3","ENSMUSG00000001300","ENSMUSG00000005958"
"611","Efnb2","Ephb4","EFNB2_EPHB4","ENSMUSG00000001300","ENSMUSG00000029710"
"612","Efnb2","Ephb6","EFNB2_EPHB6","ENSMUSG00000001300","ENSMUSG00000029869"
"613","Efnb2","Grm1","EFNB2_GRM1","ENSMUSG00000001300","ENSMUSG00000019828"
"614","Efnb2","Grm5","EFNB2_GRM5","ENSMUSG00000001300","ENSMUSG00000049583"
"615","Efnb2","Pecam1","EFNB2_PECAM1","ENSMUSG00000001300","ENSMUSG00000020717"
"616","Efnb2","Rhbdl2","EFNB2_RHBDL2","ENSMUSG00000001300","ENSMUSG00000043333"
"617","Efnb3","Epha4","EFNB3_EPHA4","ENSMUSG00000003934","ENSMUSG00000026235"
"618","Efnb3","Ephb1","EFNB3_EPHB1","ENSMUSG00000003934","ENSMUSG00000032537"
"619","Efnb3","Ephb2","EFNB3_EPHB2","ENSMUSG00000003934","ENSMUSG00000028664"
"620","Efnb3","Ephb3","EFNB3_EPHB3","ENSMUSG00000003934","ENSMUSG00000005958"
"621","Efnb3","Ephb4","EFNB3_EPHB4","ENSMUSG00000003934","ENSMUSG00000029710"
"622","Efnb3","Ephb6","EFNB3_EPHB6","ENSMUSG00000003934","ENSMUSG00000029869"
"623","Efnb3","Rhbdl2","EFNB3_RHBDL2","ENSMUSG00000003934","ENSMUSG00000043333"
"624","Egf","Cav1","EGF_CAV1","ENSMUSG00000028017","ENSMUSG00000007655"
"625","Egf","Egfr","EGF_EGFR","ENSMUSG00000028017","ENSMUSG00000020122"
"626","Egf","Erbb2","EGF_ERBB2","ENSMUSG00000028017","ENSMUSG00000062312"
"627","Egf","Erbb3","EGF_ERBB3","ENSMUSG00000028017","ENSMUSG00000018166"
"628","Egf","Erbb4","EGF_ERBB4","ENSMUSG00000028017","ENSMUSG00000062209"
"629","Egf","Fshr","EGF_FSHR","ENSMUSG00000028017","ENSMUSG00000032937"
"630","Epgn","Egfr","EPGN_EGFR","ENSMUSG00000035020","ENSMUSG00000020122"
"631","Epo","Epor","EPO_EPOR","ENSMUSG00000029711","ENSMUSG00000006235"
"632","Ereg","Egfr","EREG_EGFR","ENSMUSG00000029377","ENSMUSG00000020122"
"633","Ereg","Erbb2","EREG_ERBB2","ENSMUSG00000029377","ENSMUSG00000062312"
"634","Ereg","Erbb3","EREG_ERBB3","ENSMUSG00000029377","ENSMUSG00000018166"
"635","Ereg","Erbb4","EREG_ERBB4","ENSMUSG00000029377","ENSMUSG00000062209"
"636","F10","F3","F10_F3","ENSMUSG00000031444","ENSMUSG00000028128"
"637","F10","Itgam","F10_ITGAM","ENSMUSG00000031444","ENSMUSG00000030786"
"638","F10","Itgb2","F10_ITGB2","ENSMUSG00000031444","ENSMUSG00000000290"
"639","F11","Gp1ba","F11_GP1BA","ENSMUSG00000031645","ENSMUSG00000050675"
"640","F12","Cd93","F12_CD93","ENSMUSG00000021492","ENSMUSG00000027435"
"641","F12","Gp1ba","F12_GP1BA","ENSMUSG00000021492","ENSMUSG00000050675"
"642","F13a1","Itga4","F13A1_ITGA4","ENSMUSG00000039109","ENSMUSG00000027009"
"643","F13a1","Itga9","F13A1_ITGA9","ENSMUSG00000039109","ENSMUSG00000039115"
"644","F13a1","Itgb1","F13A1_ITGB1","ENSMUSG00000039109","ENSMUSG00000025809"
"645","F2","F2r","F2_F2R","ENSMUSG00000027249","ENSMUSG00000048376"
"646","F2","F2rl1","F2_F2RL1","ENSMUSG00000027249","ENSMUSG00000021678"
"647","F2","F2rl2","F2_F2RL2","ENSMUSG00000027249","ENSMUSG00000021675"
"648","F2","F2rl3","F2_F2RL3","ENSMUSG00000027249","ENSMUSG00000050147"
"649","F2","Gp1ba","F2_GP1BA","ENSMUSG00000027249","ENSMUSG00000050675"
"650","F2","Gp1bb","F2_GP1BB","ENSMUSG00000027249","ENSMUSG00000050761"
"651","F2","Gp9","F2_GP9","ENSMUSG00000027249","ENSMUSG00000030054"
"652","F2","Itga2b","F2_ITGA2B","ENSMUSG00000027249","ENSMUSG00000034664"
"653","F2","Thbd","F2_THBD","ENSMUSG00000027249","ENSMUSG00000074743"
"654","F7","F3","F7_F3","ENSMUSG00000031443","ENSMUSG00000028128"
"655","F8","Asgr2","F8_ASGR2","ENSMUSG00000031196","ENSMUSG00000040963"
"656","F8","Ldlr","F8_LDLR","ENSMUSG00000031196","ENSMUSG00000032193"
"657","F8","Lrp1","F8_LRP1","ENSMUSG00000031196","ENSMUSG00000040249"
"658","F9","Lrp1","F9_LRP1","ENSMUSG00000031138","ENSMUSG00000040249"
"659","Farp2","Plxna1","FARP2_PLXNA1","ENSMUSG00000034066","ENSMUSG00000030084"
"660","Farp2","Plxna2","FARP2_PLXNA2","ENSMUSG00000034066","ENSMUSG00000026640"
"661","Farp2","Plxna3","FARP2_PLXNA3","ENSMUSG00000034066","ENSMUSG00000031398"
"662","Farp2","Plxna4","FARP2_PLXNA4","ENSMUSG00000034066","ENSMUSG00000029765"
"663","Fasl","Fas","FASLG_FAS","ENSMUSG00000000817","ENSMUSG00000024778"
"664","Fasl","Tnfrsf1a","FASLG_TNFRSF1A","ENSMUSG00000000817","ENSMUSG00000030341"
"665","Fat4","Dchs1","FAT4_DCHS1","ENSMUSG00000046743","ENSMUSG00000036862"
"666","Fbln1","Itgb1","FBLN1_ITGB1","ENSMUSG00000006369","ENSMUSG00000025809"
"667","Fbln2","Itgb3","FBLN2_ITGB3","ENSMUSG00000064080","ENSMUSG00000020689"
"668","Fbn1","Itga5","FBN1_ITGA5","ENSMUSG00000027204","ENSMUSG00000000555"
"669","Fbn1","Itgav","FBN1_ITGAV","ENSMUSG00000027204","ENSMUSG00000027087"
"670","Fbn1","Itgb1","FBN1_ITGB1","ENSMUSG00000027204","ENSMUSG00000025809"
"671","Fbn1","Itgb3","FBN1_ITGB3","ENSMUSG00000027204","ENSMUSG00000020689"
"672","Fbn1","Itgb6","FBN1_ITGB6","ENSMUSG00000027204","ENSMUSG00000026971"
"673","Fcnb","Lrp1","FCN2_LRP1","ENSMUSG00000026835","ENSMUSG00000040249"
"674","Fga","Cdh5","FGA_CDH5","ENSMUSG00000028001","ENSMUSG00000031871"
"675","Fga","Itga2b","FGA_ITGA2B","ENSMUSG00000028001","ENSMUSG00000034664"
"676","Fga","Itga5","FGA_ITGA5","ENSMUSG00000028001","ENSMUSG00000000555"
"677","Fga","Itgam","FGA_ITGAM","ENSMUSG00000028001","ENSMUSG00000030786"
"678","Fga","Itgav","FGA_ITGAV","ENSMUSG00000028001","ENSMUSG00000027087"
"679","Fga","Itgb1","FGA_ITGB1","ENSMUSG00000028001","ENSMUSG00000025809"
"680","Fga","Itgb2","FGA_ITGB2","ENSMUSG00000028001","ENSMUSG00000000290"
"681","Fga","Itgb3","FGA_ITGB3","ENSMUSG00000028001","ENSMUSG00000020689"
"682","Fga","Plaur","FGA_PLAUR","ENSMUSG00000028001","ENSMUSG00000046223"
"683","Fgb","Itga2b","FGB_ITGA2B","ENSMUSG00000033831","ENSMUSG00000034664"
"684","Fgb","Itga5","FGB_ITGA5","ENSMUSG00000033831","ENSMUSG00000000555"
"685","Fgb","Itgam","FGB_ITGAM","ENSMUSG00000033831","ENSMUSG00000030786"
"686","Fgb","Itgav","FGB_ITGAV","ENSMUSG00000033831","ENSMUSG00000027087"
"687","Fgb","Itgb1","FGB_ITGB1","ENSMUSG00000033831","ENSMUSG00000025809"
"688","Fgb","Itgb2","FGB_ITGB2","ENSMUSG00000033831","ENSMUSG00000000290"
"689","Fgf1","Cd44","FGF1_CD44","ENSMUSG00000036585","ENSMUSG00000005087"
"690","Fgf1","Egfr","FGF1_EGFR","ENSMUSG00000036585","ENSMUSG00000020122"
"691","Fgf1","Fgfr1","FGF1_FGFR1","ENSMUSG00000036585","ENSMUSG00000031565"
"692","Fgf1","Fgfr2","FGF1_FGFR2","ENSMUSG00000036585","ENSMUSG00000030849"
"693","Fgf1","Fgfr3","FGF1_FGFR3","ENSMUSG00000036585","ENSMUSG00000054252"
"694","Fgf1","Fgfr4","FGF1_FGFR4","ENSMUSG00000036585","ENSMUSG00000005320"
"695","Fgf1","Fgfrl1","FGF1_FGFRL1","ENSMUSG00000036585","ENSMUSG00000008090"
"696","Fgf1","Nrp1","FGF1_NRP1","ENSMUSG00000036585","ENSMUSG00000025810"
"697","Fgf10","Fgfr1","FGF10_FGFR1","ENSMUSG00000021732","ENSMUSG00000031565"
"698","Fgf10","Fgfr2","FGF10_FGFR2","ENSMUSG00000021732","ENSMUSG00000030849"
"699","Fgf10","Fgfr3","FGF10_FGFR3","ENSMUSG00000021732","ENSMUSG00000054252"
"700","Fgf10","Fgfr4","FGF10_FGFR4","ENSMUSG00000021732","ENSMUSG00000005320"
"701","Fgf11","Fgfr1","FGF11_FGFR1","ENSMUSG00000042826","ENSMUSG00000031565"
"702","Fgf11","Fgfr2","FGF11_FGFR2","ENSMUSG00000042826","ENSMUSG00000030849"
"703","Fgf11","Fgfr3","FGF11_FGFR3","ENSMUSG00000042826","ENSMUSG00000054252"
"704","Fgf11","Fgfr4","FGF11_FGFR4","ENSMUSG00000042826","ENSMUSG00000005320"
"705","Fgf12","Fgfr1","FGF12_FGFR1","ENSMUSG00000022523","ENSMUSG00000031565"
"706","Fgf12","Fgfr2","FGF12_FGFR2","ENSMUSG00000022523","ENSMUSG00000030849"
"707","Fgf12","Fgfr3","FGF12_FGFR3","ENSMUSG00000022523","ENSMUSG00000054252"
"708","Fgf12","Fgfr4","FGF12_FGFR4","ENSMUSG00000022523","ENSMUSG00000005320"
"709","Fgf13","Egfr","FGF13_EGFR","ENSMUSG00000031137","ENSMUSG00000020122"
"710","Fgf13","Fgfr1","FGF13_FGFR1","ENSMUSG00000031137","ENSMUSG00000031565"
"711","Fgf13","Fgfr2","FGF13_FGFR2","ENSMUSG00000031137","ENSMUSG00000030849"
"712","Fgf13","Fgfr3","FGF13_FGFR3","ENSMUSG00000031137","ENSMUSG00000054252"
"713","Fgf13","Fgfr4","FGF13_FGFR4","ENSMUSG00000031137","ENSMUSG00000005320"
"714","Fgf13","Scn5a","FGF13_SCN5A","ENSMUSG00000031137","ENSMUSG00000032511"
"715","Fgf13","Scn8a","FGF13_SCN8A","ENSMUSG00000031137","ENSMUSG00000023033"
"716","Fgf14","Fgfr1","FGF14_FGFR1","ENSMUSG00000025551","ENSMUSG00000031565"
"717","Fgf14","Fgfr2","FGF14_FGFR2","ENSMUSG00000025551","ENSMUSG00000030849"
"718","Fgf14","Fgfr3","FGF14_FGFR3","ENSMUSG00000025551","ENSMUSG00000054252"
"719","Fgf14","Fgfr4","FGF14_FGFR4","ENSMUSG00000025551","ENSMUSG00000005320"
"720","Fgf16","Fgfr1","FGF16_FGFR1","ENSMUSG00000031230","ENSMUSG00000031565"
"721","Fgf16","Fgfr2","FGF16_FGFR2","ENSMUSG00000031230","ENSMUSG00000030849"
"722","Fgf16","Fgfr3","FGF16_FGFR3","ENSMUSG00000031230","ENSMUSG00000054252"
"723","Fgf16","Fgfr4","FGF16_FGFR4","ENSMUSG00000031230","ENSMUSG00000005320"
"724","Fgf17","Fgfr1","FGF17_FGFR1","ENSMUSG00000022101","ENSMUSG00000031565"
"725","Fgf17","Fgfr2","FGF17_FGFR2","ENSMUSG00000022101","ENSMUSG00000030849"
"726","Fgf17","Fgfr3","FGF17_FGFR3","ENSMUSG00000022101","ENSMUSG00000054252"
"727","Fgf17","Fgfr4","FGF17_FGFR4","ENSMUSG00000022101","ENSMUSG00000005320"
"728","Fgf18","Fgfr1","FGF18_FGFR1","ENSMUSG00000057967","ENSMUSG00000031565"
"729","Fgf18","Fgfr2","FGF18_FGFR2","ENSMUSG00000057967","ENSMUSG00000030849"
"730","Fgf18","Fgfr3","FGF18_FGFR3","ENSMUSG00000057967","ENSMUSG00000054252"
"731","Fgf18","Fgfr4","FGF18_FGFR4","ENSMUSG00000057967","ENSMUSG00000005320"
"732","Fgf15","Fgfr1","FGF19_FGFR1","ENSMUSG00000031073","ENSMUSG00000031565"
"733","Fgf15","Fgfr2","FGF19_FGFR2","ENSMUSG00000031073","ENSMUSG00000030849"
"734","Fgf15","Fgfr3","FGF19_FGFR3","ENSMUSG00000031073","ENSMUSG00000054252"
"735","Fgf15","Fgfr4","FGF19_FGFR4","ENSMUSG00000031073","ENSMUSG00000005320"
"736","Fgf15","Klb","FGF19_KLB","ENSMUSG00000031073","ENSMUSG00000029195"
"737","Fgf2","Cd44","FGF2_CD44","ENSMUSG00000037225","ENSMUSG00000005087"
"738","Fgf2","Fgfr1","FGF2_FGFR1","ENSMUSG00000037225","ENSMUSG00000031565"
"739","Fgf2","Fgfr2","FGF2_FGFR2","ENSMUSG00000037225","ENSMUSG00000030849"
"740","Fgf2","Fgfr3","FGF2_FGFR3","ENSMUSG00000037225","ENSMUSG00000054252"
"741","Fgf2","Fgfr4","FGF2_FGFR4","ENSMUSG00000037225","ENSMUSG00000005320"
"742","Fgf2","Fgfrl1","FGF2_FGFRL1","ENSMUSG00000037225","ENSMUSG00000008090"
"743","Fgf2","Gpc4","FGF2_GPC4","ENSMUSG00000037225","ENSMUSG00000031119"
"744","Fgf2","Nrp1","FGF2_NRP1","ENSMUSG00000037225","ENSMUSG00000025810"
"745","Fgf2","Sdc1","FGF2_SDC1","ENSMUSG00000037225","ENSMUSG00000020592"
"746","Fgf2","Sdc2","FGF2_SDC2","ENSMUSG00000037225","ENSMUSG00000022261"
"747","Fgf2","Sdc3","FGF2_SDC3","ENSMUSG00000037225","ENSMUSG00000025743"
"748","Fgf2","Sdc4","FGF2_SDC4","ENSMUSG00000037225","ENSMUSG00000017009"
"749","Fgf20","Fgfr4","FGF20_FGFR4","ENSMUSG00000031603","ENSMUSG00000005320"
"750","Fgf21","Fgfr2","FGF21_FGFR2","ENSMUSG00000030827","ENSMUSG00000030849"
"751","Fgf21","Fgfr4","FGF21_FGFR4","ENSMUSG00000030827","ENSMUSG00000005320"
"752","Fgf22","Fgfr2","FGF22_FGFR2","ENSMUSG00000020327","ENSMUSG00000030849"
"753","Fgf23","Fgfr1","FGF23_FGFR1","ENSMUSG00000000182","ENSMUSG00000031565"
"754","Fgf23","Fgfr2","FGF23_FGFR2","ENSMUSG00000000182","ENSMUSG00000030849"
"755","Fgf23","Fgfr3","FGF23_FGFR3","ENSMUSG00000000182","ENSMUSG00000054252"
"756","Fgf23","Fgfr4","FGF23_FGFR4","ENSMUSG00000000182","ENSMUSG00000005320"
"757","Fgf23","Phex","FGF23_PHEX","ENSMUSG00000000182","ENSMUSG00000057457"
"758","Fgf3","Fgfr1","FGF3_FGFR1","ENSMUSG00000031074","ENSMUSG00000031565"
"759","Fgf3","Fgfr2","FGF3_FGFR2","ENSMUSG00000031074","ENSMUSG00000030849"
"760","Fgf3","Fgfr3","FGF3_FGFR3","ENSMUSG00000031074","ENSMUSG00000054252"
"761","Fgf3","Fgfr4","FGF3_FGFR4","ENSMUSG00000031074","ENSMUSG00000005320"
"762","Fgf4","Fgfr1","FGF4_FGFR1","ENSMUSG00000050917","ENSMUSG00000031565"
"763","Fgf4","Fgfr2","FGF4_FGFR2","ENSMUSG00000050917","ENSMUSG00000030849"
"764","Fgf4","Fgfr3","FGF4_FGFR3","ENSMUSG00000050917","ENSMUSG00000054252"
"765","Fgf4","Fgfr4","FGF4_FGFR4","ENSMUSG00000050917","ENSMUSG00000005320"
"766","Fgf4","Nrp1","FGF4_NRP1","ENSMUSG00000050917","ENSMUSG00000025810"
"767","Fgf5","Fgfr1","FGF5_FGFR1","ENSMUSG00000029337","ENSMUSG00000031565"
"768","Fgf5","Fgfr2","FGF5_FGFR2","ENSMUSG00000029337","ENSMUSG00000030849"
"769","Fgf5","Fgfr3","FGF5_FGFR3","ENSMUSG00000029337","ENSMUSG00000054252"
"770","Fgf5","Fgfr4","FGF5_FGFR4","ENSMUSG00000029337","ENSMUSG00000005320"
"771","Fgf6","Fgfr1","FGF6_FGFR1","ENSMUSG00000000183","ENSMUSG00000031565"
"772","Fgf6","Fgfr2","FGF6_FGFR2","ENSMUSG00000000183","ENSMUSG00000030849"
"773","Fgf6","Fgfr3","FGF6_FGFR3","ENSMUSG00000000183","ENSMUSG00000054252"
"774","Fgf6","Fgfr4","FGF6_FGFR4","ENSMUSG00000000183","ENSMUSG00000005320"
"775","Fgf6","Sdc4","FGF6_SDC4","ENSMUSG00000000183","ENSMUSG00000017009"
"776","Fgf7","Fgfr1","FGF7_FGFR1","ENSMUSG00000027208","ENSMUSG00000031565"
"777","Fgf7","Fgfr2","FGF7_FGFR2","ENSMUSG00000027208","ENSMUSG00000030849"
"778","Fgf7","Fgfr3","FGF7_FGFR3","ENSMUSG00000027208","ENSMUSG00000054252"
"779","Fgf7","Fgfr4","FGF7_FGFR4","ENSMUSG00000027208","ENSMUSG00000005320"
"780","Fgf7","Nrp1","FGF7_NRP1","ENSMUSG00000027208","ENSMUSG00000025810"
"781","Fgf8","Fgfr1","FGF8_FGFR1","ENSMUSG00000025219","ENSMUSG00000031565"
"782","Fgf8","Fgfr2","FGF8_FGFR2","ENSMUSG00000025219","ENSMUSG00000030849"
"783","Fgf8","Fgfr3","FGF8_FGFR3","ENSMUSG00000025219","ENSMUSG00000054252"
"784","Fgf8","Fgfr4","FGF8_FGFR4","ENSMUSG00000025219","ENSMUSG00000005320"
"785","Fgf9","Fgfr1","FGF9_FGFR1","ENSMUSG00000021974","ENSMUSG00000031565"
"786","Fgf9","Fgfr2","FGF9_FGFR2","ENSMUSG00000021974","ENSMUSG00000030849"
"787","Fgf9","Fgfr3","FGF9_FGFR3","ENSMUSG00000021974","ENSMUSG00000054252"
"788","Fgf9","Fgfr4","FGF9_FGFR4","ENSMUSG00000021974","ENSMUSG00000005320"
"789","Fgg","Itga2b","FGG_ITGA2B","ENSMUSG00000033860","ENSMUSG00000034664"
"790","Fgg","Itga5","FGG_ITGA5","ENSMUSG00000033860","ENSMUSG00000000555"
"791","Fgg","Itgav","FGG_ITGAV","ENSMUSG00000033860","ENSMUSG00000027087"
"792","Fgg","Itgb1","FGG_ITGB1","ENSMUSG00000033860","ENSMUSG00000025809"
"793","Fgg","Itgb2","FGG_ITGB2","ENSMUSG00000033860","ENSMUSG00000000290"
"794","Fgl1","Egfr","FGL1_EGFR","ENSMUSG00000031594","ENSMUSG00000020122"
"795","Flt3l","Flt3","FLT3LG_FLT3","ENSMUSG00000089989","ENSMUSG00000042817"
"796","Fn1","C5ar1","FN1_C5AR1","ENSMUSG00000026193","ENSMUSG00000049130"
"797","Fn1","Cd44","FN1_CD44","ENSMUSG00000026193","ENSMUSG00000005087"
"798","Fn1","Cd79a","FN1_CD79A","ENSMUSG00000026193","ENSMUSG00000003379"
"799","Fn1","Col13a1","FN1_COL13A1","ENSMUSG00000026193","ENSMUSG00000058806"
"800","Fn1","Flt4","FN1_FLT4","ENSMUSG00000026193","ENSMUSG00000020357"
"801","Fn1","Il17rc","FN1_IL17RC","ENSMUSG00000026193","ENSMUSG00000030281"
"802","Fn1","Itga2","FN1_ITGA2","ENSMUSG00000026193","ENSMUSG00000015533"
"803","Fn1","Itga2b","FN1_ITGA2B","ENSMUSG00000026193","ENSMUSG00000034664"
"804","Fn1","Itga3","FN1_ITGA3","ENSMUSG00000026193","ENSMUSG00000001507"
"805","Fn1","Itga4","FN1_ITGA4","ENSMUSG00000026193","ENSMUSG00000027009"
"806","Fn1","Itga5","FN1_ITGA5","ENSMUSG00000026193","ENSMUSG00000000555"
"807","Fn1","Itga6","FN1_ITGA6","ENSMUSG00000026193","ENSMUSG00000027111"
"808","Fn1","Itga8","FN1_ITGA8","ENSMUSG00000026193","ENSMUSG00000026768"
"809","Fn1","Itga9","FN1_ITGA9","ENSMUSG00000026193","ENSMUSG00000039115"
"810","Fn1","Itgav","FN1_ITGAV","ENSMUSG00000026193","ENSMUSG00000027087"
"811","Fn1","Itgb1","FN1_ITGB1","ENSMUSG00000026193","ENSMUSG00000025809"
"812","Fn1","Itgb3","FN1_ITGB3","ENSMUSG00000026193","ENSMUSG00000020689"
"813","Fn1","Itgb6","FN1_ITGB6","ENSMUSG00000026193","ENSMUSG00000026971"
"814","Fn1","Itgb7","FN1_ITGB7","ENSMUSG00000026193","ENSMUSG00000001281"
"815","Fn1","Itgb8","FN1_ITGB8","ENSMUSG00000026193","ENSMUSG00000025321"
"816","Fn1","Mag","FN1_MAG","ENSMUSG00000026193","ENSMUSG00000036634"
"817","Fn1","Nt5e","FN1_NT5E","ENSMUSG00000026193","ENSMUSG00000032420"
"818","Fn1","Plaur","FN1_PLAUR","ENSMUSG00000026193","ENSMUSG00000046223"
"819","Fn1","Robo4","FN1_ROBO4","ENSMUSG00000026193","ENSMUSG00000032125"
"820","Fn1","Sdc2","FN1_SDC2","ENSMUSG00000026193","ENSMUSG00000022261"
"821","Fn1","Tmprss6","FN1_TMPRSS6","ENSMUSG00000026193","ENSMUSG00000016942"
"822","Fn1","Tnfrsf11b","FN1_TNFRSF11B","ENSMUSG00000026193","ENSMUSG00000063727"
"823","Fn1","Tshr","FN1_TSHR","ENSMUSG00000026193","ENSMUSG00000020963"
"824","Fshb","Fshr","FSHB_FSHR","ENSMUSG00000027120","ENSMUSG00000032937"
"825","Fst","Bmpr1b","FST_BMPR1B","ENSMUSG00000021765","ENSMUSG00000052430"
"826","Fst","Bmpr2","FST_BMPR2","ENSMUSG00000021765","ENSMUSG00000067336"
"827","Fst","Hfe2","FST_HFE2","ENSMUSG00000021765","ENSMUSG00000038403"
"828","Gal","Galr1","GAL_GALR1","ENSMUSG00000024907","ENSMUSG00000024553"
"829","Gal","Galr2","GAL_GALR2","ENSMUSG00000024907","ENSMUSG00000020793"
"830","Gal","Gpr151","GAL_GPR151","ENSMUSG00000024907","ENSMUSG00000042816"
"831","Galp","Galr1","GALP_GALR1","ENSMUSG00000034660","ENSMUSG00000024553"
"832","Galp","Galr2","GALP_GALR2","ENSMUSG00000034660","ENSMUSG00000020793"
"833","Gas6","Axl","GAS6_AXL","ENSMUSG00000031451","ENSMUSG00000002602"
"834","Gas6","Mertk","GAS6_MERTK","ENSMUSG00000031451","ENSMUSG00000014361"
"835","Gas6","Tyro3","GAS6_TYRO3","ENSMUSG00000031451","ENSMUSG00000027298"
"836","Gast","Cckbr","GAST_CCKBR","ENSMUSG00000017165","ENSMUSG00000030898"
"837","Gcg","Gcgr","GCG_GCGR","ENSMUSG00000000394","ENSMUSG00000025127"
"838","Gcg","Glp1r","GCG_GLP1R","ENSMUSG00000000394","ENSMUSG00000024027"
"839","Gcg","Glp2r","GCG_GLP2R","ENSMUSG00000000394","ENSMUSG00000049928"
"840","Gdf10","Acvr1b","GDF10_ACVR1B","ENSMUSG00000021943","ENSMUSG00000000532"
"841","Gdf11","Acvr1b","GDF11_ACVR1B","ENSMUSG00000025352","ENSMUSG00000000532"
"842","Gdf11","Acvr2a","GDF11_ACVR2A","ENSMUSG00000025352","ENSMUSG00000052155"
"843","Gdf11","Acvr2b","GDF11_ACVR2B","ENSMUSG00000025352","ENSMUSG00000061393"
"844","Gdf2","Acvr1","GDF2_ACVR1","ENSMUSG00000072625","ENSMUSG00000026836"
"845","Gdf2","Acvr2a","GDF2_ACVR2A","ENSMUSG00000072625","ENSMUSG00000052155"
"846","Gdf2","Acvr2b","GDF2_ACVR2B","ENSMUSG00000072625","ENSMUSG00000061393"
"847","Gdf2","Acvrl1","GDF2_ACVRL1","ENSMUSG00000072625","ENSMUSG00000000530"
"848","Gdf2","Bmpr2","GDF2_BMPR2","ENSMUSG00000072625","ENSMUSG00000067336"
"849","Gdf2","Eng","GDF2_ENG","ENSMUSG00000072625","ENSMUSG00000026814"
"850","Gdf5","Acvr1","GDF5_ACVR1","ENSMUSG00000038259","ENSMUSG00000026836"
"851","Gdf5","Acvr2a","GDF5_ACVR2A","ENSMUSG00000038259","ENSMUSG00000052155"
"852","Gdf5","Acvr2b","GDF5_ACVR2B","ENSMUSG00000038259","ENSMUSG00000061393"
"853","Gdf5","Bmpr1a","GDF5_BMPR1A","ENSMUSG00000038259","ENSMUSG00000021796"
"854","Gdf5","Bmpr1b","GDF5_BMPR1B","ENSMUSG00000038259","ENSMUSG00000052430"
"855","Gdf5","Bmpr2","GDF5_BMPR2","ENSMUSG00000038259","ENSMUSG00000067336"
"856","Gdf5","Ror2","GDF5_ROR2","ENSMUSG00000038259","ENSMUSG00000021464"
"857","Gdf6","Bmpr1a","GDF6_BMPR1A","ENSMUSG00000051279","ENSMUSG00000021796"
"858","Gdf6","Bmpr1b","GDF6_BMPR1B","ENSMUSG00000051279","ENSMUSG00000052430"
"859","Gdf6","Bmpr2","GDF6_BMPR2","ENSMUSG00000051279","ENSMUSG00000067336"
"860","Gdf7","Acvr2a","GDF7_ACVR2A","ENSMUSG00000037660","ENSMUSG00000052155"
"861","Gdf7","Bmpr1a","GDF7_BMPR1A","ENSMUSG00000037660","ENSMUSG00000021796"
"862","Gdf7","Bmpr2","GDF7_BMPR2","ENSMUSG00000037660","ENSMUSG00000067336"
"863","Gdf9","Acvr2a","GDF9_ACVR2A","ENSMUSG00000018238","ENSMUSG00000052155"
"864","Gdf9","Bmpr1a","GDF9_BMPR1A","ENSMUSG00000018238","ENSMUSG00000021796"
"865","Gdf9","Bmpr1b","GDF9_BMPR1B","ENSMUSG00000018238","ENSMUSG00000052430"
"866","Gdf9","Bmpr2","GDF9_BMPR2","ENSMUSG00000018238","ENSMUSG00000067336"
"867","Gdf9","Fxyd6","GDF9_FXYD6","ENSMUSG00000018238","ENSMUSG00000066705"
"868","Gdf9","Orai2","GDF9_ORAI2","ENSMUSG00000018238","ENSMUSG00000039747"
"869","Gdf9","Tgfbr1","GDF9_TGFBR1","ENSMUSG00000018238","ENSMUSG00000007613"
"870","Gdnf","Ednrb","GDNF_EDNRB","ENSMUSG00000022144","ENSMUSG00000022122"
"871","Gdnf","Gfra1","GDNF_GFRA1","ENSMUSG00000022144","ENSMUSG00000025089"
"872","Gdnf","Gfra2","GDNF_GFRA2","ENSMUSG00000022144","ENSMUSG00000022103"
"873","Gdnf","Ret","GDNF_RET","ENSMUSG00000022144","ENSMUSG00000030110"
"874","Gdnf","Slc44a5","GDNF_SLC44A5","ENSMUSG00000022144","ENSMUSG00000028360"
"875","Ghrh","Ghrhr","GHRH_GHRHR","ENSMUSG00000027643","ENSMUSG00000004654"
"876","Ghrh","Vipr1","GHRH_VIPR1","ENSMUSG00000027643","ENSMUSG00000032528"
"877","Ghrl","Ghrhr","GHRL_GHRHR","ENSMUSG00000064177","ENSMUSG00000004654"
"878","Ghrl","Ghsr","GHRL_GHSR","ENSMUSG00000064177","ENSMUSG00000051136"
"879","Ghrl","Gpr39","GHRL_GPR39","ENSMUSG00000064177","ENSMUSG00000026343"
"880","Gip","Dpp4","GIP_DPP4","ENSMUSG00000014351","ENSMUSG00000035000"
"881","Gip","Gipr","GIP_GIPR","ENSMUSG00000014351","ENSMUSG00000030406"
"882","Gip","Insr","GIP_INSR","ENSMUSG00000014351","ENSMUSG00000005534"
"883","Gnai2","Adcy1","GNAI2_ADCY1","ENSMUSG00000032562","ENSMUSG00000020431"
"884","Gnai2","Adcy7","GNAI2_ADCY7","ENSMUSG00000032562","ENSMUSG00000031659"
"885","Gnai2","Adcy8","GNAI2_ADCY8","ENSMUSG00000032562","ENSMUSG00000022376"
"886","Gnai2","Adcy9","GNAI2_ADCY9","ENSMUSG00000032562","ENSMUSG00000005580"
"887","Gnai2","Adora1","GNAI2_ADORA1","ENSMUSG00000032562","ENSMUSG00000042429"
"888","Gnai2","Adra2a","GNAI2_ADRA2A","ENSMUSG00000032562","ENSMUSG00000033717"
"889","Gnai2","Adra2b","GNAI2_ADRA2B","ENSMUSG00000032562","ENSMUSG00000058620"
"890","Gnai2","Agtr2","GNAI2_AGTR2","ENSMUSG00000032562","ENSMUSG00000068122"
"891","Gnai2","C5ar1","GNAI2_C5AR1","ENSMUSG00000032562","ENSMUSG00000049130"
"892","Gnai2","Cav1","GNAI2_CAV1","ENSMUSG00000032562","ENSMUSG00000007655"
"893","Gnai2","Chrm1","GNAI2_CHRM1","ENSMUSG00000032562","ENSMUSG00000032773"
"894","Gnai2","Cnr1","GNAI2_CNR1","ENSMUSG00000032562","ENSMUSG00000044288"
"895","Gnai2","Cxcr3","GNAI2_CXCR3","ENSMUSG00000032562","ENSMUSG00000050232"
"896","Gnai2","Drd2","GNAI2_DRD2","ENSMUSG00000032562","ENSMUSG00000032259"
"897","Gnai2","Ednra","GNAI2_EDNRA","ENSMUSG00000032562","ENSMUSG00000031616"
"898","Gnai2","Ednrb","GNAI2_EDNRB","ENSMUSG00000032562","ENSMUSG00000022122"
"899","Gnai2","Egfr","GNAI2_EGFR","ENSMUSG00000032562","ENSMUSG00000020122"
"900","Gnai2","F2r","GNAI2_F2R","ENSMUSG00000032562","ENSMUSG00000048376"
"901","Gnai2","Fpr1","GNAI2_FPR1","ENSMUSG00000032562","ENSMUSG00000045551"
"902","Gnai2","Igf1r","GNAI2_IGF1R","ENSMUSG00000032562","ENSMUSG00000005533"
"903","Gnai2","Lhcgr","GNAI2_LHCGR","ENSMUSG00000032562","ENSMUSG00000024107"
"904","Gnai2","Lpar3","GNAI2_LPAR3","ENSMUSG00000032562","ENSMUSG00000036832"
"905","Gnai2","Mtnr1a","GNAI2_MTNR1A","ENSMUSG00000032562","ENSMUSG00000054764"
"906","Gnai2","Oprd1","GNAI2_OPRD1","ENSMUSG00000032562","ENSMUSG00000050511"
"907","Gnai2","Oprm1","GNAI2_OPRM1","ENSMUSG00000032562","ENSMUSG00000000766"
"908","Gnai2","P2ry12","GNAI2_P2RY12","ENSMUSG00000032562","ENSMUSG00000036353"
"909","Gnai2","Ptpru","GNAI2_PTPRU","ENSMUSG00000032562","ENSMUSG00000028909"
"910","Gnai2","S1pr1","GNAI2_S1PR1","ENSMUSG00000032562","ENSMUSG00000045092"
"911","Gnai2","S1pr3","GNAI2_S1PR3","ENSMUSG00000032562","ENSMUSG00000067586"
"912","Gnai2","S1pr4","GNAI2_S1PR4","ENSMUSG00000032562","ENSMUSG00000044199"
"913","Gnai2","S1pr5","GNAI2_S1PR5","ENSMUSG00000032562","ENSMUSG00000045087"
"914","Gnai2","Tbxa2r","GNAI2_TBXA2R","ENSMUSG00000032562","ENSMUSG00000034881"
"915","Gnai2","Tshr","GNAI2_TSHR","ENSMUSG00000032562","ENSMUSG00000020963"
"916","Gnai2","Unc5b","GNAI2_UNC5B","ENSMUSG00000032562","ENSMUSG00000020099"
"917","Gnas","Adcy1","GNAS_ADCY1","ENSMUSG00000027523","ENSMUSG00000020431"
"918","Gnas","Adcy7","GNAS_ADCY7","ENSMUSG00000027523","ENSMUSG00000031659"
"919","Gnas","Adcy8","GNAS_ADCY8","ENSMUSG00000027523","ENSMUSG00000022376"
"920","Gnas","Adcy9","GNAS_ADCY9","ENSMUSG00000027523","ENSMUSG00000005580"
"921","Gnas","Adora1","GNAS_ADORA1","ENSMUSG00000027523","ENSMUSG00000042429"
"922","Gnas","Adrb3","GNAS_ADRB3","ENSMUSG00000027523","ENSMUSG00000031489"
"923","Gnas","Avpr2","GNAS_AVPR2","ENSMUSG00000027523","ENSMUSG00000031390"
"924","Gnas","Crhr1","GNAS_CRHR1","ENSMUSG00000027523","ENSMUSG00000018634"
"925","Gnas","Gcgr","GNAS_GCGR","ENSMUSG00000027523","ENSMUSG00000025127"
"926","Gnas","Glp1r","GNAS_GLP1R","ENSMUSG00000027523","ENSMUSG00000024027"
"927","Gnas","Htr6","GNAS_HTR6","ENSMUSG00000027523","ENSMUSG00000028747"
"928","Gnas","Lhcgr","GNAS_LHCGR","ENSMUSG00000027523","ENSMUSG00000024107"
"929","Gnas","Ptgdr","GNAS_PTGDR","ENSMUSG00000027523","ENSMUSG00000071489"
"930","Gnas","Ptgir","GNAS_PTGIR","ENSMUSG00000027523","ENSMUSG00000043017"
"931","Gnas","Tshr","GNAS_TSHR","ENSMUSG00000027523","ENSMUSG00000020963"
"932","Gnas","Vipr1","GNAS_VIPR1","ENSMUSG00000027523","ENSMUSG00000032528"
"933","Gnb3","Gabbr2","GNB3_GABBR2","ENSMUSG00000023439","ENSMUSG00000039809"
"934","Gnb3","Tgfbr1","GNB3_TGFBR1","ENSMUSG00000023439","ENSMUSG00000007613"
"935","Gnrh1","Gnrhr","GNRH1_GNRHR","ENSMUSG00000015812","ENSMUSG00000029255"
"936","Gpc3","Cd81","GPC3_CD81","ENSMUSG00000055653","ENSMUSG00000037706"
"937","Gpc3","Igf1r","GPC3_IGF1R","ENSMUSG00000055653","ENSMUSG00000005533"
"938","Gpha2","Tshr","GPHA2_TSHR","ENSMUSG00000024784","ENSMUSG00000020963"
"939","Gpi1","Amfr","GPI_AMFR","ENSMUSG00000036427","ENSMUSG00000031751"
"940","Grem1","Kdr","GREM1_KDR","ENSMUSG00000074934","ENSMUSG00000062960"
"941","Grp","Brs3","GRP_BRS3","ENSMUSG00000024517","ENSMUSG00000031130"
"942","Grp","Grpr","GRP_GRPR","ENSMUSG00000024517","ENSMUSG00000031364"
"943","Grp","Nmbr","GRP_NMBR","ENSMUSG00000024517","ENSMUSG00000019865"
"944","Guca2a","Gucy2c","GUCA2A_GUCY2C","ENSMUSG00000023247","ENSMUSG00000042638"
"945","Guca2b","Gucy2c","GUCA2B_GUCY2C","ENSMUSG00000032978","ENSMUSG00000042638"
"946","Guca2b","Gucy2e","GUCA2B_GUCY2D","ENSMUSG00000032978","ENSMUSG00000020890"
"947","Has2","Cd44","HAS2_CD44","ENSMUSG00000022367","ENSMUSG00000005087"
"948","Has2","Hmmr","HAS2_HMMR","ENSMUSG00000022367","ENSMUSG00000020330"
"949","Hbegf","Cd44","HBEGF_CD44","ENSMUSG00000024486","ENSMUSG00000005087"
"950","Hbegf","Cd82","HBEGF_CD82","ENSMUSG00000024486","ENSMUSG00000027215"
"951","Hbegf","Cd9","HBEGF_CD9","ENSMUSG00000024486","ENSMUSG00000030342"
"952","Hbegf","Egfr","HBEGF_EGFR","ENSMUSG00000024486","ENSMUSG00000020122"
"953","Hbegf","Erbb2","HBEGF_ERBB2","ENSMUSG00000024486","ENSMUSG00000062312"
"954","Hbegf","Erbb4","HBEGF_ERBB4","ENSMUSG00000024486","ENSMUSG00000062209"
"955","Hcrt","Hcrtr1","HCRT_HCRTR1","ENSMUSG00000045471","ENSMUSG00000028778"
"956","Hcrt","Hcrtr2","HCRT_HCRTR2","ENSMUSG00000045471","ENSMUSG00000032360"
"957","Hcrt","Npffr2","HCRT_NPFFR2","ENSMUSG00000045471","ENSMUSG00000035528"
"958","Hgf","Cd44","HGF_CD44","ENSMUSG00000028864","ENSMUSG00000005087"
"959","Hgf","Met","HGF_MET","ENSMUSG00000028864","ENSMUSG00000009376"
"960","Hgf","Sdc1","HGF_SDC1","ENSMUSG00000028864","ENSMUSG00000020592"
"961","Hgf","Sdc2","HGF_SDC2","ENSMUSG00000028864","ENSMUSG00000022261"
"962","Hgf","St14","HGF_ST14","ENSMUSG00000028864","ENSMUSG00000031995"
"963","Hhipl2","Cachd1","HHIPL2_CACHD1","ENSMUSG00000053461","ENSMUSG00000028532"
"964","Hmgb1","Sdc1","HMGB1_SDC1","ENSMUSG00000066551","ENSMUSG00000020592"
"965","Hmgb1","Thbd","HMGB1_THBD","ENSMUSG00000066551","ENSMUSG00000074743"
"966","Hp","Asgr1","HP_ASGR1","ENSMUSG00000031722","ENSMUSG00000020884"
"967","Hp","Asgr2","HP_ASGR2","ENSMUSG00000031722","ENSMUSG00000040963"
"968","Hp","Itgam","HP_ITGAM","ENSMUSG00000031722","ENSMUSG00000030786"
"969","Hp","Itgb2","HP_ITGB2","ENSMUSG00000031722","ENSMUSG00000000290"
"970","Hras","Cav1","HRAS_CAV1","ENSMUSG00000025499","ENSMUSG00000007655"
"971","Hras","Grin2d","HRAS_GRIN2D","ENSMUSG00000025499","ENSMUSG00000002771"
"972","Hras","Insr","HRAS_INSR","ENSMUSG00000025499","ENSMUSG00000005534"
"973","Hras","Sdc2","HRAS_SDC2","ENSMUSG00000025499","ENSMUSG00000022261"
"974","Hras","Tlr2","HRAS_TLR2","ENSMUSG00000025499","ENSMUSG00000027995"
"975","Hras","Tlr9","HRAS_TLR9","ENSMUSG00000025499","ENSMUSG00000045322"
"976","Hrg","Fcgr1","HRG_FCGR1A","ENSMUSG00000022877","ENSMUSG00000015947"
"977","Hsp90aa1","Cftr","HSP90AA1_CFTR","ENSMUSG00000021270","ENSMUSG00000041301"
"978","Hsp90aa1","Egfr","HSP90AA1_EGFR","ENSMUSG00000021270","ENSMUSG00000020122"
"979","Hsp90aa1","Fgfr3","HSP90AA1_FGFR3","ENSMUSG00000021270","ENSMUSG00000054252"
"980","Hspg2","Chrm3","HSPG2_CHRM3","ENSMUSG00000028763","ENSMUSG00000046159"
"981","Hspg2","Col13a1","HSPG2_COL13A1","ENSMUSG00000028763","ENSMUSG00000058806"
"982","Hspg2","Itga2","HSPG2_ITGA2","ENSMUSG00000028763","ENSMUSG00000015533"
"983","Hspg2","Itgb1","HSPG2_ITGB1","ENSMUSG00000028763","ENSMUSG00000025809"
"984","Hspg2","Ptprs","HSPG2_PTPRS","ENSMUSG00000028763","ENSMUSG00000013236"
"985","Hspg2","Sdc1","HSPG2_SDC1","ENSMUSG00000028763","ENSMUSG00000020592"
"986","Iapp","Calcr","IAPP_CALCR","ENSMUSG00000041681","ENSMUSG00000023964"
"987","Iapp","Ramp1","IAPP_RAMP1","ENSMUSG00000041681","ENSMUSG00000034353"
"988","Iapp","Ramp2","IAPP_RAMP2","ENSMUSG00000041681","ENSMUSG00000001240"
"989","Iapp","Ramp3","IAPP_RAMP3","ENSMUSG00000041681","ENSMUSG00000041046"
"990","Ibsp","Itgav","IBSP_ITGAV","ENSMUSG00000029306","ENSMUSG00000027087"
"991","Icam1","Cav1","ICAM1_CAV1","ENSMUSG00000037405","ENSMUSG00000007655"
"992","Icam1","Egfr","ICAM1_EGFR","ENSMUSG00000037405","ENSMUSG00000020122"
"993","Icam1","Il2ra","ICAM1_IL2RA","ENSMUSG00000037405","ENSMUSG00000026770"
"994","Icam1","Itgal","ICAM1_ITGAL","ENSMUSG00000037405","ENSMUSG00000030830"
"995","Icam1","Itgam","ICAM1_ITGAM","ENSMUSG00000037405","ENSMUSG00000030786"
"996","Icam1","Itgb2","ICAM1_ITGB2","ENSMUSG00000037405","ENSMUSG00000000290"
"997","Icam2","Itgal","ICAM2_ITGAL","ENSMUSG00000001029","ENSMUSG00000030830"
"998","Icam2","Itgam","ICAM2_ITGAM","ENSMUSG00000001029","ENSMUSG00000030786"
"999","Icam2","Itgb2","ICAM2_ITGB2","ENSMUSG00000001029","ENSMUSG00000000290"
"1000","Icam4","Itga2b","ICAM4_ITGA2B","ENSMUSG00000001014","ENSMUSG00000034664"
"1001","Icam4","Itga4","ICAM4_ITGA4","ENSMUSG00000001014","ENSMUSG00000027009"
"1002","Icam4","Itgal","ICAM4_ITGAL","ENSMUSG00000001014","ENSMUSG00000030830"
"1003","Icam4","Itgam","ICAM4_ITGAM","ENSMUSG00000001014","ENSMUSG00000030786"
"1004","Icam4","Itgav","ICAM4_ITGAV","ENSMUSG00000001014","ENSMUSG00000027087"
"1005","Icam4","Itgb1","ICAM4_ITGB1","ENSMUSG00000001014","ENSMUSG00000025809"
"1006","Icam4","Itgb2","ICAM4_ITGB2","ENSMUSG00000001014","ENSMUSG00000000290"
"1007","Icam4","Itgb3","ICAM4_ITGB3","ENSMUSG00000001014","ENSMUSG00000020689"
"1008","Icam4","Rhag","ICAM4_RHAG","ENSMUSG00000001014","ENSMUSG00000023926"
"1009","Icam5","Itgal","ICAM5_ITGAL","ENSMUSG00000032174","ENSMUSG00000030830"
"1010","Icam5","Itgb2","ICAM5_ITGB2","ENSMUSG00000032174","ENSMUSG00000000290"
"1011","Ifnb1","Ifnar1","IFNB1_IFNAR1","ENSMUSG00000048806","ENSMUSG00000022967"
"1012","Ifnb1","Ifnar2","IFNB1_IFNAR2","ENSMUSG00000048806","ENSMUSG00000022971"
"1013","Ifng","Ifngr1","IFNG_IFNGR1","ENSMUSG00000055170","ENSMUSG00000020009"
"1014","Ifng","Ifngr2","IFNG_IFNGR2","ENSMUSG00000055170","ENSMUSG00000022965"
"1015","Igf1","Igf1r","IGF1_IGF1R","ENSMUSG00000020053","ENSMUSG00000005533"
"1016","Igf1","Insr","IGF1_INSR","ENSMUSG00000020053","ENSMUSG00000005534"
"1017","Igf2","Igf1r","IGF2_IGF1R","ENSMUSG00000048583","ENSMUSG00000005533"
"1018","Igf2","Igf2r","IGF2_IGF2R","ENSMUSG00000048583","ENSMUSG00000023830"
"1019","Igf2","Insr","IGF2_INSR","ENSMUSG00000048583","ENSMUSG00000005534"
"1020","Igfbp4","Fzd8","IGFBP4_FZD8","ENSMUSG00000017493","ENSMUSG00000036904"
"1021","Igfbp4","Lrp6","IGFBP4_LRP6","ENSMUSG00000017493","ENSMUSG00000030201"
"1022","Ihh","Boc","IHH_BOC","ENSMUSG00000006538","ENSMUSG00000022687"
"1023","Ihh","Cdon","IHH_CDON","ENSMUSG00000006538","ENSMUSG00000038119"
"1024","Ihh","Hhip","IHH_HHIP","ENSMUSG00000006538","ENSMUSG00000064325"
"1025","Ihh","Ptch1","IHH_PTCH1","ENSMUSG00000006538","ENSMUSG00000021466"
"1026","Ihh","Ptch2","IHH_PTCH2","ENSMUSG00000006538","ENSMUSG00000028681"
"1027","Il10","Il10ra","IL10_IL10RA","ENSMUSG00000016529","ENSMUSG00000032089"
"1028","Il11","Il6st","IL11_IL6ST","ENSMUSG00000004371","ENSMUSG00000021756"
"1029","Il12a","Cd28","IL12A_CD28","ENSMUSG00000027776","ENSMUSG00000026012"
"1030","Il12a","Il12rb1","IL12A_IL12RB1","ENSMUSG00000027776","ENSMUSG00000000791"
"1031","Il12a","Il12rb2","IL12A_IL12RB2","ENSMUSG00000027776","ENSMUSG00000018341"
"1032","Il12b","Il12rb1","IL12B_IL12RB1","ENSMUSG00000004296","ENSMUSG00000000791"
"1033","Il12b","Il12rb2","IL12B_IL12RB2","ENSMUSG00000004296","ENSMUSG00000018341"
"1034","Il12b","Il23r","IL12B_IL23R","ENSMUSG00000004296","ENSMUSG00000049093"
"1035","Il13","Il13ra1","IL13_IL13RA1","ENSMUSG00000020383","ENSMUSG00000017057"
"1036","Il13","Il13ra2","IL13_IL13RA2","ENSMUSG00000020383","ENSMUSG00000031289"
"1037","Il13","Il4ra","IL13_IL4R","ENSMUSG00000020383","ENSMUSG00000030748"
"1038","Il15","Il15ra","IL15_IL15RA","ENSMUSG00000031712","ENSMUSG00000023206"
"1039","Il15","Il2ra","IL15_IL2RA","ENSMUSG00000031712","ENSMUSG00000026770"
"1040","Il15","Il2rb","IL15_IL2RB","ENSMUSG00000031712","ENSMUSG00000068227"
"1041","Il16","Cd4","IL16_CD4","ENSMUSG00000001741","ENSMUSG00000023274"
"1042","Il16","Grin2c","IL16_GRIN2C","ENSMUSG00000001741","ENSMUSG00000020734"
"1043","Il16","Grin2d","IL16_GRIN2D","ENSMUSG00000001741","ENSMUSG00000002771"
"1044","Il16","Kcna3","IL16_KCNA3","ENSMUSG00000001741","ENSMUSG00000047959"
"1045","Il16","Kcnd1","IL16_KCND1","ENSMUSG00000001741","ENSMUSG00000009731"
"1046","Il16","Kcnd2","IL16_KCND2","ENSMUSG00000001741","ENSMUSG00000060882"
"1047","Il16","Kcnj10","IL16_KCNJ10","ENSMUSG00000001741","ENSMUSG00000044708"
"1048","Il16","Kcnj15","IL16_KCNJ15","ENSMUSG00000001741","ENSMUSG00000062609"
"1049","Il16","Kcnj4","IL16_KCNJ4","ENSMUSG00000001741","ENSMUSG00000044216"
"1050","Il17a","Il17ra","IL17A_IL17RA","ENSMUSG00000025929","ENSMUSG00000002897"
"1051","Il17a","Il17rc","IL17A_IL17RC","ENSMUSG00000025929","ENSMUSG00000030281"
"1052","Il17b","Il17rb","IL17B_IL17RB","ENSMUSG00000024578","ENSMUSG00000015966"
"1053","Il17f","Il17ra","IL17F_IL17RA","ENSMUSG00000041872","ENSMUSG00000002897"
"1054","Il18","Cd48","IL18_CD48","ENSMUSG00000039217","ENSMUSG00000015355"
"1055","Il18","Il18r1","IL18_IL18R1","ENSMUSG00000039217","ENSMUSG00000026070"
"1056","Il18","Il18rap","IL18_IL18RAP","ENSMUSG00000039217","ENSMUSG00000026068"
"1057","Il18","Il1rapl1","IL18_IL1RAPL1","ENSMUSG00000039217","ENSMUSG00000052372"
"1058","Il18","Il1rl2","IL18_IL1RL2","ENSMUSG00000039217","ENSMUSG00000070942"
"1059","Il19","Il20ra","IL19_IL20RA","ENSMUSG00000016524","ENSMUSG00000020007"
"1060","Il19","Il20rb","IL19_IL20RB","ENSMUSG00000016524","ENSMUSG00000044244"
"1061","Il1a","Il1r1","IL1A_IL1R1","ENSMUSG00000027399","ENSMUSG00000026072"
"1062","Il1a","Il1r2","IL1A_IL1R2","ENSMUSG00000027399","ENSMUSG00000026073"
"1063","Il1a","Il1rap","IL1A_IL1RAP","ENSMUSG00000027399","ENSMUSG00000022514"
"1064","Il1b","Adrb2","IL1B_ADRB2","ENSMUSG00000027398","ENSMUSG00000045730"
"1065","Il1b","Il1r1","IL1B_IL1R1","ENSMUSG00000027398","ENSMUSG00000026072"
"1066","Il1b","Il1r2","IL1B_IL1R2","ENSMUSG00000027398","ENSMUSG00000026073"
"1067","Il1b","Il1rap","IL1B_IL1RAP","ENSMUSG00000027398","ENSMUSG00000022514"
"1068","Il1f10","Il1r1","IL1F10_IL1R1","ENSMUSG00000046845","ENSMUSG00000026072"
"1069","Il1rn","Il1r1","IL1RN_IL1R1","ENSMUSG00000026981","ENSMUSG00000026072"
"1070","Il1rn","Il1r2","IL1RN_IL1R2","ENSMUSG00000026981","ENSMUSG00000026073"
"1071","Il1rn","Il1rl2","IL1RN_IL1RL2","ENSMUSG00000026981","ENSMUSG00000070942"
"1072","Il2","Cd53","IL2_CD53","ENSMUSG00000027720","ENSMUSG00000040747"
"1073","Il2","Il2ra","IL2_IL2RA","ENSMUSG00000027720","ENSMUSG00000026770"
"1074","Il2","Il2rb","IL2_IL2RB","ENSMUSG00000027720","ENSMUSG00000068227"
"1075","Il2","Ngfr","IL2_NGFR","ENSMUSG00000027720","ENSMUSG00000000120"
"1076","Il20","Il20ra","IL20_IL20RA","ENSMUSG00000026416","ENSMUSG00000020007"
"1077","Il20","Il20rb","IL20_IL20RB","ENSMUSG00000026416","ENSMUSG00000044244"
"1078","Il20","Il22ra1","IL20_IL22RA1","ENSMUSG00000026416","ENSMUSG00000037157"
"1079","Il21","Il21r","IL21_IL21R","ENSMUSG00000027718","ENSMUSG00000030745"
"1080","Il23a","Il12rb1","IL23A_IL12RB1","ENSMUSG00000025383","ENSMUSG00000000791"
"1081","Il23a","Il23r","IL23A_IL23R","ENSMUSG00000025383","ENSMUSG00000049093"
"1082","Il24","Il20ra","IL24_IL20RA","ENSMUSG00000026420","ENSMUSG00000020007"
"1083","Il24","Il20rb","IL24_IL20RB","ENSMUSG00000026420","ENSMUSG00000044244"
"1084","Il24","Il22ra1","IL24_IL22RA1","ENSMUSG00000026420","ENSMUSG00000037157"
"1085","Il25","Il17rb","IL25_IL17RB","ENSMUSG00000040770","ENSMUSG00000015966"
"1086","Il27","Il27ra","IL27_IL27RA","ENSMUSG00000044701","ENSMUSG00000005465"
"1087","Il31","Il31ra","IL31_IL31RA","ENSMUSG00000029437","ENSMUSG00000050377"
"1088","Il31","Osmr","IL31_OSMR","ENSMUSG00000029437","ENSMUSG00000022146"
"1089","Il34","Csf1r","IL34_CSF1R","ENSMUSG00000031750","ENSMUSG00000024621"
"1090","Il4","Cd53","IL4_CD53","ENSMUSG00000000869","ENSMUSG00000040747"
"1091","Il4","Il13ra1","IL4_IL13RA1","ENSMUSG00000000869","ENSMUSG00000017057"
"1092","Il4","Il13ra2","IL4_IL13RA2","ENSMUSG00000000869","ENSMUSG00000031289"
"1093","Il4","Il4ra","IL4_IL4R","ENSMUSG00000000869","ENSMUSG00000030748"
"1094","Il5","Il5ra","IL5_IL5RA","ENSMUSG00000036117","ENSMUSG00000005364"
"1095","Il6","F3","IL6_F3","ENSMUSG00000025746","ENSMUSG00000028128"
"1096","Il6","Il6ra","IL6_IL6R","ENSMUSG00000025746","ENSMUSG00000027947"
"1097","Il6","Il6st","IL6_IL6ST","ENSMUSG00000025746","ENSMUSG00000021756"
"1098","Il7","Il7r","IL7_IL7R","ENSMUSG00000040329","ENSMUSG00000003882"
"1099","Il9","Il9r","IL9_IL9R","ENSMUSG00000021538","ENSMUSG00000020279"
"1100","Inha","Acvr1","INHA_ACVR1","ENSMUSG00000032968","ENSMUSG00000026836"
"1101","Inha","Acvr1b","INHA_ACVR1B","ENSMUSG00000032968","ENSMUSG00000000532"
"1102","Inha","Acvr2a","INHA_ACVR2A","ENSMUSG00000032968","ENSMUSG00000052155"
"1103","Inha","Acvr2b","INHA_ACVR2B","ENSMUSG00000032968","ENSMUSG00000061393"
"1104","Inha","Tgfbr3","INHA_TGFBR3","ENSMUSG00000032968","ENSMUSG00000029287"
"1105","Inhba","Acvr1","INHBA_ACVR1","ENSMUSG00000041324","ENSMUSG00000026836"
"1106","Inhba","Acvr1b","INHBA_ACVR1B","ENSMUSG00000041324","ENSMUSG00000000532"
"1107","Inhba","Acvr2a","INHBA_ACVR2A","ENSMUSG00000041324","ENSMUSG00000052155"
"1108","Inhba","Acvr2b","INHBA_ACVR2B","ENSMUSG00000041324","ENSMUSG00000061393"
"1109","Inhba","Bambi","INHBA_BAMBI","ENSMUSG00000041324","ENSMUSG00000024232"
"1110","Inhba","Eng","INHBA_ENG","ENSMUSG00000041324","ENSMUSG00000026814"
"1111","Inhba","Tgfbr3","INHBA_TGFBR3","ENSMUSG00000041324","ENSMUSG00000029287"
"1112","Inhbb","Acvr1","INHBB_ACVR1","ENSMUSG00000037035","ENSMUSG00000026836"
"1113","Inhbb","Acvr1b","INHBB_ACVR1B","ENSMUSG00000037035","ENSMUSG00000000532"
"1114","Inhbb","Acvr1c","INHBB_ACVR1C","ENSMUSG00000037035","ENSMUSG00000026834"
"1115","Inhbb","Acvr2a","INHBB_ACVR2A","ENSMUSG00000037035","ENSMUSG00000052155"
"1116","Inhbb","Acvr2b","INHBB_ACVR2B","ENSMUSG00000037035","ENSMUSG00000061393"
"1117","Inhbc","Acvr1","INHBC_ACVR1","ENSMUSG00000025405","ENSMUSG00000026836"
"1118","Inhbc","Acvr1b","INHBC_ACVR1B","ENSMUSG00000025405","ENSMUSG00000000532"
"1119","Inhbc","Acvr2a","INHBC_ACVR2A","ENSMUSG00000025405","ENSMUSG00000052155"
"1120","Inhbc","Acvr2b","INHBC_ACVR2B","ENSMUSG00000025405","ENSMUSG00000061393"
"1121","Inhbe","Acvr1","INHBE_ACVR1","ENSMUSG00000047492","ENSMUSG00000026836"
"1122","Inhbe","Acvr1b","INHBE_ACVR1B","ENSMUSG00000047492","ENSMUSG00000000532"
"1123","Inhbe","Acvr2a","INHBE_ACVR2A","ENSMUSG00000047492","ENSMUSG00000052155"
"1124","Inhbe","Eng","INHBE_ENG","ENSMUSG00000047492","ENSMUSG00000026814"
"1125","Insl3","Rxfp2","INSL3_RXFP2","ENSMUSG00000079019","ENSMUSG00000053368"
"1126","Insl5","Rxfp3","INSL5_RXFP3","ENSMUSG00000066090","ENSMUSG00000060735"
"1127","Insl5","Rxfp4","INSL5_RXFP4","ENSMUSG00000066090","ENSMUSG00000049741"
"1128","Itgb3bp","Itgb3","ITGB3BP_ITGB3","ENSMUSG00000028549","ENSMUSG00000020689"
"1129","Itgb3bp","Itgb5","ITGB3BP_ITGB5","ENSMUSG00000028549","ENSMUSG00000022817"
"1130","Itih2","Fcer1a","ITIH2_FCER1A","ENSMUSG00000037254","ENSMUSG00000005339"
"1131","Jag1","Notch1","JAG1_NOTCH1","ENSMUSG00000027276","ENSMUSG00000026923"
"1132","Jag1","Notch3","JAG1_NOTCH3","ENSMUSG00000027276","ENSMUSG00000038146"
"1133","Jag1","Notch4","JAG1_NOTCH4","ENSMUSG00000027276","ENSMUSG00000015468"
"1134","Jag2","Notch1","JAG2_NOTCH1","ENSMUSG00000002799","ENSMUSG00000026923"
"1135","Jag2","Notch3","JAG2_NOTCH3","ENSMUSG00000002799","ENSMUSG00000038146"
"1136","Jag2","Notch4","JAG2_NOTCH4","ENSMUSG00000002799","ENSMUSG00000015468"
"1137","Kiss1","Kiss1r","KISS1_KISS1R","ENSMUSG00000102367","ENSMUSG00000035773"
"1138","Kiss1","Mmp24","KISS1_MMP24","ENSMUSG00000102367","ENSMUSG00000027612"
"1139","Kitl","Epor","KITLG_EPOR","ENSMUSG00000019966","ENSMUSG00000006235"
"1140","Kitl","Kit","KITLG_KIT","ENSMUSG00000019966","ENSMUSG00000005672"
"1141","L1cam","Cntn1","L1CAM_CNTN1","ENSMUSG00000031391","ENSMUSG00000055022"
"1142","L1cam","Egfr","L1CAM_EGFR","ENSMUSG00000031391","ENSMUSG00000020122"
"1143","L1cam","Ephb2","L1CAM_EPHB2","ENSMUSG00000031391","ENSMUSG00000028664"
"1144","L1cam","Erbb2","L1CAM_ERBB2","ENSMUSG00000031391","ENSMUSG00000062312"
"1145","L1cam","Erbb3","L1CAM_ERBB3","ENSMUSG00000031391","ENSMUSG00000018166"
"1146","L1cam","Fgfr2","L1CAM_FGFR2","ENSMUSG00000031391","ENSMUSG00000030849"
"1147","L1cam","Itga5","L1CAM_ITGA5","ENSMUSG00000031391","ENSMUSG00000000555"
"1148","L1cam","Itgav","L1CAM_ITGAV","ENSMUSG00000031391","ENSMUSG00000027087"
"1149","Lama1","Gpc1","LAMA1_GPC1","ENSMUSG00000032796","ENSMUSG00000034220"
"1150","Lama1","Itga1","LAMA1_ITGA1","ENSMUSG00000032796","ENSMUSG00000042284"
"1151","Lama1","Itga2","LAMA1_ITGA2","ENSMUSG00000032796","ENSMUSG00000015533"
"1152","Lama1","Itga3","LAMA1_ITGA3","ENSMUSG00000032796","ENSMUSG00000001507"
"1153","Lama1","Itga6","LAMA1_ITGA6","ENSMUSG00000032796","ENSMUSG00000027111"
"1154","Lama1","Itga7","LAMA1_ITGA7","ENSMUSG00000032796","ENSMUSG00000025348"
"1155","Lama1","Itgb1","LAMA1_ITGB1","ENSMUSG00000032796","ENSMUSG00000025809"
"1156","Lama1","Itgb4","LAMA1_ITGB4","ENSMUSG00000032796","ENSMUSG00000020758"
"1157","Lama1","Itgb8","LAMA1_ITGB8","ENSMUSG00000032796","ENSMUSG00000025321"
"1158","Lama1","Nt5e","LAMA1_NT5E","ENSMUSG00000032796","ENSMUSG00000032420"
"1159","Lama1","Rpsa","LAMA1_RPSA","ENSMUSG00000032796","ENSMUSG00000032518"
"1160","Lama1","Sdc2","LAMA1_SDC2","ENSMUSG00000032796","ENSMUSG00000022261"
"1161","Lama1","Sdc4","LAMA1_SDC4","ENSMUSG00000032796","ENSMUSG00000017009"
"1162","Lama1","Tmprss6","LAMA1_TMPRSS6","ENSMUSG00000032796","ENSMUSG00000016942"
"1163","Lama2","Itga1","LAMA2_ITGA1","ENSMUSG00000019899","ENSMUSG00000042284"
"1164","Lama2","Itga2","LAMA2_ITGA2","ENSMUSG00000019899","ENSMUSG00000015533"
"1165","Lama2","Itga3","LAMA2_ITGA3","ENSMUSG00000019899","ENSMUSG00000001507"
"1166","Lama2","Itga6","LAMA2_ITGA6","ENSMUSG00000019899","ENSMUSG00000027111"
"1167","Lama2","Itga7","LAMA2_ITGA7","ENSMUSG00000019899","ENSMUSG00000025348"
"1168","Lama2","Itgb1","LAMA2_ITGB1","ENSMUSG00000019899","ENSMUSG00000025809"
"1169","Lama2","Itgb4","LAMA2_ITGB4","ENSMUSG00000019899","ENSMUSG00000020758"
"1170","Lama2","Rpsa","LAMA2_RPSA","ENSMUSG00000019899","ENSMUSG00000032518"
"1171","Lama3","Sdc2","LAMA3_SDC2","ENSMUSG00000024421","ENSMUSG00000022261"
"1172","Lama4","Itga3","LAMA4_ITGA3","ENSMUSG00000019846","ENSMUSG00000001507"
"1173","Lama4","Itga6","LAMA4_ITGA6","ENSMUSG00000019846","ENSMUSG00000027111"
"1174","Lama4","Itgav","LAMA4_ITGAV","ENSMUSG00000019846","ENSMUSG00000027087"
"1175","Lama4","Itgb1","LAMA4_ITGB1","ENSMUSG00000019846","ENSMUSG00000025809"
"1176","Lama5","Bcam","LAMA5_BCAM","ENSMUSG00000015647","ENSMUSG00000002980"
"1177","Lama5","Itga2","LAMA5_ITGA2","ENSMUSG00000015647","ENSMUSG00000015533"
"1178","Lama5","Itga3","LAMA5_ITGA3","ENSMUSG00000015647","ENSMUSG00000001507"
"1179","Lama5","Itga6","LAMA5_ITGA6","ENSMUSG00000015647","ENSMUSG00000027111"
"1180","Lama5","Itgb1","LAMA5_ITGB1","ENSMUSG00000015647","ENSMUSG00000025809"
"1181","Lama5","Itgb4","LAMA5_ITGB4","ENSMUSG00000015647","ENSMUSG00000020758"
"1182","Lama5","Sdc1","LAMA5_SDC1","ENSMUSG00000015647","ENSMUSG00000020592"
"1183","Lamb1","Itga1","LAMB1_ITGA1","ENSMUSG00000002900","ENSMUSG00000042284"
"1184","Lamb1","Itga2","LAMB1_ITGA2","ENSMUSG00000002900","ENSMUSG00000015533"
"1185","Lamb1","Itga3","LAMB1_ITGA3","ENSMUSG00000002900","ENSMUSG00000001507"
"1186","Lamb1","Itga6","LAMB1_ITGA6","ENSMUSG00000002900","ENSMUSG00000027111"
"1187","Lamb1","Itga7","LAMB1_ITGA7","ENSMUSG00000002900","ENSMUSG00000025348"
"1188","Lamb1","Itgav","LAMB1_ITGAV","ENSMUSG00000002900","ENSMUSG00000027087"
"1189","Lamb1","Itgb1","LAMB1_ITGB1","ENSMUSG00000002900","ENSMUSG00000025809"
"1190","Lamb1","Itgb4","LAMB1_ITGB4","ENSMUSG00000002900","ENSMUSG00000020758"
"1191","Lamb2","Rpsa","LAMB2_RPSA","ENSMUSG00000052911","ENSMUSG00000032518"
"1192","Lamb3","Cd151","LAMB3_CD151","ENSMUSG00000026639","ENSMUSG00000025510"
"1193","Lamb3","Col17a1","LAMB3_COL17A1","ENSMUSG00000026639","ENSMUSG00000025064"
"1194","Lamb3","Itga2","LAMB3_ITGA2","ENSMUSG00000026639","ENSMUSG00000015533"
"1195","Lamb3","Itga3","LAMB3_ITGA3","ENSMUSG00000026639","ENSMUSG00000001507"
"1196","Lamb3","Itga6","LAMB3_ITGA6","ENSMUSG00000026639","ENSMUSG00000027111"
"1197","Lamb3","Itgb1","LAMB3_ITGB1","ENSMUSG00000026639","ENSMUSG00000025809"
"1198","Lamb3","Itgb4","LAMB3_ITGB4","ENSMUSG00000026639","ENSMUSG00000020758"
"1199","Lamc1","Itga1","LAMC1_ITGA1","ENSMUSG00000026478","ENSMUSG00000042284"
"1200","Lamc1","Itga2","LAMC1_ITGA2","ENSMUSG00000026478","ENSMUSG00000015533"
"1201","Lamc1","Itga3","LAMC1_ITGA3","ENSMUSG00000026478","ENSMUSG00000001507"
"1202","Lamc1","Itga6","LAMC1_ITGA6","ENSMUSG00000026478","ENSMUSG00000027111"
"1203","Lamc1","Itga7","LAMC1_ITGA7","ENSMUSG00000026478","ENSMUSG00000025348"
"1204","Lamc1","Itgav","LAMC1_ITGAV","ENSMUSG00000026478","ENSMUSG00000027087"
"1205","Lamc1","Itgb1","LAMC1_ITGB1","ENSMUSG00000026478","ENSMUSG00000025809"
"1206","Lamc1","Itgb4","LAMC1_ITGB4","ENSMUSG00000026478","ENSMUSG00000020758"
"1207","Lamc2","Cd151","LAMC2_CD151","ENSMUSG00000026479","ENSMUSG00000025510"
"1208","Lamc2","Col17a1","LAMC2_COL17A1","ENSMUSG00000026479","ENSMUSG00000025064"
"1209","Lamc2","Itga2","LAMC2_ITGA2","ENSMUSG00000026479","ENSMUSG00000015533"
"1210","Lamc2","Itga3","LAMC2_ITGA3","ENSMUSG00000026479","ENSMUSG00000001507"
"1211","Lamc2","Itga6","LAMC2_ITGA6","ENSMUSG00000026479","ENSMUSG00000027111"
"1212","Lamc2","Itgb1","LAMC2_ITGB1","ENSMUSG00000026479","ENSMUSG00000025809"
"1213","Lamc2","Itgb4","LAMC2_ITGB4","ENSMUSG00000026479","ENSMUSG00000020758"
"1214","Lamc3","Itga2","LAMC3_ITGA2","ENSMUSG00000026840","ENSMUSG00000015533"
"1215","Lamc3","Itga3","LAMC3_ITGA3","ENSMUSG00000026840","ENSMUSG00000001507"
"1216","Lamc3","Itga6","LAMC3_ITGA6","ENSMUSG00000026840","ENSMUSG00000027111"
"1217","Lamc3","Itgb1","LAMC3_ITGB1","ENSMUSG00000026840","ENSMUSG00000025809"
"1218","Lamc3","Itgb4","LAMC3_ITGB4","ENSMUSG00000026840","ENSMUSG00000020758"
"1219","Lcn2","Lrp2","LCN2_LRP2","ENSMUSG00000026822","ENSMUSG00000027070"
"1220","Lep","Lepr","LEP_LEPR","ENSMUSG00000059201","ENSMUSG00000057722"
"1221","Lep","Lrp2","LEP_LRP2","ENSMUSG00000059201","ENSMUSG00000027070"
"1222","Lgals3bp","Itgb1","LGALS3BP_ITGB1","ENSMUSG00000033880","ENSMUSG00000025809"
"1223","Lgals3bp","Vangl1","LGALS3BP_VANGL1","ENSMUSG00000033880","ENSMUSG00000027860"
"1224","Lif","Il6st","LIF_IL6ST","ENSMUSG00000034394","ENSMUSG00000021756"
"1225","Lif","Lifr","LIF_LIFR","ENSMUSG00000034394","ENSMUSG00000054263"
"1226","Lin7c","Abca1","LIN7C_ABCA1","ENSMUSG00000027162","ENSMUSG00000015243"
"1227","Lin7c","Htr2c","LIN7C_HTR2C","ENSMUSG00000027162","ENSMUSG00000041380"
"1228","Lin7c","Kcnj4","LIN7C_KCNJ4","ENSMUSG00000027162","ENSMUSG00000044216"
"1229","Lipc","Lrp1","LIPC_LRP1","ENSMUSG00000032207","ENSMUSG00000040249"
"1230","Liph","Lpar1","LIPH_LPAR1","ENSMUSG00000044626","ENSMUSG00000038668"
"1231","Liph","Lpar2","LIPH_LPAR2","ENSMUSG00000044626","ENSMUSG00000031861"
"1232","Liph","Lpar4","LIPH_LPAR4","ENSMUSG00000044626","ENSMUSG00000049929"
"1233","Lpl","Cd44","LPL_CD44","ENSMUSG00000015568","ENSMUSG00000005087"
"1234","Lpl","Gpihbp1","LPL_GPIHBP1","ENSMUSG00000015568","ENSMUSG00000022579"
"1235","Lpl","Lrp1","LPL_LRP1","ENSMUSG00000015568","ENSMUSG00000040249"
"1236","Lpl","Lrp2","LPL_LRP2","ENSMUSG00000015568","ENSMUSG00000027070"
"1237","Lpl","Sdc1","LPL_SDC1","ENSMUSG00000015568","ENSMUSG00000020592"
"1238","Lpl","Vldlr","LPL_VLDLR","ENSMUSG00000015568","ENSMUSG00000024924"
"1239","Lrp1b","Plaur","LRP1B_PLAUR","ENSMUSG00000049252","ENSMUSG00000046223"
"1240","Lrpap1","Ldlr","LRPAP1_LDLR","ENSMUSG00000029103","ENSMUSG00000032193"
"1241","Lrpap1","Lrp1","LRPAP1_LRP1","ENSMUSG00000029103","ENSMUSG00000040249"
"1242","Lrpap1","Lrp2","LRPAP1_LRP2","ENSMUSG00000029103","ENSMUSG00000027070"
"1243","Lrpap1","Lrp8","LRPAP1_LRP8","ENSMUSG00000029103","ENSMUSG00000028613"
"1244","Lrpap1","Sorl1","LRPAP1_SORL1","ENSMUSG00000029103","ENSMUSG00000049313"
"1245","Lrpap1","Sort1","LRPAP1_SORT1","ENSMUSG00000029103","ENSMUSG00000068747"
"1246","Lrpap1","Vldlr","LRPAP1_VLDLR","ENSMUSG00000029103","ENSMUSG00000024924"
"1247","Lta","Cachd1","LTA_CACHD1","ENSMUSG00000024402","ENSMUSG00000028532"
"1248","Lta","Ednra","LTA_EDNRA","ENSMUSG00000024402","ENSMUSG00000031616"
"1249","Lta","Ltbr","LTA_LTBR","ENSMUSG00000024402","ENSMUSG00000030339"
"1250","Lta","Tnfrsf14","LTA_TNFRSF14","ENSMUSG00000024402","ENSMUSG00000042333"
"1251","Lta","Tnfrsf1a","LTA_TNFRSF1A","ENSMUSG00000024402","ENSMUSG00000030341"
"1252","Lta","Tnfrsf1b","LTA_TNFRSF1B","ENSMUSG00000024402","ENSMUSG00000028599"
"1253","Ltb","Cd40","LTB_CD40","ENSMUSG00000024399","ENSMUSG00000017652"
"1254","Ltb","Ltbr","LTB_LTBR","ENSMUSG00000024399","ENSMUSG00000030339"
"1255","Ltb","Tnfrsf1a","LTB_TNFRSF1A","ENSMUSG00000024399","ENSMUSG00000030341"
"1256","Ltbp1","Itgb5","LTBP1_ITGB5","ENSMUSG00000001870","ENSMUSG00000022817"
"1257","Ltbp3","Itgb5","LTBP3_ITGB5","ENSMUSG00000024940","ENSMUSG00000022817"
"1258","Ltf","Gp9","LTF_GP9","ENSMUSG00000032496","ENSMUSG00000030054"
"1259","Ltf","Gpr162","LTF_GPR162","ENSMUSG00000032496","ENSMUSG00000038390"
"1260","Ltf","Lrp1","LTF_LRP1","ENSMUSG00000032496","ENSMUSG00000040249"
"1261","Ltf","Lrp11","LTF_LRP11","ENSMUSG00000032496","ENSMUSG00000019796"
"1262","Ltf","Tfrc","LTF_TFRC","ENSMUSG00000032496","ENSMUSG00000022797"
"1263","Ly6g5c","Tmem8","LY6G5C_TMEM8A","ENSMUSG00000034482","ENSMUSG00000024180"
"1264","Ly86","Cd180","LY86_CD180","ENSMUSG00000021423","ENSMUSG00000021624"
"1265","Lypd3","Agr2","LYPD3_AGR2","ENSMUSG00000057454","ENSMUSG00000020581"
"1266","Madcam1","Cd44","MADCAM1_CD44","ENSMUSG00000020310","ENSMUSG00000005087"
"1267","Madcam1","Itga4","MADCAM1_ITGA4","ENSMUSG00000020310","ENSMUSG00000027009"
"1268","Madcam1","Itgb7","MADCAM1_ITGB7","ENSMUSG00000020310","ENSMUSG00000001281"
"1269","Matn1","Itga1","MATN1_ITGA1","ENSMUSG00000040533","ENSMUSG00000042284"
"1270","Matn1","Itgb1","MATN1_ITGB1","ENSMUSG00000040533","ENSMUSG00000025809"
"1271","Matn1","Ptprd","MATN1_PTPRD","ENSMUSG00000040533","ENSMUSG00000028399"
"1272","Mbl2","Calcr","MBL2_CALCR","ENSMUSG00000024863","ENSMUSG00000023964"
"1273","Mbl2","Cd93","MBL2_CD93","ENSMUSG00000024863","ENSMUSG00000027435"
"1274","Mdk","Alk","MDK_ALK","ENSMUSG00000027239","ENSMUSG00000055471"
"1275","Mdk","Itga4","MDK_ITGA4","ENSMUSG00000027239","ENSMUSG00000027009"
"1276","Mdk","Itga6","MDK_ITGA6","ENSMUSG00000027239","ENSMUSG00000027111"
"1277","Mdk","Itgb1","MDK_ITGB1","ENSMUSG00000027239","ENSMUSG00000025809"
"1278","Mdk","Lrp1","MDK_LRP1","ENSMUSG00000027239","ENSMUSG00000040249"
"1279","Mdk","Lrp2","MDK_LRP2","ENSMUSG00000027239","ENSMUSG00000027070"
"1280","Mdk","Ptprb","MDK_PTPRB","ENSMUSG00000027239","ENSMUSG00000020154"
"1281","Mdk","Ptprz1","MDK_PTPRZ1","ENSMUSG00000027239","ENSMUSG00000068748"
"1282","Mdk","Sdc1","MDK_SDC1","ENSMUSG00000027239","ENSMUSG00000020592"
"1283","Mdk","Sdc3","MDK_SDC3","ENSMUSG00000027239","ENSMUSG00000025743"
"1284","Mdk","Sdc4","MDK_SDC4","ENSMUSG00000027239","ENSMUSG00000017009"
"1285","Mdk","Tspan1","MDK_TSPAN1","ENSMUSG00000027239","ENSMUSG00000028699"
"1286","Mepe","Phex","MEPE_PHEX","ENSMUSG00000053863","ENSMUSG00000057457"
"1287","Mfap2","Notch1","MFAP2_NOTCH1","ENSMUSG00000060572","ENSMUSG00000026923"
"1288","Mfap5","Notch1","MFAP5_NOTCH1","ENSMUSG00000030116","ENSMUSG00000026923"
"1289","Mfge8","Itgav","MFGE8_ITGAV","ENSMUSG00000030605","ENSMUSG00000027087"
"1290","Mfge8","Itgb3","MFGE8_ITGB3","ENSMUSG00000030605","ENSMUSG00000020689"
"1291","Mfge8","Pdgfrb","MFGE8_PDGFRB","ENSMUSG00000030605","ENSMUSG00000024620"
"1292","Mfng","Notch1","MFNG_NOTCH1","ENSMUSG00000018169","ENSMUSG00000026923"
"1293","Mmp12","Plaur","MMP12_PLAUR","ENSMUSG00000049723","ENSMUSG00000046223"
"1294","Mmp13","Lrp1","MMP13_LRP1","ENSMUSG00000050578","ENSMUSG00000040249"
"1295","Mmp2","Sdc2","MMP2_SDC2","ENSMUSG00000031740","ENSMUSG00000022261"
"1296","Mmp7","Cd151","MMP7_CD151","ENSMUSG00000018623","ENSMUSG00000025510"
"1297","Mmp7","Cd44","MMP7_CD44","ENSMUSG00000018623","ENSMUSG00000005087"
"1298","Mmp7","Cdh6","MMP7_CDH6","ENSMUSG00000018623","ENSMUSG00000039385"
"1299","Mmp7","Erbb4","MMP7_ERBB4","ENSMUSG00000018623","ENSMUSG00000062209"
"1300","Mmp9","Cd44","MMP9_CD44","ENSMUSG00000017737","ENSMUSG00000005087"
"1301","Mmp9","Ephb2","MMP9_EPHB2","ENSMUSG00000017737","ENSMUSG00000028664"
"1302","Mmp9","Itgam","MMP9_ITGAM","ENSMUSG00000017737","ENSMUSG00000030786"
"1303","Mmp9","Itgb2","MMP9_ITGB2","ENSMUSG00000017737","ENSMUSG00000000290"
"1304","Mmp9","Lrp1","MMP9_LRP1","ENSMUSG00000017737","ENSMUSG00000040249"
"1305","Mst1","Mst1r","MST1_MST1R","ENSMUSG00000032591","ENSMUSG00000032584"
"1306","Mstn","Acvr2b","MSTN_ACVR2B","ENSMUSG00000026100","ENSMUSG00000061393"
"1307","Myoc","Fzd1","MYOC_FZD1","ENSMUSG00000026697","ENSMUSG00000044674"
"1308","Myoc","Fzd10","MYOC_FZD10","ENSMUSG00000026697","ENSMUSG00000081683"
"1309","Myoc","Fzd3","MYOC_FZD3","ENSMUSG00000026697","ENSMUSG00000007989"
"1310","Myoc","Fzd4","MYOC_FZD4","ENSMUSG00000026697","ENSMUSG00000049791"
"1311","Myoc","Fzd7","MYOC_FZD7","ENSMUSG00000026697","ENSMUSG00000041075"
"1312","Nampt","Insr","NAMPT_INSR","ENSMUSG00000020572","ENSMUSG00000005534"
"1313","Ncam1","Cacna1c","NCAM1_CACNA1C","ENSMUSG00000039542","ENSMUSG00000051331"
"1314","Ncam1","Fgfr1","NCAM1_FGFR1","ENSMUSG00000039542","ENSMUSG00000031565"
"1315","Ncam1","Fgfr2","NCAM1_FGFR2","ENSMUSG00000039542","ENSMUSG00000030849"
"1316","Ncam1","Gfra1","NCAM1_GFRA1","ENSMUSG00000039542","ENSMUSG00000025089"
"1317","Ncam1","Ptpra","NCAM1_PTPRA","ENSMUSG00000039542","ENSMUSG00000027303"
"1318","Ncam1","Robo1","NCAM1_ROBO1","ENSMUSG00000039542","ENSMUSG00000022883"
"1319","Ncam1","Robo3","NCAM1_ROBO3","ENSMUSG00000039542","ENSMUSG00000032128"
"1320","Ncan","Cdh2","NCAN_CDH2","ENSMUSG00000002341","ENSMUSG00000024304"
"1321","Ncan","Sdc3","NCAN_SDC3","ENSMUSG00000002341","ENSMUSG00000025743"
"1322","Ndp","Fzd4","NDP_FZD4","ENSMUSG00000040138","ENSMUSG00000049791"
"1323","Ndp","Lgr4","NDP_LGR4","ENSMUSG00000040138","ENSMUSG00000050199"
"1324","Ngf","Kidins220","NGF_KIDINS220","ENSMUSG00000027859","ENSMUSG00000036333"
"1325","Ngf","Maged1","NGF_MAGED1","ENSMUSG00000027859","ENSMUSG00000025151"
"1326","Ngf","Ngfr","NGF_NGFR","ENSMUSG00000027859","ENSMUSG00000000120"
"1327","Ngf","Ntrk1","NGF_NTRK1","ENSMUSG00000027859","ENSMUSG00000028072"
"1328","Ngf","Sorcs3","NGF_SORCS3","ENSMUSG00000027859","ENSMUSG00000063434"
"1329","Ngf","Sort1","NGF_SORT1","ENSMUSG00000027859","ENSMUSG00000068747"
"1330","Nid1","Col13a1","NID1_COL13A1","ENSMUSG00000005397","ENSMUSG00000058806"
"1331","Nid1","Itga3","NID1_ITGA3","ENSMUSG00000005397","ENSMUSG00000001507"
"1332","Nid1","Itgav","NID1_ITGAV","ENSMUSG00000005397","ENSMUSG00000027087"
"1333","Nid1","Itgb1","NID1_ITGB1","ENSMUSG00000005397","ENSMUSG00000025809"
"1334","Nid1","Itgb3","NID1_ITGB3","ENSMUSG00000005397","ENSMUSG00000020689"
"1335","Nid1","Ptprf","NID1_PTPRF","ENSMUSG00000005397","ENSMUSG00000033295"
"1336","Nid2","Col13a1","NID2_COL13A1","ENSMUSG00000021806","ENSMUSG00000058806"
"1337","Nlgn1","Nrxn1","NLGN1_NRXN1","ENSMUSG00000063887","ENSMUSG00000024109"
"1338","Nlgn1","Nrxn2","NLGN1_NRXN2","ENSMUSG00000063887","ENSMUSG00000033768"
"1339","Nlgn1","Nrxn3","NLGN1_NRXN3","ENSMUSG00000063887","ENSMUSG00000066392"
"1340","Nlgn2","Nrxn1","NLGN2_NRXN1","ENSMUSG00000051790","ENSMUSG00000024109"
"1341","Nlgn2","Nrxn2","NLGN2_NRXN2","ENSMUSG00000051790","ENSMUSG00000033768"
"1342","Nlgn2","Nrxn3","NLGN2_NRXN3","ENSMUSG00000051790","ENSMUSG00000066392"
"1343","Nlgn3","Nrxn1","NLGN3_NRXN1","ENSMUSG00000031302","ENSMUSG00000024109"
"1344","Nlgn3","Nrxn2","NLGN3_NRXN2","ENSMUSG00000031302","ENSMUSG00000033768"
"1345","Nlgn3","Nrxn3","NLGN3_NRXN3","ENSMUSG00000031302","ENSMUSG00000066392"
"1346","Nmb","Brs3","NMB_BRS3","ENSMUSG00000025723","ENSMUSG00000031130"
"1347","Nmb","Grpr","NMB_GRPR","ENSMUSG00000025723","ENSMUSG00000031364"
"1348","Nmb","Nmbr","NMB_NMBR","ENSMUSG00000025723","ENSMUSG00000019865"
"1349","Nms","Nmur1","NMS_NMUR1","ENSMUSG00000067604","ENSMUSG00000026237"
"1350","Nms","Nmur2","NMS_NMUR2","ENSMUSG00000067604","ENSMUSG00000037393"
"1351","Nmu","Nmur1","NMU_NMUR1","ENSMUSG00000029236","ENSMUSG00000026237"
"1352","Nmu","Nmur2","NMU_NMUR2","ENSMUSG00000029236","ENSMUSG00000037393"
"1353","Nodal","Acvr1b","NODAL_ACVR1B","ENSMUSG00000037171","ENSMUSG00000000532"
"1354","Nodal","Acvr1c","NODAL_ACVR1C","ENSMUSG00000037171","ENSMUSG00000026834"
"1355","Nodal","Acvr2a","NODAL_ACVR2A","ENSMUSG00000037171","ENSMUSG00000052155"
"1356","Nodal","Acvr2b","NODAL_ACVR2B","ENSMUSG00000037171","ENSMUSG00000061393"
"1357","Nov","Notch1","NOV_NOTCH1","ENSMUSG00000037362","ENSMUSG00000026923"
"1358","Nov","Plxna1","NOV_PLXNA1","ENSMUSG00000037362","ENSMUSG00000030084"
"1359","Npb","Npbwr1","NPB_NPBWR1","ENSMUSG00000044034","ENSMUSG00000033774"
"1360","Npff","Npffr1","NPFF_NPFFR1","ENSMUSG00000023052","ENSMUSG00000020090"
"1361","Npff","Npffr2","NPFF_NPFFR2","ENSMUSG00000023052","ENSMUSG00000035528"
"1362","Npnt","Itga8","NPNT_ITGA8","ENSMUSG00000040998","ENSMUSG00000026768"
"1363","Npnt","Itgb1","NPNT_ITGB1","ENSMUSG00000040998","ENSMUSG00000025809"
"1364","Nppa","Npr1","NPPA_NPR1","ENSMUSG00000041616","ENSMUSG00000027931"
"1365","Nppa","Npr3","NPPA_NPR3","ENSMUSG00000041616","ENSMUSG00000022206"
"1366","Nppb","Npr1","NPPB_NPR1","ENSMUSG00000029019","ENSMUSG00000027931"
"1367","Nppb","Npr2","NPPB_NPR2","ENSMUSG00000029019","ENSMUSG00000028469"
"1368","Nppb","Npr3","NPPB_NPR3","ENSMUSG00000029019","ENSMUSG00000022206"
"1369","Nppc","Npr2","NPPC_NPR2","ENSMUSG00000026241","ENSMUSG00000028469"
"1370","Nppc","Npr3","NPPC_NPR3","ENSMUSG00000026241","ENSMUSG00000022206"
"1371","Nps","Npsr1","NPS_NPSR1","ENSMUSG00000073804","ENSMUSG00000043659"
"1372","Npvf","Npffr1","NPVF_NPFFR1","ENSMUSG00000029831","ENSMUSG00000020090"
"1373","Npvf","Npffr2","NPVF_NPFFR2","ENSMUSG00000029831","ENSMUSG00000035528"
"1374","Npw","Npbwr1","NPW_NPBWR1","ENSMUSG00000071230","ENSMUSG00000033774"
"1375","Npy","Fap","NPY_FAP","ENSMUSG00000029819","ENSMUSG00000000392"
"1376","Npy","Mc4r","NPY_MC4R","ENSMUSG00000029819","ENSMUSG00000047259"
"1377","Npy","Npffr2","NPY_NPFFR2","ENSMUSG00000029819","ENSMUSG00000035528"
"1378","Npy","Npy1r","NPY_NPY1R","ENSMUSG00000029819","ENSMUSG00000036437"
"1379","Npy","Npy2r","NPY_NPY2R","ENSMUSG00000029819","ENSMUSG00000028004"
"1380","Npy","Npy4r","NPY_NPY4R","ENSMUSG00000029819","ENSMUSG00000048337"
"1381","Npy","Npy5r","NPY_NPY5R","ENSMUSG00000029819","ENSMUSG00000044014"
"1382","Npy","Prlhr","NPY_PRLHR","ENSMUSG00000029819","ENSMUSG00000045052"
"1383","Nrg1","Erbb2","NRG1_ERBB2","ENSMUSG00000062991","ENSMUSG00000062312"
"1384","Nrg1","Erbb3","NRG1_ERBB3","ENSMUSG00000062991","ENSMUSG00000018166"
"1385","Nrg1","Erbb4","NRG1_ERBB4","ENSMUSG00000062991","ENSMUSG00000062209"
"1386","Nrg1","Gpc1","NRG1_GPC1","ENSMUSG00000062991","ENSMUSG00000034220"
"1387","Nrg2","Erbb2","NRG2_ERBB2","ENSMUSG00000060275","ENSMUSG00000062312"
"1388","Nrg2","Erbb3","NRG2_ERBB3","ENSMUSG00000060275","ENSMUSG00000018166"
"1389","Nrg2","Erbb4","NRG2_ERBB4","ENSMUSG00000060275","ENSMUSG00000062209"
"1390","Nrg3","Erbb4","NRG3_ERBB4","ENSMUSG00000041014","ENSMUSG00000062209"
"1391","Nrg4","Egfr","NRG4_EGFR","ENSMUSG00000032311","ENSMUSG00000020122"
"1392","Nrg4","Erbb2","NRG4_ERBB2","ENSMUSG00000032311","ENSMUSG00000062312"
"1393","Nrg4","Erbb4","NRG4_ERBB4","ENSMUSG00000032311","ENSMUSG00000062209"
"1394","Nrtn","Gfra1","NRTN_GFRA1","ENSMUSG00000039481","ENSMUSG00000025089"
"1395","Nrtn","Gfra2","NRTN_GFRA2","ENSMUSG00000039481","ENSMUSG00000022103"
"1396","Nrtn","Ret","NRTN_RET","ENSMUSG00000039481","ENSMUSG00000030110"
"1397","Ntf3","Ngfr","NTF3_NGFR","ENSMUSG00000049107","ENSMUSG00000000120"
"1398","Ntf3","Ntrk1","NTF3_NTRK1","ENSMUSG00000049107","ENSMUSG00000028072"
"1399","Ntf3","Ntrk2","NTF3_NTRK2","ENSMUSG00000049107","ENSMUSG00000055254"
"1400","Ntf3","Ntrk3","NTF3_NTRK3","ENSMUSG00000049107","ENSMUSG00000059146"
"1401","Ntf5","Ngfr","NTF4_NGFR","ENSMUSG00000074121","ENSMUSG00000000120"
"1402","Ntf5","Ntrk1","NTF4_NTRK1","ENSMUSG00000074121","ENSMUSG00000028072"
"1403","Ntf5","Ntrk2","NTF4_NTRK2","ENSMUSG00000074121","ENSMUSG00000055254"
"1404","Ntf5","Ntrk3","NTF4_NTRK3","ENSMUSG00000074121","ENSMUSG00000059146"
"1405","Ntn1","Adora2b","NTN1_ADORA2B","ENSMUSG00000020902","ENSMUSG00000018500"
"1406","Ntn1","Dcc","NTN1_DCC","ENSMUSG00000020902","ENSMUSG00000060534"
"1407","Ntn1","Neo1","NTN1_NEO1","ENSMUSG00000020902","ENSMUSG00000032340"
"1408","Ntn1","Unc5a","NTN1_UNC5A","ENSMUSG00000020902","ENSMUSG00000025876"
"1409","Ntn1","Unc5b","NTN1_UNC5B","ENSMUSG00000020902","ENSMUSG00000020099"
"1410","Ntn1","Unc5c","NTN1_UNC5C","ENSMUSG00000020902","ENSMUSG00000059921"
"1411","Ntn1","Unc5d","NTN1_UNC5D","ENSMUSG00000020902","ENSMUSG00000063626"
"1412","Tbc1d24","Cdon","NTN3_CDON","ENSMUSG00000036473","ENSMUSG00000038119"
"1413","Tbc1d24","Neo1","NTN3_NEO1","ENSMUSG00000036473","ENSMUSG00000032340"
"1414","Ntn4","Dcc","NTN4_DCC","ENSMUSG00000020019","ENSMUSG00000060534"
"1415","Ntn4","Unc5a","NTN4_UNC5A","ENSMUSG00000020019","ENSMUSG00000025876"
"1416","Ntng1","Lrrc4c","NTNG1_LRRC4C","ENSMUSG00000059857","ENSMUSG00000050587"
"1417","Ntng2","Lrrc4","NTNG2_LRRC4","ENSMUSG00000035513","ENSMUSG00000049939"
"1418","Ntng2","Lrrc4c","NTNG2_LRRC4C","ENSMUSG00000035513","ENSMUSG00000050587"
"1419","Nts","Ngfr","NTS_NGFR","ENSMUSG00000019890","ENSMUSG00000000120"
"1420","Nts","Ntsr1","NTS_NTSR1","ENSMUSG00000019890","ENSMUSG00000027568"
"1421","Nts","Ntsr2","NTS_NTSR2","ENSMUSG00000019890","ENSMUSG00000020591"
"1422","Nts","Sort1","NTS_SORT1","ENSMUSG00000019890","ENSMUSG00000068747"
"1423","Nxph1","Nrxn1","NXPH1_NRXN1","ENSMUSG00000046178","ENSMUSG00000024109"
"1424","Nxph1","Nrxn2","NXPH1_NRXN2","ENSMUSG00000046178","ENSMUSG00000033768"
"1425","Nxph1","Nrxn3","NXPH1_NRXN3","ENSMUSG00000046178","ENSMUSG00000066392"
"1426","Nxph2","Nrxn1","NXPH2_NRXN1","ENSMUSG00000069132","ENSMUSG00000024109"
"1427","Nxph3","Nrxn1","NXPH3_NRXN1","ENSMUSG00000046719","ENSMUSG00000024109"
"1428","Nxph3","Nrxn2","NXPH3_NRXN2","ENSMUSG00000046719","ENSMUSG00000033768"
"1429","Nxph3","Nrxn3","NXPH3_NRXN3","ENSMUSG00000046719","ENSMUSG00000066392"
"1430","Olah","Mog","OLAH_MOG","ENSMUSG00000026645","ENSMUSG00000076439"
"1431","Olfm2","Robo2","OLFM2_ROBO2","ENSMUSG00000032172","ENSMUSG00000052516"
"1432","Omg","Lingo1","OMG_LINGO1","ENSMUSG00000049612","ENSMUSG00000049556"
"1433","Omg","Ngfr","OMG_NGFR","ENSMUSG00000049612","ENSMUSG00000000120"
"1434","Omg","Rtn4r","OMG_RTN4R","ENSMUSG00000049612","ENSMUSG00000043811"
"1435","Omg","Rtn4rl1","OMG_RTN4RL1","ENSMUSG00000049612","ENSMUSG00000045287"
"1436","Omg","Tnfrsf1b","OMG_TNFRSF1B","ENSMUSG00000049612","ENSMUSG00000028599"
"1437","Osm","Il6st","OSM_IL6ST","ENSMUSG00000058755","ENSMUSG00000021756"
"1438","Osm","Lifr","OSM_LIFR","ENSMUSG00000058755","ENSMUSG00000054263"
"1439","Osm","Osmr","OSM_OSMR","ENSMUSG00000058755","ENSMUSG00000022146"
"1440","Ostn","Npr3","OSTN_NPR3","ENSMUSG00000052276","ENSMUSG00000022206"
"1441","Oxt","Avpr1a","OXT_AVPR1A","ENSMUSG00000027301","ENSMUSG00000020123"
"1442","Oxt","Avpr1b","OXT_AVPR1B","ENSMUSG00000027301","ENSMUSG00000026432"
"1443","Oxt","Avpr2","OXT_AVPR2","ENSMUSG00000027301","ENSMUSG00000031390"
"1444","Oxt","Oxtr","OXT_OXTR","ENSMUSG00000027301","ENSMUSG00000049112"
"1445","P4hb","Gpr162","P4HB_GPR162","ENSMUSG00000025130","ENSMUSG00000038390"
"1446","Pcsk9","Vldlr","PCSK9_VLDLR","ENSMUSG00000044254","ENSMUSG00000024924"
"1447","Pdap1","Pdgfrb","PDAP1_PDGFRB","ENSMUSG00000029623","ENSMUSG00000024620"
"1448","Pdgfa","Pdgfra","PDGFA_PDGFRA","ENSMUSG00000025856","ENSMUSG00000029231"
"1449","Pdgfa","Pdgfrb","PDGFA_PDGFRB","ENSMUSG00000025856","ENSMUSG00000024620"
"1450","Pdgfb","Art1","PDGFB_ART1","ENSMUSG00000000489","ENSMUSG00000030996"
"1451","Pdgfb","Itgav","PDGFB_ITGAV","ENSMUSG00000000489","ENSMUSG00000027087"
"1452","Pdgfb","Lrp1","PDGFB_LRP1","ENSMUSG00000000489","ENSMUSG00000040249"
"1453","Pdgfb","Pdgfra","PDGFB_PDGFRA","ENSMUSG00000000489","ENSMUSG00000029231"
"1454","Pdgfb","Pdgfrb","PDGFB_PDGFRB","ENSMUSG00000000489","ENSMUSG00000024620"
"1455","Pdgfb","S1pr1","PDGFB_S1PR1","ENSMUSG00000000489","ENSMUSG00000045092"
"1456","Pdgfc","Flt1","PDGFC_FLT1","ENSMUSG00000028019","ENSMUSG00000029648"
"1457","Pdgfc","Flt4","PDGFC_FLT4","ENSMUSG00000028019","ENSMUSG00000020357"
"1458","Pdgfc","Kdr","PDGFC_KDR","ENSMUSG00000028019","ENSMUSG00000062960"
"1459","Pdgfc","Pdgfra","PDGFC_PDGFRA","ENSMUSG00000028019","ENSMUSG00000029231"
"1460","Pdgfc","Pdgfrb","PDGFC_PDGFRB","ENSMUSG00000028019","ENSMUSG00000024620"
"1461","Pdgfd","Pdgfra","PDGFD_PDGFRA","ENSMUSG00000032006","ENSMUSG00000029231"
"1462","Pdgfd","Pdgfrb","PDGFD_PDGFRB","ENSMUSG00000032006","ENSMUSG00000024620"
"1463","Pdyn","Oprd1","PDYN_OPRD1","ENSMUSG00000027400","ENSMUSG00000050511"
"1464","Pdyn","Oprk1","PDYN_OPRK1","ENSMUSG00000027400","ENSMUSG00000025905"
"1465","Pdyn","Oprm1","PDYN_OPRM1","ENSMUSG00000027400","ENSMUSG00000000766"
"1466","Penk","Ogfr","PENK_OGFR","ENSMUSG00000045573","ENSMUSG00000049401"
"1467","Penk","Oprd1","PENK_OPRD1","ENSMUSG00000045573","ENSMUSG00000050511"
"1468","Penk","Oprk1","PENK_OPRK1","ENSMUSG00000045573","ENSMUSG00000025905"
"1469","Penk","Oprm1","PENK_OPRM1","ENSMUSG00000045573","ENSMUSG00000000766"
"1470","Pf4","Cxcr3","PF4_CXCR3","ENSMUSG00000029373","ENSMUSG00000050232"
"1471","Pf4","Fgfr2","PF4_FGFR2","ENSMUSG00000029373","ENSMUSG00000030849"
"1472","Pf4","Ldlr","PF4_LDLR","ENSMUSG00000029373","ENSMUSG00000032193"
"1473","Pf4","Procr","PF4_PROCR","ENSMUSG00000029373","ENSMUSG00000027611"
"1474","Pf4","Sdc2","PF4_SDC2","ENSMUSG00000029373","ENSMUSG00000022261"
"1475","Pf4","Thbd","PF4_THBD","ENSMUSG00000029373","ENSMUSG00000074743"
"1476","Pgf","Flt1","PGF_FLT1","ENSMUSG00000004791","ENSMUSG00000029648"
"1477","Pgf","Nrp1","PGF_NRP1","ENSMUSG00000004791","ENSMUSG00000025810"
"1478","Pgf","Nrp2","PGF_NRP2","ENSMUSG00000004791","ENSMUSG00000025969"
"1479","Pigf","Flt1","PIGF_FLT1","ENSMUSG00000024145","ENSMUSG00000029648"
"1480","Pip","Cd4","PIP_CD4","ENSMUSG00000058499","ENSMUSG00000023274"
"1481","Pip","Nptn","PIP_NPTN","ENSMUSG00000058499","ENSMUSG00000032336"
"1482","Pkm","Cd44","PKM_CD44","ENSMUSG00000032294","ENSMUSG00000005087"
"1483","Pla2g10","Pla2r1","PLA2G10_PLA2R1","ENSMUSG00000022683","ENSMUSG00000054580"
"1484","Plat","Itgam","PLAT_ITGAM","ENSMUSG00000031538","ENSMUSG00000030786"
"1485","Plat","Itgb2","PLAT_ITGB2","ENSMUSG00000031538","ENSMUSG00000000290"
"1486","Plat","Lrp1","PLAT_LRP1","ENSMUSG00000031538","ENSMUSG00000040249"
"1487","Plau","Igf2r","PLAU_IGF2R","ENSMUSG00000021822","ENSMUSG00000023830"
"1488","Plau","Itga3","PLAU_ITGA3","ENSMUSG00000021822","ENSMUSG00000001507"
"1489","Plau","Itga5","PLAU_ITGA5","ENSMUSG00000021822","ENSMUSG00000000555"
"1490","Plau","Itgam","PLAU_ITGAM","ENSMUSG00000021822","ENSMUSG00000030786"
"1491","Plau","Itgav","PLAU_ITGAV","ENSMUSG00000021822","ENSMUSG00000027087"
"1492","Plau","Itgb1","PLAU_ITGB1","ENSMUSG00000021822","ENSMUSG00000025809"
"1493","Plau","Itgb2","PLAU_ITGB2","ENSMUSG00000021822","ENSMUSG00000000290"
"1494","Plau","Itgb5","PLAU_ITGB5","ENSMUSG00000021822","ENSMUSG00000022817"
"1495","Plau","Lrp1","PLAU_LRP1","ENSMUSG00000021822","ENSMUSG00000040249"
"1496","Plau","Lrp2","PLAU_LRP2","ENSMUSG00000021822","ENSMUSG00000027070"
"1497","Plau","Mrc2","PLAU_MRC2","ENSMUSG00000021822","ENSMUSG00000020695"
"1498","Plau","Plaur","PLAU_PLAUR","ENSMUSG00000021822","ENSMUSG00000046223"
"1499","Plau","St14","PLAU_ST14","ENSMUSG00000021822","ENSMUSG00000031995"
"1500","Plau","Vldlr","PLAU_VLDLR","ENSMUSG00000021822","ENSMUSG00000024924"
"1501","Plg","F2r","PLG_F2R","ENSMUSG00000059481","ENSMUSG00000048376"
"1502","Plg","F2rl1","PLG_F2RL1","ENSMUSG00000059481","ENSMUSG00000021678"
"1503","Plg","F3","PLG_F3","ENSMUSG00000059481","ENSMUSG00000028128"
"1504","Plg","Flt1","PLG_FLT1","ENSMUSG00000059481","ENSMUSG00000029648"
"1505","Plg","Itga9","PLG_ITGA9","ENSMUSG00000059481","ENSMUSG00000039115"
"1506","Plg","Itgam","PLG_ITGAM","ENSMUSG00000059481","ENSMUSG00000030786"
"1507","Plg","Itgb1","PLG_ITGB1","ENSMUSG00000059481","ENSMUSG00000025809"
"1508","Plg","Itgb2","PLG_ITGB2","ENSMUSG00000059481","ENSMUSG00000000290"
"1509","Plg","Plaur","PLG_PLAUR","ENSMUSG00000059481","ENSMUSG00000046223"
"1510","Plg","Plgrkt","PLG_PLGRKT","ENSMUSG00000059481","ENSMUSG00000016495"
"1511","Pltp","Abca1","PLTP_ABCA1","ENSMUSG00000017754","ENSMUSG00000015243"
"1512","Pmch","Mchr1","PMCH_MCHR1","ENSMUSG00000035383","ENSMUSG00000050164"
"1513","Pnoc","Oprl1","PNOC_OPRL1","ENSMUSG00000045731","ENSMUSG00000027584"
"1514","Podxl","Sell","PODXL_SELL","ENSMUSG00000025608","ENSMUSG00000026581"
"1515","Podxl2","Sell","PODXL2_SELL","ENSMUSG00000033152","ENSMUSG00000026581"
"1516","Pomc","Mc2r","POMC_MC2R","ENSMUSG00000020660","ENSMUSG00000045569"
"1517","Pomc","Mc3r","POMC_MC3R","ENSMUSG00000020660","ENSMUSG00000038537"
"1518","Pomc","Mc4r","POMC_MC4R","ENSMUSG00000020660","ENSMUSG00000047259"
"1519","Pomc","Mc5r","POMC_MC5R","ENSMUSG00000020660","ENSMUSG00000007480"
"1520","Pomc","Oprd1","POMC_OPRD1","ENSMUSG00000020660","ENSMUSG00000050511"
"1521","Pomc","Oprk1","POMC_OPRK1","ENSMUSG00000020660","ENSMUSG00000025905"
"1522","Pomc","Oprm1","POMC_OPRM1","ENSMUSG00000020660","ENSMUSG00000000766"
"1523","Pon2","Htr2a","PON2_HTR2A","ENSMUSG00000032667","ENSMUSG00000034997"
"1524","Ppy","Npy1r","PPY_NPY1R","ENSMUSG00000017316","ENSMUSG00000036437"
"1525","Ppy","Npy2r","PPY_NPY2R","ENSMUSG00000017316","ENSMUSG00000028004"
"1526","Ppy","Npy4r","PPY_NPY4R","ENSMUSG00000017316","ENSMUSG00000048337"
"1527","Ppy","Npy5r","PPY_NPY5R","ENSMUSG00000017316","ENSMUSG00000044014"
"1528","Prlh","Prlhr","PRLH_PRLHR","ENSMUSG00000090550","ENSMUSG00000045052"
"1529","Proc","Itgam","PROC_ITGAM","ENSMUSG00000024386","ENSMUSG00000030786"
"1530","Proc","Itgb2","PROC_ITGB2","ENSMUSG00000024386","ENSMUSG00000000290"
"1531","Proc","Procr","PROC_PROCR","ENSMUSG00000024386","ENSMUSG00000027611"
"1532","Proc","Thbd","PROC_THBD","ENSMUSG00000024386","ENSMUSG00000074743"
"1533","Prok1","Prokr1","PROK1_PROKR1","ENSMUSG00000070368","ENSMUSG00000049409"
"1534","Prok1","Prokr2","PROK1_PROKR2","ENSMUSG00000070368","ENSMUSG00000050558"
"1535","Prok2","Prokr1","PROK2_PROKR1","ENSMUSG00000030069","ENSMUSG00000049409"
"1536","Prok2","Prokr2","PROK2_PROKR2","ENSMUSG00000030069","ENSMUSG00000050558"
"1537","Pros1","Axl","PROS1_AXL","ENSMUSG00000022912","ENSMUSG00000002602"
"1538","Pros1","Tyro3","PROS1_TYRO3","ENSMUSG00000022912","ENSMUSG00000027298"
"1539","Prss23","Tmem222","PRSS23_TMEM222","ENSMUSG00000039405","ENSMUSG00000028857"
"1540","Psap","Celsr1","PSAP_CELSR1","ENSMUSG00000004207","ENSMUSG00000016028"
"1541","Psap","Gpr37","PSAP_GPR37","ENSMUSG00000004207","ENSMUSG00000039904"
"1542","Psap","Gpr37l1","PSAP_GPR37L1","ENSMUSG00000004207","ENSMUSG00000026424"
"1543","Psap","Lrp1","PSAP_LRP1","ENSMUSG00000004207","ENSMUSG00000040249"
"1544","Psap","Sort1","PSAP_SORT1","ENSMUSG00000004207","ENSMUSG00000068747"
"1545","Psen1","Cd44","PSEN1_CD44","ENSMUSG00000019969","ENSMUSG00000005087"
"1546","Psen1","Ncstn","PSEN1_NCSTN","ENSMUSG00000019969","ENSMUSG00000003458"
"1547","Psen1","Notch1","PSEN1_NOTCH1","ENSMUSG00000019969","ENSMUSG00000026923"
"1548","Psen1","Notch3","PSEN1_NOTCH3","ENSMUSG00000019969","ENSMUSG00000038146"
"1549","Psen1","Notch4","PSEN1_NOTCH4","ENSMUSG00000019969","ENSMUSG00000015468"
"1550","Pspn","Gfra1","PSPN_GFRA1","ENSMUSG00000002664","ENSMUSG00000025089"
"1551","Pspn","Gfra4","PSPN_GFRA4","ENSMUSG00000002664","ENSMUSG00000027316"
"1552","Pspn","Ret","PSPN_RET","ENSMUSG00000002664","ENSMUSG00000030110"
"1553","Pspn","Sdc3","PSPN_SDC3","ENSMUSG00000002664","ENSMUSG00000025743"
"1554","Ptdss1","Jmjd6","PTDSS1_JMJD6","ENSMUSG00000021518","ENSMUSG00000056962"
"1555","Ptdss1","Scarb1","PTDSS1_SCARB1","ENSMUSG00000021518","ENSMUSG00000037936"
"1556","Ptgs2","Cav1","PTGS2_CAV1","ENSMUSG00000032487","ENSMUSG00000007655"
"1557","Ptgs2","Ptgdr2","PTGS2_PTGDR2","ENSMUSG00000032487","ENSMUSG00000034117"
"1558","Pth","Pth1r","PTH_PTH1R","ENSMUSG00000059077","ENSMUSG00000032492"
"1559","Pth","Pth2r","PTH_PTH2R","ENSMUSG00000059077","ENSMUSG00000025946"
"1560","Pth2","Pth1r","PTH2_PTH1R","ENSMUSG00000038300","ENSMUSG00000032492"
"1561","Pth2","Pth2r","PTH2_PTH2R","ENSMUSG00000038300","ENSMUSG00000025946"
"1562","Pthlh","Prlhr","PTHLH_PRLHR","ENSMUSG00000048776","ENSMUSG00000045052"
"1563","Pthlh","Pth1r","PTHLH_PTH1R","ENSMUSG00000048776","ENSMUSG00000032492"
"1564","Pthlh","Pth2r","PTHLH_PTH2R","ENSMUSG00000048776","ENSMUSG00000025946"
"1565","Ptma","Vipr1","PTMA_VIPR1","ENSMUSG00000026238","ENSMUSG00000032528"
"1566","Ptn","Alk","PTN_ALK","ENSMUSG00000029838","ENSMUSG00000055471"
"1567","Ptn","Cdh10","PTN_CDH10","ENSMUSG00000029838","ENSMUSG00000022321"
"1568","Ptn","Plxnb2","PTN_PLXNB2","ENSMUSG00000029838","ENSMUSG00000036606"
"1569","Ptn","Ptprb","PTN_PTPRB","ENSMUSG00000029838","ENSMUSG00000020154"
"1570","Ptn","Ptprs","PTN_PTPRS","ENSMUSG00000029838","ENSMUSG00000013236"
"1571","Ptn","Ptprz1","PTN_PTPRZ1","ENSMUSG00000029838","ENSMUSG00000068748"
"1572","Ptn","Sdc1","PTN_SDC1","ENSMUSG00000029838","ENSMUSG00000020592"
"1573","Ptn","Sdc3","PTN_SDC3","ENSMUSG00000029838","ENSMUSG00000025743"
"1574","Pyy","Fap","PYY_FAP","ENSMUSG00000017311","ENSMUSG00000000392"
"1575","Pyy","Npy1r","PYY_NPY1R","ENSMUSG00000017311","ENSMUSG00000036437"
"1576","Pyy","Npy2r","PYY_NPY2R","ENSMUSG00000017311","ENSMUSG00000028004"
"1577","Pyy","Npy4r","PYY_NPY4R","ENSMUSG00000017311","ENSMUSG00000048337"
"1578","Pyy","Npy5r","PYY_NPY5R","ENSMUSG00000017311","ENSMUSG00000044014"
"1579","Qdpr","Dysf","QDPR_DYSF","ENSMUSG00000015806","ENSMUSG00000033788"
"1580","Qrfp","P2ry14","QRFP_P2RY14","ENSMUSG00000043102","ENSMUSG00000036381"
"1581","Qrfp","C130060K24Rik","QRFP_QRFPR","ENSMUSG00000043102","ENSMUSG00000029917"
"1582","Rarres2","Ccrl2","RARRES2_CCRL2","ENSMUSG00000009281","ENSMUSG00000043953"
"1583","Rarres2","Cmklr1","RARRES2_CMKLR1","ENSMUSG00000009281","ENSMUSG00000042190"
"1584","Rarres2","Gpr1","RARRES2_GPR1","ENSMUSG00000009281","ENSMUSG00000046856"
"1585","Rbp3","Notch1","RBP3_NOTCH1","ENSMUSG00000041534","ENSMUSG00000026923"
"1586","Rbp4","Stra6","RBP4_STRA6","ENSMUSG00000024990","ENSMUSG00000032327"
"1587","Reln","Itga3","RELN_ITGA3","ENSMUSG00000042453","ENSMUSG00000001507"
"1588","Reln","Itgb1","RELN_ITGB1","ENSMUSG00000042453","ENSMUSG00000025809"
"1589","Reln","Lrp8","RELN_LRP8","ENSMUSG00000042453","ENSMUSG00000028613"
"1590","Reln","Vldlr","RELN_VLDLR","ENSMUSG00000042453","ENSMUSG00000024924"
"1591","Ren1","Asic3","REN_ASIC3","ENSMUSG00000070645","ENSMUSG00000038276"
"1592","Ren1","Atp6ap2","REN_ATP6AP2","ENSMUSG00000070645","ENSMUSG00000031007"
"1593","Rgma","Bmpr1b","RGMA_BMPR1B","ENSMUSG00000070509","ENSMUSG00000052430"
"1594","Rgma","Bmpr2","RGMA_BMPR2","ENSMUSG00000070509","ENSMUSG00000067336"
"1595","Rgma","Hfe2","RGMA_HFE2","ENSMUSG00000070509","ENSMUSG00000038403"
"1596","Rgma","Neo1","RGMA_NEO1","ENSMUSG00000070509","ENSMUSG00000032340"
"1597","Rgmb","Bmpr1b","RGMB_BMPR1B","ENSMUSG00000048027","ENSMUSG00000052430"
"1598","Rgmb","Bmpr2","RGMB_BMPR2","ENSMUSG00000048027","ENSMUSG00000067336"
"1599","Rgmb","Hfe2","RGMB_HFE2","ENSMUSG00000048027","ENSMUSG00000038403"
"1600","Rgmb","Neo1","RGMB_NEO1","ENSMUSG00000048027","ENSMUSG00000032340"
"1601","Rims1","Cacna1c","RIMS1_CACNA1C","ENSMUSG00000041670","ENSMUSG00000051331"
"1602","Rims1","Slc17a7","RIMS1_SLC17A7","ENSMUSG00000041670","ENSMUSG00000070570"
"1603","Rims1","Slc18a2","RIMS1_SLC18A2","ENSMUSG00000041670","ENSMUSG00000025094"
"1604","Rims1","Slc18a3","RIMS1_SLC18A3","ENSMUSG00000041670","ENSMUSG00000100241"
"1605","Rims2","Abca1","RIMS2_ABCA1","ENSMUSG00000037386","ENSMUSG00000015243"
"1606","Rln3","Rxfp1","RLN3_RXFP1","ENSMUSG00000045232","ENSMUSG00000034009"
"1607","Rln3","Rxfp2","RLN3_RXFP2","ENSMUSG00000045232","ENSMUSG00000053368"
"1608","Rln3","Rxfp3","RLN3_RXFP3","ENSMUSG00000045232","ENSMUSG00000060735"
"1609","Rln3","Rxfp4","RLN3_RXFP4","ENSMUSG00000045232","ENSMUSG00000049741"
"1610","Rph3a","Nrxn1","RPH3A_NRXN1","ENSMUSG00000029608","ENSMUSG00000024109"
"1611","Rps19","C5ar1","RPS19_C5AR1","ENSMUSG00000040952","ENSMUSG00000049130"
"1612","Rspo1","Fzd8","RSPO1_FZD8","ENSMUSG00000028871","ENSMUSG00000036904"
"1613","Rspo1","Lgr4","RSPO1_LGR4","ENSMUSG00000028871","ENSMUSG00000050199"
"1614","Rspo1","Lgr5","RSPO1_LGR5","ENSMUSG00000028871","ENSMUSG00000020140"
"1615","Rspo1","Lgr6","RSPO1_LGR6","ENSMUSG00000028871","ENSMUSG00000042793"
"1616","Rspo1","Lrp6","RSPO1_LRP6","ENSMUSG00000028871","ENSMUSG00000030201"
"1617","Rspo1","Znrf3","RSPO1_ZNRF3","ENSMUSG00000028871","ENSMUSG00000041961"
"1618","Rspo2","Lgr4","RSPO2_LGR4","ENSMUSG00000051920","ENSMUSG00000050199"
"1619","Rspo2","Lgr5","RSPO2_LGR5","ENSMUSG00000051920","ENSMUSG00000020140"
"1620","Rspo2","Lgr6","RSPO2_LGR6","ENSMUSG00000051920","ENSMUSG00000042793"
"1621","Rspo3","Fzd8","RSPO3_FZD8","ENSMUSG00000019880","ENSMUSG00000036904"
"1622","Rspo3","Lgr4","RSPO3_LGR4","ENSMUSG00000019880","ENSMUSG00000050199"
"1623","Rspo3","Lgr5","RSPO3_LGR5","ENSMUSG00000019880","ENSMUSG00000020140"
"1624","Rspo3","Lgr6","RSPO3_LGR6","ENSMUSG00000019880","ENSMUSG00000042793"
"1625","Rspo3","Lrp6","RSPO3_LRP6","ENSMUSG00000019880","ENSMUSG00000030201"
"1626","Rspo3","Sdc4","RSPO3_SDC4","ENSMUSG00000019880","ENSMUSG00000017009"
"1627","Rspo4","Lgr4","RSPO4_LGR4","ENSMUSG00000032852","ENSMUSG00000050199"
"1628","Rspo4","Lgr5","RSPO4_LGR5","ENSMUSG00000032852","ENSMUSG00000020140"
"1629","Rspo4","Lgr6","RSPO4_LGR6","ENSMUSG00000032852","ENSMUSG00000042793"
"1630","Rtn4","Cntnap1","RTN4_CNTNAP1","ENSMUSG00000020458","ENSMUSG00000017167"
"1631","Rtn4","Gjb2","RTN4_GJB2","ENSMUSG00000020458","ENSMUSG00000046352"
"1632","Rtn4","Lingo1","RTN4_LINGO1","ENSMUSG00000020458","ENSMUSG00000049556"
"1633","Rtn4","Ngfr","RTN4_NGFR","ENSMUSG00000020458","ENSMUSG00000000120"
"1634","Rtn4","Rtn4r","RTN4_RTN4R","ENSMUSG00000020458","ENSMUSG00000043811"
"1635","Rtn4","Rtn4rl1","RTN4_RTN4RL1","ENSMUSG00000020458","ENSMUSG00000045287"
"1636","Rtn4","Tnfrsf19","RTN4_TNFRSF19","ENSMUSG00000020458","ENSMUSG00000060548"
"1637","S100a8","Tlr4","S100A8_TLR4","ENSMUSG00000056054","ENSMUSG00000039005"
"1638","Scgb1a1","Lmbr1l","SCGB1A1_LMBR1L","ENSMUSG00000024653","ENSMUSG00000022999"
"1639","Scgb1a1","Lrp2","SCGB1A1_LRP2","ENSMUSG00000024653","ENSMUSG00000027070"
"1640","Scgb3a1","Marco","SCGB3A1_MARCO","ENSMUSG00000064057","ENSMUSG00000026390"
"1641","Scgb3a2","Marco","SCGB3A2_MARCO","ENSMUSG00000038791","ENSMUSG00000026390"
"1642","Sct","Sctr","SCT_SCTR","ENSMUSG00000038580","ENSMUSG00000026387"
"1643","Sct","Vipr1","SCT_VIPR1","ENSMUSG00000038580","ENSMUSG00000032528"
"1644","Sct","Vipr2","SCT_VIPR2","ENSMUSG00000038580","ENSMUSG00000011171"
"1645","Selplg","Esam","SELPLG_ESAM","ENSMUSG00000048163","ENSMUSG00000001946"
"1646","Selplg","Itgam","SELPLG_ITGAM","ENSMUSG00000048163","ENSMUSG00000030786"
"1647","Selplg","Itgb2","SELPLG_ITGB2","ENSMUSG00000048163","ENSMUSG00000000290"
"1648","Selplg","Sele","SELPLG_SELE","ENSMUSG00000048163","ENSMUSG00000026582"
"1649","Selplg","Sell","SELPLG_SELL","ENSMUSG00000048163","ENSMUSG00000026581"
"1650","Selplg","Selp","SELPLG_SELP","ENSMUSG00000048163","ENSMUSG00000026580"
"1651","Sema3a","Nrp1","SEMA3A_NRP1","ENSMUSG00000028883","ENSMUSG00000025810"
"1652","Sema3a","Nrp2","SEMA3A_NRP2","ENSMUSG00000028883","ENSMUSG00000025969"
"1653","Sema3a","Plxna1","SEMA3A_PLXNA1","ENSMUSG00000028883","ENSMUSG00000030084"
"1654","Sema3a","Plxna2","SEMA3A_PLXNA2","ENSMUSG00000028883","ENSMUSG00000026640"
"1655","Sema3a","Plxna3","SEMA3A_PLXNA3","ENSMUSG00000028883","ENSMUSG00000031398"
"1656","Sema3a","Plxna4","SEMA3A_PLXNA4","ENSMUSG00000028883","ENSMUSG00000029765"
"1657","Sema3b","Nrp1","SEMA3B_NRP1","ENSMUSG00000057969","ENSMUSG00000025810"
"1658","Sema3b","Nrp2","SEMA3B_NRP2","ENSMUSG00000057969","ENSMUSG00000025969"
"1659","Sema3c","Nrp1","SEMA3C_NRP1","ENSMUSG00000028780","ENSMUSG00000025810"
"1660","Sema3c","Nrp2","SEMA3C_NRP2","ENSMUSG00000028780","ENSMUSG00000025969"
"1661","Sema3c","Plxnd1","SEMA3C_PLXND1","ENSMUSG00000028780","ENSMUSG00000030123"
"1662","Sema3d","Nrp1","SEMA3D_NRP1","ENSMUSG00000040254","ENSMUSG00000025810"
"1663","Sema3e","Nrp1","SEMA3E_NRP1","ENSMUSG00000063531","ENSMUSG00000025810"
"1664","Sema3e","Plxnd1","SEMA3E_PLXND1","ENSMUSG00000063531","ENSMUSG00000030123"
"1665","Sema3f","Nrp1","SEMA3F_NRP1","ENSMUSG00000034684","ENSMUSG00000025810"
"1666","Sema3f","Nrp2","SEMA3F_NRP2","ENSMUSG00000034684","ENSMUSG00000025969"
"1667","Sema3f","Plxna1","SEMA3F_PLXNA1","ENSMUSG00000034684","ENSMUSG00000030084"
"1668","Sema3f","Plxna3","SEMA3F_PLXNA3","ENSMUSG00000034684","ENSMUSG00000031398"
"1669","Sema3g","Nrp2","SEMA3G_NRP2","ENSMUSG00000021904","ENSMUSG00000025969"
"1670","Sema4a","Plxnd1","SEMA4A_PLXND1","ENSMUSG00000028064","ENSMUSG00000030123"
"1671","Sema4b","Dcbld2","SEMA4B_DCBLD2","ENSMUSG00000030539","ENSMUSG00000035107"
"1672","Sema4c","Plxnb2","SEMA4C_PLXNB2","ENSMUSG00000026121","ENSMUSG00000036606"
"1673","Sema4d","Cd72","SEMA4D_CD72","ENSMUSG00000021451","ENSMUSG00000028459"
"1674","Sema4d","Erbb2","SEMA4D_ERBB2","ENSMUSG00000021451","ENSMUSG00000062312"
"1675","Sema4d","Met","SEMA4D_MET","ENSMUSG00000021451","ENSMUSG00000009376"
"1676","Sema4d","Plxnb1","SEMA4D_PLXNB1","ENSMUSG00000021451","ENSMUSG00000053646"
"1677","Sema4d","Plxnb2","SEMA4D_PLXNB2","ENSMUSG00000021451","ENSMUSG00000036606"
"1678","Sema4f","Nrp2","SEMA4F_NRP2","ENSMUSG00000000627","ENSMUSG00000025969"
"1679","Sema4g","Plxnb2","SEMA4G_PLXNB2","ENSMUSG00000025207","ENSMUSG00000036606"
"1680","Sema5a","Met","SEMA5A_MET","ENSMUSG00000022231","ENSMUSG00000009376"
"1681","Sema5a","Plxnb3","SEMA5A_PLXNB3","ENSMUSG00000022231","ENSMUSG00000031385"
"1682","Sema6a","Plxna2","SEMA6A_PLXNA2","ENSMUSG00000019647","ENSMUSG00000026640"
"1683","Sema6a","Plxna4","SEMA6A_PLXNA4","ENSMUSG00000019647","ENSMUSG00000029765"
"1684","Sema6d","Kdr","SEMA6D_KDR","ENSMUSG00000027200","ENSMUSG00000062960"
"1685","Sema6d","Plxna1","SEMA6D_PLXNA1","ENSMUSG00000027200","ENSMUSG00000030084"
"1686","Sema6d","Trem2","SEMA6D_TREM2","ENSMUSG00000027200","ENSMUSG00000023992"
"1687","Sema6d","Tyrobp","SEMA6D_TYROBP","ENSMUSG00000027200","ENSMUSG00000030579"
"1688","Sema7a","Itga1","SEMA7A_ITGA1","ENSMUSG00000038264","ENSMUSG00000042284"
"1689","Sema7a","Itgb1","SEMA7A_ITGB1","ENSMUSG00000038264","ENSMUSG00000025809"
"1690","Sema7a","Plxnc1","SEMA7A_PLXNC1","ENSMUSG00000038264","ENSMUSG00000074785"
"1691","Serpina7","Slc16a2","SERPINA7_SLC16A2","ENSMUSG00000031271","ENSMUSG00000033965"
"1692","Serpinc1","Gpc1","SERPINC1_GPC1","ENSMUSG00000026715","ENSMUSG00000034220"
"1693","Serpinc1","Lrp1","SERPINC1_LRP1","ENSMUSG00000026715","ENSMUSG00000040249"
"1694","Serpinc1","Sdc2","SERPINC1_SDC2","ENSMUSG00000026715","ENSMUSG00000022261"
"1695","Serpine1","Itgav","SERPINE1_ITGAV","ENSMUSG00000037411","ENSMUSG00000027087"
"1696","Serpine1","Itgb5","SERPINE1_ITGB5","ENSMUSG00000037411","ENSMUSG00000022817"
"1697","Serpine1","Lrp1","SERPINE1_LRP1","ENSMUSG00000037411","ENSMUSG00000040249"
"1698","Serpine1","Lrp2","SERPINE1_LRP2","ENSMUSG00000037411","ENSMUSG00000027070"
"1699","Serpine1","Plaur","SERPINE1_PLAUR","ENSMUSG00000037411","ENSMUSG00000046223"
"1700","Serpine2","Lrp1","SERPINE2_LRP1","ENSMUSG00000026249","ENSMUSG00000040249"
"1701","Serping1","Lrp1","SERPING1_LRP1","ENSMUSG00000023224","ENSMUSG00000040249"
"1702","Serping1","Sele","SERPING1_SELE","ENSMUSG00000023224","ENSMUSG00000026582"
"1703","Serping1","Selp","SERPING1_SELP","ENSMUSG00000023224","ENSMUSG00000026580"
"1704","Sfrp1","Fzd2","SFRP1_FZD2","ENSMUSG00000031548","ENSMUSG00000050288"
"1705","Sfrp1","Fzd6","SFRP1_FZD6","ENSMUSG00000031548","ENSMUSG00000022297"
"1706","Sftpd","Ly96","SFTPD_LY96","ENSMUSG00000021795","ENSMUSG00000025779"
"1707","Sftpd","Tlr4","SFTPD_TLR4","ENSMUSG00000021795","ENSMUSG00000039005"
"1708","Shank1","Abca1","SHANK1_ABCA1","ENSMUSG00000038738","ENSMUSG00000015243"
"1709","Shank1","Sstr2","SHANK1_SSTR2","ENSMUSG00000038738","ENSMUSG00000047904"
"1710","Shbg","Cd177","SHBG_CD177","ENSMUSG00000005202","ENSMUSG00000052212"
"1711","Shbg","Cldn4","SHBG_CLDN4","ENSMUSG00000005202","ENSMUSG00000047501"
"1712","Shbg","Slc37a1","SHBG_SLC37A1","ENSMUSG00000005202","ENSMUSG00000024036"
"1713","Shh","Boc","SHH_BOC","ENSMUSG00000002633","ENSMUSG00000022687"
"1714","Shh","Cdon","SHH_CDON","ENSMUSG00000002633","ENSMUSG00000038119"
"1715","Shh","Gpc5","SHH_GPC5","ENSMUSG00000002633","ENSMUSG00000022112"
"1716","Shh","Hhip","SHH_HHIP","ENSMUSG00000002633","ENSMUSG00000064325"
"1717","Shh","Lrp2","SHH_LRP2","ENSMUSG00000002633","ENSMUSG00000027070"
"1718","Shh","Ptch1","SHH_PTCH1","ENSMUSG00000002633","ENSMUSG00000021466"
"1719","Shh","Ptch2","SHH_PTCH2","ENSMUSG00000002633","ENSMUSG00000028681"
"1720","Shh","Smo","SHH_SMO","ENSMUSG00000002633","ENSMUSG00000001761"
"1721","Slit1","Gpc1","SLIT1_GPC1","ENSMUSG00000025020","ENSMUSG00000034220"
"1722","Slit1","Robo1","SLIT1_ROBO1","ENSMUSG00000025020","ENSMUSG00000022883"
"1723","Slit1","Sdc1","SLIT1_SDC1","ENSMUSG00000025020","ENSMUSG00000020592"
"1724","Slit2","Dcc","SLIT2_DCC","ENSMUSG00000031558","ENSMUSG00000060534"
"1725","Slit2","Gpc1","SLIT2_GPC1","ENSMUSG00000031558","ENSMUSG00000034220"
"1726","Slit2","Robo1","SLIT2_ROBO1","ENSMUSG00000031558","ENSMUSG00000022883"
"1727","Slit2","Robo2","SLIT2_ROBO2","ENSMUSG00000031558","ENSMUSG00000052516"
"1728","Slit2","Robo4","SLIT2_ROBO4","ENSMUSG00000031558","ENSMUSG00000032125"
"1729","Slit2","Sdc1","SLIT2_SDC1","ENSMUSG00000031558","ENSMUSG00000020592"
"1730","Slit3","Robo2","SLIT3_ROBO2","ENSMUSG00000056427","ENSMUSG00000052516"
"1731","Slpi","Cd4","SLPI_CD4","ENSMUSG00000017002","ENSMUSG00000023274"
"1732","Sorbs1","Insr","SORBS1_INSR","ENSMUSG00000025006","ENSMUSG00000005534"
"1733","Sorbs1","Itga1","SORBS1_ITGA1","ENSMUSG00000025006","ENSMUSG00000042284"
"1734","Sorbs1","Itgb5","SORBS1_ITGB5","ENSMUSG00000025006","ENSMUSG00000022817"
"1735","Sost","Lrp5","SOST_LRP5","ENSMUSG00000001494","ENSMUSG00000024913"
"1736","Sost","Lrp6","SOST_LRP6","ENSMUSG00000001494","ENSMUSG00000030201"
"1737","Spink1","Egfr","SPINK1_EGFR","ENSMUSG00000024503","ENSMUSG00000020122"
"1738","Spink1","Nrsn1","SPINK1_NRSN1","ENSMUSG00000024503","ENSMUSG00000048978"
"1739","Spint1","St14","SPINT1_ST14","ENSMUSG00000027315","ENSMUSG00000031995"
"1740","Spon2","Itgam","SPON2_ITGAM","ENSMUSG00000037379","ENSMUSG00000030786"
"1741","Spon2","Itgb2","SPON2_ITGB2","ENSMUSG00000037379","ENSMUSG00000000290"
"1742","Spp1","Cd44","SPP1_CD44","ENSMUSG00000029304","ENSMUSG00000005087"
"1743","Spp1","Itga4","SPP1_ITGA4","ENSMUSG00000029304","ENSMUSG00000027009"
"1744","Spp1","Itga5","SPP1_ITGA5","ENSMUSG00000029304","ENSMUSG00000000555"
"1745","Spp1","Itga9","SPP1_ITGA9","ENSMUSG00000029304","ENSMUSG00000039115"
"1746","Spp1","Itgav","SPP1_ITGAV","ENSMUSG00000029304","ENSMUSG00000027087"
"1747","Spp1","Itgb1","SPP1_ITGB1","ENSMUSG00000029304","ENSMUSG00000025809"
"1748","Spp1","S1pr1","SPP1_S1PR1","ENSMUSG00000029304","ENSMUSG00000045092"
"1749","Sst","Sstr1","SST_SSTR1","ENSMUSG00000004366","ENSMUSG00000035431"
"1750","Sst","Sstr2","SST_SSTR2","ENSMUSG00000004366","ENSMUSG00000047904"
"1751","Sst","Sstr3","SST_SSTR3","ENSMUSG00000004366","ENSMUSG00000044933"
"1752","Sst","Sstr4","SST_SSTR4","ENSMUSG00000004366","ENSMUSG00000037014"
"1753","Sst","Sstr5","SST_SSTR5","ENSMUSG00000004366","ENSMUSG00000050824"
"1754","Sytl3","Nrxn1","SYTL3_NRXN1","ENSMUSG00000041831","ENSMUSG00000024109"
"1755","Tac1","Tacr1","TAC1_TACR1","ENSMUSG00000061762","ENSMUSG00000030043"
"1756","Tac1","Tacr2","TAC1_TACR2","ENSMUSG00000061762","ENSMUSG00000020081"
"1757","Tac1","Tacr3","TAC1_TACR3","ENSMUSG00000061762","ENSMUSG00000028172"
"1758","Tac2","Tacr1","TAC3_TACR1","ENSMUSG00000025400","ENSMUSG00000030043"
"1759","Tac2","Tacr2","TAC3_TACR2","ENSMUSG00000025400","ENSMUSG00000020081"
"1760","Tac2","Tacr3","TAC3_TACR3","ENSMUSG00000025400","ENSMUSG00000028172"
"1761","Tac4","Tacr1","TAC4_TACR1","ENSMUSG00000020872","ENSMUSG00000030043"
"1762","Tac4","Tacr2","TAC4_TACR2","ENSMUSG00000020872","ENSMUSG00000020081"
"1763","Tac4","Tacr3","TAC4_TACR3","ENSMUSG00000020872","ENSMUSG00000028172"
"1764","Tcn2","Cnr1","TCN2_CNR1","ENSMUSG00000020432","ENSMUSG00000044288"
"1765","Tcn2","Lrp2","TCN2_LRP2","ENSMUSG00000020432","ENSMUSG00000027070"
"1766","Tctn1","Tmem67","TCTN1_TMEM67","ENSMUSG00000038593","ENSMUSG00000049488"
"1767","Tdgf1","Acvr1b","TDGF1_ACVR1B","ENSMUSG00000032494","ENSMUSG00000000532"
"1768","Tdgf1","Acvr1c","TDGF1_ACVR1C","ENSMUSG00000032494","ENSMUSG00000026834"
"1769","Tdgf1","Acvr2a","TDGF1_ACVR2A","ENSMUSG00000032494","ENSMUSG00000052155"
"1770","Tdgf1","Acvr2b","TDGF1_ACVR2B","ENSMUSG00000032494","ENSMUSG00000061393"
"1771","Tdgf1","Gpc1","TDGF1_GPC1","ENSMUSG00000032494","ENSMUSG00000034220"
"1772","Tfpi","F3","TFPI_F3","ENSMUSG00000027082","ENSMUSG00000028128"
"1773","Tfpi","Lrp1","TFPI_LRP1","ENSMUSG00000027082","ENSMUSG00000040249"
"1774","Tfpi","Sdc4","TFPI_SDC4","ENSMUSG00000027082","ENSMUSG00000017009"
"1775","Tfpi","Vldlr","TFPI_VLDLR","ENSMUSG00000027082","ENSMUSG00000024924"
"1776","Tg","Asgr1","TG_ASGR1","ENSMUSG00000053469","ENSMUSG00000020884"
"1777","Tg","Lrp2","TG_LRP2","ENSMUSG00000053469","ENSMUSG00000027070"
"1778","Tgfa","Egfr","TGFA_EGFR","ENSMUSG00000029999","ENSMUSG00000020122"
"1779","Tgfa","Erbb2","TGFA_ERBB2","ENSMUSG00000029999","ENSMUSG00000062312"
"1780","Tgfa","Erbb3","TGFA_ERBB3","ENSMUSG00000029999","ENSMUSG00000018166"
"1781","Tgfa","Erbb4","TGFA_ERBB4","ENSMUSG00000029999","ENSMUSG00000062209"
"1782","Tgfb1","Acvrl1","TGFB1_ACVRL1","ENSMUSG00000002603","ENSMUSG00000000530"
"1783","Tgfb1","Cav1","TGFB1_CAV1","ENSMUSG00000002603","ENSMUSG00000007655"
"1784","Tgfb1","Cd109","TGFB1_CD109","ENSMUSG00000002603","ENSMUSG00000046186"
"1785","Tgfb1","Cxcr4","TGFB1_CXCR4","ENSMUSG00000002603","ENSMUSG00000045382"
"1786","Tgfb1","Eng","TGFB1_ENG","ENSMUSG00000002603","ENSMUSG00000026814"
"1787","Tgfb1","Itgav","TGFB1_ITGAV","ENSMUSG00000002603","ENSMUSG00000027087"
"1788","Tgfb1","Itgb6","TGFB1_ITGB6","ENSMUSG00000002603","ENSMUSG00000026971"
"1789","Tgfb1","Itgb8","TGFB1_ITGB8","ENSMUSG00000002603","ENSMUSG00000025321"
"1790","Tgfb1","Sdc2","TGFB1_SDC2","ENSMUSG00000002603","ENSMUSG00000022261"
"1791","Tgfb1","Tgfbr1","TGFB1_TGFBR1","ENSMUSG00000002603","ENSMUSG00000007613"
"1792","Tgfb1","Tgfbr2","TGFB1_TGFBR2","ENSMUSG00000002603","ENSMUSG00000032440"
"1793","Tgfb1","Tgfbr3","TGFB1_TGFBR3","ENSMUSG00000002603","ENSMUSG00000029287"
"1794","Tgfb2","Acvr1","TGFB2_ACVR1","ENSMUSG00000039239","ENSMUSG00000026836"
"1795","Tgfb2","Eng","TGFB2_ENG","ENSMUSG00000039239","ENSMUSG00000026814"
"1796","Tgfb2","Tgfbr1","TGFB2_TGFBR1","ENSMUSG00000039239","ENSMUSG00000007613"
"1797","Tgfb2","Tgfbr2","TGFB2_TGFBR2","ENSMUSG00000039239","ENSMUSG00000032440"
"1798","Tgfb2","Tgfbr3","TGFB2_TGFBR3","ENSMUSG00000039239","ENSMUSG00000029287"
"1799","Tgfb3","Acvrl1","TGFB3_ACVRL1","ENSMUSG00000021253","ENSMUSG00000000530"
"1800","Tgfb3","Eng","TGFB3_ENG","ENSMUSG00000021253","ENSMUSG00000026814"
"1801","Tgfb3","Tgfbr1","TGFB3_TGFBR1","ENSMUSG00000021253","ENSMUSG00000007613"
"1802","Tgfb3","Tgfbr2","TGFB3_TGFBR2","ENSMUSG00000021253","ENSMUSG00000032440"
"1803","Tgfb3","Tgfbr3","TGFB3_TGFBR3","ENSMUSG00000021253","ENSMUSG00000029287"
"1804","Tgm2","Itga4","TGM2_ITGA4","ENSMUSG00000037820","ENSMUSG00000027009"
"1805","Tgm2","Itga9","TGM2_ITGA9","ENSMUSG00000037820","ENSMUSG00000039115"
"1806","Tgm2","Itgb1","TGM2_ITGB1","ENSMUSG00000037820","ENSMUSG00000025809"
"1807","Tgm2","Itgb3","TGM2_ITGB3","ENSMUSG00000037820","ENSMUSG00000020689"
"1808","Tgm2","Sdc4","TGM2_SDC4","ENSMUSG00000037820","ENSMUSG00000017009"
"1809","Tgm2","Tbxa2r","TGM2_TBXA2R","ENSMUSG00000037820","ENSMUSG00000034881"
"1810","Thbs1","Cd36","THBS1_CD36","ENSMUSG00000040152","ENSMUSG00000002944"
"1811","Thbs1","Cd47","THBS1_CD47","ENSMUSG00000040152","ENSMUSG00000055447"
"1812","Thbs1","Itga2b","THBS1_ITGA2B","ENSMUSG00000040152","ENSMUSG00000034664"
"1813","Thbs1","Itga3","THBS1_ITGA3","ENSMUSG00000040152","ENSMUSG00000001507"
"1814","Thbs1","Itga4","THBS1_ITGA4","ENSMUSG00000040152","ENSMUSG00000027009"
"1815","Thbs1","Itga6","THBS1_ITGA6","ENSMUSG00000040152","ENSMUSG00000027111"
"1816","Thbs1","Itgb1","THBS1_ITGB1","ENSMUSG00000040152","ENSMUSG00000025809"
"1817","Thbs1","Itgb3","THBS1_ITGB3","ENSMUSG00000040152","ENSMUSG00000020689"
"1818","Thbs1","Lrp1","THBS1_LRP1","ENSMUSG00000040152","ENSMUSG00000040249"
"1819","Thbs1","Lrp5","THBS1_LRP5","ENSMUSG00000040152","ENSMUSG00000024913"
"1820","Thbs1","Scarb1","THBS1_SCARB1","ENSMUSG00000040152","ENSMUSG00000037936"
"1821","Thbs1","Sdc1","THBS1_SDC1","ENSMUSG00000040152","ENSMUSG00000020592"
"1822","Thbs1","Sdc4","THBS1_SDC4","ENSMUSG00000040152","ENSMUSG00000017009"
"1823","Thbs1","Tnfrsf11b","THBS1_TNFRSF11B","ENSMUSG00000040152","ENSMUSG00000063727"
"1824","Thbs2","Cd47","THBS2_CD47","ENSMUSG00000023885","ENSMUSG00000055447"
"1825","Thbs2","Itga4","THBS2_ITGA4","ENSMUSG00000023885","ENSMUSG00000027009"
"1826","Thbs2","Itga6","THBS2_ITGA6","ENSMUSG00000023885","ENSMUSG00000027111"
"1827","Thbs2","Itgb1","THBS2_ITGB1","ENSMUSG00000023885","ENSMUSG00000025809"
"1828","Thbs2","Notch3","THBS2_NOTCH3","ENSMUSG00000023885","ENSMUSG00000038146"
"1829","Thbs2","Notch4","THBS2_NOTCH4","ENSMUSG00000023885","ENSMUSG00000015468"
"1830","Thpo","Mpl","THPO_MPL","ENSMUSG00000022847","ENSMUSG00000006389"
"1831","Timp1","Cd63","TIMP1_CD63","ENSMUSG00000001131","ENSMUSG00000025351"
"1832","Timp2","Itga3","TIMP2_ITGA3","ENSMUSG00000017466","ENSMUSG00000001507"
"1833","Timp2","Itgb1","TIMP2_ITGB1","ENSMUSG00000017466","ENSMUSG00000025809"
"1834","Timp3","Agtr2","TIMP3_AGTR2","ENSMUSG00000020044","ENSMUSG00000068122"
"1835","Timp3","Kdr","TIMP3_KDR","ENSMUSG00000020044","ENSMUSG00000062960"
"1836","Tnc","Cntn1","TNC_CNTN1","ENSMUSG00000028364","ENSMUSG00000055022"
"1837","Tnc","Egfr","TNC_EGFR","ENSMUSG00000028364","ENSMUSG00000020122"
"1838","Tnc","Itga2","TNC_ITGA2","ENSMUSG00000028364","ENSMUSG00000015533"
"1839","Tnc","Itga5","TNC_ITGA5","ENSMUSG00000028364","ENSMUSG00000000555"
"1840","Tnc","Itga7","TNC_ITGA7","ENSMUSG00000028364","ENSMUSG00000025348"
"1841","Tnc","Itga8","TNC_ITGA8","ENSMUSG00000028364","ENSMUSG00000026768"
"1842","Tnc","Itga9","TNC_ITGA9","ENSMUSG00000028364","ENSMUSG00000039115"
"1843","Tnc","Itgav","TNC_ITGAV","ENSMUSG00000028364","ENSMUSG00000027087"
"1844","Tnc","Itgb1","TNC_ITGB1","ENSMUSG00000028364","ENSMUSG00000025809"
"1845","Tnc","Nt5e","TNC_NT5E","ENSMUSG00000028364","ENSMUSG00000032420"
"1846","Tnc","Ptprb","TNC_PTPRB","ENSMUSG00000028364","ENSMUSG00000020154"
"1847","Tnc","Ptprz1","TNC_PTPRZ1","ENSMUSG00000028364","ENSMUSG00000068748"
"1848","Tnc","Sdc1","TNC_SDC1","ENSMUSG00000028364","ENSMUSG00000020592"
"1849","Tnc","Sdc4","TNC_SDC4","ENSMUSG00000028364","ENSMUSG00000017009"
"1850","Tnf","Ltbr","TNF_LTBR","ENSMUSG00000024401","ENSMUSG00000030339"
"1851","Tnf","Slc5a11","TNF_SLC5A11","ENSMUSG00000024401","ENSMUSG00000030769"
"1852","Tnf","Tnfrsf1a","TNF_TNFRSF1A","ENSMUSG00000024401","ENSMUSG00000030341"
"1853","Tnf","Tnfrsf1b","TNF_TNFRSF1B","ENSMUSG00000024401","ENSMUSG00000028599"
"1854","Tnf","Tnfrsf21","TNF_TNFRSF21","ENSMUSG00000024401","ENSMUSG00000023915"
"1855","Tnf","Traf2","TNF_TRAF2","ENSMUSG00000024401","ENSMUSG00000026942"
"1856","Tnfsf10","Tnfrsf11b","TNFSF10_TNFRSF11B","ENSMUSG00000039304","ENSMUSG00000063727"
"1857","Tnfsf11","Tnfrsf11a","TNFSF11_TNFRSF11A","ENSMUSG00000022015","ENSMUSG00000026321"
"1858","Tnfsf11","Tnfrsf11b","TNFSF11_TNFRSF11B","ENSMUSG00000022015","ENSMUSG00000063727"
"1859","Tnfsf12","Tnfrsf12a","TNFSF12_TNFRSF12A","ENSMUSG00000097328","ENSMUSG00000023905"
"1860","Tnfsf12","Tnfrsf25","TNFSF12_TNFRSF25","ENSMUSG00000097328","ENSMUSG00000024793"
"1861","Tnfsf13","Fas","TNFSF13_FAS","ENSMUSG00000089669","ENSMUSG00000024778"
"1862","Tnfsf13","Sdc2","TNFSF13_SDC2","ENSMUSG00000089669","ENSMUSG00000022261"
"1863","Tnfsf13","Tnfrsf11b","TNFSF13_TNFRSF11B","ENSMUSG00000089669","ENSMUSG00000063727"
"1864","Tnfsf13","Tnfrsf13b","TNFSF13_TNFRSF13B","ENSMUSG00000089669","ENSMUSG00000010142"
"1865","Tnfsf13","Tnfrsf14","TNFSF13_TNFRSF14","ENSMUSG00000089669","ENSMUSG00000042333"
"1866","Tnfsf13","Tnfrsf17","TNFSF13_TNFRSF17","ENSMUSG00000089669","ENSMUSG00000022496"
"1867","Tnfsf13","Tnfrsf1a","TNFSF13_TNFRSF1A","ENSMUSG00000089669","ENSMUSG00000030341"
"1868","Tnfsf13b","Tnfrsf13b","TNFSF13B_TNFRSF13B","ENSMUSG00000031497","ENSMUSG00000010142"
"1869","Tnfsf13b","Tnfrsf13c","TNFSF13B_TNFRSF13C","ENSMUSG00000031497","ENSMUSG00000068105"
"1870","Tnfsf13b","Tnfrsf17","TNFSF13B_TNFRSF17","ENSMUSG00000031497","ENSMUSG00000022496"
"1871","Tnfsf14","Ltbr","TNFSF14_LTBR","ENSMUSG00000005824","ENSMUSG00000030339"
"1872","Tnfsf14","Tnfrsf14","TNFSF14_TNFRSF14","ENSMUSG00000005824","ENSMUSG00000042333"
"1873","Tnfsf15","Tnfrsf25","TNFSF15_TNFRSF25","ENSMUSG00000050395","ENSMUSG00000024793"
"1874","Tnfsf18","Tnfrsf18","TNFSF18_TNFRSF18","ENSMUSG00000066755","ENSMUSG00000041954"
"1875","Tnfsf4","Tnfrsf4","TNFSF4_TNFRSF4","ENSMUSG00000026700","ENSMUSG00000029075"
"1876","Tnfsf4","Traf2","TNFSF4_TRAF2","ENSMUSG00000026700","ENSMUSG00000026942"
"1877","Tnfsf8","Tnfrsf8","TNFSF8_TNFRSF8","ENSMUSG00000028362","ENSMUSG00000028602"
"1878","Tnfsf9","Tnfrsf9","TNFSF9_TNFRSF9","ENSMUSG00000035678","ENSMUSG00000028965"
"1879","Tnfsf9","Traf2","TNFSF9_TRAF2","ENSMUSG00000035678","ENSMUSG00000026942"
"1880","Trh","Trhr","TRH_TRHR","ENSMUSG00000005892","ENSMUSG00000038760"
"1881","Tshb","Tshr","TSHB_TSHR","ENSMUSG00000027857","ENSMUSG00000020963"
"1882","Tslp","Il7r","TSLP_IL7R","ENSMUSG00000024379","ENSMUSG00000003882"
"1883","Ucn","Crhr1","UCN_CRHR1","ENSMUSG00000038676","ENSMUSG00000018634"
"1884","Ucn","Crhr2","UCN_CRHR2","ENSMUSG00000038676","ENSMUSG00000003476"
"1885","Ucn2","Crhr1","UCN2_CRHR1","ENSMUSG00000049699","ENSMUSG00000018634"
"1886","Ucn2","Crhr2","UCN2_CRHR2","ENSMUSG00000049699","ENSMUSG00000003476"
"1887","Ucn3","Crhr1","UCN3_CRHR1","ENSMUSG00000044988","ENSMUSG00000018634"
"1888","Ucn3","Crhr2","UCN3_CRHR2","ENSMUSG00000044988","ENSMUSG00000003476"
"1889","Uts2","Uts2r","UTS2_UTS2R","ENSMUSG00000028963","ENSMUSG00000039321"
"1890","Uts2b","Uts2r","UTS2B_UTS2R","ENSMUSG00000056423","ENSMUSG00000039321"
"1891","Vcam1","Itga4","VCAM1_ITGA4","ENSMUSG00000027962","ENSMUSG00000027009"
"1892","Vcam1","Itga9","VCAM1_ITGA9","ENSMUSG00000027962","ENSMUSG00000039115"
"1893","Vcam1","Itgb1","VCAM1_ITGB1","ENSMUSG00000027962","ENSMUSG00000025809"
"1894","Vcam1","Itgb2","VCAM1_ITGB2","ENSMUSG00000027962","ENSMUSG00000000290"
"1895","Vcam1","Itgb7","VCAM1_ITGB7","ENSMUSG00000027962","ENSMUSG00000001281"
"1896","Vcan","Cd44","VCAN_CD44","ENSMUSG00000021614","ENSMUSG00000005087"
"1897","Vcan","Egfr","VCAN_EGFR","ENSMUSG00000021614","ENSMUSG00000020122"
"1898","Vcan","Itga4","VCAN_ITGA4","ENSMUSG00000021614","ENSMUSG00000027009"
"1899","Vcan","Itgb1","VCAN_ITGB1","ENSMUSG00000021614","ENSMUSG00000025809"
"1900","Vcan","Sell","VCAN_SELL","ENSMUSG00000021614","ENSMUSG00000026581"
"1901","Vcan","Selp","VCAN_SELP","ENSMUSG00000021614","ENSMUSG00000026580"
"1902","Vcan","Tlr1","VCAN_TLR1","ENSMUSG00000021614","ENSMUSG00000044827"
"1903","Vcan","Tlr2","VCAN_TLR2","ENSMUSG00000021614","ENSMUSG00000027995"
"1904","Vegfa","Egfr","VEGFA_EGFR","ENSMUSG00000023951","ENSMUSG00000020122"
"1905","Vegfa","Ephb2","VEGFA_EPHB2","ENSMUSG00000023951","ENSMUSG00000028664"
"1906","Vegfa","Flt1","VEGFA_FLT1","ENSMUSG00000023951","ENSMUSG00000029648"
"1907","Vegfa","Gpc1","VEGFA_GPC1","ENSMUSG00000023951","ENSMUSG00000034220"
"1908","Vegfa","Itga9","VEGFA_ITGA9","ENSMUSG00000023951","ENSMUSG00000039115"
"1909","Vegfa","Itgav","VEGFA_ITGAV","ENSMUSG00000023951","ENSMUSG00000027087"
"1910","Vegfa","Itgb1","VEGFA_ITGB1","ENSMUSG00000023951","ENSMUSG00000025809"
"1911","Vegfa","Kdr","VEGFA_KDR","ENSMUSG00000023951","ENSMUSG00000062960"
"1912","Vegfa","Nrp1","VEGFA_NRP1","ENSMUSG00000023951","ENSMUSG00000025810"
"1913","Vegfa","Nrp2","VEGFA_NRP2","ENSMUSG00000023951","ENSMUSG00000025969"
"1914","Vegfa","Ret","VEGFA_RET","ENSMUSG00000023951","ENSMUSG00000030110"
"1915","Vegfa","Tyro3","VEGFA_TYRO3","ENSMUSG00000023951","ENSMUSG00000027298"
"1916","Vegfb","Flt1","VEGFB_FLT1","ENSMUSG00000024962","ENSMUSG00000029648"
"1917","Vegfb","Nrp1","VEGFB_NRP1","ENSMUSG00000024962","ENSMUSG00000025810"
"1918","Vegfb","Ret","VEGFB_RET","ENSMUSG00000024962","ENSMUSG00000030110"
"1919","Vegfb","Tyro3","VEGFB_TYRO3","ENSMUSG00000024962","ENSMUSG00000027298"
"1920","Vegfc","Flt1","VEGFC_FLT1","ENSMUSG00000031520","ENSMUSG00000029648"
"1921","Vegfc","Flt4","VEGFC_FLT4","ENSMUSG00000031520","ENSMUSG00000020357"
"1922","Vegfc","Itga9","VEGFC_ITGA9","ENSMUSG00000031520","ENSMUSG00000039115"
"1923","Vegfc","Itgb1","VEGFC_ITGB1","ENSMUSG00000031520","ENSMUSG00000025809"
"1924","Vegfc","Kdr","VEGFC_KDR","ENSMUSG00000031520","ENSMUSG00000062960"
"1925","Vegfc","Lyve1","VEGFC_LYVE1","ENSMUSG00000031520","ENSMUSG00000030787"
"1926","Vegfc","Nrp2","VEGFC_NRP2","ENSMUSG00000031520","ENSMUSG00000025969"
"1927","Vegfc","Vipr2","VEGFC_VIPR2","ENSMUSG00000031520","ENSMUSG00000011171"
"1928","Vim","Cd44","VIM_CD44","ENSMUSG00000026728","ENSMUSG00000005087"
"1929","Vip","Adcyap1r1","VIP_ADCYAP1R1","ENSMUSG00000019772","ENSMUSG00000029778"
"1930","Vip","Npr3","VIP_NPR3","ENSMUSG00000019772","ENSMUSG00000022206"
"1931","Vip","Sctr","VIP_SCTR","ENSMUSG00000019772","ENSMUSG00000026387"
"1932","Vip","Vipr1","VIP_VIPR1","ENSMUSG00000019772","ENSMUSG00000032528"
"1933","Vip","Vipr2","VIP_VIPR2","ENSMUSG00000019772","ENSMUSG00000011171"
"1934","Vtn","Cd47","VTN_CD47","ENSMUSG00000017344","ENSMUSG00000055447"
"1935","Vtn","Itga2b","VTN_ITGA2B","ENSMUSG00000017344","ENSMUSG00000034664"
"1936","Vtn","Itga3","VTN_ITGA3","ENSMUSG00000017344","ENSMUSG00000001507"
"1937","Vtn","Itga5","VTN_ITGA5","ENSMUSG00000017344","ENSMUSG00000000555"
"1938","Vtn","Itga8","VTN_ITGA8","ENSMUSG00000017344","ENSMUSG00000026768"
"1939","Vtn","Itgav","VTN_ITGAV","ENSMUSG00000017344","ENSMUSG00000027087"
"1940","Vtn","Itgb1","VTN_ITGB1","ENSMUSG00000017344","ENSMUSG00000025809"
"1941","Vtn","Itgb3","VTN_ITGB3","ENSMUSG00000017344","ENSMUSG00000020689"
"1942","Vtn","Itgb5","VTN_ITGB5","ENSMUSG00000017344","ENSMUSG00000022817"
"1943","Vtn","Itgb6","VTN_ITGB6","ENSMUSG00000017344","ENSMUSG00000026971"
"1944","Vtn","Itgb8","VTN_ITGB8","ENSMUSG00000017344","ENSMUSG00000025321"
"1945","Vtn","Kdr","VTN_KDR","ENSMUSG00000017344","ENSMUSG00000062960"
"1946","Vtn","Plaur","VTN_PLAUR","ENSMUSG00000017344","ENSMUSG00000046223"
"1947","Vtn","Pvr","VTN_PVR","ENSMUSG00000017344","ENSMUSG00000040511"
"1948","Vtn","Tnfrsf11b","VTN_TNFRSF11B","ENSMUSG00000017344","ENSMUSG00000063727"
"1949","Vwf","Gp1ba","VWF_GP1BA","ENSMUSG00000001930","ENSMUSG00000050675"
"1950","Vwf","Itga2b","VWF_ITGA2B","ENSMUSG00000001930","ENSMUSG00000034664"
"1951","Vwf","Selp","VWF_SELP","ENSMUSG00000001930","ENSMUSG00000026580"
"1952","Vwf","Tnfrsf11b","VWF_TNFRSF11B","ENSMUSG00000001930","ENSMUSG00000063727"
"1953","Wnt1","Fzd1","WNT1_FZD1","ENSMUSG00000022997","ENSMUSG00000044674"
"1954","Wnt1","Fzd3","WNT1_FZD3","ENSMUSG00000022997","ENSMUSG00000007989"
"1955","Wnt1","Fzd5","WNT1_FZD5","ENSMUSG00000022997","ENSMUSG00000045005"
"1956","Wnt1","Fzd7","WNT1_FZD7","ENSMUSG00000022997","ENSMUSG00000041075"
"1957","Wnt1","Fzd8","WNT1_FZD8","ENSMUSG00000022997","ENSMUSG00000036904"
"1958","Wnt1","Fzd9","WNT1_FZD9","ENSMUSG00000022997","ENSMUSG00000049551"
"1959","Wnt1","Lrp5","WNT1_LRP5","ENSMUSG00000022997","ENSMUSG00000024913"
"1960","Wnt1","Lrp6","WNT1_LRP6","ENSMUSG00000022997","ENSMUSG00000030201"
"1961","Wnt1","Ryk","WNT1_RYK","ENSMUSG00000022997","ENSMUSG00000032547"
"1962","Wnt11","Fzd7","WNT11_FZD7","ENSMUSG00000015957","ENSMUSG00000041075"
"1963","Wnt16","Fzd6","WNT16_FZD6","ENSMUSG00000029671","ENSMUSG00000022297"
"1964","Wnt2","Fzd1","WNT2_FZD1","ENSMUSG00000010797","ENSMUSG00000044674"
"1965","Wnt2","Fzd5","WNT2_FZD5","ENSMUSG00000010797","ENSMUSG00000045005"
"1966","Wnt2","Fzd7","WNT2_FZD7","ENSMUSG00000010797","ENSMUSG00000041075"
"1967","Wnt2","Fzd8","WNT2_FZD8","ENSMUSG00000010797","ENSMUSG00000036904"
"1968","Wnt2","Fzd9","WNT2_FZD9","ENSMUSG00000010797","ENSMUSG00000049551"
"1969","Wnt2","Lrp6","WNT2_LRP6","ENSMUSG00000010797","ENSMUSG00000030201"
"1970","Wnt3","Fzd1","WNT3_FZD1","ENSMUSG00000000125","ENSMUSG00000044674"
"1971","Wnt3","Fzd5","WNT3_FZD5","ENSMUSG00000000125","ENSMUSG00000045005"
"1972","Wnt3","Fzd7","WNT3_FZD7","ENSMUSG00000000125","ENSMUSG00000041075"
"1973","Wnt3","Fzd8","WNT3_FZD8","ENSMUSG00000000125","ENSMUSG00000036904"
"1974","Wnt3","Lrp6","WNT3_LRP6","ENSMUSG00000000125","ENSMUSG00000030201"
"1975","Wnt3","Ryk","WNT3_RYK","ENSMUSG00000000125","ENSMUSG00000032547"
"1976","Wnt3a","Apcdd1","WNT3A_APCDD1","ENSMUSG00000009900","ENSMUSG00000071847"
"1977","Wnt3a","Atp6ap2","WNT3A_ATP6AP2","ENSMUSG00000009900","ENSMUSG00000031007"
"1978","Wnt3a","Fzd1","WNT3A_FZD1","ENSMUSG00000009900","ENSMUSG00000044674"
"1979","Wnt3a","Fzd2","WNT3A_FZD2","ENSMUSG00000009900","ENSMUSG00000050288"
"1980","Wnt3a","Fzd5","WNT3A_FZD5","ENSMUSG00000009900","ENSMUSG00000045005"
"1981","Wnt3a","Fzd6","WNT3A_FZD6","ENSMUSG00000009900","ENSMUSG00000022297"
"1982","Wnt3a","Fzd7","WNT3A_FZD7","ENSMUSG00000009900","ENSMUSG00000041075"
"1983","Wnt3a","Fzd8","WNT3A_FZD8","ENSMUSG00000009900","ENSMUSG00000036904"
"1984","Wnt3a","Lrp1","WNT3A_LRP1","ENSMUSG00000009900","ENSMUSG00000040249"
"1985","Wnt3a","Lrp6","WNT3A_LRP6","ENSMUSG00000009900","ENSMUSG00000030201"
"1986","Wnt3a","Ryk","WNT3A_RYK","ENSMUSG00000009900","ENSMUSG00000032547"
"1987","Wnt4","Fzd2","WNT4_FZD2","ENSMUSG00000036856","ENSMUSG00000050288"
"1988","Wnt4","Fzd6","WNT4_FZD6","ENSMUSG00000036856","ENSMUSG00000022297"
"1989","Wnt5a","Fzd1","WNT5A_FZD1","ENSMUSG00000021994","ENSMUSG00000044674"
"1990","Wnt5a","Fzd2","WNT5A_FZD2","ENSMUSG00000021994","ENSMUSG00000050288"
"1991","Wnt5a","Fzd4","WNT5A_FZD4","ENSMUSG00000021994","ENSMUSG00000049791"
"1992","Wnt5a","Fzd5","WNT5A_FZD5","ENSMUSG00000021994","ENSMUSG00000045005"
"1993","Wnt5a","Fzd6","WNT5A_FZD6","ENSMUSG00000021994","ENSMUSG00000022297"
"1994","Wnt5a","Fzd7","WNT5A_FZD7","ENSMUSG00000021994","ENSMUSG00000041075"
"1995","Wnt5a","Fzd8","WNT5A_FZD8","ENSMUSG00000021994","ENSMUSG00000036904"
"1996","Wnt5a","Lrp5","WNT5A_LRP5","ENSMUSG00000021994","ENSMUSG00000024913"
"1997","Wnt5a","Mcam","WNT5A_MCAM","ENSMUSG00000021994","ENSMUSG00000032135"
"1998","Wnt5a","Ror1","WNT5A_ROR1","ENSMUSG00000021994","ENSMUSG00000035305"
"1999","Wnt5a","Ror2","WNT5A_ROR2","ENSMUSG00000021994","ENSMUSG00000021464"
"2000","Wnt5a","Ryk","WNT5A_RYK","ENSMUSG00000021994","ENSMUSG00000032547"
"2001","Wnt7a","Fzd10","WNT7A_FZD10","ENSMUSG00000030093","ENSMUSG00000081683"
"2002","Wnt7a","Fzd5","WNT7A_FZD5","ENSMUSG00000030093","ENSMUSG00000045005"
"2003","Wnt7a","Fzd9","WNT7A_FZD9","ENSMUSG00000030093","ENSMUSG00000049551"
"2004","Wnt7a","Lrp6","WNT7A_LRP6","ENSMUSG00000030093","ENSMUSG00000030201"
"2005","Wnt7b","Fzd1","WNT7B_FZD1","ENSMUSG00000022382","ENSMUSG00000044674"
"2006","Wnt7b","Fzd10","WNT7B_FZD10","ENSMUSG00000022382","ENSMUSG00000081683"
"2007","Wnt7b","Lrp5","WNT7B_LRP5","ENSMUSG00000022382","ENSMUSG00000024913"
"2008","Zp3","Egfr","ZP3_EGFR","ENSMUSG00000004948","ENSMUSG00000020122"
"2009","Zp3","Mertk","ZP3_MERTK","ENSMUSG00000004948","ENSMUSG00000014361"
