"","receptor","tf"
"1","Kmt2a","Prdm16"
"2","Kmt2d","Prdm16"
"3","Setd2","Prdm16"
"4","Prdm2","Prdm16"
"5","Smyd2","Prdm16"
"6","Suv39h1","Prdm16"
"7","Nt5e","Sirt1"
"8","Nt5e","Sirt5"
"9","Nt5e","Sirt2"
"10","Dhfr","Pcbd1"
"11","Dhfr","Pcbd2"
"12","Alox5","Sirt1"
"13","Alox5","Dnmt1"
"14","Alox5","Dnmt3a"
"15","Alox5","Dnmt3b"
"16","Alox5","Sirt5"
"17","Alox5","Pcbd1"
"18","Alox5","Pcbd2"
"19","Alox5","Sirt2"
"20","Pld2","Sirt1"
"21","Pld2","Dnmt1"
"22","Pld2","Dnmt3a"
"23","Pld2","Dnmt3b"
"24","Pld2","Sirt5"
"25","Pld2","Pcbd1"
"26","Pld2","Pcbd2"
"27","Pld2","Sirt2"
"28","Adcy8","Sirt1"
"29","Adcy8","Dnmt1"
"30","Adcy8","Dnmt3a"
"31","Adcy8","Dnmt3b"
"32","Adcy8","Sirt5"
"33","Adcy8","Pcbd1"
"34","Adcy8","Pcbd2"
"35","Adcy8","Sirt2"
"36","Pde1a","Sirt1"
"37","Pde1a","Dnmt1"
"38","Pde1a","Dnmt3a"
"39","Pde1a","Dnmt3b"
"40","Pde1a","Sirt5"
"41","Pde1a","Pcbd1"
"42","Pde1a","Pcbd2"
"43","Pde1a","Sirt2"
"44","Pde1b","Sirt1"
"45","Pde1b","Dnmt1"
"46","Pde1b","Dnmt3a"
"47","Pde1b","Dnmt3b"
"48","Pde1b","Sirt5"
"49","Pde1b","Pcbd1"
"50","Pde1b","Pcbd2"
"51","Pde1b","Sirt2"
"52","Pde1c","Sirt1"
"53","Pde1c","Dnmt1"
"54","Pde1c","Dnmt3a"
"55","Pde1c","Dnmt3b"
"56","Pde1c","Sirt5"
"57","Pde1c","Pcbd1"
"58","Pde1c","Pcbd2"
"59","Pde1c","Sirt2"
"60","Nt5e","Dnmt1"
"61","Nt5e","Dnmt3a"
"62","Nt5e","Dnmt3b"
"63","Nt5e","Pcbd1"
"64","Nt5e","Pcbd2"
"65","Adcy1","Sirt1"
"66","Adcy1","Dnmt1"
"67","Adcy1","Dnmt3a"
"68","Adcy1","Dnmt3b"
"69","Adcy1","Sirt5"
"70","Adcy1","Pcbd1"
"71","Adcy1","Pcbd2"
"72","Adcy1","Sirt2"
"73","Adcy7","Sirt1"
"74","Adcy7","Dnmt1"
"75","Adcy7","Dnmt3a"
"76","Adcy7","Dnmt3b"
"77","Adcy7","Sirt5"
"78","Adcy7","Pcbd1"
"79","Adcy7","Pcbd2"
"80","Adcy7","Sirt2"
"81","Adcy9","Sirt1"
"82","Adcy9","Dnmt1"
"83","Adcy9","Dnmt3a"
"84","Adcy9","Dnmt3b"
"85","Adcy9","Sirt5"
"86","Adcy9","Pcbd1"
"87","Adcy9","Pcbd2"
"88","Adcy9","Sirt2"
"89","Gucy2c","Sirt1"
"90","Gucy2c","Dnmt1"
"91","Gucy2c","Dnmt3a"
"92","Gucy2c","Dnmt3b"
"93","Gucy2c","Sirt5"
"94","Gucy2c","Pcbd1"
"95","Gucy2c","Pcbd2"
"96","Gucy2c","Sirt2"
"97","Gucy2d","Sirt1"
"98","Gucy2d","Dnmt1"
"99","Gucy2d","Dnmt3a"
"100","Gucy2d","Dnmt3b"
"101","Gucy2d","Sirt5"
"102","Gucy2d","Pcbd1"
"103","Gucy2d","Pcbd2"
"104","Gucy2d","Sirt2"
"105","Npr1","Sirt1"
"106","Npr1","Dnmt1"
"107","Npr1","Dnmt3a"
"108","Npr1","Dnmt3b"
"109","Npr1","Sirt5"
"110","Npr1","Pcbd1"
"111","Npr1","Pcbd2"
"112","Npr1","Sirt2"
"113","Npr2","Sirt1"
"114","Npr2","Dnmt1"
"115","Npr2","Dnmt3a"
"116","Npr2","Dnmt3b"
"117","Npr2","Sirt5"
"118","Npr2","Pcbd1"
"119","Npr2","Pcbd2"
"120","Npr2","Sirt2"
"121","Kmt2a","Ash1l"
"122","Kmt2a","Dot1l"
"123","Kmt2a","Ehmt1"
"124","Kmt2a","Ehmt2"
"125","Kmt2a","Ezh1"
"126","Kmt2a","Ezh2"
"127","Kmt2a","Smyd1"
"128","Kmt2a","Nsd1"
"129","Kmt2a","Suv39h2"
"130","Kmt2d","Ash1l"
"131","Kmt2d","Dot1l"
"132","Kmt2d","Ehmt1"
"133","Kmt2d","Ehmt2"
"134","Kmt2d","Ezh1"
"135","Kmt2d","Ezh2"
"136","Kmt2d","Smyd1"
"137","Kmt2d","Nsd1"
"138","Kmt2d","Suv39h2"
"139","Aldh2","Sirt1"
"140","Aldh2","Dnmt1"
"141","Aldh2","Dnmt3a"
"142","Aldh2","Dnmt3b"
"143","Aldh2","Sirt5"
"144","Aldh2","Pcbd1"
"145","Aldh2","Pcbd2"
"146","Aldh2","Sirt2"
"147","Dhfr","Sirt1"
"148","Dhfr","Dnmt1"
"149","Dhfr","Dnmt3a"
"150","Dhfr","Dnmt3b"
"151","Dhfr","Sirt5"
"152","Dhfr","Sirt2"
"153","Setd2","Ash1l"
"154","Setd2","Dot1l"
"155","Setd2","Ehmt1"
"156","Setd2","Ehmt2"
"157","Setd2","Ezh1"
"158","Setd2","Ezh2"
"159","Setd2","Smyd1"
"160","Setd2","Nsd1"
"161","Setd2","Suv39h2"
"162","Nos2","Sirt1"
"163","Nos2","Dnmt1"
"164","Nos2","Dnmt3a"
"165","Nos2","Dnmt3b"
"166","Nos2","Sirt5"
"167","Nos2","Pcbd1"
"168","Nos2","Pcbd2"
"169","Nos2","Sirt2"
"170","Plcb2","Sirt1"
"171","Plcb2","Dnmt1"
"172","Plcb2","Dnmt3a"
"173","Plcb2","Dnmt3b"
"174","Plcb2","Sirt5"
"175","Plcb2","Pcbd1"
"176","Plcb2","Pcbd2"
"177","Plcb2","Sirt2"
"178","Synj2","Sirt1"
"179","Synj2","Dnmt1"
"180","Synj2","Dnmt3a"
"181","Synj2","Dnmt3b"
"182","Synj2","Sirt5"
"183","Synj2","Pcbd1"
"184","Synj2","Pcbd2"
"185","Synj2","Sirt2"
"186","Dnmt1","Sirt1"
"187","Dnmt1","Sirt5"
"188","Dnmt1","Pcbd1"
"189","Dnmt1","Pcbd2"
"190","Dnmt1","Sirt2"
"191","Dnmt3a","Sirt1"
"192","Dnmt3a","Sirt5"
"193","Dnmt3a","Pcbd1"
"194","Dnmt3a","Pcbd2"
"195","Dnmt3a","Sirt2"
"196","Prdm2","Ash1l"
"197","Prdm2","Dot1l"
"198","Prdm2","Ehmt1"
"199","Prdm2","Ehmt2"
"200","Prdm2","Ezh1"
"201","Prdm2","Ezh2"
"202","Prdm2","Smyd1"
"203","Prdm2","Nsd1"
"204","Prdm2","Suv39h2"
"205","Smyd2","Ash1l"
"206","Smyd2","Dot1l"
"207","Smyd2","Ehmt1"
"208","Smyd2","Ehmt2"
"209","Smyd2","Ezh1"
"210","Smyd2","Ezh2"
"211","Smyd2","Smyd1"
"212","Smyd2","Nsd1"
"213","Smyd2","Suv39h2"
"214","Suv39h1","Ash1l"
"215","Suv39h1","Dot1l"
"216","Suv39h1","Ehmt1"
"217","Suv39h1","Ehmt2"
"218","Suv39h1","Ezh1"
"219","Suv39h1","Ezh2"
"220","Suv39h1","Smyd1"
"221","Suv39h1","Nsd1"
"222","Suv39h1","Suv39h2"
"223","Adcy5","Sirt1"
"224","Adcy5","Dnmt1"
"225","Adcy5","Dnmt3a"
"226","Adcy5","Dnmt3b"
"227","Adcy5","Sirt5"
"228","Adcy5","Pcbd1"
"229","Adcy5","Pcbd2"
"230","Adcy5","Sirt2"
"231","Gucy2e","Sirt1"
"232","Gucy2e","Dnmt1"
"233","Gucy2e","Dnmt3a"
"234","Gucy2e","Dnmt3b"
"235","Gucy2e","Sirt5"
"236","Gucy2e","Pcbd1"
"237","Gucy2e","Pcbd2"
"238","Gucy2e","Sirt2"
"239","Kl","Sirt1"
"240","Kl","Dnmt1"
"241","Kl","Dnmt3a"
"242","Kl","Dnmt3b"
"243","Kl","Sirt5"
"244","Kl","Pcbd1"
"245","Kl","Pcbd2"
"246","Kl","Sirt2"
"247","Pld1","Sirt1"
"248","Pld1","Dnmt1"
"249","Pld1","Dnmt3a"
"250","Pld1","Dnmt3b"
"251","Pld1","Sirt5"
"252","Pld1","Pcbd1"
"253","Pld1","Pcbd2"
"254","Pld1","Sirt2"
"255","Axl","Akt1"
"256","Axl","Foxo3"
"257","Axl","Mapk1"
"258","Axl","Mapk3"
"259","Axl","Sos1"
"260","Axl","Sos2"
"261","Axl","Stat3"
"262","Axl","Raf1"
"263","Egfr","Akt1"
"264","Egfr","Foxo3"
"265","Egfr","Mapk1"
"266","Egfr","Mapk3"
"267","Egfr","Sos1"
"268","Egfr","Sos2"
"269","Egfr","Stat3"
"270","Egfr","Raf1"
"271","Erbb3","Akt1"
"272","Erbb3","Foxo3"
"273","Erbb3","Mapk1"
"274","Erbb3","Mapk3"
"275","Erbb3","Sos1"
"276","Erbb3","Sos2"
"277","Erbb3","Stat3"
"278","Erbb3","Raf1"
"279","Erbb2","Akt1"
"280","Erbb2","Foxo3"
"281","Erbb2","Mapk1"
"282","Erbb2","Mapk3"
"283","Erbb2","Sos1"
"284","Erbb2","Sos2"
"285","Erbb2","Stat3"
"286","Erbb2","Raf1"
"287","Igf1r","Akt1"
"288","Igf1r","Foxo3"
"289","Igf1r","Mapk1"
"290","Igf1r","Mapk3"
"291","Igf1r","Sos1"
"292","Igf1r","Sos2"
"293","Igf1r","Stat3"
"294","Igf1r","Raf1"
"295","Il6ra","Akt1"
"296","Il6ra","Foxo3"
"297","Il6ra","Mapk1"
"298","Il6ra","Mapk3"
"299","Il6ra","Sos1"
"300","Il6ra","Sos2"
"301","Il6ra","Stat3"
"302","Il6ra","Raf1"
"303","Kdr","Akt1"
"304","Kdr","Foxo3"
"305","Kdr","Mapk1"
"306","Kdr","Mapk3"
"307","Kdr","Sos1"
"308","Kdr","Sos2"
"309","Kdr","Stat3"
"310","Kdr","Raf1"
"311","Met","Akt1"
"312","Met","Foxo3"
"313","Met","Mapk1"
"314","Met","Mapk3"
"315","Met","Sos1"
"316","Met","Sos2"
"317","Met","Stat3"
"318","Met","Raf1"
"319","Fgfr2","Akt1"
"320","Fgfr2","Foxo3"
"321","Fgfr2","Mapk1"
"322","Fgfr2","Mapk3"
"323","Fgfr2","Sos1"
"324","Fgfr2","Sos2"
"325","Fgfr2","Stat3"
"326","Fgfr2","Raf1"
"327","Fgfr3","Akt1"
"328","Fgfr3","Foxo3"
"329","Fgfr3","Mapk1"
"330","Fgfr3","Mapk3"
"331","Fgfr3","Sos1"
"332","Fgfr3","Sos2"
"333","Fgfr3","Stat3"
"334","Fgfr3","Raf1"
"335","Pdgfrb","Akt1"
"336","Pdgfrb","Foxo3"
"337","Pdgfrb","Mapk1"
"338","Pdgfrb","Mapk3"
"339","Pdgfrb","Sos1"
"340","Pdgfrb","Sos2"
"341","Pdgfrb","Stat3"
"342","Pdgfrb","Raf1"
"343","Pdgfra","Akt1"
"344","Pdgfra","Foxo3"
"345","Pdgfra","Mapk1"
"346","Pdgfra","Mapk3"
"347","Pdgfra","Sos1"
"348","Pdgfra","Sos2"
"349","Pdgfra","Stat3"
"350","Pdgfra","Raf1"
"351","Pik3r1","Akt1"
"352","Pik3r1","Foxo3"
"353","Src","Stat3"
"354","Pik3r2","Akt1"
"355","Pik3r2","Foxo3"
"356","Pik3r3","Akt1"
"357","Pik3r3","Foxo3"
"358","Raf1","Mapk1"
"359","Raf1","Mapk3"
"360","Prkca","Mapk1"
"361","Prkca","Mapk3"
"362","Prkca","Raf1"
"363","Prkcb","Mapk1"
"364","Prkcb","Mapk3"
"365","Prkcb","Raf1"
"366","Prkcg","Mapk1"
"367","Prkcg","Mapk3"
"368","Prkcg","Raf1"
"369","Vegfa","Akt1"
"370","Vegfa","Foxo3"
"371","Vegfa","Mapk1"
"372","Vegfa","Mapk3"
"373","Vegfa","Sos1"
"374","Vegfa","Sos2"
"375","Vegfa","Stat3"
"376","Vegfa","Raf1"
"377","Egfr,Erbb2","Akt1"
"378","Egfr,Erbb2","Foxo3"
"379","Egfr,Erbb2","Mapk1"
"380","Egfr,Erbb2","Mapk3"
"381","Egfr,Erbb2","Sos1"
"382","Egfr,Erbb2","Sos2"
"383","Egfr,Erbb2","Stat3"
"384","Egfr,Erbb2","Raf1"
"385","Erbb2,Erbb4","Akt1"
"386","Erbb2,Erbb4","Foxo3"
"387","Erbb2,Erbb4","Mapk1"
"388","Erbb2,Erbb4","Mapk3"
"389","Erbb2,Erbb4","Sos1"
"390","Erbb2,Erbb4","Sos2"
"391","Erbb2,Erbb4","Stat3"
"392","Erbb2,Erbb4","Raf1"
"393","Erbb2,Erbb3","Akt1"
"394","Erbb2,Erbb3","Foxo3"
"395","Erbb2,Erbb3","Mapk1"
"396","Erbb2,Erbb3","Mapk3"
"397","Erbb2,Erbb3","Sos1"
"398","Erbb2,Erbb3","Sos2"
"399","Erbb2,Erbb3","Stat3"
"400","Erbb2,Erbb3","Raf1"
"401","Flt1,Kdr","Akt1"
"402","Flt1,Kdr","Foxo3"
"403","Flt1,Kdr","Mapk1"
"404","Flt1,Kdr","Mapk3"
"405","Flt1,Kdr","Sos1"
"406","Flt1,Kdr","Sos2"
"407","Flt1,Kdr","Stat3"
"408","Flt1,Kdr","Raf1"
"409","Flt4,Kdr","Akt1"
"410","Flt4,Kdr","Foxo3"
"411","Flt4,Kdr","Mapk1"
"412","Flt4,Kdr","Mapk3"
"413","Flt4,Kdr","Sos1"
"414","Flt4,Kdr","Sos2"
"415","Flt4,Kdr","Stat3"
"416","Flt4,Kdr","Raf1"
"417","Il6ra,Il6st","Akt1"
"418","Il6ra,Il6st","Foxo3"
"419","Il6ra,Il6st","Mapk1"
"420","Il6ra,Il6st","Mapk3"
"421","Il6ra,Il6st","Sos1"
"422","Il6ra,Il6st","Sos2"
"423","Il6ra,Il6st","Stat3"
"424","Il6ra,Il6st","Raf1"
"425","Plxna1,Kdr","Akt1"
"426","Plxna1,Kdr","Foxo3"
"427","Plxna1,Kdr","Mapk1"
"428","Plxna1,Kdr","Mapk3"
"429","Plxna1,Kdr","Sos1"
"430","Plxna1,Kdr","Sos2"
"431","Plxna1,Kdr","Stat3"
"432","Plxna1,Kdr","Raf1"
"433","Pdgfa","Akt1"
"434","Pdgfa","Foxo3"
"435","Pdgfa","Mapk1"
"436","Pdgfa","Mapk3"
"437","Pdgfa","Sos1"
"438","Pdgfa","Sos2"
"439","Pdgfa","Stat3"
"440","Pdgfa","Raf1"
"441","Egfr","Esr1"
"442","Egfr","Esr2"
"443","Egfr","Fos"
"444","Egfr","Jun"
"445","Egfr","Sp1"
"446","Egfr","Med1"
"447","Egfr","Mmp9"
"448","Egfr","Ncoa3"
"449","Egfr","Ncor1"
"450","Erbb2","Esr1"
"451","Erbb2","Esr2"
"452","Erbb2","Fos"
"453","Erbb2","Jun"
"454","Erbb2","Sp1"
"455","Erbb2","Med1"
"456","Erbb2","Mmp9"
"457","Erbb2","Ncoa3"
"458","Erbb2","Ncor1"
"459","Adcy8","Akt1"
"460","Adcy8","Esr1"
"461","Adcy8","Esr2"
"462","Adcy8","Fos"
"463","Adcy8","Jun"
"464","Adcy8","Mapk1"
"465","Adcy8","Mapk3"
"466","Adcy8","Sos1"
"467","Adcy8","Sos2"
"468","Adcy8","Sp1"
"469","Adcy8","Med1"
"470","Adcy8","Mmp9"
"471","Adcy8","Ncoa3"
"472","Adcy8","Ncor1"
"473","Adcy8","Raf1"
"474","Igf1r","Esr1"
"475","Igf1r","Esr2"
"476","Igf1r","Fos"
"477","Igf1r","Jun"
"478","Igf1r","Sp1"
"479","Igf1r","Med1"
"480","Igf1r","Mmp9"
"481","Igf1r","Ncoa3"
"482","Igf1r","Ncor1"
"483","Adcy1","Akt1"
"484","Adcy1","Esr1"
"485","Adcy1","Esr2"
"486","Adcy1","Fos"
"487","Adcy1","Jun"
"488","Adcy1","Mapk1"
"489","Adcy1","Mapk3"
"490","Adcy1","Sos1"
"491","Adcy1","Sos2"
"492","Adcy1","Sp1"
"493","Adcy1","Med1"
"494","Adcy1","Mmp9"
"495","Adcy1","Ncoa3"
"496","Adcy1","Ncor1"
"497","Adcy1","Raf1"
"498","Adcy7","Akt1"
"499","Adcy7","Esr1"
"500","Adcy7","Esr2"
"501","Adcy7","Fos"
"502","Adcy7","Jun"
"503","Adcy7","Mapk1"
"504","Adcy7","Mapk3"
"505","Adcy7","Sos1"
"506","Adcy7","Sos2"
"507","Adcy7","Sp1"
"508","Adcy7","Med1"
"509","Adcy7","Mmp9"
"510","Adcy7","Ncoa3"
"511","Adcy7","Ncor1"
"512","Adcy7","Raf1"
"513","Adcy9","Akt1"
"514","Adcy9","Esr1"
"515","Adcy9","Esr2"
"516","Adcy9","Fos"
"517","Adcy9","Jun"
"518","Adcy9","Mapk1"
"519","Adcy9","Mapk3"
"520","Adcy9","Sos1"
"521","Adcy9","Sos2"
"522","Adcy9","Sp1"
"523","Adcy9","Med1"
"524","Adcy9","Mmp9"
"525","Adcy9","Ncoa3"
"526","Adcy9","Ncor1"
"527","Adcy9","Raf1"
"528","Mmp2","Akt1"
"529","Mmp2","Esr1"
"530","Mmp2","Esr2"
"531","Mmp2","Fos"
"532","Mmp2","Jun"
"533","Mmp2","Mapk1"
"534","Mmp2","Mapk3"
"535","Mmp2","Sos1"
"536","Mmp2","Sos2"
"537","Mmp2","Sp1"
"538","Mmp2","Med1"
"539","Mmp2","Ncoa3"
"540","Mmp2","Ncor1"
"541","Mmp2","Raf1"
"542","Carm1","Akt1"
"543","Carm1","Esr1"
"544","Carm1","Esr2"
"545","Carm1","Fos"
"546","Carm1","Jun"
"547","Carm1","Mapk1"
"548","Carm1","Mapk3"
"549","Carm1","Sos1"
"550","Carm1","Sos2"
"551","Carm1","Sp1"
"552","Carm1","Mmp9"
"553","Carm1","Ncor1"
"554","Carm1","Raf1"
"555","Pik3r1","Esr1"
"556","Pik3r1","Esr2"
"557","Pik3r1","Fos"
"558","Pik3r1","Jun"
"559","Pik3r1","Mapk1"
"560","Pik3r1","Mapk3"
"561","Pik3r1","Sos1"
"562","Pik3r1","Sos2"
"563","Pik3r1","Sp1"
"564","Pik3r1","Med1"
"565","Pik3r1","Mmp9"
"566","Pik3r1","Ncoa3"
"567","Pik3r1","Ncor1"
"568","Pik3r1","Raf1"
"569","Mmp9","Akt1"
"570","Mmp9","Esr1"
"571","Mmp9","Esr2"
"572","Mmp9","Fos"
"573","Mmp9","Jun"
"574","Mmp9","Mapk1"
"575","Mmp9","Mapk3"
"576","Mmp9","Sos1"
"577","Mmp9","Sos2"
"578","Mmp9","Sp1"
"579","Mmp9","Med1"
"580","Mmp9","Ncoa3"
"581","Mmp9","Ncor1"
"582","Mmp9","Raf1"
"583","Src","Akt1"
"584","Src","Esr1"
"585","Src","Esr2"
"586","Src","Fos"
"587","Src","Jun"
"588","Src","Mapk1"
"589","Src","Mapk3"
"590","Src","Sos1"
"591","Src","Sos2"
"592","Src","Sp1"
"593","Src","Med1"
"594","Src","Mmp9"
"595","Src","Ncoa3"
"596","Src","Ncor1"
"597","Src","Raf1"
"598","Pik3r2","Esr1"
"599","Pik3r2","Esr2"
"600","Pik3r2","Fos"
"601","Pik3r2","Jun"
"602","Pik3r2","Mapk1"
"603","Pik3r2","Mapk3"
"604","Pik3r2","Sos1"
"605","Pik3r2","Sos2"
"606","Pik3r2","Sp1"
"607","Pik3r2","Med1"
"608","Pik3r2","Mmp9"
"609","Pik3r2","Ncoa3"
"610","Pik3r2","Ncor1"
"611","Pik3r2","Raf1"
"612","Ptk2","Akt1"
"613","Ptk2","Esr1"
"614","Ptk2","Esr2"
"615","Ptk2","Fos"
"616","Ptk2","Jun"
"617","Ptk2","Mapk1"
"618","Ptk2","Mapk3"
"619","Ptk2","Sos1"
"620","Ptk2","Sos2"
"621","Ptk2","Sp1"
"622","Ptk2","Med1"
"623","Ptk2","Mmp9"
"624","Ptk2","Ncoa3"
"625","Ptk2","Ncor1"
"626","Ptk2","Raf1"
"627","Esr1","Akt1"
"628","Esr1","Fos"
"629","Esr1","Jun"
"630","Esr1","Mapk1"
"631","Esr1","Mapk3"
"632","Esr1","Sos1"
"633","Esr1","Sos2"
"634","Esr1","Sp1"
"635","Esr1","Med1"
"636","Esr1","Mmp9"
"637","Esr1","Ncoa3"
"638","Esr1","Ncor1"
"639","Esr1","Raf1"
"640","Cdk4","E2f1"
"641","Cdk4","E2f2"
"642","Cdk4","E2f3"
"643","Cdk4","Rb1"
"644","Mapk14","Akt1"
"645","Mapk14","Esr1"
"646","Mapk14","Esr2"
"647","Mapk14","Fos"
"648","Mapk14","Jun"
"649","Mapk14","Mapk1"
"650","Mapk14","Mapk3"
"651","Mapk14","Sos1"
"652","Mapk14","Sos2"
"653","Mapk14","Sp1"
"654","Mapk14","Med1"
"655","Mapk14","Mmp9"
"656","Mapk14","Ncoa3"
"657","Mapk14","Ncor1"
"658","Mapk14","Raf1"
"659","Pik3r3","Esr1"
"660","Pik3r3","Esr2"
"661","Pik3r3","Fos"
"662","Pik3r3","Jun"
"663","Pik3r3","Mapk1"
"664","Pik3r3","Mapk3"
"665","Pik3r3","Sos1"
"666","Pik3r3","Sos2"
"667","Pik3r3","Sp1"
"668","Pik3r3","Med1"
"669","Pik3r3","Mmp9"
"670","Pik3r3","Ncoa3"
"671","Pik3r3","Ncor1"
"672","Pik3r3","Raf1"
"673","Raf1","Akt1"
"674","Raf1","Esr1"
"675","Raf1","Esr2"
"676","Raf1","Fos"
"677","Raf1","Jun"
"678","Raf1","Sos1"
"679","Raf1","Sos2"
"680","Raf1","Sp1"
"681","Raf1","Med1"
"682","Raf1","Mmp9"
"683","Raf1","Ncoa3"
"684","Raf1","Ncor1"
"685","Adcy5","Akt1"
"686","Adcy5","Esr1"
"687","Adcy5","Esr2"
"688","Adcy5","Fos"
"689","Adcy5","Jun"
"690","Adcy5","Mapk1"
"691","Adcy5","Mapk3"
"692","Adcy5","Sos1"
"693","Adcy5","Sos2"
"694","Adcy5","Sp1"
"695","Adcy5","Med1"
"696","Adcy5","Mmp9"
"697","Adcy5","Ncoa3"
"698","Adcy5","Ncor1"
"699","Adcy5","Raf1"
"700","Egfr,Erbb2","Esr1"
"701","Egfr,Erbb2","Esr2"
"702","Egfr,Erbb2","Fos"
"703","Egfr,Erbb2","Jun"
"704","Egfr,Erbb2","Sp1"
"705","Egfr,Erbb2","Med1"
"706","Egfr,Erbb2","Mmp9"
"707","Egfr,Erbb2","Ncoa3"
"708","Egfr,Erbb2","Ncor1"
"709","Erbb2,Erbb4","Esr1"
"710","Erbb2,Erbb4","Esr2"
"711","Erbb2,Erbb4","Fos"
"712","Erbb2,Erbb4","Jun"
"713","Erbb2,Erbb4","Sp1"
"714","Erbb2,Erbb4","Med1"
"715","Erbb2,Erbb4","Mmp9"
"716","Erbb2,Erbb4","Ncoa3"
"717","Erbb2,Erbb4","Ncor1"
"718","Erbb2,Erbb3","Esr1"
"719","Erbb2,Erbb3","Esr2"
"720","Erbb2,Erbb3","Fos"
"721","Erbb2,Erbb3","Jun"
"722","Erbb2,Erbb3","Sp1"
"723","Erbb2,Erbb3","Med1"
"724","Erbb2,Erbb3","Mmp9"
"725","Erbb2,Erbb3","Ncoa3"
"726","Erbb2,Erbb3","Ncor1"
"727","Jag1","Notch1"
"728","Jag1","Notch2"
"729","Jag1","Notch3"
"730","Jag1","Notch4"
"731","Ncoa3","Akt1"
"732","Ncoa3","Esr1"
"733","Ncoa3","Esr2"
"734","Ncoa3","Fos"
"735","Ncoa3","Jun"
"736","Ncoa3","Mapk1"
"737","Ncoa3","Mapk3"
"738","Ncoa3","Sos1"
"739","Ncoa3","Sos2"
"740","Ncoa3","Sp1"
"741","Ncoa3","Mmp9"
"742","Ncoa3","Ncor1"
"743","Ncoa3","Raf1"
"744","Esr2","Akt1"
"745","Esr2","Fos"
"746","Esr2","Jun"
"747","Esr2","Mapk1"
"748","Esr2","Mapk3"
"749","Esr2","Sos1"
"750","Esr2","Sos2"
"751","Esr2","Sp1"
"752","Esr2","Med1"
"753","Esr2","Mmp9"
"754","Esr2","Ncoa3"
"755","Esr2","Ncor1"
"756","Esr2","Raf1"
"757","Ncor1","Akt1"
"758","Ncor1","Esr1"
"759","Ncor1","Esr2"
"760","Ncor1","Fos"
"761","Ncor1","Jun"
"762","Ncor1","Mapk1"
"763","Ncor1","Mapk3"
"764","Ncor1","Sos1"
"765","Ncor1","Sos2"
"766","Ncor1","Sp1"
"767","Ncor1","Med1"
"768","Ncor1","Mmp9"
"769","Ncor1","Ncoa3"
"770","Ncor1","Raf1"
"771","Chuk","Nfkb1"
"772","Chuk","Rela"
"773","Chuk","Tnf"
"774","Ikbkb","Nfkb1"
"775","Ikbkb","Rela"
"776","Ikbkb","Tnf"
"777","Fas","Bbc3"
"778","Fas","Trp53"
"779","Fas","Atm"
"780","Casp8","Bbc3"
"781","Casp8","Trp53"
"782","Casp8","Atm"
"783","Rxra","Ilk"
"784","Rxra","Nr1h3"
"785","Pparg","Nr1h3"
"786","Rxrg","Ilk"
"787","Rxrg","Nr1h3"
"788","Erbb4","Atf4"
"789","Erbb4","Elk1"
"790","Erbb4","Elk4"
"791","Erbb4","Fos"
"792","Erbb4","Jun"
"793","Erbb4","Jund"
"794","Erbb4","Mapk1"
"795","Erbb4","Mapk10"
"796","Erbb4","Mapk3"
"797","Erbb4","Mapk8"
"798","Erbb4","Mapk9"
"799","Erbb4","Myc"
"800","Erbb4","Nfatc1"
"801","Erbb4","Nfatc3"
"802","Erbb4","Nfkb1"
"803","Erbb4","Nfkb2"
"804","Erbb4","Rela"
"805","Erbb4","Relb"
"806","Erbb4","Sos1"
"807","Erbb4","Sos2"
"808","Erbb4","Srf"
"809","Erbb4","Trp53"
"810","Erbb4","Ikbkb"
"811","Erbb4","Raf1"
"812","Erbb4","Ikbkg"
"813","Insr","Atf4"
"814","Insr","Elk1"
"815","Insr","Elk4"
"816","Insr","Fos"
"817","Insr","Jun"
"818","Insr","Jund"
"819","Insr","Mapk1"
"820","Insr","Mapk10"
"821","Insr","Mapk3"
"822","Insr","Mapk8"
"823","Insr","Mapk9"
"824","Insr","Myc"
"825","Insr","Nfatc1"
"826","Insr","Nfatc3"
"827","Insr","Nfkb1"
"828","Insr","Nfkb2"
"829","Insr","Rela"
"830","Insr","Relb"
"831","Insr","Sos1"
"832","Insr","Sos2"
"833","Insr","Srf"
"834","Insr","Trp53"
"835","Insr","Ikbkb"
"836","Insr","Raf1"
"837","Insr","Ikbkg"
"838","Egfr","Atf4"
"839","Egfr","Elk1"
"840","Egfr","Elk4"
"841","Egfr","Jund"
"842","Egfr","Mapk10"
"843","Egfr","Mapk8"
"844","Egfr","Mapk9"
"845","Egfr","Myc"
"846","Egfr","Nfatc1"
"847","Egfr","Nfatc3"
"848","Egfr","Nfkb1"
"849","Egfr","Nfkb2"
"850","Egfr","Rela"
"851","Egfr","Relb"
"852","Egfr","Srf"
"853","Egfr","Trp53"
"854","Egfr","Ikbkb"
"855","Egfr","Ikbkg"
"856","Tek","Atf4"
"857","Tek","Elk1"
"858","Tek","Elk4"
"859","Tek","Fos"
"860","Tek","Jun"
"861","Tek","Jund"
"862","Tek","Mapk1"
"863","Tek","Mapk10"
"864","Tek","Mapk3"
"865","Tek","Mapk8"
"866","Tek","Mapk9"
"867","Tek","Myc"
"868","Tek","Nfatc1"
"869","Tek","Nfatc3"
"870","Tek","Nfkb1"
"871","Tek","Nfkb2"
"872","Tek","Rela"
"873","Tek","Relb"
"874","Tek","Sos1"
"875","Tek","Sos2"
"876","Tek","Srf"
"877","Tek","Trp53"
"878","Tek","Ikbkb"
"879","Tek","Raf1"
"880","Tek","Ikbkg"
"881","Ngfr","Atf4"
"882","Ngfr","Elk1"
"883","Ngfr","Elk4"
"884","Ngfr","Fos"
"885","Ngfr","Jun"
"886","Ngfr","Jund"
"887","Ngfr","Mapk1"
"888","Ngfr","Mapk10"
"889","Ngfr","Mapk3"
"890","Ngfr","Mapk8"
"891","Ngfr","Mapk9"
"892","Ngfr","Myc"
"893","Ngfr","Nfatc1"
"894","Ngfr","Nfatc3"
"895","Ngfr","Nfkb1"
"896","Ngfr","Nfkb2"
"897","Ngfr","Rela"
"898","Ngfr","Relb"
"899","Ngfr","Sos1"
"900","Ngfr","Sos2"
"901","Ngfr","Srf"
"902","Ngfr","Trp53"
"903","Ngfr","Ikbkb"
"904","Ngfr","Raf1"
"905","Ngfr","Ikbkg"
"906","Erbb3","Atf4"
"907","Erbb3","Elk1"
"908","Erbb3","Elk4"
"909","Erbb3","Fos"
"910","Erbb3","Jun"
"911","Erbb3","Jund"
"912","Erbb3","Mapk10"
"913","Erbb3","Mapk8"
"914","Erbb3","Mapk9"
"915","Erbb3","Myc"
"916","Erbb3","Nfatc1"
"917","Erbb3","Nfatc3"
"918","Erbb3","Nfkb1"
"919","Erbb3","Nfkb2"
"920","Erbb3","Rela"
"921","Erbb3","Relb"
"922","Erbb3","Srf"
"923","Erbb3","Trp53"
"924","Erbb3","Ikbkb"
"925","Erbb3","Ikbkg"
"926","Ntrk2","Atf4"
"927","Ntrk2","Elk1"
"928","Ntrk2","Elk4"
"929","Ntrk2","Fos"
"930","Ntrk2","Jun"
"931","Ntrk2","Jund"
"932","Ntrk2","Mapk1"
"933","Ntrk2","Mapk10"
"934","Ntrk2","Mapk3"
"935","Ntrk2","Mapk8"
"936","Ntrk2","Mapk9"
"937","Ntrk2","Myc"
"938","Ntrk2","Nfatc1"
"939","Ntrk2","Nfatc3"
"940","Ntrk2","Nfkb1"
"941","Ntrk2","Nfkb2"
"942","Ntrk2","Rela"
"943","Ntrk2","Relb"
"944","Ntrk2","Sos1"
"945","Ntrk2","Sos2"
"946","Ntrk2","Srf"
"947","Ntrk2","Trp53"
"948","Ntrk2","Ikbkb"
"949","Ntrk2","Raf1"
"950","Ntrk2","Ikbkg"
"951","Erbb2","Atf4"
"952","Erbb2","Elk1"
"953","Erbb2","Elk4"
"954","Erbb2","Jund"
"955","Erbb2","Mapk10"
"956","Erbb2","Mapk8"
"957","Erbb2","Mapk9"
"958","Erbb2","Myc"
"959","Erbb2","Nfatc1"
"960","Erbb2","Nfatc3"
"961","Erbb2","Nfkb1"
"962","Erbb2","Nfkb2"
"963","Erbb2","Rela"
"964","Erbb2","Relb"
"965","Erbb2","Srf"
"966","Erbb2","Trp53"
"967","Erbb2","Ikbkb"
"968","Erbb2","Ikbkg"
"969","Cacna1c","Atf4"
"970","Cacna1c","Elk1"
"971","Cacna1c","Elk4"
"972","Cacna1c","Fos"
"973","Cacna1c","Jun"
"974","Cacna1c","Jund"
"975","Cacna1c","Mapk1"
"976","Cacna1c","Mapk10"
"977","Cacna1c","Mapk3"
"978","Cacna1c","Mapk8"
"979","Cacna1c","Mapk9"
"980","Cacna1c","Myc"
"981","Cacna1c","Nfatc1"
"982","Cacna1c","Nfatc3"
"983","Cacna1c","Nfkb1"
"984","Cacna1c","Nfkb2"
"985","Cacna1c","Rela"
"986","Cacna1c","Relb"
"987","Cacna1c","Srf"
"988","Cacna1c","Trp53"
"989","Cacna1c","Ikbkb"
"990","Cacna1c","Raf1"
"991","Cacna1c","Ikbkg"
"992","Fas","Atf2"
"993","Fas","Atf4"
"994","Fas","Ddit3"
"995","Fas","Elk1"
"996","Fas","Elk4"
"997","Fas","Fos"
"998","Fas","Mapk11"
"999","Fas","Mapk12"
"1000","Fas","Mapk13"
"1001","Fas","Mapk14"
"1002","Fas","Max"
"1003","Fas","Srf"
"1004","Fas","Daxx"
"1005","Fas","Hspb1"
"1006","Fas","Mef2c"
"1007","Fas","Rps6ka5"
"1008","Igf1r","Atf4"
"1009","Igf1r","Elk1"
"1010","Igf1r","Elk4"
"1011","Igf1r","Jund"
"1012","Igf1r","Mapk10"
"1013","Igf1r","Mapk8"
"1014","Igf1r","Mapk9"
"1015","Igf1r","Myc"
"1016","Igf1r","Nfatc1"
"1017","Igf1r","Nfatc3"
"1018","Igf1r","Nfkb1"
"1019","Igf1r","Nfkb2"
"1020","Igf1r","Rela"
"1021","Igf1r","Relb"
"1022","Igf1r","Srf"
"1023","Igf1r","Trp53"
"1024","Igf1r","Ikbkb"
"1025","Igf1r","Ikbkg"
"1026","Tgfbr1","Atf2"
"1027","Tgfbr1","Atf4"
"1028","Tgfbr1","Ddit3"
"1029","Tgfbr1","Elk1"
"1030","Tgfbr1","Elk4"
"1031","Tgfbr1","Fos"
"1032","Tgfbr1","Mapk11"
"1033","Tgfbr1","Mapk12"
"1034","Tgfbr1","Mapk13"
"1035","Tgfbr1","Mapk14"
"1036","Tgfbr1","Max"
"1037","Tgfbr1","Srf"
"1038","Tgfbr1","Trp53"
"1039","Tgfbr1","Daxx"
"1040","Tgfbr1","Hspb1"
"1041","Tgfbr1","Mef2c"
"1042","Tgfbr1","Rps6ka5"
"1043","Tgfbr2","Atf2"
"1044","Tgfbr2","Atf4"
"1045","Tgfbr2","Ddit3"
"1046","Tgfbr2","Elk1"
"1047","Tgfbr2","Elk4"
"1048","Tgfbr2","Fos"
"1049","Tgfbr2","Mapk11"
"1050","Tgfbr2","Mapk12"
"1051","Tgfbr2","Mapk13"
"1052","Tgfbr2","Mapk14"
"1053","Tgfbr2","Max"
"1054","Tgfbr2","Srf"
"1055","Tgfbr2","Trp53"
"1056","Tgfbr2","Daxx"
"1057","Tgfbr2","Hspb1"
"1058","Tgfbr2","Mef2c"
"1059","Tgfbr2","Rps6ka5"
"1060","Kit","Atf4"
"1061","Kit","Elk1"
"1062","Kit","Elk4"
"1063","Kit","Fos"
"1064","Kit","Jun"
"1065","Kit","Jund"
"1066","Kit","Mapk1"
"1067","Kit","Mapk10"
"1068","Kit","Mapk3"
"1069","Kit","Mapk8"
"1070","Kit","Mapk9"
"1071","Kit","Myc"
"1072","Kit","Nfatc1"
"1073","Kit","Nfatc3"
"1074","Kit","Nfkb1"
"1075","Kit","Nfkb2"
"1076","Kit","Rela"
"1077","Kit","Relb"
"1078","Kit","Sos1"
"1079","Kit","Sos2"
"1080","Kit","Srf"
"1081","Kit","Trp53"
"1082","Kit","Ikbkb"
"1083","Kit","Raf1"
"1084","Kit","Ikbkg"
"1085","Kdr","Atf4"
"1086","Kdr","Elk1"
"1087","Kdr","Elk4"
"1088","Kdr","Fos"
"1089","Kdr","Jun"
"1090","Kdr","Jund"
"1091","Kdr","Mapk10"
"1092","Kdr","Mapk8"
"1093","Kdr","Mapk9"
"1094","Kdr","Myc"
"1095","Kdr","Nfatc1"
"1096","Kdr","Nfatc3"
"1097","Kdr","Nfkb1"
"1098","Kdr","Nfkb2"
"1099","Kdr","Rela"
"1100","Kdr","Relb"
"1101","Kdr","Srf"
"1102","Kdr","Trp53"
"1103","Kdr","Ikbkb"
"1104","Kdr","Ikbkg"
"1105","Flt4","Atf4"
"1106","Flt4","Elk1"
"1107","Flt4","Elk4"
"1108","Flt4","Fos"
"1109","Flt4","Jun"
"1110","Flt4","Jund"
"1111","Flt4","Mapk1"
"1112","Flt4","Mapk10"
"1113","Flt4","Mapk3"
"1114","Flt4","Mapk8"
"1115","Flt4","Mapk9"
"1116","Flt4","Myc"
"1117","Flt4","Nfatc1"
"1118","Flt4","Nfatc3"
"1119","Flt4","Nfkb1"
"1120","Flt4","Nfkb2"
"1121","Flt4","Rela"
"1122","Flt4","Relb"
"1123","Flt4","Sos1"
"1124","Flt4","Sos2"
"1125","Flt4","Srf"
"1126","Flt4","Trp53"
"1127","Flt4","Ikbkb"
"1128","Flt4","Raf1"
"1129","Flt4","Ikbkg"
"1130","Csf1r","Atf4"
"1131","Csf1r","Elk1"
"1132","Csf1r","Elk4"
"1133","Csf1r","Fos"
"1134","Csf1r","Jun"
"1135","Csf1r","Jund"
"1136","Csf1r","Mapk1"
"1137","Csf1r","Mapk10"
"1138","Csf1r","Mapk3"
"1139","Csf1r","Mapk8"
"1140","Csf1r","Mapk9"
"1141","Csf1r","Myc"
"1142","Csf1r","Nfatc1"
"1143","Csf1r","Nfatc3"
"1144","Csf1r","Nfkb1"
"1145","Csf1r","Nfkb2"
"1146","Csf1r","Rela"
"1147","Csf1r","Relb"
"1148","Csf1r","Sos1"
"1149","Csf1r","Sos2"
"1150","Csf1r","Srf"
"1151","Csf1r","Trp53"
"1152","Csf1r","Ikbkb"
"1153","Csf1r","Raf1"
"1154","Csf1r","Ikbkg"
"1155","Ntrk1","Atf4"
"1156","Ntrk1","Elk1"
"1157","Ntrk1","Elk4"
"1158","Ntrk1","Fos"
"1159","Ntrk1","Jun"
"1160","Ntrk1","Jund"
"1161","Ntrk1","Mapk1"
"1162","Ntrk1","Mapk10"
"1163","Ntrk1","Mapk3"
"1164","Ntrk1","Mapk8"
"1165","Ntrk1","Mapk9"
"1166","Ntrk1","Myc"
"1167","Ntrk1","Nfatc1"
"1168","Ntrk1","Nfatc3"
"1169","Ntrk1","Nfkb1"
"1170","Ntrk1","Nfkb2"
"1171","Ntrk1","Rela"
"1172","Ntrk1","Relb"
"1173","Ntrk1","Sos1"
"1174","Ntrk1","Sos2"
"1175","Ntrk1","Srf"
"1176","Ntrk1","Trp53"
"1177","Ntrk1","Ikbkb"
"1178","Ntrk1","Raf1"
"1179","Ntrk1","Ikbkg"
"1180","Met","Atf4"
"1181","Met","Elk1"
"1182","Met","Elk4"
"1183","Met","Fos"
"1184","Met","Jun"
"1185","Met","Jund"
"1186","Met","Mapk10"
"1187","Met","Mapk8"
"1188","Met","Mapk9"
"1189","Met","Myc"
"1190","Met","Nfatc1"
"1191","Met","Nfatc3"
"1192","Met","Nfkb1"
"1193","Met","Nfkb2"
"1194","Met","Rela"
"1195","Met","Relb"
"1196","Met","Srf"
"1197","Met","Trp53"
"1198","Met","Ikbkb"
"1199","Met","Ikbkg"
"1200","Epha2","Atf4"
"1201","Epha2","Elk1"
"1202","Epha2","Elk4"
"1203","Epha2","Fos"
"1204","Epha2","Jun"
"1205","Epha2","Jund"
"1206","Epha2","Mapk1"
"1207","Epha2","Mapk10"
"1208","Epha2","Mapk3"
"1209","Epha2","Mapk8"
"1210","Epha2","Mapk9"
"1211","Epha2","Myc"
"1212","Epha2","Nfatc1"
"1213","Epha2","Nfatc3"
"1214","Epha2","Nfkb1"
"1215","Epha2","Nfkb2"
"1216","Epha2","Rela"
"1217","Epha2","Relb"
"1218","Epha2","Sos1"
"1219","Epha2","Sos2"
"1220","Epha2","Srf"
"1221","Epha2","Trp53"
"1222","Epha2","Ikbkb"
"1223","Epha2","Raf1"
"1224","Epha2","Ikbkg"
"1225","Tnfrsf1a","Atf2"
"1226","Tnfrsf1a","Atf4"
"1227","Tnfrsf1a","Ddit3"
"1228","Tnfrsf1a","Elk1"
"1229","Tnfrsf1a","Elk4"
"1230","Tnfrsf1a","Fos"
"1231","Tnfrsf1a","Jun"
"1232","Tnfrsf1a","Jund"
"1233","Tnfrsf1a","Mapk1"
"1234","Tnfrsf1a","Mapk10"
"1235","Tnfrsf1a","Mapk11"
"1236","Tnfrsf1a","Mapk12"
"1237","Tnfrsf1a","Mapk13"
"1238","Tnfrsf1a","Mapk14"
"1239","Tnfrsf1a","Mapk3"
"1240","Tnfrsf1a","Mapk8"
"1241","Tnfrsf1a","Mapk9"
"1242","Tnfrsf1a","Max"
"1243","Tnfrsf1a","Myc"
"1244","Tnfrsf1a","Nfatc1"
"1245","Tnfrsf1a","Nfatc3"
"1246","Tnfrsf1a","Nfkb1"
"1247","Tnfrsf1a","Nfkb2"
"1248","Tnfrsf1a","Rela"
"1249","Tnfrsf1a","Relb"
"1250","Tnfrsf1a","Srf"
"1251","Tnfrsf1a","Trp53"
"1252","Tnfrsf1a","Hspb1"
"1253","Tnfrsf1a","Ikbkb"
"1254","Tnfrsf1a","Map3k7"
"1255","Tnfrsf1a","Mef2c"
"1256","Tnfrsf1a","Rps6ka5"
"1257","Tnfrsf1a","Ikbkg"
"1258","Fgfr1","Atf4"
"1259","Fgfr1","Elk1"
"1260","Fgfr1","Elk4"
"1261","Fgfr1","Fos"
"1262","Fgfr1","Jun"
"1263","Fgfr1","Jund"
"1264","Fgfr1","Mapk1"
"1265","Fgfr1","Mapk10"
"1266","Fgfr1","Mapk3"
"1267","Fgfr1","Mapk8"
"1268","Fgfr1","Mapk9"
"1269","Fgfr1","Myc"
"1270","Fgfr1","Nfatc1"
"1271","Fgfr1","Nfatc3"
"1272","Fgfr1","Nfkb1"
"1273","Fgfr1","Nfkb2"
"1274","Fgfr1","Rela"
"1275","Fgfr1","Relb"
"1276","Fgfr1","Sos1"
"1277","Fgfr1","Sos2"
"1278","Fgfr1","Srf"
"1279","Fgfr1","Trp53"
"1280","Fgfr1","Ikbkb"
"1281","Fgfr1","Raf1"
"1282","Fgfr1","Ikbkg"
"1283","Fgfr2","Atf4"
"1284","Fgfr2","Elk1"
"1285","Fgfr2","Elk4"
"1286","Fgfr2","Fos"
"1287","Fgfr2","Jun"
"1288","Fgfr2","Jund"
"1289","Fgfr2","Mapk10"
"1290","Fgfr2","Mapk8"
"1291","Fgfr2","Mapk9"
"1292","Fgfr2","Myc"
"1293","Fgfr2","Nfatc1"
"1294","Fgfr2","Nfatc3"
"1295","Fgfr2","Nfkb1"
"1296","Fgfr2","Nfkb2"
"1297","Fgfr2","Rela"
"1298","Fgfr2","Relb"
"1299","Fgfr2","Srf"
"1300","Fgfr2","Trp53"
"1301","Fgfr2","Ikbkb"
"1302","Fgfr2","Ikbkg"
"1303","Fgfr3","Atf4"
"1304","Fgfr3","Elk1"
"1305","Fgfr3","Elk4"
"1306","Fgfr3","Fos"
"1307","Fgfr3","Jun"
"1308","Fgfr3","Jund"
"1309","Fgfr3","Mapk10"
"1310","Fgfr3","Mapk8"
"1311","Fgfr3","Mapk9"
"1312","Fgfr3","Myc"
"1313","Fgfr3","Nfatc1"
"1314","Fgfr3","Nfatc3"
"1315","Fgfr3","Nfkb1"
"1316","Fgfr3","Nfkb2"
"1317","Fgfr3","Rela"
"1318","Fgfr3","Relb"
"1319","Fgfr3","Srf"
"1320","Fgfr3","Trp53"
"1321","Fgfr3","Ikbkb"
"1322","Fgfr3","Ikbkg"
"1323","Fgfr4","Atf4"
"1324","Fgfr4","Elk1"
"1325","Fgfr4","Elk4"
"1326","Fgfr4","Fos"
"1327","Fgfr4","Jun"
"1328","Fgfr4","Jund"
"1329","Fgfr4","Mapk1"
"1330","Fgfr4","Mapk10"
"1331","Fgfr4","Mapk3"
"1332","Fgfr4","Mapk8"
"1333","Fgfr4","Mapk9"
"1334","Fgfr4","Myc"
"1335","Fgfr4","Nfatc1"
"1336","Fgfr4","Nfatc3"
"1337","Fgfr4","Nfkb1"
"1338","Fgfr4","Nfkb2"
"1339","Fgfr4","Rela"
"1340","Fgfr4","Relb"
"1341","Fgfr4","Sos1"
"1342","Fgfr4","Sos2"
"1343","Fgfr4","Srf"
"1344","Fgfr4","Trp53"
"1345","Fgfr4","Ikbkb"
"1346","Fgfr4","Raf1"
"1347","Fgfr4","Ikbkg"
"1348","Flt3","Atf4"
"1349","Flt3","Elk1"
"1350","Flt3","Elk4"
"1351","Flt3","Fos"
"1352","Flt3","Jun"
"1353","Flt3","Jund"
"1354","Flt3","Mapk1"
"1355","Flt3","Mapk10"
"1356","Flt3","Mapk3"
"1357","Flt3","Mapk8"
"1358","Flt3","Mapk9"
"1359","Flt3","Myc"
"1360","Flt3","Nfatc1"
"1361","Flt3","Nfatc3"
"1362","Flt3","Nfkb1"
"1363","Flt3","Nfkb2"
"1364","Flt3","Rela"
"1365","Flt3","Relb"
"1366","Flt3","Sos1"
"1367","Flt3","Sos2"
"1368","Flt3","Srf"
"1369","Flt3","Trp53"
"1370","Flt3","Ikbkb"
"1371","Flt3","Raf1"
"1372","Flt3","Ikbkg"
"1373","Traf2","Atf2"
"1374","Traf2","Atf4"
"1375","Traf2","Ddit3"
"1376","Traf2","Elk1"
"1377","Traf2","Elk4"
"1378","Traf2","Fos"
"1379","Traf2","Jun"
"1380","Traf2","Jund"
"1381","Traf2","Mapk1"
"1382","Traf2","Mapk10"
"1383","Traf2","Mapk11"
"1384","Traf2","Mapk12"
"1385","Traf2","Mapk13"
"1386","Traf2","Mapk14"
"1387","Traf2","Mapk3"
"1388","Traf2","Mapk8"
"1389","Traf2","Mapk9"
"1390","Traf2","Max"
"1391","Traf2","Myc"
"1392","Traf2","Nfatc1"
"1393","Traf2","Nfatc3"
"1394","Traf2","Nfkb1"
"1395","Traf2","Nfkb2"
"1396","Traf2","Rela"
"1397","Traf2","Relb"
"1398","Traf2","Srf"
"1399","Traf2","Trp53"
"1400","Traf2","Hspb1"
"1401","Traf2","Ikbkb"
"1402","Traf2","Map3k7"
"1403","Traf2","Mef2c"
"1404","Traf2","Rps6ka5"
"1405","Traf2","Ikbkg"
"1406","Il1r1","Atf2"
"1407","Il1r1","Atf4"
"1408","Il1r1","Ddit3"
"1409","Il1r1","Elk1"
"1410","Il1r1","Elk4"
"1411","Il1r1","Fos"
"1412","Il1r1","Mapk11"
"1413","Il1r1","Mapk12"
"1414","Il1r1","Mapk13"
"1415","Il1r1","Mapk14"
"1416","Il1r1","Max"
"1417","Il1r1","Myd88"
"1418","Il1r1","Nfkb1"
"1419","Il1r1","Nfkb2"
"1420","Il1r1","Rela"
"1421","Il1r1","Relb"
"1422","Il1r1","Srf"
"1423","Il1r1","Trp53"
"1424","Il1r1","Hspb1"
"1425","Il1r1","Ikbkb"
"1426","Il1r1","Map3k7"
"1427","Il1r1","Mef2c"
"1428","Il1r1","Rps6ka5"
"1429","Il1r1","Ikbkg"
"1430","Il1rap","Atf2"
"1431","Il1rap","Atf4"
"1432","Il1rap","Ddit3"
"1433","Il1rap","Elk1"
"1434","Il1rap","Elk4"
"1435","Il1rap","Fos"
"1436","Il1rap","Mapk11"
"1437","Il1rap","Mapk12"
"1438","Il1rap","Mapk13"
"1439","Il1rap","Mapk14"
"1440","Il1rap","Max"
"1441","Il1rap","Myd88"
"1442","Il1rap","Nfkb1"
"1443","Il1rap","Nfkb2"
"1444","Il1rap","Rela"
"1445","Il1rap","Relb"
"1446","Il1rap","Srf"
"1447","Il1rap","Trp53"
"1448","Il1rap","Hspb1"
"1449","Il1rap","Ikbkb"
"1450","Il1rap","Map3k7"
"1451","Il1rap","Mef2c"
"1452","Il1rap","Rps6ka5"
"1453","Il1rap","Ikbkg"
"1454","Pdgfrb","Atf4"
"1455","Pdgfrb","Elk1"
"1456","Pdgfrb","Elk4"
"1457","Pdgfrb","Fos"
"1458","Pdgfrb","Jun"
"1459","Pdgfrb","Jund"
"1460","Pdgfrb","Mapk10"
"1461","Pdgfrb","Mapk8"
"1462","Pdgfrb","Mapk9"
"1463","Pdgfrb","Myc"
"1464","Pdgfrb","Nfatc1"
"1465","Pdgfrb","Nfatc3"
"1466","Pdgfrb","Nfkb1"
"1467","Pdgfrb","Nfkb2"
"1468","Pdgfrb","Rela"
"1469","Pdgfrb","Relb"
"1470","Pdgfrb","Srf"
"1471","Pdgfrb","Trp53"
"1472","Pdgfrb","Ikbkb"
"1473","Pdgfrb","Ikbkg"
"1474","Pdgfra","Atf4"
"1475","Pdgfra","Elk1"
"1476","Pdgfra","Elk4"
"1477","Pdgfra","Fos"
"1478","Pdgfra","Jun"
"1479","Pdgfra","Jund"
"1480","Pdgfra","Mapk10"
"1481","Pdgfra","Mapk8"
"1482","Pdgfra","Mapk9"
"1483","Pdgfra","Myc"
"1484","Pdgfra","Nfatc1"
"1485","Pdgfra","Nfatc3"
"1486","Pdgfra","Nfkb1"
"1487","Pdgfra","Nfkb2"
"1488","Pdgfra","Rela"
"1489","Pdgfra","Relb"
"1490","Pdgfra","Srf"
"1491","Pdgfra","Trp53"
"1492","Pdgfra","Ikbkb"
"1493","Pdgfra","Ikbkg"
"1494","Flt1","Atf4"
"1495","Flt1","Elk1"
"1496","Flt1","Elk4"
"1497","Flt1","Fos"
"1498","Flt1","Jun"
"1499","Flt1","Jund"
"1500","Flt1","Mapk1"
"1501","Flt1","Mapk10"
"1502","Flt1","Mapk3"
"1503","Flt1","Mapk8"
"1504","Flt1","Mapk9"
"1505","Flt1","Myc"
"1506","Flt1","Nfatc1"
"1507","Flt1","Nfatc3"
"1508","Flt1","Nfkb1"
"1509","Flt1","Nfkb2"
"1510","Flt1","Rela"
"1511","Flt1","Relb"
"1512","Flt1","Sos1"
"1513","Flt1","Sos2"
"1514","Flt1","Srf"
"1515","Flt1","Trp53"
"1516","Flt1","Ikbkb"
"1517","Flt1","Raf1"
"1518","Flt1","Ikbkg"
"1519","Casp3","Atf4"
"1520","Casp3","Elk1"
"1521","Casp3","Elk4"
"1522","Casp3","Fos"
"1523","Casp3","Jun"
"1524","Casp3","Jund"
"1525","Casp3","Mapk1"
"1526","Casp3","Mapk10"
"1527","Casp3","Mapk3"
"1528","Casp3","Mapk8"
"1529","Casp3","Mapk9"
"1530","Casp3","Myc"
"1531","Casp3","Nfatc1"
"1532","Casp3","Nfatc3"
"1533","Casp3","Nfkb1"
"1534","Casp3","Nfkb2"
"1535","Casp3","Rela"
"1536","Casp3","Relb"
"1537","Casp3","Srf"
"1538","Casp3","Trp53"
"1539","Casp3","Ikbkb"
"1540","Casp3","Ikbkg"
"1541","Chuk","Nfkb2"
"1542","Chuk","Relb"
"1543","Ikbkb","Nfkb2"
"1544","Ikbkb","Relb"
"1545","Mknk1","Atf4"
"1546","Mapk14","Atf2"
"1547","Mapk14","Atf4"
"1548","Mapk14","Ddit3"
"1549","Mapk14","Elk1"
"1550","Mapk14","Elk4"
"1551","Mapk14","Max"
"1552","Mapk14","Srf"
"1553","Mapk14","Trp53"
"1554","Mapk14","Hspb1"
"1555","Mapk14","Mef2c"
"1556","Mapk14","Rps6ka5"
"1557","Raf1","Atf4"
"1558","Raf1","Elk1"
"1559","Raf1","Elk4"
"1560","Raf1","Myc"
"1561","Raf1","Srf"
"1562","Hspa8","Atf4"
"1563","Hspa8","Elk1"
"1564","Hspa8","Elk4"
"1565","Hspa8","Fos"
"1566","Hspa8","Jun"
"1567","Hspa8","Jund"
"1568","Hspa8","Mapk1"
"1569","Hspa8","Mapk10"
"1570","Hspa8","Mapk3"
"1571","Hspa8","Mapk8"
"1572","Hspa8","Mapk9"
"1573","Hspa8","Myc"
"1574","Hspa8","Nfatc1"
"1575","Hspa8","Nfatc3"
"1576","Hspa8","Nfkb1"
"1577","Hspa8","Nfkb2"
"1578","Hspa8","Rela"
"1579","Hspa8","Relb"
"1580","Hspa8","Srf"
"1581","Hspa8","Trp53"
"1582","Hspa8","Ikbkb"
"1583","Hspa8","Ikbkg"
"1584","Prkca","Atf4"
"1585","Prkca","Elk1"
"1586","Prkca","Elk4"
"1587","Prkca","Fos"
"1588","Prkca","Jun"
"1589","Prkca","Jund"
"1590","Prkca","Mapk10"
"1591","Prkca","Mapk8"
"1592","Prkca","Mapk9"
"1593","Prkca","Myc"
"1594","Prkca","Nfatc1"
"1595","Prkca","Nfatc3"
"1596","Prkca","Nfkb1"
"1597","Prkca","Nfkb2"
"1598","Prkca","Rela"
"1599","Prkca","Relb"
"1600","Prkca","Srf"
"1601","Prkca","Trp53"
"1602","Prkca","Ikbkb"
"1603","Prkca","Ikbkg"
"1604","Prkcb","Atf4"
"1605","Prkcb","Elk1"
"1606","Prkcb","Elk4"
"1607","Prkcb","Fos"
"1608","Prkcb","Jun"
"1609","Prkcb","Jund"
"1610","Prkcb","Mapk10"
"1611","Prkcb","Mapk8"
"1612","Prkcb","Mapk9"
"1613","Prkcb","Myc"
"1614","Prkcb","Nfatc1"
"1615","Prkcb","Nfatc3"
"1616","Prkcb","Nfkb1"
"1617","Prkcb","Nfkb2"
"1618","Prkcb","Rela"
"1619","Prkcb","Relb"
"1620","Prkcb","Srf"
"1621","Prkcb","Trp53"
"1622","Prkcb","Ikbkb"
"1623","Prkcb","Ikbkg"
"1624","Prkcg","Atf4"
"1625","Prkcg","Elk1"
"1626","Prkcg","Elk4"
"1627","Prkcg","Fos"
"1628","Prkcg","Jun"
"1629","Prkcg","Jund"
"1630","Prkcg","Mapk10"
"1631","Prkcg","Mapk8"
"1632","Prkcg","Mapk9"
"1633","Prkcg","Myc"
"1634","Prkcg","Nfatc1"
"1635","Prkcg","Nfatc3"
"1636","Prkcg","Nfkb1"
"1637","Prkcg","Nfkb2"
"1638","Prkcg","Rela"
"1639","Prkcg","Relb"
"1640","Prkcg","Srf"
"1641","Prkcg","Trp53"
"1642","Prkcg","Ikbkb"
"1643","Prkcg","Ikbkg"
"1644","Vegfa","Atf4"
"1645","Vegfa","Elk1"
"1646","Vegfa","Elk4"
"1647","Vegfa","Fos"
"1648","Vegfa","Jun"
"1649","Vegfa","Jund"
"1650","Vegfa","Mapk10"
"1651","Vegfa","Mapk8"
"1652","Vegfa","Mapk9"
"1653","Vegfa","Myc"
"1654","Vegfa","Nfatc1"
"1655","Vegfa","Nfatc3"
"1656","Vegfa","Nfkb1"
"1657","Vegfa","Nfkb2"
"1658","Vegfa","Rela"
"1659","Vegfa","Relb"
"1660","Vegfa","Srf"
"1661","Vegfa","Trp53"
"1662","Vegfa","Ikbkb"
"1663","Vegfa","Ikbkg"
"1664","Tgfbr1,Tgfbr2","Atf2"
"1665","Tgfbr1,Tgfbr2","Atf4"
"1666","Tgfbr1,Tgfbr2","Ddit3"
"1667","Tgfbr1,Tgfbr2","Elk1"
"1668","Tgfbr1,Tgfbr2","Elk4"
"1669","Tgfbr1,Tgfbr2","Fos"
"1670","Tgfbr1,Tgfbr2","Mapk11"
"1671","Tgfbr1,Tgfbr2","Mapk12"
"1672","Tgfbr1,Tgfbr2","Mapk13"
"1673","Tgfbr1,Tgfbr2","Mapk14"
"1674","Tgfbr1,Tgfbr2","Max"
"1675","Tgfbr1,Tgfbr2","Srf"
"1676","Tgfbr1,Tgfbr2","Trp53"
"1677","Tgfbr1,Tgfbr2","Daxx"
"1678","Tgfbr1,Tgfbr2","Hspb1"
"1679","Tgfbr1,Tgfbr2","Mef2c"
"1680","Tgfbr1,Tgfbr2","Rps6ka5"
"1681","Acvr1b,Tgfbr2","Atf2"
"1682","Acvr1b,Tgfbr2","Atf4"
"1683","Acvr1b,Tgfbr2","Ddit3"
"1684","Acvr1b,Tgfbr2","Elk1"
"1685","Acvr1b,Tgfbr2","Elk4"
"1686","Acvr1b,Tgfbr2","Fos"
"1687","Acvr1b,Tgfbr2","Mapk11"
"1688","Acvr1b,Tgfbr2","Mapk12"
"1689","Acvr1b,Tgfbr2","Mapk13"
"1690","Acvr1b,Tgfbr2","Mapk14"
"1691","Acvr1b,Tgfbr2","Max"
"1692","Acvr1b,Tgfbr2","Srf"
"1693","Acvr1b,Tgfbr2","Trp53"
"1694","Acvr1b,Tgfbr2","Daxx"
"1695","Acvr1b,Tgfbr2","Hspb1"
"1696","Acvr1b,Tgfbr2","Mef2c"
"1697","Acvr1b,Tgfbr2","Rps6ka5"
"1698","Acvr1c,Tgfbr2","Atf2"
"1699","Acvr1c,Tgfbr2","Atf4"
"1700","Acvr1c,Tgfbr2","Ddit3"
"1701","Acvr1c,Tgfbr2","Elk1"
"1702","Acvr1c,Tgfbr2","Elk4"
"1703","Acvr1c,Tgfbr2","Fos"
"1704","Acvr1c,Tgfbr2","Mapk11"
"1705","Acvr1c,Tgfbr2","Mapk12"
"1706","Acvr1c,Tgfbr2","Mapk13"
"1707","Acvr1c,Tgfbr2","Mapk14"
"1708","Acvr1c,Tgfbr2","Max"
"1709","Acvr1c,Tgfbr2","Srf"
"1710","Acvr1c,Tgfbr2","Trp53"
"1711","Acvr1c,Tgfbr2","Daxx"
"1712","Acvr1c,Tgfbr2","Hspb1"
"1713","Acvr1c,Tgfbr2","Mef2c"
"1714","Acvr1c,Tgfbr2","Rps6ka5"
"1715","Acvr1,Tgfbr1,Tgfbr2","Atf2"
"1716","Acvr1,Tgfbr1,Tgfbr2","Atf4"
"1717","Acvr1,Tgfbr1,Tgfbr2","Ddit3"
"1718","Acvr1,Tgfbr1,Tgfbr2","Elk1"
"1719","Acvr1,Tgfbr1,Tgfbr2","Elk4"
"1720","Acvr1,Tgfbr1,Tgfbr2","Fos"
"1721","Acvr1,Tgfbr1,Tgfbr2","Mapk11"
"1722","Acvr1,Tgfbr1,Tgfbr2","Mapk12"
"1723","Acvr1,Tgfbr1,Tgfbr2","Mapk13"
"1724","Acvr1,Tgfbr1,Tgfbr2","Mapk14"
"1725","Acvr1,Tgfbr1,Tgfbr2","Max"
"1726","Acvr1,Tgfbr1,Tgfbr2","Srf"
"1727","Acvr1,Tgfbr1,Tgfbr2","Trp53"
"1728","Acvr1,Tgfbr1,Tgfbr2","Daxx"
"1729","Acvr1,Tgfbr1,Tgfbr2","Hspb1"
"1730","Acvr1,Tgfbr1,Tgfbr2","Mef2c"
"1731","Acvr1,Tgfbr1,Tgfbr2","Rps6ka5"
"1732","Tgfbr1,Acvr2a","Atf2"
"1733","Tgfbr1,Acvr2a","Atf4"
"1734","Tgfbr1,Acvr2a","Ddit3"
"1735","Tgfbr1,Acvr2a","Elk1"
"1736","Tgfbr1,Acvr2a","Elk4"
"1737","Tgfbr1,Acvr2a","Fos"
"1738","Tgfbr1,Acvr2a","Mapk11"
"1739","Tgfbr1,Acvr2a","Mapk12"
"1740","Tgfbr1,Acvr2a","Mapk13"
"1741","Tgfbr1,Acvr2a","Mapk14"
"1742","Tgfbr1,Acvr2a","Max"
"1743","Tgfbr1,Acvr2a","Srf"
"1744","Tgfbr1,Acvr2a","Trp53"
"1745","Tgfbr1,Acvr2a","Daxx"
"1746","Tgfbr1,Acvr2a","Hspb1"
"1747","Tgfbr1,Acvr2a","Mef2c"
"1748","Tgfbr1,Acvr2a","Rps6ka5"
"1749","Tgfbr1,Acvr2b","Atf2"
"1750","Tgfbr1,Acvr2b","Atf4"
"1751","Tgfbr1,Acvr2b","Ddit3"
"1752","Tgfbr1,Acvr2b","Elk1"
"1753","Tgfbr1,Acvr2b","Elk4"
"1754","Tgfbr1,Acvr2b","Fos"
"1755","Tgfbr1,Acvr2b","Mapk11"
"1756","Tgfbr1,Acvr2b","Mapk12"
"1757","Tgfbr1,Acvr2b","Mapk13"
"1758","Tgfbr1,Acvr2b","Mapk14"
"1759","Tgfbr1,Acvr2b","Max"
"1760","Tgfbr1,Acvr2b","Srf"
"1761","Tgfbr1,Acvr2b","Trp53"
"1762","Tgfbr1,Acvr2b","Daxx"
"1763","Tgfbr1,Acvr2b","Hspb1"
"1764","Tgfbr1,Acvr2b","Mef2c"
"1765","Tgfbr1,Acvr2b","Rps6ka5"
"1766","Egfr,Erbb2","Atf4"
"1767","Egfr,Erbb2","Elk1"
"1768","Egfr,Erbb2","Elk4"
"1769","Egfr,Erbb2","Jund"
"1770","Egfr,Erbb2","Mapk10"
"1771","Egfr,Erbb2","Mapk8"
"1772","Egfr,Erbb2","Mapk9"
"1773","Egfr,Erbb2","Myc"
"1774","Egfr,Erbb2","Nfatc1"
"1775","Egfr,Erbb2","Nfatc3"
"1776","Egfr,Erbb2","Nfkb1"
"1777","Egfr,Erbb2","Nfkb2"
"1778","Egfr,Erbb2","Rela"
"1779","Egfr,Erbb2","Relb"
"1780","Egfr,Erbb2","Srf"
"1781","Egfr,Erbb2","Trp53"
"1782","Egfr,Erbb2","Ikbkb"
"1783","Egfr,Erbb2","Ikbkg"
"1784","Erbb2,Erbb4","Atf4"
"1785","Erbb2,Erbb4","Elk1"
"1786","Erbb2,Erbb4","Elk4"
"1787","Erbb2,Erbb4","Jund"
"1788","Erbb2,Erbb4","Mapk10"
"1789","Erbb2,Erbb4","Mapk8"
"1790","Erbb2,Erbb4","Mapk9"
"1791","Erbb2,Erbb4","Myc"
"1792","Erbb2,Erbb4","Nfatc1"
"1793","Erbb2,Erbb4","Nfatc3"
"1794","Erbb2,Erbb4","Nfkb1"
"1795","Erbb2,Erbb4","Nfkb2"
"1796","Erbb2,Erbb4","Rela"
"1797","Erbb2,Erbb4","Relb"
"1798","Erbb2,Erbb4","Srf"
"1799","Erbb2,Erbb4","Trp53"
"1800","Erbb2,Erbb4","Ikbkb"
"1801","Erbb2,Erbb4","Ikbkg"
"1802","Erbb2,Erbb3","Atf4"
"1803","Erbb2,Erbb3","Elk1"
"1804","Erbb2,Erbb3","Elk4"
"1805","Erbb2,Erbb3","Jund"
"1806","Erbb2,Erbb3","Mapk10"
"1807","Erbb2,Erbb3","Mapk8"
"1808","Erbb2,Erbb3","Mapk9"
"1809","Erbb2,Erbb3","Myc"
"1810","Erbb2,Erbb3","Nfatc1"
"1811","Erbb2,Erbb3","Nfatc3"
"1812","Erbb2,Erbb3","Nfkb1"
"1813","Erbb2,Erbb3","Nfkb2"
"1814","Erbb2,Erbb3","Rela"
"1815","Erbb2,Erbb3","Relb"
"1816","Erbb2,Erbb3","Srf"
"1817","Erbb2,Erbb3","Trp53"
"1818","Erbb2,Erbb3","Ikbkb"
"1819","Erbb2,Erbb3","Ikbkg"
"1820","Flt1,Kdr","Atf4"
"1821","Flt1,Kdr","Elk1"
"1822","Flt1,Kdr","Elk4"
"1823","Flt1,Kdr","Fos"
"1824","Flt1,Kdr","Jun"
"1825","Flt1,Kdr","Jund"
"1826","Flt1,Kdr","Mapk10"
"1827","Flt1,Kdr","Mapk8"
"1828","Flt1,Kdr","Mapk9"
"1829","Flt1,Kdr","Myc"
"1830","Flt1,Kdr","Nfatc1"
"1831","Flt1,Kdr","Nfatc3"
"1832","Flt1,Kdr","Nfkb1"
"1833","Flt1,Kdr","Nfkb2"
"1834","Flt1,Kdr","Rela"
"1835","Flt1,Kdr","Relb"
"1836","Flt1,Kdr","Srf"
"1837","Flt1,Kdr","Trp53"
"1838","Flt1,Kdr","Ikbkb"
"1839","Flt1,Kdr","Ikbkg"
"1840","Flt4,Kdr","Atf4"
"1841","Flt4,Kdr","Elk1"
"1842","Flt4,Kdr","Elk4"
"1843","Flt4,Kdr","Fos"
"1844","Flt4,Kdr","Jun"
"1845","Flt4,Kdr","Jund"
"1846","Flt4,Kdr","Mapk10"
"1847","Flt4,Kdr","Mapk8"
"1848","Flt4,Kdr","Mapk9"
"1849","Flt4,Kdr","Myc"
"1850","Flt4,Kdr","Nfatc1"
"1851","Flt4,Kdr","Nfatc3"
"1852","Flt4,Kdr","Nfkb1"
"1853","Flt4,Kdr","Nfkb2"
"1854","Flt4,Kdr","Rela"
"1855","Flt4,Kdr","Relb"
"1856","Flt4,Kdr","Srf"
"1857","Flt4,Kdr","Trp53"
"1858","Flt4,Kdr","Ikbkb"
"1859","Flt4,Kdr","Ikbkg"
"1860","Il1r1,Il1rap","Atf2"
"1861","Il1r1,Il1rap","Atf4"
"1862","Il1r1,Il1rap","Ddit3"
"1863","Il1r1,Il1rap","Elk1"
"1864","Il1r1,Il1rap","Elk4"
"1865","Il1r1,Il1rap","Fos"
"1866","Il1r1,Il1rap","Mapk11"
"1867","Il1r1,Il1rap","Mapk12"
"1868","Il1r1,Il1rap","Mapk13"
"1869","Il1r1,Il1rap","Mapk14"
"1870","Il1r1,Il1rap","Max"
"1871","Il1r1,Il1rap","Myd88"
"1872","Il1r1,Il1rap","Nfkb1"
"1873","Il1r1,Il1rap","Nfkb2"
"1874","Il1r1,Il1rap","Rela"
"1875","Il1r1,Il1rap","Relb"
"1876","Il1r1,Il1rap","Srf"
"1877","Il1r1,Il1rap","Trp53"
"1878","Il1r1,Il1rap","Hspb1"
"1879","Il1r1,Il1rap","Ikbkb"
"1880","Il1r1,Il1rap","Map3k7"
"1881","Il1r1,Il1rap","Mef2c"
"1882","Il1r1,Il1rap","Rps6ka5"
"1883","Il1r1,Il1rap","Ikbkg"
"1884","Il1rl2,Il1rap","Atf2"
"1885","Il1rl2,Il1rap","Atf4"
"1886","Il1rl2,Il1rap","Ddit3"
"1887","Il1rl2,Il1rap","Elk1"
"1888","Il1rl2,Il1rap","Elk4"
"1889","Il1rl2,Il1rap","Fos"
"1890","Il1rl2,Il1rap","Mapk11"
"1891","Il1rl2,Il1rap","Mapk12"
"1892","Il1rl2,Il1rap","Mapk13"
"1893","Il1rl2,Il1rap","Mapk14"
"1894","Il1rl2,Il1rap","Max"
"1895","Il1rl2,Il1rap","Myd88"
"1896","Il1rl2,Il1rap","Nfkb1"
"1897","Il1rl2,Il1rap","Nfkb2"
"1898","Il1rl2,Il1rap","Rela"
"1899","Il1rl2,Il1rap","Relb"
"1900","Il1rl2,Il1rap","Srf"
"1901","Il1rl2,Il1rap","Trp53"
"1902","Il1rl2,Il1rap","Hspb1"
"1903","Il1rl2,Il1rap","Ikbkb"
"1904","Il1rl2,Il1rap","Map3k7"
"1905","Il1rl2,Il1rap","Mef2c"
"1906","Il1rl2,Il1rap","Rps6ka5"
"1907","Il1rl2,Il1rap","Ikbkg"
"1908","Il1rl1,Il1rap","Atf2"
"1909","Il1rl1,Il1rap","Atf4"
"1910","Il1rl1,Il1rap","Ddit3"
"1911","Il1rl1,Il1rap","Elk1"
"1912","Il1rl1,Il1rap","Elk4"
"1913","Il1rl1,Il1rap","Fos"
"1914","Il1rl1,Il1rap","Mapk11"
"1915","Il1rl1,Il1rap","Mapk12"
"1916","Il1rl1,Il1rap","Mapk13"
"1917","Il1rl1,Il1rap","Mapk14"
"1918","Il1rl1,Il1rap","Max"
"1919","Il1rl1,Il1rap","Myd88"
"1920","Il1rl1,Il1rap","Nfkb1"
"1921","Il1rl1,Il1rap","Nfkb2"
"1922","Il1rl1,Il1rap","Rela"
"1923","Il1rl1,Il1rap","Relb"
"1924","Il1rl1,Il1rap","Srf"
"1925","Il1rl1,Il1rap","Trp53"
"1926","Il1rl1,Il1rap","Hspb1"
"1927","Il1rl1,Il1rap","Ikbkb"
"1928","Il1rl1,Il1rap","Map3k7"
"1929","Il1rl1,Il1rap","Mef2c"
"1930","Il1rl1,Il1rap","Rps6ka5"
"1931","Il1rl1,Il1rap","Ikbkg"
"1932","Plxna1,Kdr","Atf4"
"1933","Plxna1,Kdr","Elk1"
"1934","Plxna1,Kdr","Elk4"
"1935","Plxna1,Kdr","Fos"
"1936","Plxna1,Kdr","Jun"
"1937","Plxna1,Kdr","Jund"
"1938","Plxna1,Kdr","Mapk10"
"1939","Plxna1,Kdr","Mapk8"
"1940","Plxna1,Kdr","Mapk9"
"1941","Plxna1,Kdr","Myc"
"1942","Plxna1,Kdr","Nfatc1"
"1943","Plxna1,Kdr","Nfatc3"
"1944","Plxna1,Kdr","Nfkb1"
"1945","Plxna1,Kdr","Nfkb2"
"1946","Plxna1,Kdr","Rela"
"1947","Plxna1,Kdr","Relb"
"1948","Plxna1,Kdr","Srf"
"1949","Plxna1,Kdr","Trp53"
"1950","Plxna1,Kdr","Ikbkb"
"1951","Plxna1,Kdr","Ikbkg"
"1952","Tradd","Atf2"
"1953","Tradd","Atf4"
"1954","Tradd","Ddit3"
"1955","Tradd","Elk1"
"1956","Tradd","Elk4"
"1957","Tradd","Fos"
"1958","Tradd","Jun"
"1959","Tradd","Jund"
"1960","Tradd","Mapk1"
"1961","Tradd","Mapk10"
"1962","Tradd","Mapk11"
"1963","Tradd","Mapk12"
"1964","Tradd","Mapk13"
"1965","Tradd","Mapk14"
"1966","Tradd","Mapk3"
"1967","Tradd","Mapk8"
"1968","Tradd","Mapk9"
"1969","Tradd","Max"
"1970","Tradd","Myc"
"1971","Tradd","Nfatc1"
"1972","Tradd","Nfatc3"
"1973","Tradd","Nfkb1"
"1974","Tradd","Nfkb2"
"1975","Tradd","Rela"
"1976","Tradd","Relb"
"1977","Tradd","Srf"
"1978","Tradd","Trp53"
"1979","Tradd","Hspb1"
"1980","Tradd","Ikbkb"
"1981","Tradd","Map3k7"
"1982","Tradd","Mef2c"
"1983","Tradd","Rps6ka5"
"1984","Tradd","Ikbkg"
"1985","Cd14","Atf2"
"1986","Cd14","Atf4"
"1987","Cd14","Ddit3"
"1988","Cd14","Elk1"
"1989","Cd14","Elk4"
"1990","Cd14","Fos"
"1991","Cd14","Mapk11"
"1992","Cd14","Mapk12"
"1993","Cd14","Mapk13"
"1994","Cd14","Mapk14"
"1995","Cd14","Max"
"1996","Cd14","Nfkb1"
"1997","Cd14","Nfkb2"
"1998","Cd14","Rela"
"1999","Cd14","Relb"
"2000","Cd14","Srf"
"2001","Cd14","Trp53"
"2002","Cd14","Hspb1"
"2003","Cd14","Ikbkb"
"2004","Cd14","Map3k7"
"2005","Cd14","Mef2c"
"2006","Cd14","Rps6ka5"
"2007","Cd14","Ikbkg"
"2008","Pdgfa","Atf4"
"2009","Pdgfa","Elk1"
"2010","Pdgfa","Elk4"
"2011","Pdgfa","Fos"
"2012","Pdgfa","Jun"
"2013","Pdgfa","Jund"
"2014","Pdgfa","Mapk10"
"2015","Pdgfa","Mapk8"
"2016","Pdgfa","Mapk9"
"2017","Pdgfa","Myc"
"2018","Pdgfa","Nfatc1"
"2019","Pdgfa","Nfatc3"
"2020","Pdgfa","Nfkb1"
"2021","Pdgfa","Nfkb2"
"2022","Pdgfa","Rela"
"2023","Pdgfa","Relb"
"2024","Pdgfa","Srf"
"2025","Pdgfa","Trp53"
"2026","Pdgfa","Ikbkb"
"2027","Pdgfa","Ikbkg"
"2028","Erbb4","Akt1"
"2029","Erbb4","Stat5a"
"2030","Erbb4","Stat5b"
"2031","Egfr","Stat5a"
"2032","Egfr","Stat5b"
"2033","Egfr","Abl1"
"2034","Erbb2","Stat5a"
"2035","Erbb2","Stat5b"
"2036","Pak1","Elk1"
"2037","Pak1","Jun"
"2038","Pak1","Mapk10"
"2039","Pak1","Mapk8"
"2040","Pak1","Mapk9"
"2041","Pak2","Elk1"
"2042","Pak2","Jun"
"2043","Pak2","Mapk10"
"2044","Pak2","Mapk8"
"2045","Pak2","Mapk9"
"2046","Pak3","Elk1"
"2047","Pak3","Jun"
"2048","Pak3","Mapk10"
"2049","Pak3","Mapk8"
"2050","Pak3","Mapk9"
"2051","Egfr,Erbb2","Stat5a"
"2052","Egfr,Erbb2","Stat5b"
"2053","Egfr,Erbb2","Abl1"
"2054","Erbb2,Erbb4","Stat5a"
"2055","Erbb2,Erbb4","Stat5b"
"2056","Erbb2,Erbb3","Stat5a"
"2057","Erbb2,Erbb3","Stat5b"
"2058","Insr","Akt1"
"2059","Insr","Ets1"
"2060","Insr","Ets2"
"2061","Insr","Rel"
"2062","Insr","Abl1"
"2063","Insr","Foxo4"
"2064","Insr","Rala"
"2065","Egfr","Ets1"
"2066","Egfr","Ets2"
"2067","Egfr","Rel"
"2068","Egfr","Foxo4"
"2069","Egfr","Rala"
"2070","Tek","Akt1"
"2071","Tek","Ets1"
"2072","Tek","Ets2"
"2073","Tek","Rel"
"2074","Tek","Abl1"
"2075","Tek","Foxo4"
"2076","Tek","Rala"
"2077","Ngfr","Akt1"
"2078","Ngfr","Ets1"
"2079","Ngfr","Ets2"
"2080","Ngfr","Rel"
"2081","Ngfr","Abl1"
"2082","Ngfr","Foxo4"
"2083","Ngfr","Rala"
"2084","Ntrk2","Akt1"
"2085","Ntrk2","Ets1"
"2086","Ntrk2","Ets2"
"2087","Ntrk2","Rel"
"2088","Ntrk2","Abl1"
"2089","Ntrk2","Foxo4"
"2090","Ntrk2","Rala"
"2091","Igf1r","Ets1"
"2092","Igf1r","Ets2"
"2093","Igf1r","Rel"
"2094","Igf1r","Abl1"
"2095","Igf1r","Foxo4"
"2096","Igf1r","Rala"
"2097","Kit","Akt1"
"2098","Kit","Ets1"
"2099","Kit","Ets2"
"2100","Kit","Rel"
"2101","Kit","Abl1"
"2102","Kit","Foxo4"
"2103","Kit","Rala"
"2104","Kdr","Ets1"
"2105","Kdr","Ets2"
"2106","Kdr","Rel"
"2107","Kdr","Abl1"
"2108","Kdr","Foxo4"
"2109","Kdr","Rala"
"2110","Flt4","Akt1"
"2111","Flt4","Ets1"
"2112","Flt4","Ets2"
"2113","Flt4","Rel"
"2114","Flt4","Abl1"
"2115","Flt4","Foxo4"
"2116","Flt4","Rala"
"2117","Csf1r","Akt1"
"2118","Csf1r","Ets1"
"2119","Csf1r","Ets2"
"2120","Csf1r","Rel"
"2121","Csf1r","Abl1"
"2122","Csf1r","Foxo4"
"2123","Csf1r","Rala"
"2124","Ntrk1","Akt1"
"2125","Ntrk1","Ets1"
"2126","Ntrk1","Ets2"
"2127","Ntrk1","Rel"
"2128","Ntrk1","Abl1"
"2129","Ntrk1","Foxo4"
"2130","Ntrk1","Rala"
"2131","Met","Ets1"
"2132","Met","Ets2"
"2133","Met","Rel"
"2134","Met","Abl1"
"2135","Met","Foxo4"
"2136","Met","Rala"
"2137","Epha2","Akt1"
"2138","Epha2","Ets1"
"2139","Epha2","Ets2"
"2140","Epha2","Rel"
"2141","Epha2","Abl1"
"2142","Epha2","Foxo4"
"2143","Epha2","Rala"
"2144","Fgfr1","Akt1"
"2145","Fgfr1","Ets1"
"2146","Fgfr1","Ets2"
"2147","Fgfr1","Rel"
"2148","Fgfr1","Abl1"
"2149","Fgfr1","Foxo4"
"2150","Fgfr1","Rala"
"2151","Fgfr2","Ets1"
"2152","Fgfr2","Ets2"
"2153","Fgfr2","Rel"
"2154","Fgfr2","Abl1"
"2155","Fgfr2","Foxo4"
"2156","Fgfr2","Rala"
"2157","Fgfr3","Ets1"
"2158","Fgfr3","Ets2"
"2159","Fgfr3","Rel"
"2160","Fgfr3","Abl1"
"2161","Fgfr3","Foxo4"
"2162","Fgfr3","Rala"
"2163","Fgfr4","Akt1"
"2164","Fgfr4","Ets1"
"2165","Fgfr4","Ets2"
"2166","Fgfr4","Rel"
"2167","Fgfr4","Abl1"
"2168","Fgfr4","Foxo4"
"2169","Fgfr4","Rala"
"2170","Flt3","Akt1"
"2171","Flt3","Ets1"
"2172","Flt3","Ets2"
"2173","Flt3","Rel"
"2174","Flt3","Abl1"
"2175","Flt3","Foxo4"
"2176","Flt3","Rala"
"2177","Pdgfrb","Ets1"
"2178","Pdgfrb","Ets2"
"2179","Pdgfrb","Rel"
"2180","Pdgfrb","Abl1"
"2181","Pdgfrb","Foxo4"
"2182","Pdgfrb","Rala"
"2183","Pdgfra","Ets1"
"2184","Pdgfra","Ets2"
"2185","Pdgfra","Rel"
"2186","Pdgfra","Abl1"
"2187","Pdgfra","Foxo4"
"2188","Pdgfra","Rala"
"2189","Flt1","Akt1"
"2190","Flt1","Ets1"
"2191","Flt1","Ets2"
"2192","Flt1","Rel"
"2193","Flt1","Abl1"
"2194","Flt1","Foxo4"
"2195","Flt1","Rala"
"2196","Htr7","Akt1"
"2197","Htr7","Elk1"
"2198","Htr7","Ets1"
"2199","Htr7","Ets2"
"2200","Htr7","Mapk1"
"2201","Htr7","Mapk10"
"2202","Htr7","Mapk3"
"2203","Htr7","Mapk8"
"2204","Htr7","Mapk9"
"2205","Htr7","Nfkb1"
"2206","Htr7","Rel"
"2207","Htr7","Rela"
"2208","Htr7","Abl1"
"2209","Htr7","Foxo4"
"2210","Htr7","Ikbkb"
"2211","Htr7","Raf1"
"2212","Htr7","Rala"
"2213","Htr7","Ikbkg"
"2214","Pik3r1","Nfkb1"
"2215","Pik3r1","Rela"
"2216","Pik3r1","Foxo4"
"2217","Pik3r1","Ikbkb"
"2218","Pik3r1","Ikbkg"
"2219","Pik3r2","Nfkb1"
"2220","Pik3r2","Rela"
"2221","Pik3r2","Foxo4"
"2222","Pik3r2","Ikbkb"
"2223","Pik3r2","Ikbkg"
"2224","Pik3r3","Nfkb1"
"2225","Pik3r3","Rela"
"2226","Pik3r3","Foxo4"
"2227","Pik3r3","Ikbkb"
"2228","Pik3r3","Ikbkg"
"2229","Raf1","Ets1"
"2230","Raf1","Ets2"
"2231","Raf1","Mapk10"
"2232","Raf1","Mapk8"
"2233","Raf1","Mapk9"
"2234","Raf1","Nfkb1"
"2235","Raf1","Rel"
"2236","Raf1","Rela"
"2237","Raf1","Abl1"
"2238","Raf1","Foxo4"
"2239","Raf1","Ikbkb"
"2240","Raf1","Rala"
"2241","Raf1","Ikbkg"
"2242","Vegfa","Ets1"
"2243","Vegfa","Ets2"
"2244","Vegfa","Rel"
"2245","Vegfa","Abl1"
"2246","Vegfa","Foxo4"
"2247","Vegfa","Rala"
"2248","Egfr,Erbb2","Ets1"
"2249","Egfr,Erbb2","Ets2"
"2250","Egfr,Erbb2","Rel"
"2251","Egfr,Erbb2","Foxo4"
"2252","Egfr,Erbb2","Rala"
"2253","Flt1,Kdr","Ets1"
"2254","Flt1,Kdr","Ets2"
"2255","Flt1,Kdr","Rel"
"2256","Flt1,Kdr","Abl1"
"2257","Flt1,Kdr","Foxo4"
"2258","Flt1,Kdr","Rala"
"2259","Flt4,Kdr","Ets1"
"2260","Flt4,Kdr","Ets2"
"2261","Flt4,Kdr","Rel"
"2262","Flt4,Kdr","Abl1"
"2263","Flt4,Kdr","Foxo4"
"2264","Flt4,Kdr","Rala"
"2265","Plxna1,Kdr","Ets1"
"2266","Plxna1,Kdr","Ets2"
"2267","Plxna1,Kdr","Rel"
"2268","Plxna1,Kdr","Abl1"
"2269","Plxna1,Kdr","Foxo4"
"2270","Plxna1,Kdr","Rala"
"2271","Pdgfa","Ets1"
"2272","Pdgfa","Ets2"
"2273","Pdgfa","Rel"
"2274","Pdgfa","Abl1"
"2275","Pdgfa","Foxo4"
"2276","Pdgfa","Rala"
"2277","Insr","Ctnnb1"
"2278","Insr","Mapk11"
"2279","Insr","Mapk12"
"2280","Insr","Mapk13"
"2281","Insr","Mapk14"
"2282","Insr","Rapgef3"
"2283","Insr","Id1"
"2284","Egfr","Ctnnb1"
"2285","Egfr","Mapk11"
"2286","Egfr","Mapk12"
"2287","Egfr","Mapk13"
"2288","Egfr","Mapk14"
"2289","Egfr","Rapgef3"
"2290","Egfr","Id1"
"2291","Tek","Ctnnb1"
"2292","Tek","Mapk11"
"2293","Tek","Mapk12"
"2294","Tek","Mapk13"
"2295","Tek","Mapk14"
"2296","Tek","Rapgef3"
"2297","Tek","Id1"
"2298","Fpr1","Akt1"
"2299","Fpr1","Ctnnb1"
"2300","Fpr1","Mapk1"
"2301","Fpr1","Mapk11"
"2302","Fpr1","Mapk12"
"2303","Fpr1","Mapk13"
"2304","Fpr1","Mapk14"
"2305","Fpr1","Mapk3"
"2306","Fpr1","Rapgef3"
"2307","Fpr1","Id1"
"2308","Fpr1","Rala"
"2309","Ngfr","Ctnnb1"
"2310","Ngfr","Mapk11"
"2311","Ngfr","Mapk12"
"2312","Ngfr","Mapk13"
"2313","Ngfr","Mapk14"
"2314","Ngfr","Rapgef3"
"2315","Ngfr","Id1"
"2316","Adcy8","Ctnnb1"
"2317","Adcy8","Mapk11"
"2318","Adcy8","Mapk12"
"2319","Adcy8","Mapk13"
"2320","Adcy8","Mapk14"
"2321","Adcy8","Rapgef3"
"2322","Adcy8","Id1"
"2323","Adcy8","Rala"
"2324","Igf1r","Ctnnb1"
"2325","Igf1r","Mapk11"
"2326","Igf1r","Mapk12"
"2327","Igf1r","Mapk13"
"2328","Igf1r","Mapk14"
"2329","Igf1r","Rapgef3"
"2330","Igf1r","Id1"
"2331","Kit","Ctnnb1"
"2332","Kit","Mapk11"
"2333","Kit","Mapk12"
"2334","Kit","Mapk13"
"2335","Kit","Mapk14"
"2336","Kit","Rapgef3"
"2337","Kit","Id1"
"2338","Kdr","Ctnnb1"
"2339","Kdr","Mapk11"
"2340","Kdr","Mapk12"
"2341","Kdr","Mapk13"
"2342","Kdr","Mapk14"
"2343","Kdr","Rapgef3"
"2344","Kdr","Id1"
"2345","Flt4","Ctnnb1"
"2346","Flt4","Mapk11"
"2347","Flt4","Mapk12"
"2348","Flt4","Mapk13"
"2349","Flt4","Mapk14"
"2350","Flt4","Rapgef3"
"2351","Flt4","Id1"
"2352","Csf1r","Ctnnb1"
"2353","Csf1r","Mapk11"
"2354","Csf1r","Mapk12"
"2355","Csf1r","Mapk13"
"2356","Csf1r","Mapk14"
"2357","Csf1r","Rapgef3"
"2358","Csf1r","Id1"
"2359","Met","Ctnnb1"
"2360","Met","Mapk11"
"2361","Met","Mapk12"
"2362","Met","Mapk13"
"2363","Met","Mapk14"
"2364","Met","Rapgef3"
"2365","Met","Id1"
"2366","Epha2","Ctnnb1"
"2367","Epha2","Mapk11"
"2368","Epha2","Mapk12"
"2369","Epha2","Mapk13"
"2370","Epha2","Mapk14"
"2371","Epha2","Rapgef3"
"2372","Epha2","Id1"
"2373","F2r","Akt1"
"2374","F2r","Ctnnb1"
"2375","F2r","Mapk1"
"2376","F2r","Mapk11"
"2377","F2r","Mapk12"
"2378","F2r","Mapk13"
"2379","F2r","Mapk14"
"2380","F2r","Mapk3"
"2381","F2r","Rapgef3"
"2382","F2r","Id1"
"2383","F2r","Rala"
"2384","F2rl3","Akt1"
"2385","F2rl3","Ctnnb1"
"2386","F2rl3","Mapk1"
"2387","F2rl3","Mapk11"
"2388","F2rl3","Mapk12"
"2389","F2rl3","Mapk13"
"2390","F2rl3","Mapk14"
"2391","F2rl3","Mapk3"
"2392","F2rl3","Rapgef3"
"2393","F2rl3","Id1"
"2394","F2rl3","Rala"
"2395","Fgfr1","Ctnnb1"
"2396","Fgfr1","Mapk11"
"2397","Fgfr1","Mapk12"
"2398","Fgfr1","Mapk13"
"2399","Fgfr1","Mapk14"
"2400","Fgfr1","Rapgef3"
"2401","Fgfr1","Id1"
"2402","Fgfr2","Ctnnb1"
"2403","Fgfr2","Mapk11"
"2404","Fgfr2","Mapk12"
"2405","Fgfr2","Mapk13"
"2406","Fgfr2","Mapk14"
"2407","Fgfr2","Rapgef3"
"2408","Fgfr2","Id1"
"2409","Fgfr3","Ctnnb1"
"2410","Fgfr3","Mapk11"
"2411","Fgfr3","Mapk12"
"2412","Fgfr3","Mapk13"
"2413","Fgfr3","Mapk14"
"2414","Fgfr3","Rapgef3"
"2415","Fgfr3","Id1"
"2416","Fgfr4","Ctnnb1"
"2417","Fgfr4","Mapk11"
"2418","Fgfr4","Mapk12"
"2419","Fgfr4","Mapk13"
"2420","Fgfr4","Mapk14"
"2421","Fgfr4","Rapgef3"
"2422","Fgfr4","Id1"
"2423","Adcy1","Ctnnb1"
"2424","Adcy1","Mapk11"
"2425","Adcy1","Mapk12"
"2426","Adcy1","Mapk13"
"2427","Adcy1","Mapk14"
"2428","Adcy1","Rapgef3"
"2429","Adcy1","Id1"
"2430","Adcy1","Rala"
"2431","Adcy7","Ctnnb1"
"2432","Adcy7","Mapk11"
"2433","Adcy7","Mapk12"
"2434","Adcy7","Mapk13"
"2435","Adcy7","Mapk14"
"2436","Adcy7","Rapgef3"
"2437","Adcy7","Id1"
"2438","Adcy7","Rala"
"2439","Adcy9","Ctnnb1"
"2440","Adcy9","Mapk11"
"2441","Adcy9","Mapk12"
"2442","Adcy9","Mapk13"
"2443","Adcy9","Mapk14"
"2444","Adcy9","Rapgef3"
"2445","Adcy9","Id1"
"2446","Adcy9","Rala"
"2447","Lpar3","Akt1"
"2448","Lpar3","Ctnnb1"
"2449","Lpar3","Mapk1"
"2450","Lpar3","Mapk11"
"2451","Lpar3","Mapk12"
"2452","Lpar3","Mapk13"
"2453","Lpar3","Mapk14"
"2454","Lpar3","Mapk3"
"2455","Lpar3","Rapgef3"
"2456","Lpar3","Id1"
"2457","Lpar3","Rala"
"2458","Lpar1","Akt1"
"2459","Lpar1","Ctnnb1"
"2460","Lpar1","Mapk1"
"2461","Lpar1","Mapk11"
"2462","Lpar1","Mapk12"
"2463","Lpar1","Mapk13"
"2464","Lpar1","Mapk14"
"2465","Lpar1","Mapk3"
"2466","Lpar1","Rapgef3"
"2467","Lpar1","Id1"
"2468","Lpar1","Rala"
"2469","Lpar2","Akt1"
"2470","Lpar2","Ctnnb1"
"2471","Lpar2","Mapk1"
"2472","Lpar2","Mapk11"
"2473","Lpar2","Mapk12"
"2474","Lpar2","Mapk13"
"2475","Lpar2","Mapk14"
"2476","Lpar2","Mapk3"
"2477","Lpar2","Rapgef3"
"2478","Lpar2","Id1"
"2479","Lpar2","Rala"
"2480","Lpar4","Akt1"
"2481","Lpar4","Ctnnb1"
"2482","Lpar4","Mapk1"
"2483","Lpar4","Mapk11"
"2484","Lpar4","Mapk12"
"2485","Lpar4","Mapk13"
"2486","Lpar4","Mapk14"
"2487","Lpar4","Mapk3"
"2488","Lpar4","Rapgef3"
"2489","Lpar4","Id1"
"2490","Lpar4","Rala"
"2491","Pdgfrb","Ctnnb1"
"2492","Pdgfrb","Mapk11"
"2493","Pdgfrb","Mapk12"
"2494","Pdgfrb","Mapk13"
"2495","Pdgfrb","Mapk14"
"2496","Pdgfrb","Rapgef3"
"2497","Pdgfrb","Id1"
"2498","Adora2b","Akt1"
"2499","Adora2b","Ctnnb1"
"2500","Adora2b","Mapk1"
"2501","Adora2b","Mapk11"
"2502","Adora2b","Mapk12"
"2503","Adora2b","Mapk13"
"2504","Adora2b","Mapk14"
"2505","Adora2b","Mapk3"
"2506","Adora2b","Rapgef3"
"2507","Adora2b","Id1"
"2508","Adora2b","Rala"
"2509","Pdgfra","Ctnnb1"
"2510","Pdgfra","Mapk11"
"2511","Pdgfra","Mapk12"
"2512","Pdgfra","Mapk13"
"2513","Pdgfra","Mapk14"
"2514","Pdgfra","Rapgef3"
"2515","Pdgfra","Id1"
"2516","Flt1","Ctnnb1"
"2517","Flt1","Mapk11"
"2518","Flt1","Mapk12"
"2519","Flt1","Mapk13"
"2520","Flt1","Mapk14"
"2521","Flt1","Rapgef3"
"2522","Flt1","Id1"
"2523","Plcb2","Akt1"
"2524","Plcb2","Ctnnb1"
"2525","Plcb2","Mapk1"
"2526","Plcb2","Mapk11"
"2527","Plcb2","Mapk12"
"2528","Plcb2","Mapk13"
"2529","Plcb2","Mapk14"
"2530","Plcb2","Mapk3"
"2531","Plcb2","Rapgef3"
"2532","Plcb2","Id1"
"2533","Plcb2","Rala"
"2534","Adcy5","Ctnnb1"
"2535","Adcy5","Mapk11"
"2536","Adcy5","Mapk12"
"2537","Adcy5","Mapk13"
"2538","Adcy5","Mapk14"
"2539","Adcy5","Rapgef3"
"2540","Adcy5","Id1"
"2541","Adcy5","Rala"
"2542","Prkca","Akt1"
"2543","Prkca","Ctnnb1"
"2544","Prkca","Mapk11"
"2545","Prkca","Mapk12"
"2546","Prkca","Mapk13"
"2547","Prkca","Mapk14"
"2548","Prkca","Id1"
"2549","Prkca","Rala"
"2550","Prkcb","Akt1"
"2551","Prkcb","Ctnnb1"
"2552","Prkcb","Mapk11"
"2553","Prkcb","Mapk12"
"2554","Prkcb","Mapk13"
"2555","Prkcb","Mapk14"
"2556","Prkcb","Id1"
"2557","Prkcb","Rala"
"2558","Prkcg","Akt1"
"2559","Prkcg","Ctnnb1"
"2560","Prkcg","Mapk11"
"2561","Prkcg","Mapk12"
"2562","Prkcg","Mapk13"
"2563","Prkcg","Mapk14"
"2564","Prkcg","Id1"
"2565","Prkcg","Rala"
"2566","Vegfa","Ctnnb1"
"2567","Vegfa","Mapk11"
"2568","Vegfa","Mapk12"
"2569","Vegfa","Mapk13"
"2570","Vegfa","Mapk14"
"2571","Vegfa","Rapgef3"
"2572","Vegfa","Id1"
"2573","Egfr,Erbb2","Ctnnb1"
"2574","Egfr,Erbb2","Mapk11"
"2575","Egfr,Erbb2","Mapk12"
"2576","Egfr,Erbb2","Mapk13"
"2577","Egfr,Erbb2","Mapk14"
"2578","Egfr,Erbb2","Rapgef3"
"2579","Egfr,Erbb2","Id1"
"2580","Flt1,Kdr","Ctnnb1"
"2581","Flt1,Kdr","Mapk11"
"2582","Flt1,Kdr","Mapk12"
"2583","Flt1,Kdr","Mapk13"
"2584","Flt1,Kdr","Mapk14"
"2585","Flt1,Kdr","Rapgef3"
"2586","Flt1,Kdr","Id1"
"2587","Flt4,Kdr","Ctnnb1"
"2588","Flt4,Kdr","Mapk11"
"2589","Flt4,Kdr","Mapk12"
"2590","Flt4,Kdr","Mapk13"
"2591","Flt4,Kdr","Mapk14"
"2592","Flt4,Kdr","Rapgef3"
"2593","Flt4,Kdr","Id1"
"2594","Adora2a","Akt1"
"2595","Adora2a","Ctnnb1"
"2596","Adora2a","Mapk1"
"2597","Adora2a","Mapk11"
"2598","Adora2a","Mapk12"
"2599","Adora2a","Mapk13"
"2600","Adora2a","Mapk14"
"2601","Adora2a","Mapk3"
"2602","Adora2a","Rapgef3"
"2603","Adora2a","Id1"
"2604","Adora2a","Rala"
"2605","Cdh1","Akt1"
"2606","Cdh1","Ctnnb1"
"2607","Cdh1","Mapk1"
"2608","Cdh1","Mapk11"
"2609","Cdh1","Mapk12"
"2610","Cdh1","Mapk13"
"2611","Cdh1","Mapk14"
"2612","Cdh1","Mapk3"
"2613","Cdh1","Id1"
"2614","Cdh1","Rala"
"2615","Plxna1,Kdr","Ctnnb1"
"2616","Plxna1,Kdr","Mapk11"
"2617","Plxna1,Kdr","Mapk12"
"2618","Plxna1,Kdr","Mapk13"
"2619","Plxna1,Kdr","Mapk14"
"2620","Plxna1,Kdr","Rapgef3"
"2621","Plxna1,Kdr","Id1"
"2622","Pdgfa","Ctnnb1"
"2623","Pdgfa","Mapk11"
"2624","Pdgfa","Mapk12"
"2625","Pdgfa","Mapk13"
"2626","Pdgfa","Mapk14"
"2627","Pdgfa","Rapgef3"
"2628","Pdgfa","Id1"
"2629","Bdkrb2","Akt1"
"2630","Bdkrb2","Atf2"
"2631","Bdkrb2","Atf4"
"2632","Bdkrb2","Atf6b"
"2633","Bdkrb2","Creb1"
"2634","Bdkrb2","Creb3"
"2635","Bdkrb2","Creb3l1"
"2636","Bdkrb2","Creb3l2"
"2637","Bdkrb2","Creb3l3"
"2638","Bdkrb2","Creb3l4"
"2639","Bdkrb2","Creb5"
"2640","Bdkrb2","Mapk1"
"2641","Bdkrb2","Mapk3"
"2642","Bdkrb2","Gtf2i"
"2643","Bdkrb2","Gtf2ird1"
"2644","Bdkrb2","Raf1"
"2645","Insr","Atf2"
"2646","Insr","Atf6b"
"2647","Insr","Creb1"
"2648","Insr","Creb3"
"2649","Insr","Creb3l1"
"2650","Insr","Creb3l2"
"2651","Insr","Creb3l3"
"2652","Insr","Creb3l4"
"2653","Insr","Creb5"
"2654","Insr","Gtf2i"
"2655","Insr","Gtf2ird1"
"2656","Oprd1","Akt1"
"2657","Oprd1","Atf2"
"2658","Oprd1","Atf4"
"2659","Oprd1","Atf6b"
"2660","Oprd1","Creb1"
"2661","Oprd1","Creb3"
"2662","Oprd1","Creb3l1"
"2663","Oprd1","Creb3l2"
"2664","Oprd1","Creb3l3"
"2665","Oprd1","Creb3l4"
"2666","Oprd1","Creb5"
"2667","Oprd1","Mapk1"
"2668","Oprd1","Mapk3"
"2669","Oprd1","Gtf2i"
"2670","Oprd1","Gtf2ird1"
"2671","Oprd1","Raf1"
"2672","Adora1","Akt1"
"2673","Adora1","Atf2"
"2674","Adora1","Atf4"
"2675","Adora1","Atf6b"
"2676","Adora1","Creb1"
"2677","Adora1","Creb3"
"2678","Adora1","Creb3l1"
"2679","Adora1","Creb3l2"
"2680","Adora1","Creb3l3"
"2681","Adora1","Creb3l4"
"2682","Adora1","Creb5"
"2683","Adora1","Mapk1"
"2684","Adora1","Mapk3"
"2685","Adora1","Gtf2i"
"2686","Adora1","Gtf2ird1"
"2687","Adora1","Raf1"
"2688","Adrb3","Akt1"
"2689","Adrb3","Atf2"
"2690","Adrb3","Atf4"
"2691","Adrb3","Atf6b"
"2692","Adrb3","Creb1"
"2693","Adrb3","Creb3"
"2694","Adrb3","Creb3l1"
"2695","Adrb3","Creb3l2"
"2696","Adrb3","Creb3l3"
"2697","Adrb3","Creb3l4"
"2698","Adrb3","Creb5"
"2699","Adrb3","Mapk1"
"2700","Adrb3","Mapk3"
"2701","Adrb3","Gtf2i"
"2702","Adrb3","Gtf2ird1"
"2703","Adrb3","Raf1"
"2704","Adrb2","Akt1"
"2705","Adrb2","Atf2"
"2706","Adrb2","Atf4"
"2707","Adrb2","Atf6b"
"2708","Adrb2","Creb1"
"2709","Adrb2","Creb3"
"2710","Adrb2","Creb3l1"
"2711","Adrb2","Creb3l2"
"2712","Adrb2","Creb3l3"
"2713","Adrb2","Creb3l4"
"2714","Adrb2","Creb5"
"2715","Adrb2","Mapk1"
"2716","Adrb2","Mapk3"
"2717","Adrb2","Gtf2i"
"2718","Adrb2","Gtf2ird1"
"2719","Adrb2","Raf1"
"2720","Npr1","Atf2"
"2721","Npr1","Atf4"
"2722","Npr1","Atf6b"
"2723","Npr1","Creb1"
"2724","Npr1","Creb3"
"2725","Npr1","Creb3l1"
"2726","Npr1","Creb3l2"
"2727","Npr1","Creb3l3"
"2728","Npr1","Creb3l4"
"2729","Npr1","Creb5"
"2730","Npr1","Mapk1"
"2731","Npr1","Mapk3"
"2732","Npr1","Gtf2i"
"2733","Npr1","Gtf2ird1"
"2734","Npr1","Raf1"
"2735","Npr2","Atf2"
"2736","Npr2","Atf4"
"2737","Npr2","Atf6b"
"2738","Npr2","Creb1"
"2739","Npr2","Creb3"
"2740","Npr2","Creb3l1"
"2741","Npr2","Creb3l2"
"2742","Npr2","Creb3l3"
"2743","Npr2","Creb3l4"
"2744","Npr2","Creb5"
"2745","Npr2","Mapk1"
"2746","Npr2","Mapk3"
"2747","Npr2","Gtf2i"
"2748","Npr2","Gtf2ird1"
"2749","Npr2","Raf1"
"2750","Irs1","Akt1"
"2751","Irs1","Atf2"
"2752","Irs1","Atf4"
"2753","Irs1","Atf6b"
"2754","Irs1","Creb1"
"2755","Irs1","Creb3"
"2756","Irs1","Creb3l1"
"2757","Irs1","Creb3l2"
"2758","Irs1","Creb3l3"
"2759","Irs1","Creb3l4"
"2760","Irs1","Creb5"
"2761","Irs1","Mapk1"
"2762","Irs1","Mapk3"
"2763","Irs1","Gtf2i"
"2764","Irs1","Gtf2ird1"
"2765","Irs1","Raf1"
"2766","Adcyap1r1","Akt1"
"2767","Adcyap1r1","Creb1"
"2768","Adcyap1r1","Creb3"
"2769","Adcyap1r1","Creb3l1"
"2770","Adcyap1r1","Creb3l2"
"2771","Adcyap1r1","Creb3l3"
"2772","Adcyap1r1","Creb3l4"
"2773","Adcyap1r1","Creb5"
"2774","Adcyap1r1","Crebbp"
"2775","Adcyap1r1","Ep300"
"2776","Adcyap1r1","Fos"
"2777","Adcyap1r1","Gli1"
"2778","Adcyap1r1","Gli3"
"2779","Adcyap1r1","Jun"
"2780","Adcyap1r1","Mapk1"
"2781","Adcyap1r1","Mapk10"
"2782","Adcyap1r1","Mapk3"
"2783","Adcyap1r1","Mapk8"
"2784","Adcyap1r1","Mapk9"
"2785","Adcyap1r1","Nfatc1"
"2786","Adcyap1r1","Nfkb1"
"2787","Adcyap1r1","Ppara"
"2788","Adcyap1r1","Rapgef3"
"2789","Adcyap1r1","Rela"
"2790","Adcyap1r1","Grin1"
"2791","Adcyap1r1","Nfkbia"
"2792","Adcyap1r1","Raf1"
"2793","Adcyap1r1","Sox9"
"2794","Vipr2","Akt1"
"2795","Vipr2","Creb1"
"2796","Vipr2","Creb3"
"2797","Vipr2","Creb3l1"
"2798","Vipr2","Creb3l2"
"2799","Vipr2","Creb3l3"
"2800","Vipr2","Creb3l4"
"2801","Vipr2","Creb5"
"2802","Vipr2","Crebbp"
"2803","Vipr2","Ep300"
"2804","Vipr2","Fos"
"2805","Vipr2","Gli1"
"2806","Vipr2","Gli3"
"2807","Vipr2","Jun"
"2808","Vipr2","Mapk1"
"2809","Vipr2","Mapk10"
"2810","Vipr2","Mapk3"
"2811","Vipr2","Mapk8"
"2812","Vipr2","Mapk9"
"2813","Vipr2","Nfatc1"
"2814","Vipr2","Nfkb1"
"2815","Vipr2","Ppara"
"2816","Vipr2","Rapgef3"
"2817","Vipr2","Rela"
"2818","Vipr2","Grin1"
"2819","Vipr2","Nfkbia"
"2820","Vipr2","Raf1"
"2821","Vipr2","Sox9"
"2822","Oxtr","Akt1"
"2823","Oxtr","Creb1"
"2824","Oxtr","Creb3"
"2825","Oxtr","Creb3l1"
"2826","Oxtr","Creb3l2"
"2827","Oxtr","Creb3l3"
"2828","Oxtr","Creb3l4"
"2829","Oxtr","Creb5"
"2830","Oxtr","Crebbp"
"2831","Oxtr","Ep300"
"2832","Oxtr","Fos"
"2833","Oxtr","Gli1"
"2834","Oxtr","Gli3"
"2835","Oxtr","Jun"
"2836","Oxtr","Mapk1"
"2837","Oxtr","Mapk10"
"2838","Oxtr","Mapk3"
"2839","Oxtr","Mapk8"
"2840","Oxtr","Mapk9"
"2841","Oxtr","Nfatc1"
"2842","Oxtr","Nfkb1"
"2843","Oxtr","Ppara"
"2844","Oxtr","Rapgef3"
"2845","Oxtr","Rela"
"2846","Oxtr","Grin1"
"2847","Oxtr","Nfkbia"
"2848","Oxtr","Raf1"
"2849","Oxtr","Sox9"
"2850","Adcy8","Creb1"
"2851","Adcy8","Creb3"
"2852","Adcy8","Creb3l1"
"2853","Adcy8","Creb3l2"
"2854","Adcy8","Creb3l3"
"2855","Adcy8","Creb3l4"
"2856","Adcy8","Creb5"
"2857","Adcy8","Crebbp"
"2858","Adcy8","Ep300"
"2859","Adcy8","Gli1"
"2860","Adcy8","Gli3"
"2861","Adcy8","Mapk10"
"2862","Adcy8","Mapk8"
"2863","Adcy8","Mapk9"
"2864","Adcy8","Nfatc1"
"2865","Adcy8","Nfkb1"
"2866","Adcy8","Ppara"
"2867","Adcy8","Rela"
"2868","Adcy8","Grin1"
"2869","Adcy8","Nfkbia"
"2870","Adcy8","Sox9"
"2871","Glp1r","Akt1"
"2872","Glp1r","Creb1"
"2873","Glp1r","Creb3"
"2874","Glp1r","Creb3l1"
"2875","Glp1r","Creb3l2"
"2876","Glp1r","Creb3l3"
"2877","Glp1r","Creb3l4"
"2878","Glp1r","Creb5"
"2879","Glp1r","Crebbp"
"2880","Glp1r","Ep300"
"2881","Glp1r","Fos"
"2882","Glp1r","Gli1"
"2883","Glp1r","Gli3"
"2884","Glp1r","Jun"
"2885","Glp1r","Mapk1"
"2886","Glp1r","Mapk10"
"2887","Glp1r","Mapk3"
"2888","Glp1r","Mapk8"
"2889","Glp1r","Mapk9"
"2890","Glp1r","Nfatc1"
"2891","Glp1r","Nfkb1"
"2892","Glp1r","Ppara"
"2893","Glp1r","Rapgef3"
"2894","Glp1r","Rela"
"2895","Glp1r","Grin1"
"2896","Glp1r","Nfkbia"
"2897","Glp1r","Raf1"
"2898","Glp1r","Sox9"
"2899","Tshr","Akt1"
"2900","Tshr","Creb1"
"2901","Tshr","Creb3"
"2902","Tshr","Creb3l1"
"2903","Tshr","Creb3l2"
"2904","Tshr","Creb3l3"
"2905","Tshr","Creb3l4"
"2906","Tshr","Creb5"
"2907","Tshr","Crebbp"
"2908","Tshr","Ep300"
"2909","Tshr","Fos"
"2910","Tshr","Gli1"
"2911","Tshr","Gli3"
"2912","Tshr","Jun"
"2913","Tshr","Mapk1"
"2914","Tshr","Mapk10"
"2915","Tshr","Mapk3"
"2916","Tshr","Mapk8"
"2917","Tshr","Mapk9"
"2918","Tshr","Nfatc1"
"2919","Tshr","Nfkb1"
"2920","Tshr","Ppara"
"2921","Tshr","Rapgef3"
"2922","Tshr","Rela"
"2923","Tshr","Grin1"
"2924","Tshr","Nfkbia"
"2925","Tshr","Raf1"
"2926","Tshr","Sox9"
"2927","Fshr","Akt1"
"2928","Fshr","Creb1"
"2929","Fshr","Creb3"
"2930","Fshr","Creb3l1"
"2931","Fshr","Creb3l2"
"2932","Fshr","Creb3l3"
"2933","Fshr","Creb3l4"
"2934","Fshr","Creb5"
"2935","Fshr","Crebbp"
"2936","Fshr","Ep300"
"2937","Fshr","Fos"
"2938","Fshr","Gli1"
"2939","Fshr","Gli3"
"2940","Fshr","Jun"
"2941","Fshr","Mapk1"
"2942","Fshr","Mapk10"
"2943","Fshr","Mapk3"
"2944","Fshr","Mapk8"
"2945","Fshr","Mapk9"
"2946","Fshr","Nfatc1"
"2947","Fshr","Nfkb1"
"2948","Fshr","Ppara"
"2949","Fshr","Rapgef3"
"2950","Fshr","Rela"
"2951","Fshr","Grin1"
"2952","Fshr","Nfkbia"
"2953","Fshr","Raf1"
"2954","Fshr","Sox9"
"2955","Lhcgr","Akt1"
"2956","Lhcgr","Creb1"
"2957","Lhcgr","Creb3"
"2958","Lhcgr","Creb3l1"
"2959","Lhcgr","Creb3l2"
"2960","Lhcgr","Creb3l3"
"2961","Lhcgr","Creb3l4"
"2962","Lhcgr","Creb5"
"2963","Lhcgr","Crebbp"
"2964","Lhcgr","Ep300"
"2965","Lhcgr","Fos"
"2966","Lhcgr","Gli1"
"2967","Lhcgr","Gli3"
"2968","Lhcgr","Jun"
"2969","Lhcgr","Mapk1"
"2970","Lhcgr","Mapk10"
"2971","Lhcgr","Mapk3"
"2972","Lhcgr","Mapk8"
"2973","Lhcgr","Mapk9"
"2974","Lhcgr","Nfatc1"
"2975","Lhcgr","Nfkb1"
"2976","Lhcgr","Ppara"
"2977","Lhcgr","Rapgef3"
"2978","Lhcgr","Rela"
"2979","Lhcgr","Grin1"
"2980","Lhcgr","Nfkbia"
"2981","Lhcgr","Raf1"
"2982","Lhcgr","Sox9"
"2983","Ghsr","Akt1"
"2984","Ghsr","Creb1"
"2985","Ghsr","Creb3"
"2986","Ghsr","Creb3l1"
"2987","Ghsr","Creb3l2"
"2988","Ghsr","Creb3l3"
"2989","Ghsr","Creb3l4"
"2990","Ghsr","Creb5"
"2991","Ghsr","Crebbp"
"2992","Ghsr","Ep300"
"2993","Ghsr","Fos"
"2994","Ghsr","Gli1"
"2995","Ghsr","Gli3"
"2996","Ghsr","Jun"
"2997","Ghsr","Mapk1"
"2998","Ghsr","Mapk10"
"2999","Ghsr","Mapk3"
"3000","Ghsr","Mapk8"
"3001","Ghsr","Mapk9"
"3002","Ghsr","Nfatc1"
"3003","Ghsr","Nfkb1"
"3004","Ghsr","Ppara"
"3005","Ghsr","Rapgef3"
"3006","Ghsr","Rela"
"3007","Ghsr","Grin1"
"3008","Ghsr","Nfkbia"
"3009","Ghsr","Raf1"
"3010","Ghsr","Sox9"
"3011","Sstr1","Akt1"
"3012","Sstr1","Creb1"
"3013","Sstr1","Creb3"
"3014","Sstr1","Creb3l1"
"3015","Sstr1","Creb3l2"
"3016","Sstr1","Creb3l3"
"3017","Sstr1","Creb3l4"
"3018","Sstr1","Creb5"
"3019","Sstr1","Crebbp"
"3020","Sstr1","Ep300"
"3021","Sstr1","Fos"
"3022","Sstr1","Gli1"
"3023","Sstr1","Gli3"
"3024","Sstr1","Jun"
"3025","Sstr1","Mapk1"
"3026","Sstr1","Mapk10"
"3027","Sstr1","Mapk3"
"3028","Sstr1","Mapk8"
"3029","Sstr1","Mapk9"
"3030","Sstr1","Nfatc1"
"3031","Sstr1","Nfkb1"
"3032","Sstr1","Ppara"
"3033","Sstr1","Rapgef3"
"3034","Sstr1","Rela"
"3035","Sstr1","Grin1"
"3036","Sstr1","Nfkbia"
"3037","Sstr1","Raf1"
"3038","Sstr1","Sox9"
"3039","Sstr2","Akt1"
"3040","Sstr2","Creb1"
"3041","Sstr2","Creb3"
"3042","Sstr2","Creb3l1"
"3043","Sstr2","Creb3l2"
"3044","Sstr2","Creb3l3"
"3045","Sstr2","Creb3l4"
"3046","Sstr2","Creb5"
"3047","Sstr2","Crebbp"
"3048","Sstr2","Ep300"
"3049","Sstr2","Fos"
"3050","Sstr2","Gli1"
"3051","Sstr2","Gli3"
"3052","Sstr2","Jun"
"3053","Sstr2","Mapk1"
"3054","Sstr2","Mapk10"
"3055","Sstr2","Mapk3"
"3056","Sstr2","Mapk8"
"3057","Sstr2","Mapk9"
"3058","Sstr2","Nfatc1"
"3059","Sstr2","Nfkb1"
"3060","Sstr2","Ppara"
"3061","Sstr2","Rapgef3"
"3062","Sstr2","Rela"
"3063","Sstr2","Grin1"
"3064","Sstr2","Nfkbia"
"3065","Sstr2","Raf1"
"3066","Sstr2","Sox9"
"3067","Sstr5","Akt1"
"3068","Sstr5","Creb1"
"3069","Sstr5","Creb3"
"3070","Sstr5","Creb3l1"
"3071","Sstr5","Creb3l2"
"3072","Sstr5","Creb3l3"
"3073","Sstr5","Creb3l4"
"3074","Sstr5","Creb5"
"3075","Sstr5","Crebbp"
"3076","Sstr5","Ep300"
"3077","Sstr5","Fos"
"3078","Sstr5","Gli1"
"3079","Sstr5","Gli3"
"3080","Sstr5","Jun"
"3081","Sstr5","Mapk1"
"3082","Sstr5","Mapk10"
"3083","Sstr5","Mapk3"
"3084","Sstr5","Mapk8"
"3085","Sstr5","Mapk9"
"3086","Sstr5","Nfatc1"
"3087","Sstr5","Nfkb1"
"3088","Sstr5","Ppara"
"3089","Sstr5","Rapgef3"
"3090","Sstr5","Rela"
"3091","Sstr5","Grin1"
"3092","Sstr5","Nfkbia"
"3093","Sstr5","Raf1"
"3094","Sstr5","Sox9"
"3095","Mc2r","Akt1"
"3096","Mc2r","Creb1"
"3097","Mc2r","Creb3"
"3098","Mc2r","Creb3l1"
"3099","Mc2r","Creb3l2"
"3100","Mc2r","Creb3l3"
"3101","Mc2r","Creb3l4"
"3102","Mc2r","Creb5"
"3103","Mc2r","Crebbp"
"3104","Mc2r","Ep300"
"3105","Mc2r","Fos"
"3106","Mc2r","Gli1"
"3107","Mc2r","Gli3"
"3108","Mc2r","Jun"
"3109","Mc2r","Mapk1"
"3110","Mc2r","Mapk10"
"3111","Mc2r","Mapk3"
"3112","Mc2r","Mapk8"
"3113","Mc2r","Mapk9"
"3114","Mc2r","Nfatc1"
"3115","Mc2r","Nfkb1"
"3116","Mc2r","Ppara"
"3117","Mc2r","Rapgef3"
"3118","Mc2r","Rela"
"3119","Mc2r","Grin1"
"3120","Mc2r","Nfkbia"
"3121","Mc2r","Raf1"
"3122","Mc2r","Sox9"
"3123","Ednra","Akt1"
"3124","Ednra","Creb1"
"3125","Ednra","Creb3"
"3126","Ednra","Creb3l1"
"3127","Ednra","Creb3l2"
"3128","Ednra","Creb3l3"
"3129","Ednra","Creb3l4"
"3130","Ednra","Creb5"
"3131","Ednra","Crebbp"
"3132","Ednra","Ep300"
"3133","Ednra","Fos"
"3134","Ednra","Gli1"
"3135","Ednra","Gli3"
"3136","Ednra","Jun"
"3137","Ednra","Mapk1"
"3138","Ednra","Mapk10"
"3139","Ednra","Mapk3"
"3140","Ednra","Mapk8"
"3141","Ednra","Mapk9"
"3142","Ednra","Nfatc1"
"3143","Ednra","Nfkb1"
"3144","Ednra","Ppara"
"3145","Ednra","Rapgef3"
"3146","Ednra","Rela"
"3147","Ednra","Grin1"
"3148","Ednra","Nfkbia"
"3149","Ednra","Raf1"
"3150","Ednra","Sox9"
"3151","Gipr","Akt1"
"3152","Gipr","Creb1"
"3153","Gipr","Creb3"
"3154","Gipr","Creb3l1"
"3155","Gipr","Creb3l2"
"3156","Gipr","Creb3l3"
"3157","Gipr","Creb3l4"
"3158","Gipr","Creb5"
"3159","Gipr","Crebbp"
"3160","Gipr","Ep300"
"3161","Gipr","Fos"
"3162","Gipr","Gli1"
"3163","Gipr","Gli3"
"3164","Gipr","Jun"
"3165","Gipr","Mapk1"
"3166","Gipr","Mapk10"
"3167","Gipr","Mapk3"
"3168","Gipr","Mapk8"
"3169","Gipr","Mapk9"
"3170","Gipr","Nfatc1"
"3171","Gipr","Nfkb1"
"3172","Gipr","Ppara"
"3173","Gipr","Rapgef3"
"3174","Gipr","Rela"
"3175","Gipr","Grin1"
"3176","Gipr","Nfkbia"
"3177","Gipr","Raf1"
"3178","Gipr","Sox9"
"3179","Adcy1","Creb1"
"3180","Adcy1","Creb3"
"3181","Adcy1","Creb3l1"
"3182","Adcy1","Creb3l2"
"3183","Adcy1","Creb3l3"
"3184","Adcy1","Creb3l4"
"3185","Adcy1","Creb5"
"3186","Adcy1","Crebbp"
"3187","Adcy1","Ep300"
"3188","Adcy1","Gli1"
"3189","Adcy1","Gli3"
"3190","Adcy1","Mapk10"
"3191","Adcy1","Mapk8"
"3192","Adcy1","Mapk9"
"3193","Adcy1","Nfatc1"
"3194","Adcy1","Nfkb1"
"3195","Adcy1","Ppara"
"3196","Adcy1","Rela"
"3197","Adcy1","Grin1"
"3198","Adcy1","Nfkbia"
"3199","Adcy1","Sox9"
"3200","Adcy7","Creb1"
"3201","Adcy7","Creb3"
"3202","Adcy7","Creb3l1"
"3203","Adcy7","Creb3l2"
"3204","Adcy7","Creb3l3"
"3205","Adcy7","Creb3l4"
"3206","Adcy7","Creb5"
"3207","Adcy7","Crebbp"
"3208","Adcy7","Ep300"
"3209","Adcy7","Gli1"
"3210","Adcy7","Gli3"
"3211","Adcy7","Mapk10"
"3212","Adcy7","Mapk8"
"3213","Adcy7","Mapk9"
"3214","Adcy7","Nfatc1"
"3215","Adcy7","Nfkb1"
"3216","Adcy7","Ppara"
"3217","Adcy7","Rela"
"3218","Adcy7","Grin1"
"3219","Adcy7","Nfkbia"
"3220","Adcy7","Sox9"
"3221","Adcy9","Creb1"
"3222","Adcy9","Creb3"
"3223","Adcy9","Creb3l1"
"3224","Adcy9","Creb3l2"
"3225","Adcy9","Creb3l3"
"3226","Adcy9","Creb3l4"
"3227","Adcy9","Creb5"
"3228","Adcy9","Crebbp"
"3229","Adcy9","Ep300"
"3230","Adcy9","Gli1"
"3231","Adcy9","Gli3"
"3232","Adcy9","Mapk10"
"3233","Adcy9","Mapk8"
"3234","Adcy9","Mapk9"
"3235","Adcy9","Nfatc1"
"3236","Adcy9","Nfkb1"
"3237","Adcy9","Ppara"
"3238","Adcy9","Rela"
"3239","Adcy9","Grin1"
"3240","Adcy9","Nfkbia"
"3241","Adcy9","Sox9"
"3242","Adora1","Crebbp"
"3243","Adora1","Ep300"
"3244","Adora1","Fos"
"3245","Adora1","Gli1"
"3246","Adora1","Gli3"
"3247","Adora1","Jun"
"3248","Adora1","Mapk10"
"3249","Adora1","Mapk8"
"3250","Adora1","Mapk9"
"3251","Adora1","Nfatc1"
"3252","Adora1","Nfkb1"
"3253","Adora1","Ppara"
"3254","Adora1","Rapgef3"
"3255","Adora1","Rela"
"3256","Adora1","Grin1"
"3257","Adora1","Nfkbia"
"3258","Adora1","Sox9"
"3259","Chrm1","Akt1"
"3260","Chrm1","Creb1"
"3261","Chrm1","Creb3"
"3262","Chrm1","Creb3l1"
"3263","Chrm1","Creb3l2"
"3264","Chrm1","Creb3l3"
"3265","Chrm1","Creb3l4"
"3266","Chrm1","Creb5"
"3267","Chrm1","Crebbp"
"3268","Chrm1","Ep300"
"3269","Chrm1","Fos"
"3270","Chrm1","Gli1"
"3271","Chrm1","Gli3"
"3272","Chrm1","Jun"
"3273","Chrm1","Mapk1"
"3274","Chrm1","Mapk10"
"3275","Chrm1","Mapk3"
"3276","Chrm1","Mapk8"
"3277","Chrm1","Mapk9"
"3278","Chrm1","Nfatc1"
"3279","Chrm1","Nfkb1"
"3280","Chrm1","Ppara"
"3281","Chrm1","Rapgef3"
"3282","Chrm1","Rela"
"3283","Chrm1","Grin1"
"3284","Chrm1","Nfkbia"
"3285","Chrm1","Raf1"
"3286","Chrm1","Sox9"
"3287","Drd2","Akt1"
"3288","Drd2","Creb1"
"3289","Drd2","Creb3"
"3290","Drd2","Creb3l1"
"3291","Drd2","Creb3l2"
"3292","Drd2","Creb3l3"
"3293","Drd2","Creb3l4"
"3294","Drd2","Creb5"
"3295","Drd2","Crebbp"
"3296","Drd2","Ep300"
"3297","Drd2","Fos"
"3298","Drd2","Gli1"
"3299","Drd2","Gli3"
"3300","Drd2","Jun"
"3301","Drd2","Mapk1"
"3302","Drd2","Mapk10"
"3303","Drd2","Mapk3"
"3304","Drd2","Mapk8"
"3305","Drd2","Mapk9"
"3306","Drd2","Nfatc1"
"3307","Drd2","Nfkb1"
"3308","Drd2","Ppara"
"3309","Drd2","Rapgef3"
"3310","Drd2","Rela"
"3311","Drd2","Grin1"
"3312","Drd2","Nfkbia"
"3313","Drd2","Raf1"
"3314","Drd2","Sox9"
"3315","Htr6","Akt1"
"3316","Htr6","Creb1"
"3317","Htr6","Creb3"
"3318","Htr6","Creb3l1"
"3319","Htr6","Creb3l2"
"3320","Htr6","Creb3l3"
"3321","Htr6","Creb3l4"
"3322","Htr6","Creb5"
"3323","Htr6","Crebbp"
"3324","Htr6","Ep300"
"3325","Htr6","Fos"
"3326","Htr6","Gli1"
"3327","Htr6","Gli3"
"3328","Htr6","Jun"
"3329","Htr6","Mapk1"
"3330","Htr6","Mapk10"
"3331","Htr6","Mapk3"
"3332","Htr6","Mapk8"
"3333","Htr6","Mapk9"
"3334","Htr6","Nfatc1"
"3335","Htr6","Nfkb1"
"3336","Htr6","Ppara"
"3337","Htr6","Rapgef3"
"3338","Htr6","Rela"
"3339","Htr6","Grin1"
"3340","Htr6","Nfkbia"
"3341","Htr6","Raf1"
"3342","Htr6","Sox9"
"3343","Gabbr2","Akt1"
"3344","Gabbr2","Creb1"
"3345","Gabbr2","Creb3"
"3346","Gabbr2","Creb3l1"
"3347","Gabbr2","Creb3l2"
"3348","Gabbr2","Creb3l3"
"3349","Gabbr2","Creb3l4"
"3350","Gabbr2","Creb5"
"3351","Gabbr2","Crebbp"
"3352","Gabbr2","Ep300"
"3353","Gabbr2","Fos"
"3354","Gabbr2","Gli1"
"3355","Gabbr2","Gli3"
"3356","Gabbr2","Jun"
"3357","Gabbr2","Mapk1"
"3358","Gabbr2","Mapk10"
"3359","Gabbr2","Mapk3"
"3360","Gabbr2","Mapk8"
"3361","Gabbr2","Mapk9"
"3362","Gabbr2","Nfatc1"
"3363","Gabbr2","Nfkb1"
"3364","Gabbr2","Ppara"
"3365","Gabbr2","Rapgef3"
"3366","Gabbr2","Rela"
"3367","Gabbr2","Grin1"
"3368","Gabbr2","Nfkbia"
"3369","Gabbr2","Raf1"
"3370","Gabbr2","Sox9"
"3371","Hcar1","Akt1"
"3372","Hcar1","Creb1"
"3373","Hcar1","Creb3"
"3374","Hcar1","Creb3l1"
"3375","Hcar1","Creb3l2"
"3376","Hcar1","Creb3l3"
"3377","Hcar1","Creb3l4"
"3378","Hcar1","Creb5"
"3379","Hcar1","Crebbp"
"3380","Hcar1","Ep300"
"3381","Hcar1","Fos"
"3382","Hcar1","Gli1"
"3383","Hcar1","Gli3"
"3384","Hcar1","Jun"
"3385","Hcar1","Mapk1"
"3386","Hcar1","Mapk10"
"3387","Hcar1","Mapk3"
"3388","Hcar1","Mapk8"
"3389","Hcar1","Mapk9"
"3390","Hcar1","Nfatc1"
"3391","Hcar1","Nfkb1"
"3392","Hcar1","Ppara"
"3393","Hcar1","Rapgef3"
"3394","Hcar1","Rela"
"3395","Hcar1","Grin1"
"3396","Hcar1","Nfkbia"
"3397","Hcar1","Raf1"
"3398","Hcar1","Sox9"
"3399","Hcar2","Akt1"
"3400","Hcar2","Creb1"
"3401","Hcar2","Creb3"
"3402","Hcar2","Creb3l1"
"3403","Hcar2","Creb3l2"
"3404","Hcar2","Creb3l3"
"3405","Hcar2","Creb3l4"
"3406","Hcar2","Creb5"
"3407","Hcar2","Crebbp"
"3408","Hcar2","Ep300"
"3409","Hcar2","Fos"
"3410","Hcar2","Gli1"
"3411","Hcar2","Gli3"
"3412","Hcar2","Jun"
"3413","Hcar2","Mapk1"
"3414","Hcar2","Mapk10"
"3415","Hcar2","Mapk3"
"3416","Hcar2","Mapk8"
"3417","Hcar2","Mapk9"
"3418","Hcar2","Nfatc1"
"3419","Hcar2","Nfkb1"
"3420","Hcar2","Ppara"
"3421","Hcar2","Rapgef3"
"3422","Hcar2","Rela"
"3423","Hcar2","Grin1"
"3424","Hcar2","Nfkbia"
"3425","Hcar2","Raf1"
"3426","Hcar2","Sox9"
"3427","Adrb2","Crebbp"
"3428","Adrb2","Ep300"
"3429","Adrb2","Fos"
"3430","Adrb2","Gli1"
"3431","Adrb2","Gli3"
"3432","Adrb2","Jun"
"3433","Adrb2","Mapk10"
"3434","Adrb2","Mapk8"
"3435","Adrb2","Mapk9"
"3436","Adrb2","Nfatc1"
"3437","Adrb2","Nfkb1"
"3438","Adrb2","Ppara"
"3439","Adrb2","Rapgef3"
"3440","Adrb2","Rela"
"3441","Adrb2","Grin1"
"3442","Adrb2","Nfkbia"
"3443","Adrb2","Sox9"
"3444","Npr1","Akt1"
"3445","Npr1","Crebbp"
"3446","Npr1","Ep300"
"3447","Npr1","Fos"
"3448","Npr1","Gli1"
"3449","Npr1","Gli3"
"3450","Npr1","Jun"
"3451","Npr1","Mapk10"
"3452","Npr1","Mapk8"
"3453","Npr1","Mapk9"
"3454","Npr1","Nfatc1"
"3455","Npr1","Nfkb1"
"3456","Npr1","Ppara"
"3457","Npr1","Rapgef3"
"3458","Npr1","Rela"
"3459","Npr1","Grin1"
"3460","Npr1","Nfkbia"
"3461","Npr1","Sox9"
"3462","Npy1r","Akt1"
"3463","Npy1r","Creb1"
"3464","Npy1r","Creb3"
"3465","Npy1r","Creb3l1"
"3466","Npy1r","Creb3l2"
"3467","Npy1r","Creb3l3"
"3468","Npy1r","Creb3l4"
"3469","Npy1r","Creb5"
"3470","Npy1r","Crebbp"
"3471","Npy1r","Ep300"
"3472","Npy1r","Fos"
"3473","Npy1r","Gli1"
"3474","Npy1r","Gli3"
"3475","Npy1r","Jun"
"3476","Npy1r","Mapk1"
"3477","Npy1r","Mapk10"
"3478","Npy1r","Mapk3"
"3479","Npy1r","Mapk8"
"3480","Npy1r","Mapk9"
"3481","Npy1r","Nfatc1"
"3482","Npy1r","Nfkb1"
"3483","Npy1r","Ppara"
"3484","Npy1r","Rapgef3"
"3485","Npy1r","Rela"
"3486","Npy1r","Grin1"
"3487","Npy1r","Nfkbia"
"3488","Npy1r","Raf1"
"3489","Npy1r","Sox9"
"3490","Htr1a","Akt1"
"3491","Htr1a","Creb1"
"3492","Htr1a","Creb3"
"3493","Htr1a","Creb3l1"
"3494","Htr1a","Creb3l2"
"3495","Htr1a","Creb3l3"
"3496","Htr1a","Creb3l4"
"3497","Htr1a","Creb5"
"3498","Htr1a","Crebbp"
"3499","Htr1a","Ep300"
"3500","Htr1a","Fos"
"3501","Htr1a","Gli1"
"3502","Htr1a","Gli3"
"3503","Htr1a","Jun"
"3504","Htr1a","Mapk1"
"3505","Htr1a","Mapk10"
"3506","Htr1a","Mapk3"
"3507","Htr1a","Mapk8"
"3508","Htr1a","Mapk9"
"3509","Htr1a","Nfatc1"
"3510","Htr1a","Nfkb1"
"3511","Htr1a","Ppara"
"3512","Htr1a","Rapgef3"
"3513","Htr1a","Rela"
"3514","Htr1a","Grin1"
"3515","Htr1a","Nfkbia"
"3516","Htr1a","Raf1"
"3517","Htr1a","Sox9"
"3518","Htr1b","Akt1"
"3519","Htr1b","Creb1"
"3520","Htr1b","Creb3"
"3521","Htr1b","Creb3l1"
"3522","Htr1b","Creb3l2"
"3523","Htr1b","Creb3l3"
"3524","Htr1b","Creb3l4"
"3525","Htr1b","Creb5"
"3526","Htr1b","Crebbp"
"3527","Htr1b","Ep300"
"3528","Htr1b","Fos"
"3529","Htr1b","Gli1"
"3530","Htr1b","Gli3"
"3531","Htr1b","Jun"
"3532","Htr1b","Mapk1"
"3533","Htr1b","Mapk10"
"3534","Htr1b","Mapk3"
"3535","Htr1b","Mapk8"
"3536","Htr1b","Mapk9"
"3537","Htr1b","Nfatc1"
"3538","Htr1b","Nfkb1"
"3539","Htr1b","Ppara"
"3540","Htr1b","Rapgef3"
"3541","Htr1b","Rela"
"3542","Htr1b","Grin1"
"3543","Htr1b","Nfkbia"
"3544","Htr1b","Raf1"
"3545","Htr1b","Sox9"
"3546","Htr1d","Akt1"
"3547","Htr1d","Creb1"
"3548","Htr1d","Creb3"
"3549","Htr1d","Creb3l1"
"3550","Htr1d","Creb3l2"
"3551","Htr1d","Creb3l3"
"3552","Htr1d","Creb3l4"
"3553","Htr1d","Creb5"
"3554","Htr1d","Crebbp"
"3555","Htr1d","Ep300"
"3556","Htr1d","Fos"
"3557","Htr1d","Gli1"
"3558","Htr1d","Gli3"
"3559","Htr1d","Jun"
"3560","Htr1d","Mapk1"
"3561","Htr1d","Mapk10"
"3562","Htr1d","Mapk3"
"3563","Htr1d","Mapk8"
"3564","Htr1d","Mapk9"
"3565","Htr1d","Nfatc1"
"3566","Htr1d","Nfkb1"
"3567","Htr1d","Ppara"
"3568","Htr1d","Rapgef3"
"3569","Htr1d","Rela"
"3570","Htr1d","Grin1"
"3571","Htr1d","Nfkbia"
"3572","Htr1d","Raf1"
"3573","Htr1d","Sox9"
"3574","Htr1f","Akt1"
"3575","Htr1f","Creb1"
"3576","Htr1f","Creb3"
"3577","Htr1f","Creb3l1"
"3578","Htr1f","Creb3l2"
"3579","Htr1f","Creb3l3"
"3580","Htr1f","Creb3l4"
"3581","Htr1f","Creb5"
"3582","Htr1f","Crebbp"
"3583","Htr1f","Ep300"
"3584","Htr1f","Fos"
"3585","Htr1f","Gli1"
"3586","Htr1f","Gli3"
"3587","Htr1f","Jun"
"3588","Htr1f","Mapk1"
"3589","Htr1f","Mapk10"
"3590","Htr1f","Mapk3"
"3591","Htr1f","Mapk8"
"3592","Htr1f","Mapk9"
"3593","Htr1f","Nfatc1"
"3594","Htr1f","Nfkb1"
"3595","Htr1f","Ppara"
"3596","Htr1f","Rapgef3"
"3597","Htr1f","Rela"
"3598","Htr1f","Grin1"
"3599","Htr1f","Nfkbia"
"3600","Htr1f","Raf1"
"3601","Htr1f","Sox9"
"3602","Htr4","Akt1"
"3603","Htr4","Creb1"
"3604","Htr4","Creb3"
"3605","Htr4","Creb3l1"
"3606","Htr4","Creb3l2"
"3607","Htr4","Creb3l3"
"3608","Htr4","Creb3l4"
"3609","Htr4","Creb5"
"3610","Htr4","Crebbp"
"3611","Htr4","Ep300"
"3612","Htr4","Fos"
"3613","Htr4","Gli1"
"3614","Htr4","Gli3"
"3615","Htr4","Jun"
"3616","Htr4","Mapk1"
"3617","Htr4","Mapk10"
"3618","Htr4","Mapk3"
"3619","Htr4","Mapk8"
"3620","Htr4","Mapk9"
"3621","Htr4","Nfatc1"
"3622","Htr4","Nfkb1"
"3623","Htr4","Ppara"
"3624","Htr4","Rapgef3"
"3625","Htr4","Rela"
"3626","Htr4","Grin1"
"3627","Htr4","Nfkbia"
"3628","Htr4","Raf1"
"3629","Htr4","Sox9"
"3630","Ep300","Fos"
"3631","Ep300","Jun"
"3632","Crebbp","Fos"
"3633","Crebbp","Jun"
"3634","Raf1","Creb1"
"3635","Raf1","Creb3"
"3636","Raf1","Creb3l1"
"3637","Raf1","Creb3l2"
"3638","Raf1","Creb3l3"
"3639","Raf1","Creb3l4"
"3640","Raf1","Creb5"
"3641","Raf1","Crebbp"
"3642","Raf1","Ep300"
"3643","Adcy5","Creb1"
"3644","Adcy5","Creb3"
"3645","Adcy5","Creb3l1"
"3646","Adcy5","Creb3l2"
"3647","Adcy5","Creb3l3"
"3648","Adcy5","Creb3l4"
"3649","Adcy5","Creb5"
"3650","Adcy5","Crebbp"
"3651","Adcy5","Ep300"
"3652","Adcy5","Gli1"
"3653","Adcy5","Gli3"
"3654","Adcy5","Mapk10"
"3655","Adcy5","Mapk8"
"3656","Adcy5","Mapk9"
"3657","Adcy5","Nfatc1"
"3658","Adcy5","Nfkb1"
"3659","Adcy5","Ppara"
"3660","Adcy5","Rela"
"3661","Adcy5","Grin1"
"3662","Adcy5","Nfkbia"
"3663","Adcy5","Sox9"
"3664","Adora2a","Creb1"
"3665","Adora2a","Creb3"
"3666","Adora2a","Creb3l1"
"3667","Adora2a","Creb3l2"
"3668","Adora2a","Creb3l3"
"3669","Adora2a","Creb3l4"
"3670","Adora2a","Creb5"
"3671","Adora2a","Crebbp"
"3672","Adora2a","Ep300"
"3673","Adora2a","Fos"
"3674","Adora2a","Gli1"
"3675","Adora2a","Gli3"
"3676","Adora2a","Jun"
"3677","Adora2a","Mapk10"
"3678","Adora2a","Mapk8"
"3679","Adora2a","Mapk9"
"3680","Adora2a","Nfatc1"
"3681","Adora2a","Nfkb1"
"3682","Adora2a","Ppara"
"3683","Adora2a","Rela"
"3684","Adora2a","Grin1"
"3685","Adora2a","Nfkbia"
"3686","Adora2a","Raf1"
"3687","Adora2a","Sox9"
"3688","Ptger3","Akt1"
"3689","Ptger3","Creb1"
"3690","Ptger3","Creb3"
"3691","Ptger3","Creb3l1"
"3692","Ptger3","Creb3l2"
"3693","Ptger3","Creb3l3"
"3694","Ptger3","Creb3l4"
"3695","Ptger3","Creb5"
"3696","Ptger3","Crebbp"
"3697","Ptger3","Ep300"
"3698","Ptger3","Fos"
"3699","Ptger3","Gli1"
"3700","Ptger3","Gli3"
"3701","Ptger3","Jun"
"3702","Ptger3","Mapk1"
"3703","Ptger3","Mapk10"
"3704","Ptger3","Mapk3"
"3705","Ptger3","Mapk8"
"3706","Ptger3","Mapk9"
"3707","Ptger3","Nfatc1"
"3708","Ptger3","Nfkb1"
"3709","Ptger3","Ppara"
"3710","Ptger3","Rapgef3"
"3711","Ptger3","Rela"
"3712","Ptger3","Grin1"
"3713","Ptger3","Nfkbia"
"3714","Ptger3","Raf1"
"3715","Ptger3","Sox9"
"3716","Ptger2","Akt1"
"3717","Ptger2","Creb1"
"3718","Ptger2","Creb3"
"3719","Ptger2","Creb3l1"
"3720","Ptger2","Creb3l2"
"3721","Ptger2","Creb3l3"
"3722","Ptger2","Creb3l4"
"3723","Ptger2","Creb5"
"3724","Ptger2","Crebbp"
"3725","Ptger2","Ep300"
"3726","Ptger2","Fos"
"3727","Ptger2","Gli1"
"3728","Ptger2","Gli3"
"3729","Ptger2","Jun"
"3730","Ptger2","Mapk1"
"3731","Ptger2","Mapk10"
"3732","Ptger2","Mapk3"
"3733","Ptger2","Mapk8"
"3734","Ptger2","Mapk9"
"3735","Ptger2","Nfatc1"
"3736","Ptger2","Nfkb1"
"3737","Ptger2","Ppara"
"3738","Ptger2","Rapgef3"
"3739","Ptger2","Rela"
"3740","Ptger2","Grin1"
"3741","Ptger2","Nfkbia"
"3742","Ptger2","Raf1"
"3743","Ptger2","Sox9"
"3744","Gabbr1","Akt1"
"3745","Gabbr1","Creb1"
"3746","Gabbr1","Creb3"
"3747","Gabbr1","Creb3l1"
"3748","Gabbr1","Creb3l2"
"3749","Gabbr1","Creb3l3"
"3750","Gabbr1","Creb3l4"
"3751","Gabbr1","Creb5"
"3752","Gabbr1","Crebbp"
"3753","Gabbr1","Ep300"
"3754","Gabbr1","Fos"
"3755","Gabbr1","Gli1"
"3756","Gabbr1","Gli3"
"3757","Gabbr1","Jun"
"3758","Gabbr1","Mapk1"
"3759","Gabbr1","Mapk10"
"3760","Gabbr1","Mapk3"
"3761","Gabbr1","Mapk8"
"3762","Gabbr1","Mapk9"
"3763","Gabbr1","Nfatc1"
"3764","Gabbr1","Nfkb1"
"3765","Gabbr1","Ppara"
"3766","Gabbr1","Rapgef3"
"3767","Gabbr1","Rela"
"3768","Gabbr1","Grin1"
"3769","Gabbr1","Nfkbia"
"3770","Gabbr1","Raf1"
"3771","Gabbr1","Sox9"
"3772","Ccr8","Akt1"
"3773","Ccr8","Foxo3"
"3774","Ccr8","Mapk1"
"3775","Ccr8","Mapk3"
"3776","Ccr8","Nfkb1"
"3777","Ccr8","Rela"
"3778","Ccr8","Sos1"
"3779","Ccr8","Sos2"
"3780","Ccr8","Stat1"
"3781","Ccr8","Stat2"
"3782","Ccr8","Stat3"
"3783","Ccr8","Stat5b"
"3784","Ccr8","Ikbkb"
"3785","Ccr8","Nfkbia"
"3786","Ccr8","Raf1"
"3787","Ccr8","Ikbkg"
"3788","Ccr8","Nfkbib"
"3789","Ccr2","Akt1"
"3790","Ccr2","Foxo3"
"3791","Ccr2","Mapk1"
"3792","Ccr2","Mapk3"
"3793","Ccr2","Nfkb1"
"3794","Ccr2","Rela"
"3795","Ccr2","Sos1"
"3796","Ccr2","Sos2"
"3797","Ccr2","Stat1"
"3798","Ccr2","Stat2"
"3799","Ccr2","Stat3"
"3800","Ccr2","Stat5b"
"3801","Ccr2","Ikbkb"
"3802","Ccr2","Nfkbia"
"3803","Ccr2","Raf1"
"3804","Ccr2","Ikbkg"
"3805","Ccr2","Nfkbib"
"3806","Ccr3","Akt1"
"3807","Ccr3","Foxo3"
"3808","Ccr3","Mapk1"
"3809","Ccr3","Mapk3"
"3810","Ccr3","Nfkb1"
"3811","Ccr3","Rela"
"3812","Ccr3","Sos1"
"3813","Ccr3","Sos2"
"3814","Ccr3","Stat1"
"3815","Ccr3","Stat2"
"3816","Ccr3","Stat3"
"3817","Ccr3","Stat5b"
"3818","Ccr3","Ikbkb"
"3819","Ccr3","Nfkbia"
"3820","Ccr3","Raf1"
"3821","Ccr3","Ikbkg"
"3822","Ccr3","Nfkbib"
"3823","Ccr5","Akt1"
"3824","Ccr5","Foxo3"
"3825","Ccr5","Mapk1"
"3826","Ccr5","Mapk3"
"3827","Ccr5","Nfkb1"
"3828","Ccr5","Rela"
"3829","Ccr5","Sos1"
"3830","Ccr5","Sos2"
"3831","Ccr5","Stat1"
"3832","Ccr5","Stat2"
"3833","Ccr5","Stat3"
"3834","Ccr5","Stat5b"
"3835","Ccr5","Ikbkb"
"3836","Ccr5","Nfkbia"
"3837","Ccr5","Raf1"
"3838","Ccr5","Ikbkg"
"3839","Ccr5","Nfkbib"
"3840","Cxcr3","Akt1"
"3841","Cxcr3","Foxo3"
"3842","Cxcr3","Mapk1"
"3843","Cxcr3","Mapk3"
"3844","Cxcr3","Nfkb1"
"3845","Cxcr3","Rela"
"3846","Cxcr3","Sos1"
"3847","Cxcr3","Sos2"
"3848","Cxcr3","Stat1"
"3849","Cxcr3","Stat2"
"3850","Cxcr3","Stat3"
"3851","Cxcr3","Stat5b"
"3852","Cxcr3","Ikbkb"
"3853","Cxcr3","Nfkbia"
"3854","Cxcr3","Raf1"
"3855","Cxcr3","Ikbkg"
"3856","Cxcr3","Nfkbib"
"3857","Ccr10","Akt1"
"3858","Ccr10","Foxo3"
"3859","Ccr10","Mapk1"
"3860","Ccr10","Mapk3"
"3861","Ccr10","Nfkb1"
"3862","Ccr10","Rela"
"3863","Ccr10","Sos1"
"3864","Ccr10","Sos2"
"3865","Ccr10","Stat1"
"3866","Ccr10","Stat2"
"3867","Ccr10","Stat3"
"3868","Ccr10","Stat5b"
"3869","Ccr10","Ikbkb"
"3870","Ccr10","Nfkbia"
"3871","Ccr10","Raf1"
"3872","Ccr10","Ikbkg"
"3873","Ccr10","Nfkbib"
"3874","Ccr7","Akt1"
"3875","Ccr7","Foxo3"
"3876","Ccr7","Mapk1"
"3877","Ccr7","Mapk3"
"3878","Ccr7","Nfkb1"
"3879","Ccr7","Rela"
"3880","Ccr7","Sos1"
"3881","Ccr7","Sos2"
"3882","Ccr7","Stat1"
"3883","Ccr7","Stat2"
"3884","Ccr7","Stat3"
"3885","Ccr7","Stat5b"
"3886","Ccr7","Ikbkb"
"3887","Ccr7","Nfkbia"
"3888","Ccr7","Raf1"
"3889","Ccr7","Ikbkg"
"3890","Ccr7","Nfkbib"
"3891","Ccr1","Akt1"
"3892","Ccr1","Foxo3"
"3893","Ccr1","Mapk1"
"3894","Ccr1","Mapk3"
"3895","Ccr1","Nfkb1"
"3896","Ccr1","Rela"
"3897","Ccr1","Sos1"
"3898","Ccr1","Sos2"
"3899","Ccr1","Stat1"
"3900","Ccr1","Stat2"
"3901","Ccr1","Stat3"
"3902","Ccr1","Stat5b"
"3903","Ccr1","Ikbkb"
"3904","Ccr1","Nfkbia"
"3905","Ccr1","Raf1"
"3906","Ccr1","Ikbkg"
"3907","Ccr1","Nfkbib"
"3908","Ccr4","Akt1"
"3909","Ccr4","Foxo3"
"3910","Ccr4","Mapk1"
"3911","Ccr4","Mapk3"
"3912","Ccr4","Nfkb1"
"3913","Ccr4","Rela"
"3914","Ccr4","Sos1"
"3915","Ccr4","Sos2"
"3916","Ccr4","Stat1"
"3917","Ccr4","Stat2"
"3918","Ccr4","Stat3"
"3919","Ccr4","Stat5b"
"3920","Ccr4","Ikbkb"
"3921","Ccr4","Nfkbia"
"3922","Ccr4","Raf1"
"3923","Ccr4","Ikbkg"
"3924","Ccr4","Nfkbib"
"3925","Ccr6","Akt1"
"3926","Ccr6","Foxo3"
"3927","Ccr6","Mapk1"
"3928","Ccr6","Mapk3"
"3929","Ccr6","Nfkb1"
"3930","Ccr6","Rela"
"3931","Ccr6","Sos1"
"3932","Ccr6","Sos2"
"3933","Ccr6","Stat1"
"3934","Ccr6","Stat2"
"3935","Ccr6","Stat3"
"3936","Ccr6","Stat5b"
"3937","Ccr6","Ikbkb"
"3938","Ccr6","Nfkbia"
"3939","Ccr6","Raf1"
"3940","Ccr6","Ikbkg"
"3941","Ccr6","Nfkbib"
"3942","Ccr9","Akt1"
"3943","Ccr9","Foxo3"
"3944","Ccr9","Mapk1"
"3945","Ccr9","Mapk3"
"3946","Ccr9","Nfkb1"
"3947","Ccr9","Rela"
"3948","Ccr9","Sos1"
"3949","Ccr9","Sos2"
"3950","Ccr9","Stat1"
"3951","Ccr9","Stat2"
"3952","Ccr9","Stat3"
"3953","Ccr9","Stat5b"
"3954","Ccr9","Ikbkb"
"3955","Ccr9","Nfkbia"
"3956","Ccr9","Raf1"
"3957","Ccr9","Ikbkg"
"3958","Ccr9","Nfkbib"
"3959","Cxcr4","Akt1"
"3960","Cxcr4","Foxo3"
"3961","Cxcr4","Mapk1"
"3962","Cxcr4","Mapk3"
"3963","Cxcr4","Nfkb1"
"3964","Cxcr4","Rela"
"3965","Cxcr4","Sos1"
"3966","Cxcr4","Sos2"
"3967","Cxcr4","Stat1"
"3968","Cxcr4","Stat2"
"3969","Cxcr4","Stat3"
"3970","Cxcr4","Stat5b"
"3971","Cxcr4","Ikbkb"
"3972","Cxcr4","Nfkbia"
"3973","Cxcr4","Raf1"
"3974","Cxcr4","Ikbkg"
"3975","Cxcr4","Nfkbib"
"3976","Cx3cr1","Akt1"
"3977","Cx3cr1","Foxo3"
"3978","Cx3cr1","Mapk1"
"3979","Cx3cr1","Mapk3"
"3980","Cx3cr1","Nfkb1"
"3981","Cx3cr1","Rela"
"3982","Cx3cr1","Sos1"
"3983","Cx3cr1","Sos2"
"3984","Cx3cr1","Stat1"
"3985","Cx3cr1","Stat2"
"3986","Cx3cr1","Stat3"
"3987","Cx3cr1","Stat5b"
"3988","Cx3cr1","Ikbkb"
"3989","Cx3cr1","Nfkbia"
"3990","Cx3cr1","Raf1"
"3991","Cx3cr1","Ikbkg"
"3992","Cx3cr1","Nfkbib"
"3993","Cxcr1","Akt1"
"3994","Cxcr1","Foxo3"
"3995","Cxcr1","Mapk1"
"3996","Cxcr1","Mapk3"
"3997","Cxcr1","Nfkb1"
"3998","Cxcr1","Rela"
"3999","Cxcr1","Sos1"
"4000","Cxcr1","Sos2"
"4001","Cxcr1","Stat1"
"4002","Cxcr1","Stat2"
"4003","Cxcr1","Stat3"
"4004","Cxcr1","Stat5b"
"4005","Cxcr1","Ikbkb"
"4006","Cxcr1","Nfkbia"
"4007","Cxcr1","Raf1"
"4008","Cxcr1","Ikbkg"
"4009","Cxcr1","Nfkbib"
"4010","Cxcr2","Akt1"
"4011","Cxcr2","Foxo3"
"4012","Cxcr2","Mapk1"
"4013","Cxcr2","Mapk3"
"4014","Cxcr2","Nfkb1"
"4015","Cxcr2","Rela"
"4016","Cxcr2","Sos1"
"4017","Cxcr2","Sos2"
"4018","Cxcr2","Stat1"
"4019","Cxcr2","Stat2"
"4020","Cxcr2","Stat3"
"4021","Cxcr2","Stat5b"
"4022","Cxcr2","Ikbkb"
"4023","Cxcr2","Nfkbia"
"4024","Cxcr2","Raf1"
"4025","Cxcr2","Ikbkg"
"4026","Cxcr2","Nfkbib"
"4027","Cxcr5","Akt1"
"4028","Cxcr5","Foxo3"
"4029","Cxcr5","Mapk1"
"4030","Cxcr5","Mapk3"
"4031","Cxcr5","Nfkb1"
"4032","Cxcr5","Rela"
"4033","Cxcr5","Sos1"
"4034","Cxcr5","Sos2"
"4035","Cxcr5","Stat1"
"4036","Cxcr5","Stat2"
"4037","Cxcr5","Stat3"
"4038","Cxcr5","Stat5b"
"4039","Cxcr5","Ikbkb"
"4040","Cxcr5","Nfkbia"
"4041","Cxcr5","Raf1"
"4042","Cxcr5","Ikbkg"
"4043","Cxcr5","Nfkbib"
"4044","Cxcr6","Akt1"
"4045","Cxcr6","Foxo3"
"4046","Cxcr6","Mapk1"
"4047","Cxcr6","Mapk3"
"4048","Cxcr6","Nfkb1"
"4049","Cxcr6","Rela"
"4050","Cxcr6","Sos1"
"4051","Cxcr6","Sos2"
"4052","Cxcr6","Stat1"
"4053","Cxcr6","Stat2"
"4054","Cxcr6","Stat3"
"4055","Cxcr6","Stat5b"
"4056","Cxcr6","Ikbkb"
"4057","Cxcr6","Nfkbia"
"4058","Cxcr6","Raf1"
"4059","Cxcr6","Ikbkg"
"4060","Cxcr6","Nfkbib"
"4061","Xcr1","Akt1"
"4062","Xcr1","Foxo3"
"4063","Xcr1","Mapk1"
"4064","Xcr1","Mapk3"
"4065","Xcr1","Nfkb1"
"4066","Xcr1","Rela"
"4067","Xcr1","Sos1"
"4068","Xcr1","Sos2"
"4069","Xcr1","Stat1"
"4070","Xcr1","Stat2"
"4071","Xcr1","Stat3"
"4072","Xcr1","Stat5b"
"4073","Xcr1","Ikbkb"
"4074","Xcr1","Nfkbia"
"4075","Xcr1","Raf1"
"4076","Xcr1","Ikbkg"
"4077","Xcr1","Nfkbib"
"4078","Chuk","Nfkbia"
"4079","Chuk","Nfkbib"
"4080","Ikbkb","Nfkbia"
"4081","Ikbkb","Nfkbib"
"4082","Pik3r1","Nfkbia"
"4083","Pik3r1","Nfkbib"
"4084","Src","Foxo3"
"4085","Src","Nfkb1"
"4086","Src","Rela"
"4087","Src","Ikbkb"
"4088","Src","Nfkbia"
"4089","Src","Ikbkg"
"4090","Src","Nfkbib"
"4091","Pik3r2","Nfkbia"
"4092","Pik3r2","Nfkbib"
"4093","Fgr","Akt1"
"4094","Fgr","Foxo3"
"4095","Fgr","Mapk1"
"4096","Fgr","Mapk3"
"4097","Fgr","Nfkb1"
"4098","Fgr","Rela"
"4099","Fgr","Sos1"
"4100","Fgr","Sos2"
"4101","Fgr","Ikbkb"
"4102","Fgr","Nfkbia"
"4103","Fgr","Raf1"
"4104","Fgr","Ikbkg"
"4105","Fgr","Nfkbib"
"4106","Itk","Mapk1"
"4107","Itk","Mapk3"
"4108","Lyn","Akt1"
"4109","Lyn","Foxo3"
"4110","Lyn","Mapk1"
"4111","Lyn","Mapk3"
"4112","Lyn","Nfkb1"
"4113","Lyn","Rela"
"4114","Lyn","Sos1"
"4115","Lyn","Sos2"
"4116","Lyn","Ikbkb"
"4117","Lyn","Nfkbia"
"4118","Lyn","Raf1"
"4119","Lyn","Ikbkg"
"4120","Lyn","Nfkbib"
"4121","Pik3r3","Nfkbia"
"4122","Pik3r3","Nfkbib"
"4123","Ccr1l1","Akt1"
"4124","Ccr1l1","Foxo3"
"4125","Ccr1l1","Mapk1"
"4126","Ccr1l1","Mapk3"
"4127","Ccr1l1","Nfkb1"
"4128","Ccr1l1","Rela"
"4129","Ccr1l1","Sos1"
"4130","Ccr1l1","Sos2"
"4131","Ccr1l1","Stat1"
"4132","Ccr1l1","Stat2"
"4133","Ccr1l1","Stat3"
"4134","Ccr1l1","Stat5b"
"4135","Ccr1l1","Ikbkb"
"4136","Ccr1l1","Nfkbia"
"4137","Ccr1l1","Raf1"
"4138","Ccr1l1","Ikbkg"
"4139","Ccr1l1","Nfkbib"
"4140","Cd74,Cxcr4","Akt1"
"4141","Cd74,Cxcr4","Foxo3"
"4142","Cd74,Cxcr4","Mapk1"
"4143","Cd74,Cxcr4","Mapk3"
"4144","Cd74,Cxcr4","Nfkb1"
"4145","Cd74,Cxcr4","Rela"
"4146","Cd74,Cxcr4","Sos1"
"4147","Cd74,Cxcr4","Sos2"
"4148","Cd74,Cxcr4","Stat1"
"4149","Cd74,Cxcr4","Stat2"
"4150","Cd74,Cxcr4","Stat3"
"4151","Cd74,Cxcr4","Stat5b"
"4152","Cd74,Cxcr4","Ikbkb"
"4153","Cd74,Cxcr4","Nfkbia"
"4154","Cd74,Cxcr4","Raf1"
"4155","Cd74,Cxcr4","Ikbkg"
"4156","Cd74,Cxcr4","Nfkbib"
"4157","Cd74,Cxcr2","Akt1"
"4158","Cd74,Cxcr2","Foxo3"
"4159","Cd74,Cxcr2","Mapk1"
"4160","Cd74,Cxcr2","Mapk3"
"4161","Cd74,Cxcr2","Nfkb1"
"4162","Cd74,Cxcr2","Rela"
"4163","Cd74,Cxcr2","Sos1"
"4164","Cd74,Cxcr2","Sos2"
"4165","Cd74,Cxcr2","Stat1"
"4166","Cd74,Cxcr2","Stat2"
"4167","Cd74,Cxcr2","Stat3"
"4168","Cd74,Cxcr2","Stat5b"
"4169","Cd74,Cxcr2","Ikbkb"
"4170","Cd74,Cxcr2","Nfkbia"
"4171","Cd74,Cxcr2","Raf1"
"4172","Cd74,Cxcr2","Ikbkg"
"4173","Cd74,Cxcr2","Nfkbib"
"4174","Pard3","Mapk1"
"4175","Pard3","Mapk3"
"4176","Tlr4","Myd88"
"4177","Tlr4","Nfkb1"
"4178","Tlr4","Nfkb2"
"4179","Tlr4","Rela"
"4180","Tlr4","Relb"
"4181","Tlr4","Tnf"
"4182","Tlr4","Ikbkb"
"4183","Tlr4","Map3k7"
"4184","Tlr4","Nfkbia"
"4185","Tlr4","Tnfaip3"
"4186","Tlr4","Ikbkg"
"4187","Cd40","Myd88"
"4188","Cd40","Nfkb1"
"4189","Cd40","Nfkb2"
"4190","Cd40","Rela"
"4191","Cd40","Relb"
"4192","Cd40","Tnf"
"4193","Cd40","Ikbkb"
"4194","Cd40","Map3k7"
"4195","Cd40","Nfkbia"
"4196","Cd40","Tnfaip3"
"4197","Cd40","Ikbkg"
"4198","Traf3","Myd88"
"4199","Traf3","Nfkb1"
"4200","Traf3","Nfkb2"
"4201","Traf3","Rela"
"4202","Traf3","Relb"
"4203","Traf3","Tnf"
"4204","Traf3","Ikbkb"
"4205","Traf3","Map3k7"
"4206","Traf3","Nfkbia"
"4207","Traf3","Tnfaip3"
"4208","Traf3","Ikbkg"
"4209","Eda2r","Myd88"
"4210","Eda2r","Nfkb1"
"4211","Eda2r","Nfkb2"
"4212","Eda2r","Rela"
"4213","Eda2r","Relb"
"4214","Eda2r","Tnf"
"4215","Eda2r","Ikbkb"
"4216","Eda2r","Map3k7"
"4217","Eda2r","Nfkbia"
"4218","Eda2r","Tnfaip3"
"4219","Eda2r","Ikbkg"
"4220","Edar","Myd88"
"4221","Edar","Nfkb1"
"4222","Edar","Nfkb2"
"4223","Edar","Rela"
"4224","Edar","Relb"
"4225","Edar","Tnf"
"4226","Edar","Ikbkb"
"4227","Edar","Map3k7"
"4228","Edar","Nfkbia"
"4229","Edar","Tnfaip3"
"4230","Edar","Ikbkg"
"4231","Tnfrsf1a","Myd88"
"4232","Tnfrsf1a","Tnf"
"4233","Tnfrsf1a","Nfkbia"
"4234","Tnfrsf1a","Tnfaip3"
"4235","Traf2","Myd88"
"4236","Traf2","Tnf"
"4237","Traf2","Nfkbia"
"4238","Traf2","Tnfaip3"
"4239","Il1r1","Tnf"
"4240","Il1r1","Nfkbia"
"4241","Il1r1","Tnfaip3"
"4242","Ltbr","Myd88"
"4243","Ltbr","Nfkb1"
"4244","Ltbr","Nfkb2"
"4245","Ltbr","Rela"
"4246","Ltbr","Relb"
"4247","Ltbr","Tnf"
"4248","Ltbr","Ikbkb"
"4249","Ltbr","Map3k7"
"4250","Ltbr","Nfkbia"
"4251","Ltbr","Tnfaip3"
"4252","Ltbr","Ikbkg"
"4253","Tnfrsf11a","Myd88"
"4254","Tnfrsf11a","Nfkb1"
"4255","Tnfrsf11a","Nfkb2"
"4256","Tnfrsf11a","Rela"
"4257","Tnfrsf11a","Relb"
"4258","Tnfrsf11a","Tnf"
"4259","Tnfrsf11a","Ikbkb"
"4260","Tnfrsf11a","Map3k7"
"4261","Tnfrsf11a","Nfkbia"
"4262","Tnfrsf11a","Tnfaip3"
"4263","Tnfrsf11a","Ikbkg"
"4264","Tnfrsf13c","Myd88"
"4265","Tnfrsf13c","Nfkb1"
"4266","Tnfrsf13c","Nfkb2"
"4267","Tnfrsf13c","Rela"
"4268","Tnfrsf13c","Relb"
"4269","Tnfrsf13c","Tnf"
"4270","Tnfrsf13c","Ikbkb"
"4271","Tnfrsf13c","Map3k7"
"4272","Tnfrsf13c","Nfkbia"
"4273","Tnfrsf13c","Tnfaip3"
"4274","Tnfrsf13c","Ikbkg"
"4275","Chuk","Myd88"
"4276","Chuk","Map3k7"
"4277","Chuk","Tnfaip3"
"4278","Ikbkb","Myd88"
"4279","Ikbkb","Map3k7"
"4280","Ikbkb","Tnfaip3"
"4281","Csnk2a1","Myd88"
"4282","Csnk2a1","Nfkb1"
"4283","Csnk2a1","Nfkb2"
"4284","Csnk2a1","Rela"
"4285","Csnk2a1","Relb"
"4286","Csnk2a1","Tnf"
"4287","Csnk2a1","Ikbkb"
"4288","Csnk2a1","Map3k7"
"4289","Csnk2a1","Nfkbia"
"4290","Csnk2a1","Tnfaip3"
"4291","Csnk2a1","Ikbkg"
"4292","Btk","Myd88"
"4293","Btk","Nfkb1"
"4294","Btk","Nfkb2"
"4295","Btk","Rela"
"4296","Btk","Relb"
"4297","Btk","Tnf"
"4298","Btk","Ikbkb"
"4299","Btk","Map3k7"
"4300","Btk","Nfkbia"
"4301","Btk","Tnfaip3"
"4302","Btk","Ikbkg"
"4303","Csnk2a2","Myd88"
"4304","Csnk2a2","Nfkb1"
"4305","Csnk2a2","Nfkb2"
"4306","Csnk2a2","Rela"
"4307","Csnk2a2","Relb"
"4308","Csnk2a2","Tnf"
"4309","Csnk2a2","Ikbkb"
"4310","Csnk2a2","Map3k7"
"4311","Csnk2a2","Nfkbia"
"4312","Csnk2a2","Tnfaip3"
"4313","Csnk2a2","Ikbkg"
"4314","Csnk2b","Myd88"
"4315","Csnk2b","Nfkb1"
"4316","Csnk2b","Nfkb2"
"4317","Csnk2b","Rela"
"4318","Csnk2b","Relb"
"4319","Csnk2b","Tnf"
"4320","Csnk2b","Ikbkb"
"4321","Csnk2b","Map3k7"
"4322","Csnk2b","Nfkbia"
"4323","Csnk2b","Tnfaip3"
"4324","Csnk2b","Ikbkg"
"4325","Il1r1,Il1rap","Tnf"
"4326","Il1r1,Il1rap","Nfkbia"
"4327","Il1r1,Il1rap","Tnfaip3"
"4328","Tradd","Myd88"
"4329","Tradd","Tnf"
"4330","Tradd","Nfkbia"
"4331","Tradd","Tnfaip3"
"4332","Cd14","Myd88"
"4333","Cd14","Tnf"
"4334","Cd14","Nfkbia"
"4335","Cd14","Tlr4"
"4336","Cd14","Tnfaip3"
"4337","Tlr4","Akt1"
"4338","Tlr4","Arnt"
"4339","Tlr4","Crebbp"
"4340","Tlr4","Ep300"
"4341","Tlr4","Hif1a"
"4342","Tlr4","Mapk1"
"4343","Tlr4","Mapk3"
"4344","Tlr4","Edn1"
"4345","Tlr4","Epo"
"4346","Il6ra","Arnt"
"4347","Il6ra","Crebbp"
"4348","Il6ra","Ep300"
"4349","Il6ra","Hif1a"
"4350","Il6ra","Edn1"
"4351","Il6ra","Epo"
"4352","Ifngr1","Akt1"
"4353","Ifngr1","Arnt"
"4354","Ifngr1","Crebbp"
"4355","Ifngr1","Ep300"
"4356","Ifngr1","Hif1a"
"4357","Ifngr1","Mapk1"
"4358","Ifngr1","Mapk3"
"4359","Ifngr1","Nfkb1"
"4360","Ifngr1","Rela"
"4361","Ifngr1","Edn1"
"4362","Ifngr1","Epo"
"4363","Ifngr2","Akt1"
"4364","Ifngr2","Arnt"
"4365","Ifngr2","Crebbp"
"4366","Ifngr2","Ep300"
"4367","Ifngr2","Hif1a"
"4368","Ifngr2","Mapk1"
"4369","Ifngr2","Mapk3"
"4370","Ifngr2","Nfkb1"
"4371","Ifngr2","Rela"
"4372","Ifngr2","Edn1"
"4373","Ifngr2","Epo"
"4374","Ep300","Akt1"
"4375","Ep300","Mapk1"
"4376","Ep300","Mapk3"
"4377","Ep300","Edn1"
"4378","Ep300","Epo"
"4379","Crebbp","Akt1"
"4380","Crebbp","Mapk1"
"4381","Crebbp","Mapk3"
"4382","Crebbp","Edn1"
"4383","Crebbp","Epo"
"4384","Prkca","Arnt"
"4385","Prkca","Crebbp"
"4386","Prkca","Ep300"
"4387","Prkca","Hif1a"
"4388","Prkca","Edn1"
"4389","Prkca","Epo"
"4390","Prkcb","Arnt"
"4391","Prkcb","Crebbp"
"4392","Prkcb","Ep300"
"4393","Prkcb","Hif1a"
"4394","Prkcb","Edn1"
"4395","Prkcb","Epo"
"4396","Prkcg","Arnt"
"4397","Prkcg","Crebbp"
"4398","Prkcg","Ep300"
"4399","Prkcg","Hif1a"
"4400","Prkcg","Edn1"
"4401","Prkcg","Epo"
"4402","Il6ra,Il6st","Arnt"
"4403","Il6ra,Il6st","Crebbp"
"4404","Il6ra,Il6st","Ep300"
"4405","Il6ra,Il6st","Hif1a"
"4406","Il6ra,Il6st","Edn1"
"4407","Il6ra,Il6st","Epo"
"4408","Ifngr1,Ifngr2","Akt1"
"4409","Ifngr1,Ifngr2","Arnt"
"4410","Ifngr1,Ifngr2","Crebbp"
"4411","Ifngr1,Ifngr2","Ep300"
"4412","Ifngr1,Ifngr2","Hif1a"
"4413","Ifngr1,Ifngr2","Mapk1"
"4414","Ifngr1,Ifngr2","Mapk3"
"4415","Ifngr1,Ifngr2","Nfkb1"
"4416","Ifngr1,Ifngr2","Rela"
"4417","Ifngr1,Ifngr2","Edn1"
"4418","Ifngr1,Ifngr2","Epo"
"4419","Insr","Bcl6"
"4420","Insr","Foxo1"
"4421","Insr","Foxo3"
"4422","Insr","Atm"
"4423","Insr","Ccnd1"
"4424","Insr","Klf2"
"4425","Insr","Rbl2"
"4426","Egfr","Bcl6"
"4427","Egfr","Foxo1"
"4428","Egfr","Atm"
"4429","Egfr","Ccnd1"
"4430","Egfr","Klf2"
"4431","Egfr","Rbl2"
"4432","Igf1r","Bcl6"
"4433","Igf1r","Foxo1"
"4434","Igf1r","Atm"
"4435","Igf1r","Ccnd1"
"4436","Igf1r","Klf2"
"4437","Igf1r","Rbl2"
"4438","Tgfbr1","Smad3"
"4439","Tgfbr2","Smad3"
"4440","Grm1","Akt1"
"4441","Grm1","Bcl6"
"4442","Grm1","Foxo1"
"4443","Grm1","Foxo3"
"4444","Grm1","Atm"
"4445","Grm1","Ccnd1"
"4446","Grm1","Foxo4"
"4447","Grm1","Ikbkb"
"4448","Grm1","Klf2"
"4449","Grm1","Rbl2"
"4450","Chuk","Akt1"
"4451","Chuk","Bcl6"
"4452","Chuk","Foxo1"
"4453","Chuk","Foxo3"
"4454","Chuk","Atm"
"4455","Chuk","Ccnd1"
"4456","Chuk","Foxo4"
"4457","Chuk","Klf2"
"4458","Chuk","Rbl2"
"4459","Ikbkb","Akt1"
"4460","Ikbkb","Bcl6"
"4461","Ikbkb","Foxo1"
"4462","Ikbkb","Foxo3"
"4463","Ikbkb","Atm"
"4464","Ikbkb","Ccnd1"
"4465","Ikbkb","Foxo4"
"4466","Ikbkb","Klf2"
"4467","Ikbkb","Rbl2"
"4468","Pik3r1","Bcl6"
"4469","Pik3r1","Foxo1"
"4470","Pik3r1","Atm"
"4471","Pik3r1","Ccnd1"
"4472","Pik3r1","Klf2"
"4473","Pik3r1","Rbl2"
"4474","Pik3r2","Bcl6"
"4475","Pik3r2","Foxo1"
"4476","Pik3r2","Atm"
"4477","Pik3r2","Ccnd1"
"4478","Pik3r2","Klf2"
"4479","Pik3r2","Rbl2"
"4480","Cdk2","Bcl6"
"4481","Cdk2","Foxo1"
"4482","Cdk2","Foxo3"
"4483","Cdk2","Atm"
"4484","Cdk2","Ccnd1"
"4485","Cdk2","Foxo4"
"4486","Cdk2","Klf2"
"4487","Cdk2","Rbl2"
"4488","Mapk14","Bcl6"
"4489","Mapk14","Foxo1"
"4490","Mapk14","Foxo3"
"4491","Mapk14","Atm"
"4492","Mapk14","Ccnd1"
"4493","Mapk14","Foxo4"
"4494","Mapk14","Klf2"
"4495","Mapk14","Rbl2"
"4496","Pik3r3","Bcl6"
"4497","Pik3r3","Foxo1"
"4498","Pik3r3","Atm"
"4499","Pik3r3","Ccnd1"
"4500","Pik3r3","Klf2"
"4501","Pik3r3","Rbl2"
"4502","Raf1","Bcl6"
"4503","Raf1","Foxo1"
"4504","Raf1","Foxo3"
"4505","Raf1","Atm"
"4506","Raf1","Ccnd1"
"4507","Raf1","Klf2"
"4508","Raf1","Rbl2"
"4509","Tgfbr1,Tgfbr2","Smad3"
"4510","Acvr1b,Tgfbr2","Smad3"
"4511","Acvr1c,Tgfbr2","Smad3"
"4512","Acvr1,Tgfbr1,Tgfbr2","Smad3"
"4513","Tgfbr1,Acvr2a","Smad3"
"4514","Tgfbr1,Acvr2b","Smad3"
"4515","Egfr,Erbb2","Bcl6"
"4516","Egfr,Erbb2","Foxo1"
"4517","Egfr,Erbb2","Atm"
"4518","Egfr,Erbb2","Ccnd1"
"4519","Egfr,Erbb2","Klf2"
"4520","Egfr,Erbb2","Rbl2"
"4521","Irs1","Bcl6"
"4522","Irs1","Foxo1"
"4523","Irs1","Foxo3"
"4524","Irs1","Atm"
"4525","Irs1","Ccnd1"
"4526","Irs1","Foxo4"
"4527","Irs1","Ikbkb"
"4528","Irs1","Klf2"
"4529","Irs1","Rbl2"
"4530","Bdkrb2","Trp53"
"4531","Oprd1","Trp53"
"4532","Adora1","Trp53"
"4533","S1pr1","Akt1"
"4534","S1pr1","Mapk1"
"4535","S1pr1","Mapk3"
"4536","S1pr1","Trp53"
"4537","S1pr1","Raf1"
"4538","S1pr3","Akt1"
"4539","S1pr3","Mapk1"
"4540","S1pr3","Mapk3"
"4541","S1pr3","Nfkb1"
"4542","S1pr3","Rela"
"4543","S1pr3","Trp53"
"4544","S1pr3","Raf1"
"4545","S1pr4","Akt1"
"4546","S1pr4","Mapk1"
"4547","S1pr4","Mapk3"
"4548","S1pr4","Nfkb1"
"4549","S1pr4","Rela"
"4550","S1pr4","Trp53"
"4551","S1pr4","Raf1"
"4552","S1pr5","Akt1"
"4553","S1pr5","Mapk1"
"4554","S1pr5","Mapk3"
"4555","S1pr5","Nfkb1"
"4556","S1pr5","Rela"
"4557","S1pr5","Trp53"
"4558","S1pr5","Raf1"
"4559","Fcer1a","Akt1"
"4560","Fcer1a","Trp53"
"4561","Fyn","Akt1"
"4562","Fyn","Trp53"
"4563","Pik3r1","Trp53"
"4564","Pik3r2","Trp53"
"4565","Pik3r3","Trp53"
"4566","S1pr2","Akt1"
"4567","S1pr2","Mapk1"
"4568","S1pr2","Mapk3"
"4569","S1pr2","Nfkb1"
"4570","S1pr2","Rela"
"4571","S1pr2","Trp53"
"4572","S1pr2","Raf1"
"4573","Agtr1a","Akt1"
"4574","Agtr1a","Mapk1"
"4575","Agtr1a","Mapk3"
"4576","Agtr1a","Rapgef3"
"4577","Agtr1a","Raf1"
"4578","Agtr1a","Rala"
"4579","Pld2","Mapk1"
"4580","Pld2","Mapk3"
"4581","Pld2","Raf1"
"4582","Avpr1a","Akt1"
"4583","Avpr1a","Mapk1"
"4584","Avpr1a","Mapk3"
"4585","Avpr1a","Rapgef3"
"4586","Avpr1a","Raf1"
"4587","Avpr1a","Rala"
"4588","Avpr1b","Akt1"
"4589","Avpr1b","Mapk1"
"4590","Avpr1b","Mapk3"
"4591","Avpr1b","Rapgef3"
"4592","Avpr1b","Raf1"
"4593","Avpr1b","Rala"
"4594","Avpr2","Akt1"
"4595","Avpr2","Mapk1"
"4596","Avpr2","Mapk3"
"4597","Avpr2","Rapgef3"
"4598","Avpr2","Raf1"
"4599","Avpr2","Rala"
"4600","Grm3","Akt1"
"4601","Grm3","Mapk1"
"4602","Grm3","Mapk3"
"4603","Grm3","Rapgef3"
"4604","Grm3","Raf1"
"4605","Grm3","Rala"
"4606","Grm4","Akt1"
"4607","Grm4","Mapk1"
"4608","Grm4","Mapk3"
"4609","Grm4","Rapgef3"
"4610","Grm4","Raf1"
"4611","Grm4","Rala"
"4612","Grm5","Akt1"
"4613","Grm5","Mapk1"
"4614","Grm5","Mapk3"
"4615","Grm5","Rapgef3"
"4616","Grm5","Raf1"
"4617","Grm5","Rala"
"4618","Grm7","Akt1"
"4619","Grm7","Mapk1"
"4620","Grm7","Mapk3"
"4621","Grm7","Rapgef3"
"4622","Grm7","Raf1"
"4623","Grm7","Rala"
"4624","Cxcr1","Rapgef3"
"4625","Cxcr1","Rala"
"4626","Cxcr2","Rapgef3"
"4627","Cxcr2","Rala"
"4628","Grm1","Mapk1"
"4629","Grm1","Mapk3"
"4630","Grm1","Rapgef3"
"4631","Grm1","Raf1"
"4632","Grm1","Rala"
"4633","F2r","Raf1"
"4634","Lpar3","Raf1"
"4635","Fcer1a","Mapk1"
"4636","Fcer1a","Mapk3"
"4637","Fcer1a","Raf1"
"4638","Lpar1","Raf1"
"4639","Lpar2","Raf1"
"4640","Lpar4","Raf1"
"4641","Fyn","Mapk1"
"4642","Fyn","Mapk3"
"4643","Fyn","Raf1"
"4644","Plcb2","Raf1"
"4645","Agtr1b","Akt1"
"4646","Agtr1b","Mapk1"
"4647","Agtr1b","Mapk3"
"4648","Agtr1b","Rapgef3"
"4649","Agtr1b","Raf1"
"4650","Agtr1b","Rala"
"4651","Cd74,Cxcr2","Rapgef3"
"4652","Cd74,Cxcr2","Rala"
"4653","Pld1","Mapk1"
"4654","Pld1","Mapk3"
"4655","Pld1","Raf1"
"4656","Abl1","E2f1"
"4657","Abl1","E2f2"
"4658","Abl1","E2f3"
"4659","Abl1","E2f4"
"4660","Abl1","E2f5"
"4661","Abl1","Myc"
"4662","Abl1","Rbl1"
"4663","Abl1","Tfdp1"
"4664","Abl1","Tfdp2"
"4665","Abl1","Zbtb17"
"4666","Abl1","Ccnd1"
"4667","Abl1","Mcm3"
"4668","Abl1","Mcm6"
"4669","Abl1","Rb1"
"4670","Abl1","Rbl2"
"4671","Abl1","Mcm2"
"4672","Abl1","Mcm4"
"4673","Abl1","Mcm7"
"4674","Abl1","Orc2"
"4675","Ep300","E2f1"
"4676","Ep300","E2f2"
"4677","Ep300","E2f3"
"4678","Ep300","E2f4"
"4679","Ep300","E2f5"
"4680","Ep300","Hdac1"
"4681","Ep300","Myc"
"4682","Ep300","Rbl1"
"4683","Ep300","Tfdp1"
"4684","Ep300","Tfdp2"
"4685","Ep300","Trp53"
"4686","Ep300","Zbtb17"
"4687","Ep300","Abl1"
"4688","Ep300","Ccnd1"
"4689","Ep300","Hdac2"
"4690","Ep300","Mcm3"
"4691","Ep300","Mcm6"
"4692","Ep300","Rb1"
"4693","Ep300","Rbl2"
"4694","Ep300","Mcm2"
"4695","Ep300","Mcm4"
"4696","Ep300","Mcm7"
"4697","Ep300","Orc2"
"4698","Gsk3b","E2f1"
"4699","Gsk3b","E2f2"
"4700","Gsk3b","E2f3"
"4701","Gsk3b","E2f4"
"4702","Gsk3b","E2f5"
"4703","Gsk3b","Hdac1"
"4704","Gsk3b","Myc"
"4705","Gsk3b","Rbl1"
"4706","Gsk3b","Tfdp1"
"4707","Gsk3b","Tfdp2"
"4708","Gsk3b","Zbtb17"
"4709","Gsk3b","Abl1"
"4710","Gsk3b","Ccnd1"
"4711","Gsk3b","Hdac2"
"4712","Gsk3b","Mcm3"
"4713","Gsk3b","Mcm6"
"4714","Gsk3b","Rb1"
"4715","Gsk3b","Rbl2"
"4716","Gsk3b","Mcm2"
"4717","Gsk3b","Mcm4"
"4718","Gsk3b","Mcm7"
"4719","Gsk3b","Orc2"
"4720","Crebbp","E2f1"
"4721","Crebbp","E2f2"
"4722","Crebbp","E2f3"
"4723","Crebbp","E2f4"
"4724","Crebbp","E2f5"
"4725","Crebbp","Hdac1"
"4726","Crebbp","Myc"
"4727","Crebbp","Rbl1"
"4728","Crebbp","Tfdp1"
"4729","Crebbp","Tfdp2"
"4730","Crebbp","Trp53"
"4731","Crebbp","Zbtb17"
"4732","Crebbp","Abl1"
"4733","Crebbp","Ccnd1"
"4734","Crebbp","Hdac2"
"4735","Crebbp","Mcm3"
"4736","Crebbp","Mcm6"
"4737","Crebbp","Rb1"
"4738","Crebbp","Rbl2"
"4739","Crebbp","Mcm2"
"4740","Crebbp","Mcm4"
"4741","Crebbp","Mcm7"
"4742","Crebbp","Orc2"
"4743","Cdk2","E2f1"
"4744","Cdk2","E2f2"
"4745","Cdk2","E2f3"
"4746","Cdk2","E2f4"
"4747","Cdk2","E2f5"
"4748","Cdk2","Hdac1"
"4749","Cdk2","Myc"
"4750","Cdk2","Rbl1"
"4751","Cdk2","Tfdp1"
"4752","Cdk2","Tfdp2"
"4753","Cdk2","Zbtb17"
"4754","Cdk2","Abl1"
"4755","Cdk2","Hdac2"
"4756","Cdk2","Mcm3"
"4757","Cdk2","Mcm6"
"4758","Cdk2","Rb1"
"4759","Cdk2","Mcm2"
"4760","Cdk2","Mcm4"
"4761","Cdk2","Mcm7"
"4762","Cdk2","Orc2"
"4763","Cdk4","E2f4"
"4764","Cdk4","E2f5"
"4765","Cdk4","Hdac1"
"4766","Cdk4","Myc"
"4767","Cdk4","Rbl1"
"4768","Cdk4","Tfdp1"
"4769","Cdk4","Tfdp2"
"4770","Cdk4","Zbtb17"
"4771","Cdk4","Abl1"
"4772","Cdk4","Hdac2"
"4773","Cdk4","Mcm3"
"4774","Cdk4","Mcm6"
"4775","Cdk4","Rbl2"
"4776","Cdk4","Mcm2"
"4777","Cdk4","Mcm4"
"4778","Cdk4","Mcm7"
"4779","Cdk4","Orc2"
"4780","Chek1","E2f1"
"4781","Chek1","E2f2"
"4782","Chek1","E2f3"
"4783","Chek1","E2f4"
"4784","Chek1","E2f5"
"4785","Chek1","Hdac1"
"4786","Chek1","Myc"
"4787","Chek1","Rbl1"
"4788","Chek1","Tfdp1"
"4789","Chek1","Tfdp2"
"4790","Chek1","Trp53"
"4791","Chek1","Zbtb17"
"4792","Chek1","Abl1"
"4793","Chek1","Ccnd1"
"4794","Chek1","Hdac2"
"4795","Chek1","Mcm3"
"4796","Chek1","Mcm6"
"4797","Chek1","Rb1"
"4798","Chek1","Rbl2"
"4799","Chek1","Mcm2"
"4800","Chek1","Mcm4"
"4801","Chek1","Mcm7"
"4802","Chek1","Orc2"
"4803","Chek2","E2f1"
"4804","Chek2","E2f2"
"4805","Chek2","E2f3"
"4806","Chek2","E2f4"
"4807","Chek2","E2f5"
"4808","Chek2","Hdac1"
"4809","Chek2","Myc"
"4810","Chek2","Rbl1"
"4811","Chek2","Tfdp1"
"4812","Chek2","Tfdp2"
"4813","Chek2","Trp53"
"4814","Chek2","Zbtb17"
"4815","Chek2","Abl1"
"4816","Chek2","Ccnd1"
"4817","Chek2","Hdac2"
"4818","Chek2","Mcm3"
"4819","Chek2","Mcm6"
"4820","Chek2","Rb1"
"4821","Chek2","Rbl2"
"4822","Chek2","Mcm2"
"4823","Chek2","Mcm4"
"4824","Chek2","Mcm7"
"4825","Chek2","Orc2"
"4826","Hdac1","E2f1"
"4827","Hdac1","E2f2"
"4828","Hdac1","E2f3"
"4829","Hdac1","E2f4"
"4830","Hdac1","E2f5"
"4831","Hdac1","Myc"
"4832","Hdac1","Rbl1"
"4833","Hdac1","Tfdp1"
"4834","Hdac1","Tfdp2"
"4835","Hdac1","Zbtb17"
"4836","Hdac1","Ccnd1"
"4837","Hdac1","Mcm3"
"4838","Hdac1","Mcm6"
"4839","Hdac1","Rb1"
"4840","Hdac1","Rbl2"
"4841","Hdac1","Mcm2"
"4842","Hdac1","Mcm4"
"4843","Hdac1","Mcm7"
"4844","Hdac1","Orc2"
"4845","Hdac2","E2f1"
"4846","Hdac2","E2f2"
"4847","Hdac2","E2f3"
"4848","Hdac2","E2f4"
"4849","Hdac2","E2f5"
"4850","Hdac2","Myc"
"4851","Hdac2","Rbl1"
"4852","Hdac2","Tfdp1"
"4853","Hdac2","Tfdp2"
"4854","Hdac2","Zbtb17"
"4855","Hdac2","Ccnd1"
"4856","Hdac2","Mcm3"
"4857","Hdac2","Mcm6"
"4858","Hdac2","Rb1"
"4859","Hdac2","Rbl2"
"4860","Hdac2","Mcm2"
"4861","Hdac2","Mcm4"
"4862","Hdac2","Mcm7"
"4863","Hdac2","Orc2"
"4864","Cdk2","Pttg1"
"4865","Cdk2","Espl1"
"4866","Itpr3","Pttg1"
"4867","Itpr3","Espl1"
"4868","Chek1","Trp73"
"4869","Chek1","Mdm2"
"4870","Chek1","Ddb2"
"4871","Chek2","Trp73"
"4872","Chek2","Mdm2"
"4873","Chek2","Ddb2"
"4874","Ldlr","Dab2"
"4875","Tgfbr1","Smad2"
"4876","Tgfbr2","Smad2"
"4877","Tgfbr1,Tgfbr2","Smad2"
"4878","Acvr1b,Tgfbr2","Smad2"
"4879","Acvr1c,Tgfbr2","Smad2"
"4880","Acvr1,Tgfbr1,Tgfbr2","Smad2"
"4881","Tgfbr1,Acvr2a","Smad2"
"4882","Tgfbr1,Acvr2b","Smad2"
"4883","Lrp6","Akt1"
"4884","Lrp6","Mapk1"
"4885","Lrp6","Mapk3"
"4886","Lrp6","Sos1"
"4887","Lrp6","Sos2"
"4888","Lrp6","Raf1"
"4889","Lrp5","Akt1"
"4890","Lrp5","Mapk1"
"4891","Lrp5","Mapk3"
"4892","Lrp5","Sos1"
"4893","Lrp5","Sos2"
"4894","Lrp5","Raf1"
"4895","Fzd3","Akt1"
"4896","Fzd3","Mapk1"
"4897","Fzd3","Mapk3"
"4898","Fzd3","Sos1"
"4899","Fzd3","Sos2"
"4900","Fzd3","Raf1"
"4901","Fzd5","Akt1"
"4902","Fzd5","Mapk1"
"4903","Fzd5","Mapk3"
"4904","Fzd5","Sos1"
"4905","Fzd5","Sos2"
"4906","Fzd5","Raf1"
"4907","Fzd6","Akt1"
"4908","Fzd6","Mapk1"
"4909","Fzd6","Mapk3"
"4910","Fzd6","Sos1"
"4911","Fzd6","Sos2"
"4912","Fzd6","Raf1"
"4913","Tnfrsf1a","Akt1"
"4914","Tnfrsf1a","Sos1"
"4915","Tnfrsf1a","Sos2"
"4916","Tnfrsf1a","Raf1"
"4917","Fzd8","Akt1"
"4918","Fzd8","Mapk1"
"4919","Fzd8","Mapk3"
"4920","Fzd8","Sos1"
"4921","Fzd8","Sos2"
"4922","Fzd8","Raf1"
"4923","Fzd1","Akt1"
"4924","Fzd1","Mapk1"
"4925","Fzd1","Mapk3"
"4926","Fzd1","Sos1"
"4927","Fzd1","Sos2"
"4928","Fzd1","Raf1"
"4929","Fzd10","Akt1"
"4930","Fzd10","Mapk1"
"4931","Fzd10","Mapk3"
"4932","Fzd10","Sos1"
"4933","Fzd10","Sos2"
"4934","Fzd10","Raf1"
"4935","Fzd4","Akt1"
"4936","Fzd4","Mapk1"
"4937","Fzd4","Mapk3"
"4938","Fzd4","Sos1"
"4939","Fzd4","Sos2"
"4940","Fzd4","Raf1"
"4941","Fzd7","Akt1"
"4942","Fzd7","Mapk1"
"4943","Fzd7","Mapk3"
"4944","Fzd7","Sos1"
"4945","Fzd7","Sos2"
"4946","Fzd7","Raf1"
"4947","Fzd2","Akt1"
"4948","Fzd2","Mapk1"
"4949","Fzd2","Mapk3"
"4950","Fzd2","Sos1"
"4951","Fzd2","Sos2"
"4952","Fzd2","Raf1"
"4953","Fzd9","Akt1"
"4954","Fzd9","Mapk1"
"4955","Fzd9","Mapk3"
"4956","Fzd9","Sos1"
"4957","Fzd9","Sos2"
"4958","Fzd9","Raf1"
"4959","Chuk","Mapk1"
"4960","Chuk","Mapk3"
"4961","Chuk","Sos1"
"4962","Chuk","Sos2"
"4963","Chuk","Raf1"
"4964","Gsk3b","Akt1"
"4965","Gsk3b","Mapk1"
"4966","Gsk3b","Mapk3"
"4967","Gsk3b","Sos1"
"4968","Gsk3b","Sos2"
"4969","Gsk3b","Raf1"
"4970","Ikbkb","Mapk1"
"4971","Ikbkb","Mapk3"
"4972","Ikbkb","Sos1"
"4973","Ikbkb","Sos2"
"4974","Ikbkb","Raf1"
"4975","Fzd1,Lrp5","Akt1"
"4976","Fzd1,Lrp5","Mapk1"
"4977","Fzd1,Lrp5","Mapk3"
"4978","Fzd1,Lrp5","Sos1"
"4979","Fzd1,Lrp5","Sos2"
"4980","Fzd1,Lrp5","Raf1"
"4981","Fzd10,Lrp5","Akt1"
"4982","Fzd10,Lrp5","Mapk1"
"4983","Fzd10,Lrp5","Mapk3"
"4984","Fzd10,Lrp5","Sos1"
"4985","Fzd10,Lrp5","Sos2"
"4986","Fzd10,Lrp5","Raf1"
"4987","Fzd2,Lrp5","Akt1"
"4988","Fzd2,Lrp5","Mapk1"
"4989","Fzd2,Lrp5","Mapk3"
"4990","Fzd2,Lrp5","Sos1"
"4991","Fzd2,Lrp5","Sos2"
"4992","Fzd2,Lrp5","Raf1"
"4993","Fzd3,Lrp5","Akt1"
"4994","Fzd3,Lrp5","Mapk1"
"4995","Fzd3,Lrp5","Mapk3"
"4996","Fzd3,Lrp5","Sos1"
"4997","Fzd3,Lrp5","Sos2"
"4998","Fzd3,Lrp5","Raf1"
"4999","Fzd4,Lrp5","Akt1"
"5000","Fzd4,Lrp5","Mapk1"
"5001","Fzd4,Lrp5","Mapk3"
"5002","Fzd4,Lrp5","Sos1"
"5003","Fzd4,Lrp5","Sos2"
"5004","Fzd4,Lrp5","Raf1"
"5005","Fzd5,Lrp5","Akt1"
"5006","Fzd5,Lrp5","Mapk1"
"5007","Fzd5,Lrp5","Mapk3"
"5008","Fzd5,Lrp5","Sos1"
"5009","Fzd5,Lrp5","Sos2"
"5010","Fzd5,Lrp5","Raf1"
"5011","Fzd6,Lrp5","Akt1"
"5012","Fzd6,Lrp5","Mapk1"
"5013","Fzd6,Lrp5","Mapk3"
"5014","Fzd6,Lrp5","Sos1"
"5015","Fzd6,Lrp5","Sos2"
"5016","Fzd6,Lrp5","Raf1"
"5017","Fzd7,Lrp5","Akt1"
"5018","Fzd7,Lrp5","Mapk1"
"5019","Fzd7,Lrp5","Mapk3"
"5020","Fzd7,Lrp5","Sos1"
"5021","Fzd7,Lrp5","Sos2"
"5022","Fzd7,Lrp5","Raf1"
"5023","Fzd8,Lrp5","Akt1"
"5024","Fzd8,Lrp5","Mapk1"
"5025","Fzd8,Lrp5","Mapk3"
"5026","Fzd8,Lrp5","Sos1"
"5027","Fzd8,Lrp5","Sos2"
"5028","Fzd8,Lrp5","Raf1"
"5029","Fzd9,Lrp5","Akt1"
"5030","Fzd9,Lrp5","Mapk1"
"5031","Fzd9,Lrp5","Mapk3"
"5032","Fzd9,Lrp5","Sos1"
"5033","Fzd9,Lrp5","Sos2"
"5034","Fzd9,Lrp5","Raf1"
"5035","Fzd1,Lrp6","Akt1"
"5036","Fzd1,Lrp6","Mapk1"
"5037","Fzd1,Lrp6","Mapk3"
"5038","Fzd1,Lrp6","Sos1"
"5039","Fzd1,Lrp6","Sos2"
"5040","Fzd1,Lrp6","Raf1"
"5041","Fzd10,Lrp6","Akt1"
"5042","Fzd10,Lrp6","Mapk1"
"5043","Fzd10,Lrp6","Mapk3"
"5044","Fzd10,Lrp6","Sos1"
"5045","Fzd10,Lrp6","Sos2"
"5046","Fzd10,Lrp6","Raf1"
"5047","Fzd2,Lrp6","Akt1"
"5048","Fzd2,Lrp6","Mapk1"
"5049","Fzd2,Lrp6","Mapk3"
"5050","Fzd2,Lrp6","Sos1"
"5051","Fzd2,Lrp6","Sos2"
"5052","Fzd2,Lrp6","Raf1"
"5053","Fzd3,Lrp6","Akt1"
"5054","Fzd3,Lrp6","Mapk1"
"5055","Fzd3,Lrp6","Mapk3"
"5056","Fzd3,Lrp6","Sos1"
"5057","Fzd3,Lrp6","Sos2"
"5058","Fzd3,Lrp6","Raf1"
"5059","Fzd4,Lrp6","Akt1"
"5060","Fzd4,Lrp6","Mapk1"
"5061","Fzd4,Lrp6","Mapk3"
"5062","Fzd4,Lrp6","Sos1"
"5063","Fzd4,Lrp6","Sos2"
"5064","Fzd4,Lrp6","Raf1"
"5065","Fzd5,Lrp6","Akt1"
"5066","Fzd5,Lrp6","Mapk1"
"5067","Fzd5,Lrp6","Mapk3"
"5068","Fzd5,Lrp6","Sos1"
"5069","Fzd5,Lrp6","Sos2"
"5070","Fzd5,Lrp6","Raf1"
"5071","Fzd6,Lrp6","Akt1"
"5072","Fzd6,Lrp6","Mapk1"
"5073","Fzd6,Lrp6","Mapk3"
"5074","Fzd6,Lrp6","Sos1"
"5075","Fzd6,Lrp6","Sos2"
"5076","Fzd6,Lrp6","Raf1"
"5077","Fzd7,Lrp6","Akt1"
"5078","Fzd7,Lrp6","Mapk1"
"5079","Fzd7,Lrp6","Mapk3"
"5080","Fzd7,Lrp6","Sos1"
"5081","Fzd7,Lrp6","Sos2"
"5082","Fzd7,Lrp6","Raf1"
"5083","Fzd8,Lrp6","Akt1"
"5084","Fzd8,Lrp6","Mapk1"
"5085","Fzd8,Lrp6","Mapk3"
"5086","Fzd8,Lrp6","Sos1"
"5087","Fzd8,Lrp6","Sos2"
"5088","Fzd8,Lrp6","Raf1"
"5089","Fzd9,Lrp6","Akt1"
"5090","Fzd9,Lrp6","Mapk1"
"5091","Fzd9,Lrp6","Mapk3"
"5092","Fzd9,Lrp6","Sos1"
"5093","Fzd9,Lrp6","Sos2"
"5094","Fzd9,Lrp6","Raf1"
"5095","Irs1","Sos1"
"5096","Irs1","Sos2"
"5097","Itga9","Akt1"
"5098","Itga9","Atf2"
"5099","Itga9","Atf4"
"5100","Itga9","Atf6b"
"5101","Itga9","Brca1"
"5102","Itga9","Creb1"
"5103","Itga9","Creb3"
"5104","Itga9","Creb3l1"
"5105","Itga9","Creb3l2"
"5106","Itga9","Creb3l3"
"5107","Itga9","Creb3l4"
"5108","Itga9","Creb5"
"5109","Itga9","Foxo3"
"5110","Itga9","Mapk1"
"5111","Itga9","Mapk3"
"5112","Itga9","Myb"
"5113","Itga9","Myc"
"5114","Itga9","Nfkb1"
"5115","Itga9","Rela"
"5116","Itga9","Rxra"
"5117","Itga9","Trp53"
"5118","Itga9","Ccnd1"
"5119","Itga9","Ikbkb"
"5120","Itga9","Mdm2"
"5121","Itga9","Nr4a1"
"5122","Itga9","Raf1"
"5123","Itga9","Rbl2"
"5124","Itga9","Ikbkg"
"5125","Itgb1","Akt1"
"5126","Itgb1","Atf2"
"5127","Itgb1","Atf4"
"5128","Itgb1","Atf6b"
"5129","Itgb1","Brca1"
"5130","Itgb1","Creb1"
"5131","Itgb1","Creb3"
"5132","Itgb1","Creb3l1"
"5133","Itgb1","Creb3l2"
"5134","Itgb1","Creb3l3"
"5135","Itgb1","Creb3l4"
"5136","Itgb1","Creb5"
"5137","Itgb1","Foxo3"
"5138","Itgb1","Mapk1"
"5139","Itgb1","Mapk3"
"5140","Itgb1","Myb"
"5141","Itgb1","Myc"
"5142","Itgb1","Nfkb1"
"5143","Itgb1","Rela"
"5144","Itgb1","Rxra"
"5145","Itgb1","Trp53"
"5146","Itgb1","Ccnd1"
"5147","Itgb1","Ikbkb"
"5148","Itgb1","Mdm2"
"5149","Itgb1","Nr4a1"
"5150","Itgb1","Raf1"
"5151","Itgb1","Rbl2"
"5152","Itgb1","Ikbkg"
"5153","Itga5","Akt1"
"5154","Itga5","Atf2"
"5155","Itga5","Atf4"
"5156","Itga5","Atf6b"
"5157","Itga5","Brca1"
"5158","Itga5","Creb1"
"5159","Itga5","Creb3"
"5160","Itga5","Creb3l1"
"5161","Itga5","Creb3l2"
"5162","Itga5","Creb3l3"
"5163","Itga5","Creb3l4"
"5164","Itga5","Creb5"
"5165","Itga5","Foxo3"
"5166","Itga5","Mapk1"
"5167","Itga5","Mapk3"
"5168","Itga5","Myb"
"5169","Itga5","Myc"
"5170","Itga5","Nfkb1"
"5171","Itga5","Rela"
"5172","Itga5","Rxra"
"5173","Itga5","Trp53"
"5174","Itga5","Ccnd1"
"5175","Itga5","Ikbkb"
"5176","Itga5","Mdm2"
"5177","Itga5","Nr4a1"
"5178","Itga5","Raf1"
"5179","Itga5","Rbl2"
"5180","Itga5","Ikbkg"
"5181","Itgav","Akt1"
"5182","Itgav","Atf2"
"5183","Itgav","Atf4"
"5184","Itgav","Atf6b"
"5185","Itgav","Brca1"
"5186","Itgav","Creb1"
"5187","Itgav","Creb3"
"5188","Itgav","Creb3l1"
"5189","Itgav","Creb3l2"
"5190","Itgav","Creb3l3"
"5191","Itgav","Creb3l4"
"5192","Itgav","Creb5"
"5193","Itgav","Foxo3"
"5194","Itgav","Mapk1"
"5195","Itgav","Mapk3"
"5196","Itgav","Myb"
"5197","Itgav","Myc"
"5198","Itgav","Nfkb1"
"5199","Itgav","Rela"
"5200","Itgav","Rxra"
"5201","Itgav","Trp53"
"5202","Itgav","Ccnd1"
"5203","Itgav","Ikbkb"
"5204","Itgav","Mdm2"
"5205","Itgav","Nr4a1"
"5206","Itgav","Raf1"
"5207","Itgav","Rbl2"
"5208","Itgav","Ikbkg"
"5209","Itgb3","Akt1"
"5210","Itgb3","Atf2"
"5211","Itgb3","Atf4"
"5212","Itgb3","Atf6b"
"5213","Itgb3","Brca1"
"5214","Itgb3","Creb1"
"5215","Itgb3","Creb3"
"5216","Itgb3","Creb3l1"
"5217","Itgb3","Creb3l2"
"5218","Itgb3","Creb3l3"
"5219","Itgb3","Creb3l4"
"5220","Itgb3","Creb5"
"5221","Itgb3","Foxo3"
"5222","Itgb3","Mapk1"
"5223","Itgb3","Mapk3"
"5224","Itgb3","Myb"
"5225","Itgb3","Myc"
"5226","Itgb3","Nfkb1"
"5227","Itgb3","Rela"
"5228","Itgb3","Rxra"
"5229","Itgb3","Trp53"
"5230","Itgb3","Ccnd1"
"5231","Itgb3","Ikbkb"
"5232","Itgb3","Mdm2"
"5233","Itgb3","Nr4a1"
"5234","Itgb3","Raf1"
"5235","Itgb3","Rbl2"
"5236","Itgb3","Ikbkg"
"5237","Erbb4","Atf2"
"5238","Erbb4","Atf6b"
"5239","Erbb4","Brca1"
"5240","Erbb4","Creb1"
"5241","Erbb4","Creb3"
"5242","Erbb4","Creb3l1"
"5243","Erbb4","Creb3l2"
"5244","Erbb4","Creb3l3"
"5245","Erbb4","Creb3l4"
"5246","Erbb4","Creb5"
"5247","Erbb4","Foxo3"
"5248","Erbb4","Myb"
"5249","Erbb4","Rxra"
"5250","Erbb4","Ccnd1"
"5251","Erbb4","Mdm2"
"5252","Erbb4","Nr4a1"
"5253","Erbb4","Rbl2"
"5254","Itga6","Akt1"
"5255","Itga6","Atf2"
"5256","Itga6","Atf4"
"5257","Itga6","Atf6b"
"5258","Itga6","Brca1"
"5259","Itga6","Creb1"
"5260","Itga6","Creb3"
"5261","Itga6","Creb3l1"
"5262","Itga6","Creb3l2"
"5263","Itga6","Creb3l3"
"5264","Itga6","Creb3l4"
"5265","Itga6","Creb5"
"5266","Itga6","Foxo3"
"5267","Itga6","Mapk1"
"5268","Itga6","Mapk3"
"5269","Itga6","Myb"
"5270","Itga6","Myc"
"5271","Itga6","Nfkb1"
"5272","Itga6","Rela"
"5273","Itga6","Rxra"
"5274","Itga6","Trp53"
"5275","Itga6","Ccnd1"
"5276","Itga6","Ikbkb"
"5277","Itga6","Mdm2"
"5278","Itga6","Nr4a1"
"5279","Itga6","Raf1"
"5280","Itga6","Rbl2"
"5281","Itga6","Ikbkg"
"5282","Itgb7","Akt1"
"5283","Itgb7","Atf2"
"5284","Itgb7","Atf4"
"5285","Itgb7","Atf6b"
"5286","Itgb7","Brca1"
"5287","Itgb7","Creb1"
"5288","Itgb7","Creb3"
"5289","Itgb7","Creb3l1"
"5290","Itgb7","Creb3l2"
"5291","Itgb7","Creb3l3"
"5292","Itgb7","Creb3l4"
"5293","Itgb7","Creb5"
"5294","Itgb7","Foxo3"
"5295","Itgb7","Mapk1"
"5296","Itgb7","Mapk3"
"5297","Itgb7","Myb"
"5298","Itgb7","Myc"
"5299","Itgb7","Nfkb1"
"5300","Itgb7","Rela"
"5301","Itgb7","Rxra"
"5302","Itgb7","Trp53"
"5303","Itgb7","Ccnd1"
"5304","Itgb7","Ikbkb"
"5305","Itgb7","Mdm2"
"5306","Itgb7","Nr4a1"
"5307","Itgb7","Raf1"
"5308","Itgb7","Rbl2"
"5309","Itgb7","Ikbkg"
"5310","Itga4","Akt1"
"5311","Itga4","Atf2"
"5312","Itga4","Atf4"
"5313","Itga4","Atf6b"
"5314","Itga4","Brca1"
"5315","Itga4","Creb1"
"5316","Itga4","Creb3"
"5317","Itga4","Creb3l1"
"5318","Itga4","Creb3l2"
"5319","Itga4","Creb3l3"
"5320","Itga4","Creb3l4"
"5321","Itga4","Creb5"
"5322","Itga4","Foxo3"
"5323","Itga4","Mapk1"
"5324","Itga4","Mapk3"
"5325","Itga4","Myb"
"5326","Itga4","Myc"
"5327","Itga4","Nfkb1"
"5328","Itga4","Rela"
"5329","Itga4","Rxra"
"5330","Itga4","Trp53"
"5331","Itga4","Ccnd1"
"5332","Itga4","Ikbkb"
"5333","Itga4","Mdm2"
"5334","Itga4","Nr4a1"
"5335","Itga4","Raf1"
"5336","Itga4","Rbl2"
"5337","Itga4","Ikbkg"
"5338","Itga3","Akt1"
"5339","Itga3","Atf2"
"5340","Itga3","Atf4"
"5341","Itga3","Atf6b"
"5342","Itga3","Brca1"
"5343","Itga3","Creb1"
"5344","Itga3","Creb3"
"5345","Itga3","Creb3l1"
"5346","Itga3","Creb3l2"
"5347","Itga3","Creb3l3"
"5348","Itga3","Creb3l4"
"5349","Itga3","Creb5"
"5350","Itga3","Foxo3"
"5351","Itga3","Mapk1"
"5352","Itga3","Mapk3"
"5353","Itga3","Myb"
"5354","Itga3","Myc"
"5355","Itga3","Nfkb1"
"5356","Itga3","Rela"
"5357","Itga3","Rxra"
"5358","Itga3","Trp53"
"5359","Itga3","Ccnd1"
"5360","Itga3","Ikbkb"
"5361","Itga3","Mdm2"
"5362","Itga3","Nr4a1"
"5363","Itga3","Raf1"
"5364","Itga3","Rbl2"
"5365","Itga3","Ikbkg"
"5366","Itgb5","Akt1"
"5367","Itgb5","Atf2"
"5368","Itgb5","Atf4"
"5369","Itgb5","Atf6b"
"5370","Itgb5","Brca1"
"5371","Itgb5","Creb1"
"5372","Itgb5","Creb3"
"5373","Itgb5","Creb3l1"
"5374","Itgb5","Creb3l2"
"5375","Itgb5","Creb3l3"
"5376","Itgb5","Creb3l4"
"5377","Itgb5","Creb5"
"5378","Itgb5","Foxo3"
"5379","Itgb5","Mapk1"
"5380","Itgb5","Mapk3"
"5381","Itgb5","Myb"
"5382","Itgb5","Myc"
"5383","Itgb5","Nfkb1"
"5384","Itgb5","Rela"
"5385","Itgb5","Rxra"
"5386","Itgb5","Trp53"
"5387","Itgb5","Ccnd1"
"5388","Itgb5","Ikbkb"
"5389","Itgb5","Mdm2"
"5390","Itgb5","Nr4a1"
"5391","Itgb5","Raf1"
"5392","Itgb5","Rbl2"
"5393","Itgb5","Ikbkg"
"5394","Insr","Brca1"
"5395","Insr","Myb"
"5396","Insr","Rxra"
"5397","Insr","Mdm2"
"5398","Insr","Nr4a1"
"5399","Egfr","Atf2"
"5400","Egfr","Atf6b"
"5401","Egfr","Brca1"
"5402","Egfr","Creb1"
"5403","Egfr","Creb3"
"5404","Egfr","Creb3l1"
"5405","Egfr","Creb3l2"
"5406","Egfr","Creb3l3"
"5407","Egfr","Creb3l4"
"5408","Egfr","Creb5"
"5409","Egfr","Myb"
"5410","Egfr","Rxra"
"5411","Egfr","Mdm2"
"5412","Egfr","Nr4a1"
"5413","Tek","Atf2"
"5414","Tek","Atf6b"
"5415","Tek","Brca1"
"5416","Tek","Creb1"
"5417","Tek","Creb3"
"5418","Tek","Creb3l1"
"5419","Tek","Creb3l2"
"5420","Tek","Creb3l3"
"5421","Tek","Creb3l4"
"5422","Tek","Creb5"
"5423","Tek","Foxo3"
"5424","Tek","Myb"
"5425","Tek","Rxra"
"5426","Tek","Ccnd1"
"5427","Tek","Mdm2"
"5428","Tek","Nr4a1"
"5429","Tek","Rbl2"
"5430","Tlr2","Akt1"
"5431","Tlr2","Atf2"
"5432","Tlr2","Atf4"
"5433","Tlr2","Atf6b"
"5434","Tlr2","Brca1"
"5435","Tlr2","Creb1"
"5436","Tlr2","Creb3"
"5437","Tlr2","Creb3l1"
"5438","Tlr2","Creb3l2"
"5439","Tlr2","Creb3l3"
"5440","Tlr2","Creb3l4"
"5441","Tlr2","Creb5"
"5442","Tlr2","Foxo3"
"5443","Tlr2","Mapk1"
"5444","Tlr2","Mapk3"
"5445","Tlr2","Myb"
"5446","Tlr2","Myc"
"5447","Tlr2","Nfkb1"
"5448","Tlr2","Rela"
"5449","Tlr2","Rxra"
"5450","Tlr2","Trp53"
"5451","Tlr2","Ccnd1"
"5452","Tlr2","Ikbkb"
"5453","Tlr2","Mdm2"
"5454","Tlr2","Nr4a1"
"5455","Tlr2","Raf1"
"5456","Tlr2","Rbl2"
"5457","Tlr2","Ikbkg"
"5458","Ngfr","Atf2"
"5459","Ngfr","Atf6b"
"5460","Ngfr","Brca1"
"5461","Ngfr","Creb1"
"5462","Ngfr","Creb3"
"5463","Ngfr","Creb3l1"
"5464","Ngfr","Creb3l2"
"5465","Ngfr","Creb3l3"
"5466","Ngfr","Creb3l4"
"5467","Ngfr","Creb5"
"5468","Ngfr","Foxo3"
"5469","Ngfr","Myb"
"5470","Ngfr","Rxra"
"5471","Ngfr","Ccnd1"
"5472","Ngfr","Mdm2"
"5473","Ngfr","Nr4a1"
"5474","Ngfr","Rbl2"
"5475","Erbb3","Atf2"
"5476","Erbb3","Atf6b"
"5477","Erbb3","Brca1"
"5478","Erbb3","Creb1"
"5479","Erbb3","Creb3"
"5480","Erbb3","Creb3l1"
"5481","Erbb3","Creb3l2"
"5482","Erbb3","Creb3l3"
"5483","Erbb3","Creb3l4"
"5484","Erbb3","Creb5"
"5485","Erbb3","Myb"
"5486","Erbb3","Rxra"
"5487","Erbb3","Ccnd1"
"5488","Erbb3","Mdm2"
"5489","Erbb3","Nr4a1"
"5490","Erbb3","Rbl2"
"5491","Ntrk2","Atf2"
"5492","Ntrk2","Atf6b"
"5493","Ntrk2","Brca1"
"5494","Ntrk2","Creb1"
"5495","Ntrk2","Creb3"
"5496","Ntrk2","Creb3l1"
"5497","Ntrk2","Creb3l2"
"5498","Ntrk2","Creb3l3"
"5499","Ntrk2","Creb3l4"
"5500","Ntrk2","Creb5"
"5501","Ntrk2","Foxo3"
"5502","Ntrk2","Myb"
"5503","Ntrk2","Rxra"
"5504","Ntrk2","Ccnd1"
"5505","Ntrk2","Mdm2"
"5506","Ntrk2","Nr4a1"
"5507","Ntrk2","Rbl2"
"5508","Tlr4","Atf2"
"5509","Tlr4","Atf4"
"5510","Tlr4","Atf6b"
"5511","Tlr4","Brca1"
"5512","Tlr4","Creb1"
"5513","Tlr4","Creb3"
"5514","Tlr4","Creb3l1"
"5515","Tlr4","Creb3l2"
"5516","Tlr4","Creb3l3"
"5517","Tlr4","Creb3l4"
"5518","Tlr4","Creb5"
"5519","Tlr4","Foxo3"
"5520","Tlr4","Myb"
"5521","Tlr4","Myc"
"5522","Tlr4","Rxra"
"5523","Tlr4","Trp53"
"5524","Tlr4","Ccnd1"
"5525","Tlr4","Mdm2"
"5526","Tlr4","Nr4a1"
"5527","Tlr4","Raf1"
"5528","Tlr4","Rbl2"
"5529","Erbb2","Atf2"
"5530","Erbb2","Atf6b"
"5531","Erbb2","Brca1"
"5532","Erbb2","Creb1"
"5533","Erbb2","Creb3"
"5534","Erbb2","Creb3l1"
"5535","Erbb2","Creb3l2"
"5536","Erbb2","Creb3l3"
"5537","Erbb2","Creb3l4"
"5538","Erbb2","Creb5"
"5539","Erbb2","Myb"
"5540","Erbb2","Rxra"
"5541","Erbb2","Ccnd1"
"5542","Erbb2","Mdm2"
"5543","Erbb2","Nr4a1"
"5544","Erbb2","Rbl2"
"5545","Cd19","Akt1"
"5546","Cd19","Atf2"
"5547","Cd19","Atf4"
"5548","Cd19","Atf6b"
"5549","Cd19","Brca1"
"5550","Cd19","Creb1"
"5551","Cd19","Creb3"
"5552","Cd19","Creb3l1"
"5553","Cd19","Creb3l2"
"5554","Cd19","Creb3l3"
"5555","Cd19","Creb3l4"
"5556","Cd19","Creb5"
"5557","Cd19","Foxo3"
"5558","Cd19","Mapk1"
"5559","Cd19","Mapk3"
"5560","Cd19","Myb"
"5561","Cd19","Myc"
"5562","Cd19","Nfkb1"
"5563","Cd19","Rela"
"5564","Cd19","Rxra"
"5565","Cd19","Trp53"
"5566","Cd19","Ccnd1"
"5567","Cd19","Ikbkb"
"5568","Cd19","Mdm2"
"5569","Cd19","Nr4a1"
"5570","Cd19","Raf1"
"5571","Cd19","Rbl2"
"5572","Cd19","Ikbkg"
"5573","Itga2b","Akt1"
"5574","Itga2b","Atf2"
"5575","Itga2b","Atf4"
"5576","Itga2b","Atf6b"
"5577","Itga2b","Brca1"
"5578","Itga2b","Creb1"
"5579","Itga2b","Creb3"
"5580","Itga2b","Creb3l1"
"5581","Itga2b","Creb3l2"
"5582","Itga2b","Creb3l3"
"5583","Itga2b","Creb3l4"
"5584","Itga2b","Creb5"
"5585","Itga2b","Foxo3"
"5586","Itga2b","Mapk1"
"5587","Itga2b","Mapk3"
"5588","Itga2b","Myb"
"5589","Itga2b","Myc"
"5590","Itga2b","Nfkb1"
"5591","Itga2b","Rela"
"5592","Itga2b","Rxra"
"5593","Itga2b","Trp53"
"5594","Itga2b","Ccnd1"
"5595","Itga2b","Ikbkb"
"5596","Itga2b","Mdm2"
"5597","Itga2b","Nr4a1"
"5598","Itga2b","Raf1"
"5599","Itga2b","Rbl2"
"5600","Itga2b","Ikbkg"
"5601","Igf1r","Atf2"
"5602","Igf1r","Atf6b"
"5603","Igf1r","Brca1"
"5604","Igf1r","Creb1"
"5605","Igf1r","Creb3"
"5606","Igf1r","Creb3l1"
"5607","Igf1r","Creb3l2"
"5608","Igf1r","Creb3l3"
"5609","Igf1r","Creb3l4"
"5610","Igf1r","Creb5"
"5611","Igf1r","Myb"
"5612","Igf1r","Rxra"
"5613","Igf1r","Mdm2"
"5614","Igf1r","Nr4a1"
"5615","Itga2","Akt1"
"5616","Itga2","Atf2"
"5617","Itga2","Atf4"
"5618","Itga2","Atf6b"
"5619","Itga2","Brca1"
"5620","Itga2","Creb1"
"5621","Itga2","Creb3"
"5622","Itga2","Creb3l1"
"5623","Itga2","Creb3l2"
"5624","Itga2","Creb3l3"
"5625","Itga2","Creb3l4"
"5626","Itga2","Creb5"
"5627","Itga2","Foxo3"
"5628","Itga2","Mapk1"
"5629","Itga2","Mapk3"
"5630","Itga2","Myb"
"5631","Itga2","Myc"
"5632","Itga2","Nfkb1"
"5633","Itga2","Rela"
"5634","Itga2","Rxra"
"5635","Itga2","Trp53"
"5636","Itga2","Ccnd1"
"5637","Itga2","Ikbkb"
"5638","Itga2","Mdm2"
"5639","Itga2","Nr4a1"
"5640","Itga2","Raf1"
"5641","Itga2","Rbl2"
"5642","Itga2","Ikbkg"
"5643","Kit","Atf2"
"5644","Kit","Atf6b"
"5645","Kit","Brca1"
"5646","Kit","Creb1"
"5647","Kit","Creb3"
"5648","Kit","Creb3l1"
"5649","Kit","Creb3l2"
"5650","Kit","Creb3l3"
"5651","Kit","Creb3l4"
"5652","Kit","Creb5"
"5653","Kit","Foxo3"
"5654","Kit","Myb"
"5655","Kit","Rxra"
"5656","Kit","Ccnd1"
"5657","Kit","Mdm2"
"5658","Kit","Nr4a1"
"5659","Kit","Rbl2"
"5660","Il6ra","Atf2"
"5661","Il6ra","Atf4"
"5662","Il6ra","Atf6b"
"5663","Il6ra","Brca1"
"5664","Il6ra","Creb1"
"5665","Il6ra","Creb3"
"5666","Il6ra","Creb3l1"
"5667","Il6ra","Creb3l2"
"5668","Il6ra","Creb3l3"
"5669","Il6ra","Creb3l4"
"5670","Il6ra","Creb5"
"5671","Il6ra","Myb"
"5672","Il6ra","Myc"
"5673","Il6ra","Nfkb1"
"5674","Il6ra","Rela"
"5675","Il6ra","Rxra"
"5676","Il6ra","Trp53"
"5677","Il6ra","Ccnd1"
"5678","Il6ra","Ikbkb"
"5679","Il6ra","Mdm2"
"5680","Il6ra","Nr4a1"
"5681","Il6ra","Rbl2"
"5682","Il6ra","Ikbkg"
"5683","Kdr","Atf2"
"5684","Kdr","Atf6b"
"5685","Kdr","Brca1"
"5686","Kdr","Creb1"
"5687","Kdr","Creb3"
"5688","Kdr","Creb3l1"
"5689","Kdr","Creb3l2"
"5690","Kdr","Creb3l3"
"5691","Kdr","Creb3l4"
"5692","Kdr","Creb5"
"5693","Kdr","Myb"
"5694","Kdr","Rxra"
"5695","Kdr","Ccnd1"
"5696","Kdr","Mdm2"
"5697","Kdr","Nr4a1"
"5698","Kdr","Rbl2"
"5699","Flt4","Atf2"
"5700","Flt4","Atf6b"
"5701","Flt4","Brca1"
"5702","Flt4","Creb1"
"5703","Flt4","Creb3"
"5704","Flt4","Creb3l1"
"5705","Flt4","Creb3l2"
"5706","Flt4","Creb3l3"
"5707","Flt4","Creb3l4"
"5708","Flt4","Creb5"
"5709","Flt4","Foxo3"
"5710","Flt4","Myb"
"5711","Flt4","Rxra"
"5712","Flt4","Ccnd1"
"5713","Flt4","Mdm2"
"5714","Flt4","Nr4a1"
"5715","Flt4","Rbl2"
"5716","Itga1","Akt1"
"5717","Itga1","Atf2"
"5718","Itga1","Atf4"
"5719","Itga1","Atf6b"
"5720","Itga1","Brca1"
"5721","Itga1","Creb1"
"5722","Itga1","Creb3"
"5723","Itga1","Creb3l1"
"5724","Itga1","Creb3l2"
"5725","Itga1","Creb3l3"
"5726","Itga1","Creb3l4"
"5727","Itga1","Creb5"
"5728","Itga1","Foxo3"
"5729","Itga1","Mapk1"
"5730","Itga1","Mapk3"
"5731","Itga1","Myb"
"5732","Itga1","Myc"
"5733","Itga1","Nfkb1"
"5734","Itga1","Rela"
"5735","Itga1","Rxra"
"5736","Itga1","Trp53"
"5737","Itga1","Ccnd1"
"5738","Itga1","Ikbkb"
"5739","Itga1","Mdm2"
"5740","Itga1","Nr4a1"
"5741","Itga1","Raf1"
"5742","Itga1","Rbl2"
"5743","Itga1","Ikbkg"
"5744","Itga11","Akt1"
"5745","Itga11","Atf2"
"5746","Itga11","Atf4"
"5747","Itga11","Atf6b"
"5748","Itga11","Brca1"
"5749","Itga11","Creb1"
"5750","Itga11","Creb3"
"5751","Itga11","Creb3l1"
"5752","Itga11","Creb3l2"
"5753","Itga11","Creb3l3"
"5754","Itga11","Creb3l4"
"5755","Itga11","Creb5"
"5756","Itga11","Foxo3"
"5757","Itga11","Mapk1"
"5758","Itga11","Mapk3"
"5759","Itga11","Myb"
"5760","Itga11","Myc"
"5761","Itga11","Nfkb1"
"5762","Itga11","Rela"
"5763","Itga11","Rxra"
"5764","Itga11","Trp53"
"5765","Itga11","Ccnd1"
"5766","Itga11","Ikbkb"
"5767","Itga11","Mdm2"
"5768","Itga11","Nr4a1"
"5769","Itga11","Raf1"
"5770","Itga11","Rbl2"
"5771","Itga11","Ikbkg"
"5772","Itga10","Akt1"
"5773","Itga10","Atf2"
"5774","Itga10","Atf4"
"5775","Itga10","Atf6b"
"5776","Itga10","Brca1"
"5777","Itga10","Creb1"
"5778","Itga10","Creb3"
"5779","Itga10","Creb3l1"
"5780","Itga10","Creb3l2"
"5781","Itga10","Creb3l3"
"5782","Itga10","Creb3l4"
"5783","Itga10","Creb5"
"5784","Itga10","Foxo3"
"5785","Itga10","Mapk1"
"5786","Itga10","Mapk3"
"5787","Itga10","Myb"
"5788","Itga10","Myc"
"5789","Itga10","Nfkb1"
"5790","Itga10","Rela"
"5791","Itga10","Rxra"
"5792","Itga10","Trp53"
"5793","Itga10","Ccnd1"
"5794","Itga10","Ikbkb"
"5795","Itga10","Mdm2"
"5796","Itga10","Nr4a1"
"5797","Itga10","Raf1"
"5798","Itga10","Rbl2"
"5799","Itga10","Ikbkg"
"5800","Itgb8","Akt1"
"5801","Itgb8","Atf2"
"5802","Itgb8","Atf4"
"5803","Itgb8","Atf6b"
"5804","Itgb8","Brca1"
"5805","Itgb8","Creb1"
"5806","Itgb8","Creb3"
"5807","Itgb8","Creb3l1"
"5808","Itgb8","Creb3l2"
"5809","Itgb8","Creb3l3"
"5810","Itgb8","Creb3l4"
"5811","Itgb8","Creb5"
"5812","Itgb8","Foxo3"
"5813","Itgb8","Mapk1"
"5814","Itgb8","Mapk3"
"5815","Itgb8","Myb"
"5816","Itgb8","Myc"
"5817","Itgb8","Nfkb1"
"5818","Itgb8","Rela"
"5819","Itgb8","Rxra"
"5820","Itgb8","Trp53"
"5821","Itgb8","Ccnd1"
"5822","Itgb8","Ikbkb"
"5823","Itgb8","Mdm2"
"5824","Itgb8","Nr4a1"
"5825","Itgb8","Raf1"
"5826","Itgb8","Rbl2"
"5827","Itgb8","Ikbkg"
"5828","Csf1r","Atf2"
"5829","Csf1r","Atf6b"
"5830","Csf1r","Brca1"
"5831","Csf1r","Creb1"
"5832","Csf1r","Creb3"
"5833","Csf1r","Creb3l1"
"5834","Csf1r","Creb3l2"
"5835","Csf1r","Creb3l3"
"5836","Csf1r","Creb3l4"
"5837","Csf1r","Creb5"
"5838","Csf1r","Foxo3"
"5839","Csf1r","Myb"
"5840","Csf1r","Rxra"
"5841","Csf1r","Ccnd1"
"5842","Csf1r","Mdm2"
"5843","Csf1r","Nr4a1"
"5844","Csf1r","Rbl2"
"5845","Csf3r","Akt1"
"5846","Csf3r","Atf2"
"5847","Csf3r","Atf4"
"5848","Csf3r","Atf6b"
"5849","Csf3r","Brca1"
"5850","Csf3r","Creb1"
"5851","Csf3r","Creb3"
"5852","Csf3r","Creb3l1"
"5853","Csf3r","Creb3l2"
"5854","Csf3r","Creb3l3"
"5855","Csf3r","Creb3l4"
"5856","Csf3r","Creb5"
"5857","Csf3r","Foxo3"
"5858","Csf3r","Mapk1"
"5859","Csf3r","Mapk3"
"5860","Csf3r","Myb"
"5861","Csf3r","Myc"
"5862","Csf3r","Nfkb1"
"5863","Csf3r","Rela"
"5864","Csf3r","Rxra"
"5865","Csf3r","Trp53"
"5866","Csf3r","Ccnd1"
"5867","Csf3r","Ikbkb"
"5868","Csf3r","Mdm2"
"5869","Csf3r","Nr4a1"
"5870","Csf3r","Raf1"
"5871","Csf3r","Rbl2"
"5872","Csf3r","Ikbkg"
"5873","Il3ra","Akt1"
"5874","Il3ra","Atf2"
"5875","Il3ra","Atf4"
"5876","Il3ra","Atf6b"
"5877","Il3ra","Brca1"
"5878","Il3ra","Creb1"
"5879","Il3ra","Creb3"
"5880","Il3ra","Creb3l1"
"5881","Il3ra","Creb3l2"
"5882","Il3ra","Creb3l3"
"5883","Il3ra","Creb3l4"
"5884","Il3ra","Creb5"
"5885","Il3ra","Foxo3"
"5886","Il3ra","Mapk1"
"5887","Il3ra","Mapk3"
"5888","Il3ra","Myb"
"5889","Il3ra","Myc"
"5890","Il3ra","Nfkb1"
"5891","Il3ra","Rela"
"5892","Il3ra","Rxra"
"5893","Il3ra","Trp53"
"5894","Il3ra","Ccnd1"
"5895","Il3ra","Ikbkb"
"5896","Il3ra","Mdm2"
"5897","Il3ra","Nr4a1"
"5898","Il3ra","Raf1"
"5899","Il3ra","Rbl2"
"5900","Il3ra","Ikbkg"
"5901","Ntrk1","Atf2"
"5902","Ntrk1","Atf6b"
"5903","Ntrk1","Brca1"
"5904","Ntrk1","Creb1"
"5905","Ntrk1","Creb3"
"5906","Ntrk1","Creb3l1"
"5907","Ntrk1","Creb3l2"
"5908","Ntrk1","Creb3l3"
"5909","Ntrk1","Creb3l4"
"5910","Ntrk1","Creb5"
"5911","Ntrk1","Foxo3"
"5912","Ntrk1","Myb"
"5913","Ntrk1","Rxra"
"5914","Ntrk1","Ccnd1"
"5915","Ntrk1","Mdm2"
"5916","Ntrk1","Nr4a1"
"5917","Ntrk1","Rbl2"
"5918","Met","Atf2"
"5919","Met","Atf6b"
"5920","Met","Brca1"
"5921","Met","Creb1"
"5922","Met","Creb3"
"5923","Met","Creb3l1"
"5924","Met","Creb3l2"
"5925","Met","Creb3l3"
"5926","Met","Creb3l4"
"5927","Met","Creb5"
"5928","Met","Myb"
"5929","Met","Rxra"
"5930","Met","Ccnd1"
"5931","Met","Mdm2"
"5932","Met","Nr4a1"
"5933","Met","Rbl2"
"5934","Itga7","Akt1"
"5935","Itga7","Atf2"
"5936","Itga7","Atf4"
"5937","Itga7","Atf6b"
"5938","Itga7","Brca1"
"5939","Itga7","Creb1"
"5940","Itga7","Creb3"
"5941","Itga7","Creb3l1"
"5942","Itga7","Creb3l2"
"5943","Itga7","Creb3l3"
"5944","Itga7","Creb3l4"
"5945","Itga7","Creb5"
"5946","Itga7","Foxo3"
"5947","Itga7","Mapk1"
"5948","Itga7","Mapk3"
"5949","Itga7","Myb"
"5950","Itga7","Myc"
"5951","Itga7","Nfkb1"
"5952","Itga7","Rela"
"5953","Itga7","Rxra"
"5954","Itga7","Trp53"
"5955","Itga7","Ccnd1"
"5956","Itga7","Ikbkb"
"5957","Itga7","Mdm2"
"5958","Itga7","Nr4a1"
"5959","Itga7","Raf1"
"5960","Itga7","Rbl2"
"5961","Itga7","Ikbkg"
"5962","Itgb4","Akt1"
"5963","Itgb4","Atf2"
"5964","Itgb4","Atf4"
"5965","Itgb4","Atf6b"
"5966","Itgb4","Brca1"
"5967","Itgb4","Creb1"
"5968","Itgb4","Creb3"
"5969","Itgb4","Creb3l1"
"5970","Itgb4","Creb3l2"
"5971","Itgb4","Creb3l3"
"5972","Itgb4","Creb3l4"
"5973","Itgb4","Creb5"
"5974","Itgb4","Foxo3"
"5975","Itgb4","Mapk1"
"5976","Itgb4","Mapk3"
"5977","Itgb4","Myb"
"5978","Itgb4","Myc"
"5979","Itgb4","Nfkb1"
"5980","Itgb4","Rela"
"5981","Itgb4","Rxra"
"5982","Itgb4","Trp53"
"5983","Itgb4","Ccnd1"
"5984","Itgb4","Ikbkb"
"5985","Itgb4","Mdm2"
"5986","Itgb4","Nr4a1"
"5987","Itgb4","Raf1"
"5988","Itgb4","Rbl2"
"5989","Itgb4","Ikbkg"
"5990","Epha2","Atf2"
"5991","Epha2","Atf6b"
"5992","Epha2","Brca1"
"5993","Epha2","Creb1"
"5994","Epha2","Creb3"
"5995","Epha2","Creb3l1"
"5996","Epha2","Creb3l2"
"5997","Epha2","Creb3l3"
"5998","Epha2","Creb3l4"
"5999","Epha2","Creb5"
"6000","Epha2","Foxo3"
"6001","Epha2","Myb"
"6002","Epha2","Rxra"
"6003","Epha2","Ccnd1"
"6004","Epha2","Mdm2"
"6005","Epha2","Nr4a1"
"6006","Epha2","Rbl2"
"6007","Epor","Akt1"
"6008","Epor","Atf2"
"6009","Epor","Atf4"
"6010","Epor","Atf6b"
"6011","Epor","Brca1"
"6012","Epor","Creb1"
"6013","Epor","Creb3"
"6014","Epor","Creb3l1"
"6015","Epor","Creb3l2"
"6016","Epor","Creb3l3"
"6017","Epor","Creb3l4"
"6018","Epor","Creb5"
"6019","Epor","Foxo3"
"6020","Epor","Mapk1"
"6021","Epor","Mapk3"
"6022","Epor","Myb"
"6023","Epor","Myc"
"6024","Epor","Nfkb1"
"6025","Epor","Rela"
"6026","Epor","Rxra"
"6027","Epor","Trp53"
"6028","Epor","Ccnd1"
"6029","Epor","Ikbkb"
"6030","Epor","Mdm2"
"6031","Epor","Nr4a1"
"6032","Epor","Raf1"
"6033","Epor","Rbl2"
"6034","Epor","Ikbkg"
"6035","F2r","Atf2"
"6036","F2r","Atf4"
"6037","F2r","Atf6b"
"6038","F2r","Brca1"
"6039","F2r","Creb1"
"6040","F2r","Creb3"
"6041","F2r","Creb3l1"
"6042","F2r","Creb3l2"
"6043","F2r","Creb3l3"
"6044","F2r","Creb3l4"
"6045","F2r","Creb5"
"6046","F2r","Foxo3"
"6047","F2r","Myb"
"6048","F2r","Myc"
"6049","F2r","Nfkb1"
"6050","F2r","Rela"
"6051","F2r","Rxra"
"6052","F2r","Trp53"
"6053","F2r","Ccnd1"
"6054","F2r","Ikbkb"
"6055","F2r","Mdm2"
"6056","F2r","Nr4a1"
"6057","F2r","Rbl2"
"6058","F2r","Ikbkg"
"6059","Itgb6","Akt1"
"6060","Itgb6","Atf2"
"6061","Itgb6","Atf4"
"6062","Itgb6","Atf6b"
"6063","Itgb6","Brca1"
"6064","Itgb6","Creb1"
"6065","Itgb6","Creb3"
"6066","Itgb6","Creb3l1"
"6067","Itgb6","Creb3l2"
"6068","Itgb6","Creb3l3"
"6069","Itgb6","Creb3l4"
"6070","Itgb6","Creb5"
"6071","Itgb6","Foxo3"
"6072","Itgb6","Mapk1"
"6073","Itgb6","Mapk3"
"6074","Itgb6","Myb"
"6075","Itgb6","Myc"
"6076","Itgb6","Nfkb1"
"6077","Itgb6","Rela"
"6078","Itgb6","Rxra"
"6079","Itgb6","Trp53"
"6080","Itgb6","Ccnd1"
"6081","Itgb6","Ikbkb"
"6082","Itgb6","Mdm2"
"6083","Itgb6","Nr4a1"
"6084","Itgb6","Raf1"
"6085","Itgb6","Rbl2"
"6086","Itgb6","Ikbkg"
"6087","Fgfr1","Atf2"
"6088","Fgfr1","Atf6b"
"6089","Fgfr1","Brca1"
"6090","Fgfr1","Creb1"
"6091","Fgfr1","Creb3"
"6092","Fgfr1","Creb3l1"
"6093","Fgfr1","Creb3l2"
"6094","Fgfr1","Creb3l3"
"6095","Fgfr1","Creb3l4"
"6096","Fgfr1","Creb5"
"6097","Fgfr1","Foxo3"
"6098","Fgfr1","Myb"
"6099","Fgfr1","Rxra"
"6100","Fgfr1","Ccnd1"
"6101","Fgfr1","Mdm2"
"6102","Fgfr1","Nr4a1"
"6103","Fgfr1","Rbl2"
"6104","Fgfr2","Atf2"
"6105","Fgfr2","Atf6b"
"6106","Fgfr2","Brca1"
"6107","Fgfr2","Creb1"
"6108","Fgfr2","Creb3"
"6109","Fgfr2","Creb3l1"
"6110","Fgfr2","Creb3l2"
"6111","Fgfr2","Creb3l3"
"6112","Fgfr2","Creb3l4"
"6113","Fgfr2","Creb5"
"6114","Fgfr2","Myb"
"6115","Fgfr2","Rxra"
"6116","Fgfr2","Ccnd1"
"6117","Fgfr2","Mdm2"
"6118","Fgfr2","Nr4a1"
"6119","Fgfr2","Rbl2"
"6120","Fgfr3","Atf2"
"6121","Fgfr3","Atf6b"
"6122","Fgfr3","Brca1"
"6123","Fgfr3","Creb1"
"6124","Fgfr3","Creb3"
"6125","Fgfr3","Creb3l1"
"6126","Fgfr3","Creb3l2"
"6127","Fgfr3","Creb3l3"
"6128","Fgfr3","Creb3l4"
"6129","Fgfr3","Creb5"
"6130","Fgfr3","Myb"
"6131","Fgfr3","Rxra"
"6132","Fgfr3","Ccnd1"
"6133","Fgfr3","Mdm2"
"6134","Fgfr3","Nr4a1"
"6135","Fgfr3","Rbl2"
"6136","Fgfr4","Atf2"
"6137","Fgfr4","Atf6b"
"6138","Fgfr4","Brca1"
"6139","Fgfr4","Creb1"
"6140","Fgfr4","Creb3"
"6141","Fgfr4","Creb3l1"
"6142","Fgfr4","Creb3l2"
"6143","Fgfr4","Creb3l3"
"6144","Fgfr4","Creb3l4"
"6145","Fgfr4","Creb5"
"6146","Fgfr4","Foxo3"
"6147","Fgfr4","Myb"
"6148","Fgfr4","Rxra"
"6149","Fgfr4","Ccnd1"
"6150","Fgfr4","Mdm2"
"6151","Fgfr4","Nr4a1"
"6152","Fgfr4","Rbl2"
"6153","Flt3","Atf2"
"6154","Flt3","Atf6b"
"6155","Flt3","Brca1"
"6156","Flt3","Creb1"
"6157","Flt3","Creb3"
"6158","Flt3","Creb3l1"
"6159","Flt3","Creb3l2"
"6160","Flt3","Creb3l3"
"6161","Flt3","Creb3l4"
"6162","Flt3","Creb5"
"6163","Flt3","Foxo3"
"6164","Flt3","Myb"
"6165","Flt3","Rxra"
"6166","Flt3","Ccnd1"
"6167","Flt3","Mdm2"
"6168","Flt3","Nr4a1"
"6169","Flt3","Rbl2"
"6170","Itga8","Akt1"
"6171","Itga8","Atf2"
"6172","Itga8","Atf4"
"6173","Itga8","Atf6b"
"6174","Itga8","Brca1"
"6175","Itga8","Creb1"
"6176","Itga8","Creb3"
"6177","Itga8","Creb3l1"
"6178","Itga8","Creb3l2"
"6179","Itga8","Creb3l3"
"6180","Itga8","Creb3l4"
"6181","Itga8","Creb5"
"6182","Itga8","Foxo3"
"6183","Itga8","Mapk1"
"6184","Itga8","Mapk3"
"6185","Itga8","Myb"
"6186","Itga8","Myc"
"6187","Itga8","Nfkb1"
"6188","Itga8","Rela"
"6189","Itga8","Rxra"
"6190","Itga8","Trp53"
"6191","Itga8","Ccnd1"
"6192","Itga8","Ikbkb"
"6193","Itga8","Mdm2"
"6194","Itga8","Nr4a1"
"6195","Itga8","Raf1"
"6196","Itga8","Rbl2"
"6197","Itga8","Ikbkg"
"6198","Ghr","Akt1"
"6199","Ghr","Atf2"
"6200","Ghr","Atf4"
"6201","Ghr","Atf6b"
"6202","Ghr","Brca1"
"6203","Ghr","Creb1"
"6204","Ghr","Creb3"
"6205","Ghr","Creb3l1"
"6206","Ghr","Creb3l2"
"6207","Ghr","Creb3l3"
"6208","Ghr","Creb3l4"
"6209","Ghr","Creb5"
"6210","Ghr","Foxo3"
"6211","Ghr","Mapk1"
"6212","Ghr","Mapk3"
"6213","Ghr","Myb"
"6214","Ghr","Myc"
"6215","Ghr","Nfkb1"
"6216","Ghr","Rela"
"6217","Ghr","Rxra"
"6218","Ghr","Trp53"
"6219","Ghr","Ccnd1"
"6220","Ghr","Ikbkb"
"6221","Ghr","Mdm2"
"6222","Ghr","Nr4a1"
"6223","Ghr","Raf1"
"6224","Ghr","Rbl2"
"6225","Ghr","Ikbkg"
"6226","Prlr","Akt1"
"6227","Prlr","Atf2"
"6228","Prlr","Atf4"
"6229","Prlr","Atf6b"
"6230","Prlr","Brca1"
"6231","Prlr","Creb1"
"6232","Prlr","Creb3"
"6233","Prlr","Creb3l1"
"6234","Prlr","Creb3l2"
"6235","Prlr","Creb3l3"
"6236","Prlr","Creb3l4"
"6237","Prlr","Creb5"
"6238","Prlr","Foxo3"
"6239","Prlr","Mapk1"
"6240","Prlr","Mapk3"
"6241","Prlr","Myb"
"6242","Prlr","Myc"
"6243","Prlr","Nfkb1"
"6244","Prlr","Rela"
"6245","Prlr","Rxra"
"6246","Prlr","Trp53"
"6247","Prlr","Ccnd1"
"6248","Prlr","Ikbkb"
"6249","Prlr","Mdm2"
"6250","Prlr","Nr4a1"
"6251","Prlr","Raf1"
"6252","Prlr","Rbl2"
"6253","Prlr","Ikbkg"
"6254","Chrm1","Atf2"
"6255","Chrm1","Atf4"
"6256","Chrm1","Atf6b"
"6257","Chrm1","Brca1"
"6258","Chrm1","Foxo3"
"6259","Chrm1","Myb"
"6260","Chrm1","Myc"
"6261","Chrm1","Rxra"
"6262","Chrm1","Trp53"
"6263","Chrm1","Ccnd1"
"6264","Chrm1","Ikbkb"
"6265","Chrm1","Mdm2"
"6266","Chrm1","Nr4a1"
"6267","Chrm1","Rbl2"
"6268","Chrm1","Ikbkg"
"6269","Lpar3","Atf2"
"6270","Lpar3","Atf4"
"6271","Lpar3","Atf6b"
"6272","Lpar3","Brca1"
"6273","Lpar3","Creb1"
"6274","Lpar3","Creb3"
"6275","Lpar3","Creb3l1"
"6276","Lpar3","Creb3l2"
"6277","Lpar3","Creb3l3"
"6278","Lpar3","Creb3l4"
"6279","Lpar3","Creb5"
"6280","Lpar3","Foxo3"
"6281","Lpar3","Myb"
"6282","Lpar3","Myc"
"6283","Lpar3","Nfkb1"
"6284","Lpar3","Rela"
"6285","Lpar3","Rxra"
"6286","Lpar3","Trp53"
"6287","Lpar3","Ccnd1"
"6288","Lpar3","Ikbkb"
"6289","Lpar3","Mdm2"
"6290","Lpar3","Nr4a1"
"6291","Lpar3","Rbl2"
"6292","Lpar3","Ikbkg"
"6293","Il2ra","Akt1"
"6294","Il2ra","Atf2"
"6295","Il2ra","Atf4"
"6296","Il2ra","Atf6b"
"6297","Il2ra","Brca1"
"6298","Il2ra","Creb1"
"6299","Il2ra","Creb3"
"6300","Il2ra","Creb3l1"
"6301","Il2ra","Creb3l2"
"6302","Il2ra","Creb3l3"
"6303","Il2ra","Creb3l4"
"6304","Il2ra","Creb5"
"6305","Il2ra","Foxo3"
"6306","Il2ra","Mapk1"
"6307","Il2ra","Mapk3"
"6308","Il2ra","Myb"
"6309","Il2ra","Myc"
"6310","Il2ra","Nfkb1"
"6311","Il2ra","Rela"
"6312","Il2ra","Rxra"
"6313","Il2ra","Trp53"
"6314","Il2ra","Ccnd1"
"6315","Il2ra","Ikbkb"
"6316","Il2ra","Mdm2"
"6317","Il2ra","Nr4a1"
"6318","Il2ra","Raf1"
"6319","Il2ra","Rbl2"
"6320","Il2ra","Ikbkg"
"6321","Il2rg","Akt1"
"6322","Il2rg","Atf2"
"6323","Il2rg","Atf4"
"6324","Il2rg","Atf6b"
"6325","Il2rg","Brca1"
"6326","Il2rg","Creb1"
"6327","Il2rg","Creb3"
"6328","Il2rg","Creb3l1"
"6329","Il2rg","Creb3l2"
"6330","Il2rg","Creb3l3"
"6331","Il2rg","Creb3l4"
"6332","Il2rg","Creb5"
"6333","Il2rg","Foxo3"
"6334","Il2rg","Mapk1"
"6335","Il2rg","Mapk3"
"6336","Il2rg","Myb"
"6337","Il2rg","Myc"
"6338","Il2rg","Nfkb1"
"6339","Il2rg","Rela"
"6340","Il2rg","Rxra"
"6341","Il2rg","Trp53"
"6342","Il2rg","Ccnd1"
"6343","Il2rg","Ikbkb"
"6344","Il2rg","Mdm2"
"6345","Il2rg","Nr4a1"
"6346","Il2rg","Raf1"
"6347","Il2rg","Rbl2"
"6348","Il2rg","Ikbkg"
"6349","Ifnar1","Akt1"
"6350","Ifnar1","Atf2"
"6351","Ifnar1","Atf4"
"6352","Ifnar1","Atf6b"
"6353","Ifnar1","Brca1"
"6354","Ifnar1","Creb1"
"6355","Ifnar1","Creb3"
"6356","Ifnar1","Creb3l1"
"6357","Ifnar1","Creb3l2"
"6358","Ifnar1","Creb3l3"
"6359","Ifnar1","Creb3l4"
"6360","Ifnar1","Creb5"
"6361","Ifnar1","Foxo3"
"6362","Ifnar1","Mapk1"
"6363","Ifnar1","Mapk3"
"6364","Ifnar1","Myb"
"6365","Ifnar1","Myc"
"6366","Ifnar1","Nfkb1"
"6367","Ifnar1","Rela"
"6368","Ifnar1","Rxra"
"6369","Ifnar1","Trp53"
"6370","Ifnar1","Ccnd1"
"6371","Ifnar1","Ikbkb"
"6372","Ifnar1","Mdm2"
"6373","Ifnar1","Nr4a1"
"6374","Ifnar1","Raf1"
"6375","Ifnar1","Rbl2"
"6376","Ifnar1","Ikbkg"
"6377","Ifnar2","Akt1"
"6378","Ifnar2","Atf2"
"6379","Ifnar2","Atf4"
"6380","Ifnar2","Atf6b"
"6381","Ifnar2","Brca1"
"6382","Ifnar2","Creb1"
"6383","Ifnar2","Creb3"
"6384","Ifnar2","Creb3l1"
"6385","Ifnar2","Creb3l2"
"6386","Ifnar2","Creb3l3"
"6387","Ifnar2","Creb3l4"
"6388","Ifnar2","Creb5"
"6389","Ifnar2","Foxo3"
"6390","Ifnar2","Mapk1"
"6391","Ifnar2","Mapk3"
"6392","Ifnar2","Myb"
"6393","Ifnar2","Myc"
"6394","Ifnar2","Nfkb1"
"6395","Ifnar2","Rela"
"6396","Ifnar2","Rxra"
"6397","Ifnar2","Trp53"
"6398","Ifnar2","Ccnd1"
"6399","Ifnar2","Ikbkb"
"6400","Ifnar2","Mdm2"
"6401","Ifnar2","Nr4a1"
"6402","Ifnar2","Raf1"
"6403","Ifnar2","Rbl2"
"6404","Ifnar2","Ikbkg"
"6405","Il2rb","Akt1"
"6406","Il2rb","Atf2"
"6407","Il2rb","Atf4"
"6408","Il2rb","Atf6b"
"6409","Il2rb","Brca1"
"6410","Il2rb","Creb1"
"6411","Il2rb","Creb3"
"6412","Il2rb","Creb3l1"
"6413","Il2rb","Creb3l2"
"6414","Il2rb","Creb3l3"
"6415","Il2rb","Creb3l4"
"6416","Il2rb","Creb5"
"6417","Il2rb","Foxo3"
"6418","Il2rb","Mapk1"
"6419","Il2rb","Mapk3"
"6420","Il2rb","Myb"
"6421","Il2rb","Myc"
"6422","Il2rb","Nfkb1"
"6423","Il2rb","Rela"
"6424","Il2rb","Rxra"
"6425","Il2rb","Trp53"
"6426","Il2rb","Ccnd1"
"6427","Il2rb","Ikbkb"
"6428","Il2rb","Mdm2"
"6429","Il2rb","Nr4a1"
"6430","Il2rb","Raf1"
"6431","Il2rb","Rbl2"
"6432","Il2rb","Ikbkg"
"6433","Osmr","Akt1"
"6434","Osmr","Atf2"
"6435","Osmr","Atf4"
"6436","Osmr","Atf6b"
"6437","Osmr","Brca1"
"6438","Osmr","Creb1"
"6439","Osmr","Creb3"
"6440","Osmr","Creb3l1"
"6441","Osmr","Creb3l2"
"6442","Osmr","Creb3l3"
"6443","Osmr","Creb3l4"
"6444","Osmr","Creb5"
"6445","Osmr","Foxo3"
"6446","Osmr","Mapk1"
"6447","Osmr","Mapk3"
"6448","Osmr","Myb"
"6449","Osmr","Myc"
"6450","Osmr","Nfkb1"
"6451","Osmr","Rela"
"6452","Osmr","Rxra"
"6453","Osmr","Trp53"
"6454","Osmr","Ccnd1"
"6455","Osmr","Ikbkb"
"6456","Osmr","Mdm2"
"6457","Osmr","Nr4a1"
"6458","Osmr","Raf1"
"6459","Osmr","Rbl2"
"6460","Osmr","Ikbkg"
"6461","Il7r","Akt1"
"6462","Il7r","Atf2"
"6463","Il7r","Atf4"
"6464","Il7r","Atf6b"
"6465","Il7r","Brca1"
"6466","Il7r","Creb1"
"6467","Il7r","Creb3"
"6468","Il7r","Creb3l1"
"6469","Il7r","Creb3l2"
"6470","Il7r","Creb3l3"
"6471","Il7r","Creb3l4"
"6472","Il7r","Creb5"
"6473","Il7r","Foxo3"
"6474","Il7r","Mapk1"
"6475","Il7r","Mapk3"
"6476","Il7r","Myb"
"6477","Il7r","Myc"
"6478","Il7r","Nfkb1"
"6479","Il7r","Rela"
"6480","Il7r","Rxra"
"6481","Il7r","Trp53"
"6482","Il7r","Ccnd1"
"6483","Il7r","Ikbkb"
"6484","Il7r","Mdm2"
"6485","Il7r","Nr4a1"
"6486","Il7r","Raf1"
"6487","Il7r","Rbl2"
"6488","Il7r","Ikbkg"
"6489","Lpar1","Atf2"
"6490","Lpar1","Atf4"
"6491","Lpar1","Atf6b"
"6492","Lpar1","Brca1"
"6493","Lpar1","Creb1"
"6494","Lpar1","Creb3"
"6495","Lpar1","Creb3l1"
"6496","Lpar1","Creb3l2"
"6497","Lpar1","Creb3l3"
"6498","Lpar1","Creb3l4"
"6499","Lpar1","Creb5"
"6500","Lpar1","Foxo3"
"6501","Lpar1","Myb"
"6502","Lpar1","Myc"
"6503","Lpar1","Nfkb1"
"6504","Lpar1","Rela"
"6505","Lpar1","Rxra"
"6506","Lpar1","Trp53"
"6507","Lpar1","Ccnd1"
"6508","Lpar1","Ikbkb"
"6509","Lpar1","Mdm2"
"6510","Lpar1","Nr4a1"
"6511","Lpar1","Rbl2"
"6512","Lpar1","Ikbkg"
"6513","Lpar2","Atf2"
"6514","Lpar2","Atf4"
"6515","Lpar2","Atf6b"
"6516","Lpar2","Brca1"
"6517","Lpar2","Creb1"
"6518","Lpar2","Creb3"
"6519","Lpar2","Creb3l1"
"6520","Lpar2","Creb3l2"
"6521","Lpar2","Creb3l3"
"6522","Lpar2","Creb3l4"
"6523","Lpar2","Creb5"
"6524","Lpar2","Foxo3"
"6525","Lpar2","Myb"
"6526","Lpar2","Myc"
"6527","Lpar2","Nfkb1"
"6528","Lpar2","Rela"
"6529","Lpar2","Rxra"
"6530","Lpar2","Trp53"
"6531","Lpar2","Ccnd1"
"6532","Lpar2","Ikbkb"
"6533","Lpar2","Mdm2"
"6534","Lpar2","Nr4a1"
"6535","Lpar2","Rbl2"
"6536","Lpar2","Ikbkg"
"6537","Lpar4","Atf2"
"6538","Lpar4","Atf4"
"6539","Lpar4","Atf6b"
"6540","Lpar4","Brca1"
"6541","Lpar4","Creb1"
"6542","Lpar4","Creb3"
"6543","Lpar4","Creb3l1"
"6544","Lpar4","Creb3l2"
"6545","Lpar4","Creb3l3"
"6546","Lpar4","Creb3l4"
"6547","Lpar4","Creb5"
"6548","Lpar4","Foxo3"
"6549","Lpar4","Myb"
"6550","Lpar4","Myc"
"6551","Lpar4","Nfkb1"
"6552","Lpar4","Rela"
"6553","Lpar4","Rxra"
"6554","Lpar4","Trp53"
"6555","Lpar4","Ccnd1"
"6556","Lpar4","Ikbkb"
"6557","Lpar4","Mdm2"
"6558","Lpar4","Nr4a1"
"6559","Lpar4","Rbl2"
"6560","Lpar4","Ikbkg"
"6561","Pdgfrb","Atf2"
"6562","Pdgfrb","Atf6b"
"6563","Pdgfrb","Brca1"
"6564","Pdgfrb","Creb1"
"6565","Pdgfrb","Creb3"
"6566","Pdgfrb","Creb3l1"
"6567","Pdgfrb","Creb3l2"
"6568","Pdgfrb","Creb3l3"
"6569","Pdgfrb","Creb3l4"
"6570","Pdgfrb","Creb5"
"6571","Pdgfrb","Myb"
"6572","Pdgfrb","Rxra"
"6573","Pdgfrb","Ccnd1"
"6574","Pdgfrb","Mdm2"
"6575","Pdgfrb","Nr4a1"
"6576","Pdgfrb","Rbl2"
"6577","Pdgfra","Atf2"
"6578","Pdgfra","Atf6b"
"6579","Pdgfra","Brca1"
"6580","Pdgfra","Creb1"
"6581","Pdgfra","Creb3"
"6582","Pdgfra","Creb3l1"
"6583","Pdgfra","Creb3l2"
"6584","Pdgfra","Creb3l3"
"6585","Pdgfra","Creb3l4"
"6586","Pdgfra","Creb5"
"6587","Pdgfra","Myb"
"6588","Pdgfra","Rxra"
"6589","Pdgfra","Ccnd1"
"6590","Pdgfra","Mdm2"
"6591","Pdgfra","Nr4a1"
"6592","Pdgfra","Rbl2"
"6593","Flt1","Atf2"
"6594","Flt1","Atf6b"
"6595","Flt1","Brca1"
"6596","Flt1","Creb1"
"6597","Flt1","Creb3"
"6598","Flt1","Creb3l1"
"6599","Flt1","Creb3l2"
"6600","Flt1","Creb3l3"
"6601","Flt1","Creb3l4"
"6602","Flt1","Creb5"
"6603","Flt1","Foxo3"
"6604","Flt1","Myb"
"6605","Flt1","Rxra"
"6606","Flt1","Ccnd1"
"6607","Flt1","Mdm2"
"6608","Flt1","Nr4a1"
"6609","Flt1","Rbl2"
"6610","Hsp90b1","Akt1"
"6611","Hsp90b1","Atf2"
"6612","Hsp90b1","Atf4"
"6613","Hsp90b1","Atf6b"
"6614","Hsp90b1","Brca1"
"6615","Hsp90b1","Creb1"
"6616","Hsp90b1","Creb3"
"6617","Hsp90b1","Creb3l1"
"6618","Hsp90b1","Creb3l2"
"6619","Hsp90b1","Creb3l3"
"6620","Hsp90b1","Creb3l4"
"6621","Hsp90b1","Creb5"
"6622","Hsp90b1","Foxo3"
"6623","Hsp90b1","Mapk1"
"6624","Hsp90b1","Mapk3"
"6625","Hsp90b1","Myb"
"6626","Hsp90b1","Myc"
"6627","Hsp90b1","Nfkb1"
"6628","Hsp90b1","Rela"
"6629","Hsp90b1","Rxra"
"6630","Hsp90b1","Trp53"
"6631","Hsp90b1","Ccnd1"
"6632","Hsp90b1","Ikbkb"
"6633","Hsp90b1","Mdm2"
"6634","Hsp90b1","Nr4a1"
"6635","Hsp90b1","Raf1"
"6636","Hsp90b1","Rbl2"
"6637","Hsp90b1","Ikbkg"
"6638","Chuk","Myb"
"6639","Ikbkb","Myb"
"6640","Pik3r1","Atf2"
"6641","Pik3r1","Atf4"
"6642","Pik3r1","Atf6b"
"6643","Pik3r1","Brca1"
"6644","Pik3r1","Creb1"
"6645","Pik3r1","Creb3"
"6646","Pik3r1","Creb3l1"
"6647","Pik3r1","Creb3l2"
"6648","Pik3r1","Creb3l3"
"6649","Pik3r1","Creb3l4"
"6650","Pik3r1","Creb5"
"6651","Pik3r1","Myb"
"6652","Pik3r1","Myc"
"6653","Pik3r1","Rxra"
"6654","Pik3r1","Mdm2"
"6655","Pik3r1","Nr4a1"
"6656","Pik3r2","Atf2"
"6657","Pik3r2","Atf4"
"6658","Pik3r2","Atf6b"
"6659","Pik3r2","Brca1"
"6660","Pik3r2","Creb1"
"6661","Pik3r2","Creb3"
"6662","Pik3r2","Creb3l1"
"6663","Pik3r2","Creb3l2"
"6664","Pik3r2","Creb3l3"
"6665","Pik3r2","Creb3l4"
"6666","Pik3r2","Creb5"
"6667","Pik3r2","Myb"
"6668","Pik3r2","Myc"
"6669","Pik3r2","Rxra"
"6670","Pik3r2","Mdm2"
"6671","Pik3r2","Nr4a1"
"6672","Il4ra","Akt1"
"6673","Il4ra","Atf2"
"6674","Il4ra","Atf4"
"6675","Il4ra","Atf6b"
"6676","Il4ra","Brca1"
"6677","Il4ra","Creb1"
"6678","Il4ra","Creb3"
"6679","Il4ra","Creb3l1"
"6680","Il4ra","Creb3l2"
"6681","Il4ra","Creb3l3"
"6682","Il4ra","Creb3l4"
"6683","Il4ra","Creb5"
"6684","Il4ra","Foxo3"
"6685","Il4ra","Mapk1"
"6686","Il4ra","Mapk3"
"6687","Il4ra","Myb"
"6688","Il4ra","Myc"
"6689","Il4ra","Nfkb1"
"6690","Il4ra","Rela"
"6691","Il4ra","Rxra"
"6692","Il4ra","Trp53"
"6693","Il4ra","Ccnd1"
"6694","Il4ra","Ikbkb"
"6695","Il4ra","Mdm2"
"6696","Il4ra","Nr4a1"
"6697","Il4ra","Raf1"
"6698","Il4ra","Rbl2"
"6699","Il4ra","Ikbkg"
"6700","Ptk2","Atf2"
"6701","Ptk2","Atf4"
"6702","Ptk2","Atf6b"
"6703","Ptk2","Brca1"
"6704","Ptk2","Creb1"
"6705","Ptk2","Creb3"
"6706","Ptk2","Creb3l1"
"6707","Ptk2","Creb3l2"
"6708","Ptk2","Creb3l3"
"6709","Ptk2","Creb3l4"
"6710","Ptk2","Creb5"
"6711","Ptk2","Foxo3"
"6712","Ptk2","Myb"
"6713","Ptk2","Myc"
"6714","Ptk2","Nfkb1"
"6715","Ptk2","Rela"
"6716","Ptk2","Rxra"
"6717","Ptk2","Trp53"
"6718","Ptk2","Ccnd1"
"6719","Ptk2","Ikbkb"
"6720","Ptk2","Mdm2"
"6721","Ptk2","Nr4a1"
"6722","Ptk2","Rbl2"
"6723","Ptk2","Ikbkg"
"6724","Pik3r3","Atf2"
"6725","Pik3r3","Atf4"
"6726","Pik3r3","Atf6b"
"6727","Pik3r3","Brca1"
"6728","Pik3r3","Creb1"
"6729","Pik3r3","Creb3"
"6730","Pik3r3","Creb3l1"
"6731","Pik3r3","Creb3l2"
"6732","Pik3r3","Creb3l3"
"6733","Pik3r3","Creb3l4"
"6734","Pik3r3","Creb5"
"6735","Pik3r3","Myb"
"6736","Pik3r3","Myc"
"6737","Pik3r3","Rxra"
"6738","Pik3r3","Mdm2"
"6739","Pik3r3","Nr4a1"
"6740","Fn1","Akt1"
"6741","Fn1","Atf2"
"6742","Fn1","Atf4"
"6743","Fn1","Atf6b"
"6744","Fn1","Brca1"
"6745","Fn1","Creb1"
"6746","Fn1","Creb3"
"6747","Fn1","Creb3l1"
"6748","Fn1","Creb3l2"
"6749","Fn1","Creb3l3"
"6750","Fn1","Creb3l4"
"6751","Fn1","Creb5"
"6752","Fn1","Foxo3"
"6753","Fn1","Mapk1"
"6754","Fn1","Mapk3"
"6755","Fn1","Myb"
"6756","Fn1","Myc"
"6757","Fn1","Nfkb1"
"6758","Fn1","Rela"
"6759","Fn1","Rxra"
"6760","Fn1","Trp53"
"6761","Fn1","Ccnd1"
"6762","Fn1","Ikbkb"
"6763","Fn1","Mdm2"
"6764","Fn1","Nr4a1"
"6765","Fn1","Raf1"
"6766","Fn1","Rbl2"
"6767","Fn1","Ikbkg"
"6768","Vegfa","Atf2"
"6769","Vegfa","Atf6b"
"6770","Vegfa","Brca1"
"6771","Vegfa","Creb1"
"6772","Vegfa","Creb3"
"6773","Vegfa","Creb3l1"
"6774","Vegfa","Creb3l2"
"6775","Vegfa","Creb3l3"
"6776","Vegfa","Creb3l4"
"6777","Vegfa","Creb5"
"6778","Vegfa","Myb"
"6779","Vegfa","Rxra"
"6780","Vegfa","Ccnd1"
"6781","Vegfa","Mdm2"
"6782","Vegfa","Nr4a1"
"6783","Vegfa","Rbl2"
"6784","Egfr,Erbb2","Atf2"
"6785","Egfr,Erbb2","Atf6b"
"6786","Egfr,Erbb2","Brca1"
"6787","Egfr,Erbb2","Creb1"
"6788","Egfr,Erbb2","Creb3"
"6789","Egfr,Erbb2","Creb3l1"
"6790","Egfr,Erbb2","Creb3l2"
"6791","Egfr,Erbb2","Creb3l3"
"6792","Egfr,Erbb2","Creb3l4"
"6793","Egfr,Erbb2","Creb5"
"6794","Egfr,Erbb2","Myb"
"6795","Egfr,Erbb2","Rxra"
"6796","Egfr,Erbb2","Mdm2"
"6797","Egfr,Erbb2","Nr4a1"
"6798","Erbb2,Erbb4","Atf2"
"6799","Erbb2,Erbb4","Atf6b"
"6800","Erbb2,Erbb4","Brca1"
"6801","Erbb2,Erbb4","Creb1"
"6802","Erbb2,Erbb4","Creb3"
"6803","Erbb2,Erbb4","Creb3l1"
"6804","Erbb2,Erbb4","Creb3l2"
"6805","Erbb2,Erbb4","Creb3l3"
"6806","Erbb2,Erbb4","Creb3l4"
"6807","Erbb2,Erbb4","Creb5"
"6808","Erbb2,Erbb4","Myb"
"6809","Erbb2,Erbb4","Rxra"
"6810","Erbb2,Erbb4","Ccnd1"
"6811","Erbb2,Erbb4","Mdm2"
"6812","Erbb2,Erbb4","Nr4a1"
"6813","Erbb2,Erbb4","Rbl2"
"6814","Erbb2,Erbb3","Atf2"
"6815","Erbb2,Erbb3","Atf6b"
"6816","Erbb2,Erbb3","Brca1"
"6817","Erbb2,Erbb3","Creb1"
"6818","Erbb2,Erbb3","Creb3"
"6819","Erbb2,Erbb3","Creb3l1"
"6820","Erbb2,Erbb3","Creb3l2"
"6821","Erbb2,Erbb3","Creb3l3"
"6822","Erbb2,Erbb3","Creb3l4"
"6823","Erbb2,Erbb3","Creb5"
"6824","Erbb2,Erbb3","Myb"
"6825","Erbb2,Erbb3","Rxra"
"6826","Erbb2,Erbb3","Ccnd1"
"6827","Erbb2,Erbb3","Mdm2"
"6828","Erbb2,Erbb3","Nr4a1"
"6829","Erbb2,Erbb3","Rbl2"
"6830","Itgav,Itgb3","Akt1"
"6831","Itgav,Itgb3","Atf2"
"6832","Itgav,Itgb3","Atf4"
"6833","Itgav,Itgb3","Atf6b"
"6834","Itgav,Itgb3","Brca1"
"6835","Itgav,Itgb3","Creb1"
"6836","Itgav,Itgb3","Creb3"
"6837","Itgav,Itgb3","Creb3l1"
"6838","Itgav,Itgb3","Creb3l2"
"6839","Itgav,Itgb3","Creb3l3"
"6840","Itgav,Itgb3","Creb3l4"
"6841","Itgav,Itgb3","Creb5"
"6842","Itgav,Itgb3","Foxo3"
"6843","Itgav,Itgb3","Mapk1"
"6844","Itgav,Itgb3","Mapk3"
"6845","Itgav,Itgb3","Myb"
"6846","Itgav,Itgb3","Myc"
"6847","Itgav,Itgb3","Nfkb1"
"6848","Itgav,Itgb3","Rela"
"6849","Itgav,Itgb3","Rxra"
"6850","Itgav,Itgb3","Trp53"
"6851","Itgav,Itgb3","Ccnd1"
"6852","Itgav,Itgb3","Ikbkb"
"6853","Itgav,Itgb3","Mdm2"
"6854","Itgav,Itgb3","Nr4a1"
"6855","Itgav,Itgb3","Raf1"
"6856","Itgav,Itgb3","Rbl2"
"6857","Itgav,Itgb3","Ikbkg"
"6858","Flt1,Kdr","Atf2"
"6859","Flt1,Kdr","Atf6b"
"6860","Flt1,Kdr","Brca1"
"6861","Flt1,Kdr","Creb1"
"6862","Flt1,Kdr","Creb3"
"6863","Flt1,Kdr","Creb3l1"
"6864","Flt1,Kdr","Creb3l2"
"6865","Flt1,Kdr","Creb3l3"
"6866","Flt1,Kdr","Creb3l4"
"6867","Flt1,Kdr","Creb5"
"6868","Flt1,Kdr","Myb"
"6869","Flt1,Kdr","Rxra"
"6870","Flt1,Kdr","Ccnd1"
"6871","Flt1,Kdr","Mdm2"
"6872","Flt1,Kdr","Nr4a1"
"6873","Flt1,Kdr","Rbl2"
"6874","Flt4,Kdr","Atf2"
"6875","Flt4,Kdr","Atf6b"
"6876","Flt4,Kdr","Brca1"
"6877","Flt4,Kdr","Creb1"
"6878","Flt4,Kdr","Creb3"
"6879","Flt4,Kdr","Creb3l1"
"6880","Flt4,Kdr","Creb3l2"
"6881","Flt4,Kdr","Creb3l3"
"6882","Flt4,Kdr","Creb3l4"
"6883","Flt4,Kdr","Creb5"
"6884","Flt4,Kdr","Myb"
"6885","Flt4,Kdr","Rxra"
"6886","Flt4,Kdr","Ccnd1"
"6887","Flt4,Kdr","Mdm2"
"6888","Flt4,Kdr","Nr4a1"
"6889","Flt4,Kdr","Rbl2"
"6890","Itga6,Itgb4","Akt1"
"6891","Itga6,Itgb4","Atf2"
"6892","Itga6,Itgb4","Atf4"
"6893","Itga6,Itgb4","Atf6b"
"6894","Itga6,Itgb4","Brca1"
"6895","Itga6,Itgb4","Creb1"
"6896","Itga6,Itgb4","Creb3"
"6897","Itga6,Itgb4","Creb3l1"
"6898","Itga6,Itgb4","Creb3l2"
"6899","Itga6,Itgb4","Creb3l3"
"6900","Itga6,Itgb4","Creb3l4"
"6901","Itga6,Itgb4","Creb5"
"6902","Itga6,Itgb4","Foxo3"
"6903","Itga6,Itgb4","Mapk1"
"6904","Itga6,Itgb4","Mapk3"
"6905","Itga6,Itgb4","Myb"
"6906","Itga6,Itgb4","Myc"
"6907","Itga6,Itgb4","Nfkb1"
"6908","Itga6,Itgb4","Rela"
"6909","Itga6,Itgb4","Rxra"
"6910","Itga6,Itgb4","Trp53"
"6911","Itga6,Itgb4","Ccnd1"
"6912","Itga6,Itgb4","Ikbkb"
"6913","Itga6,Itgb4","Mdm2"
"6914","Itga6,Itgb4","Nr4a1"
"6915","Itga6,Itgb4","Raf1"
"6916","Itga6,Itgb4","Rbl2"
"6917","Itga6,Itgb4","Ikbkg"
"6918","Il2ra,Il2rb,Il2rg","Akt1"
"6919","Il2ra,Il2rb,Il2rg","Atf2"
"6920","Il2ra,Il2rb,Il2rg","Atf4"
"6921","Il2ra,Il2rb,Il2rg","Atf6b"
"6922","Il2ra,Il2rb,Il2rg","Brca1"
"6923","Il2ra,Il2rb,Il2rg","Creb1"
"6924","Il2ra,Il2rb,Il2rg","Creb3"
"6925","Il2ra,Il2rb,Il2rg","Creb3l1"
"6926","Il2ra,Il2rb,Il2rg","Creb3l2"
"6927","Il2ra,Il2rb,Il2rg","Creb3l3"
"6928","Il2ra,Il2rb,Il2rg","Creb3l4"
"6929","Il2ra,Il2rb,Il2rg","Creb5"
"6930","Il2ra,Il2rb,Il2rg","Foxo3"
"6931","Il2ra,Il2rb,Il2rg","Mapk1"
"6932","Il2ra,Il2rb,Il2rg","Mapk3"
"6933","Il2ra,Il2rb,Il2rg","Myb"
"6934","Il2ra,Il2rb,Il2rg","Myc"
"6935","Il2ra,Il2rb,Il2rg","Nfkb1"
"6936","Il2ra,Il2rb,Il2rg","Rela"
"6937","Il2ra,Il2rb,Il2rg","Rxra"
"6938","Il2ra,Il2rb,Il2rg","Trp53"
"6939","Il2ra,Il2rb,Il2rg","Ccnd1"
"6940","Il2ra,Il2rb,Il2rg","Ikbkb"
"6941","Il2ra,Il2rb,Il2rg","Mdm2"
"6942","Il2ra,Il2rb,Il2rg","Nr4a1"
"6943","Il2ra,Il2rb,Il2rg","Raf1"
"6944","Il2ra,Il2rb,Il2rg","Rbl2"
"6945","Il2ra,Il2rb,Il2rg","Ikbkg"
"6946","Il2rb,Il2rg","Akt1"
"6947","Il2rb,Il2rg","Atf2"
"6948","Il2rb,Il2rg","Atf4"
"6949","Il2rb,Il2rg","Atf6b"
"6950","Il2rb,Il2rg","Brca1"
"6951","Il2rb,Il2rg","Creb1"
"6952","Il2rb,Il2rg","Creb3"
"6953","Il2rb,Il2rg","Creb3l1"
"6954","Il2rb,Il2rg","Creb3l2"
"6955","Il2rb,Il2rg","Creb3l3"
"6956","Il2rb,Il2rg","Creb3l4"
"6957","Il2rb,Il2rg","Creb5"
"6958","Il2rb,Il2rg","Foxo3"
"6959","Il2rb,Il2rg","Mapk1"
"6960","Il2rb,Il2rg","Mapk3"
"6961","Il2rb,Il2rg","Myb"
"6962","Il2rb,Il2rg","Myc"
"6963","Il2rb,Il2rg","Nfkb1"
"6964","Il2rb,Il2rg","Rela"
"6965","Il2rb,Il2rg","Rxra"
"6966","Il2rb,Il2rg","Trp53"
"6967","Il2rb,Il2rg","Ccnd1"
"6968","Il2rb,Il2rg","Ikbkb"
"6969","Il2rb,Il2rg","Mdm2"
"6970","Il2rb,Il2rg","Nr4a1"
"6971","Il2rb,Il2rg","Raf1"
"6972","Il2rb,Il2rg","Rbl2"
"6973","Il2rb,Il2rg","Ikbkg"
"6974","Il4ra,Il2rg","Akt1"
"6975","Il4ra,Il2rg","Atf2"
"6976","Il4ra,Il2rg","Atf4"
"6977","Il4ra,Il2rg","Atf6b"
"6978","Il4ra,Il2rg","Brca1"
"6979","Il4ra,Il2rg","Creb1"
"6980","Il4ra,Il2rg","Creb3"
"6981","Il4ra,Il2rg","Creb3l1"
"6982","Il4ra,Il2rg","Creb3l2"
"6983","Il4ra,Il2rg","Creb3l3"
"6984","Il4ra,Il2rg","Creb3l4"
"6985","Il4ra,Il2rg","Creb5"
"6986","Il4ra,Il2rg","Foxo3"
"6987","Il4ra,Il2rg","Mapk1"
"6988","Il4ra,Il2rg","Mapk3"
"6989","Il4ra,Il2rg","Myb"
"6990","Il4ra,Il2rg","Myc"
"6991","Il4ra,Il2rg","Nfkb1"
"6992","Il4ra,Il2rg","Rela"
"6993","Il4ra,Il2rg","Rxra"
"6994","Il4ra,Il2rg","Trp53"
"6995","Il4ra,Il2rg","Ccnd1"
"6996","Il4ra,Il2rg","Ikbkb"
"6997","Il4ra,Il2rg","Mdm2"
"6998","Il4ra,Il2rg","Nr4a1"
"6999","Il4ra,Il2rg","Raf1"
"7000","Il4ra,Il2rg","Rbl2"
"7001","Il4ra,Il2rg","Ikbkg"
"7002","Il7r,Il2rg","Akt1"
"7003","Il7r,Il2rg","Atf2"
"7004","Il7r,Il2rg","Atf4"
"7005","Il7r,Il2rg","Atf6b"
"7006","Il7r,Il2rg","Brca1"
"7007","Il7r,Il2rg","Creb1"
"7008","Il7r,Il2rg","Creb3"
"7009","Il7r,Il2rg","Creb3l1"
"7010","Il7r,Il2rg","Creb3l2"
"7011","Il7r,Il2rg","Creb3l3"
"7012","Il7r,Il2rg","Creb3l4"
"7013","Il7r,Il2rg","Creb5"
"7014","Il7r,Il2rg","Foxo3"
"7015","Il7r,Il2rg","Mapk1"
"7016","Il7r,Il2rg","Mapk3"
"7017","Il7r,Il2rg","Myb"
"7018","Il7r,Il2rg","Myc"
"7019","Il7r,Il2rg","Nfkb1"
"7020","Il7r,Il2rg","Rela"
"7021","Il7r,Il2rg","Rxra"
"7022","Il7r,Il2rg","Trp53"
"7023","Il7r,Il2rg","Ccnd1"
"7024","Il7r,Il2rg","Ikbkb"
"7025","Il7r,Il2rg","Mdm2"
"7026","Il7r,Il2rg","Nr4a1"
"7027","Il7r,Il2rg","Raf1"
"7028","Il7r,Il2rg","Rbl2"
"7029","Il7r,Il2rg","Ikbkg"
"7030","Il9r,Il2rg","Akt1"
"7031","Il9r,Il2rg","Atf2"
"7032","Il9r,Il2rg","Atf4"
"7033","Il9r,Il2rg","Atf6b"
"7034","Il9r,Il2rg","Brca1"
"7035","Il9r,Il2rg","Creb1"
"7036","Il9r,Il2rg","Creb3"
"7037","Il9r,Il2rg","Creb3l1"
"7038","Il9r,Il2rg","Creb3l2"
"7039","Il9r,Il2rg","Creb3l3"
"7040","Il9r,Il2rg","Creb3l4"
"7041","Il9r,Il2rg","Creb5"
"7042","Il9r,Il2rg","Foxo3"
"7043","Il9r,Il2rg","Mapk1"
"7044","Il9r,Il2rg","Mapk3"
"7045","Il9r,Il2rg","Myb"
"7046","Il9r,Il2rg","Myc"
"7047","Il9r,Il2rg","Nfkb1"
"7048","Il9r,Il2rg","Rela"
"7049","Il9r,Il2rg","Rxra"
"7050","Il9r,Il2rg","Trp53"
"7051","Il9r,Il2rg","Ccnd1"
"7052","Il9r,Il2rg","Ikbkb"
"7053","Il9r,Il2rg","Mdm2"
"7054","Il9r,Il2rg","Nr4a1"
"7055","Il9r,Il2rg","Raf1"
"7056","Il9r,Il2rg","Rbl2"
"7057","Il9r,Il2rg","Ikbkg"
"7058","Il15ra,Il2rb,Il2rg","Akt1"
"7059","Il15ra,Il2rb,Il2rg","Atf2"
"7060","Il15ra,Il2rb,Il2rg","Atf4"
"7061","Il15ra,Il2rb,Il2rg","Atf6b"
"7062","Il15ra,Il2rb,Il2rg","Brca1"
"7063","Il15ra,Il2rb,Il2rg","Creb1"
"7064","Il15ra,Il2rb,Il2rg","Creb3"
"7065","Il15ra,Il2rb,Il2rg","Creb3l1"
"7066","Il15ra,Il2rb,Il2rg","Creb3l2"
"7067","Il15ra,Il2rb,Il2rg","Creb3l3"
"7068","Il15ra,Il2rb,Il2rg","Creb3l4"
"7069","Il15ra,Il2rb,Il2rg","Creb5"
"7070","Il15ra,Il2rb,Il2rg","Foxo3"
"7071","Il15ra,Il2rb,Il2rg","Mapk1"
"7072","Il15ra,Il2rb,Il2rg","Mapk3"
"7073","Il15ra,Il2rb,Il2rg","Myb"
"7074","Il15ra,Il2rb,Il2rg","Myc"
"7075","Il15ra,Il2rb,Il2rg","Nfkb1"
"7076","Il15ra,Il2rb,Il2rg","Rela"
"7077","Il15ra,Il2rb,Il2rg","Rxra"
"7078","Il15ra,Il2rb,Il2rg","Trp53"
"7079","Il15ra,Il2rb,Il2rg","Ccnd1"
"7080","Il15ra,Il2rb,Il2rg","Ikbkb"
"7081","Il15ra,Il2rb,Il2rg","Mdm2"
"7082","Il15ra,Il2rb,Il2rg","Nr4a1"
"7083","Il15ra,Il2rb,Il2rg","Raf1"
"7084","Il15ra,Il2rb,Il2rg","Rbl2"
"7085","Il15ra,Il2rb,Il2rg","Ikbkg"
"7086","Il21r,Il2rg","Akt1"
"7087","Il21r,Il2rg","Atf2"
"7088","Il21r,Il2rg","Atf4"
"7089","Il21r,Il2rg","Atf6b"
"7090","Il21r,Il2rg","Brca1"
"7091","Il21r,Il2rg","Creb1"
"7092","Il21r,Il2rg","Creb3"
"7093","Il21r,Il2rg","Creb3l1"
"7094","Il21r,Il2rg","Creb3l2"
"7095","Il21r,Il2rg","Creb3l3"
"7096","Il21r,Il2rg","Creb3l4"
"7097","Il21r,Il2rg","Creb5"
"7098","Il21r,Il2rg","Foxo3"
"7099","Il21r,Il2rg","Mapk1"
"7100","Il21r,Il2rg","Mapk3"
"7101","Il21r,Il2rg","Myb"
"7102","Il21r,Il2rg","Myc"
"7103","Il21r,Il2rg","Nfkb1"
"7104","Il21r,Il2rg","Rela"
"7105","Il21r,Il2rg","Rxra"
"7106","Il21r,Il2rg","Trp53"
"7107","Il21r,Il2rg","Ccnd1"
"7108","Il21r,Il2rg","Ikbkb"
"7109","Il21r,Il2rg","Mdm2"
"7110","Il21r,Il2rg","Nr4a1"
"7111","Il21r,Il2rg","Raf1"
"7112","Il21r,Il2rg","Rbl2"
"7113","Il21r,Il2rg","Ikbkg"
"7114","Il7r,Crlf2","Akt1"
"7115","Il7r,Crlf2","Atf2"
"7116","Il7r,Crlf2","Atf4"
"7117","Il7r,Crlf2","Atf6b"
"7118","Il7r,Crlf2","Brca1"
"7119","Il7r,Crlf2","Creb1"
"7120","Il7r,Crlf2","Creb3"
"7121","Il7r,Crlf2","Creb3l1"
"7122","Il7r,Crlf2","Creb3l2"
"7123","Il7r,Crlf2","Creb3l3"
"7124","Il7r,Crlf2","Creb3l4"
"7125","Il7r,Crlf2","Creb5"
"7126","Il7r,Crlf2","Foxo3"
"7127","Il7r,Crlf2","Mapk1"
"7128","Il7r,Crlf2","Mapk3"
"7129","Il7r,Crlf2","Myb"
"7130","Il7r,Crlf2","Myc"
"7131","Il7r,Crlf2","Nfkb1"
"7132","Il7r,Crlf2","Rela"
"7133","Il7r,Crlf2","Rxra"
"7134","Il7r,Crlf2","Trp53"
"7135","Il7r,Crlf2","Ccnd1"
"7136","Il7r,Crlf2","Ikbkb"
"7137","Il7r,Crlf2","Mdm2"
"7138","Il7r,Crlf2","Nr4a1"
"7139","Il7r,Crlf2","Raf1"
"7140","Il7r,Crlf2","Rbl2"
"7141","Il7r,Crlf2","Ikbkg"
"7142","Il3ra,Csf2rb","Akt1"
"7143","Il3ra,Csf2rb","Atf2"
"7144","Il3ra,Csf2rb","Atf4"
"7145","Il3ra,Csf2rb","Atf6b"
"7146","Il3ra,Csf2rb","Brca1"
"7147","Il3ra,Csf2rb","Creb1"
"7148","Il3ra,Csf2rb","Creb3"
"7149","Il3ra,Csf2rb","Creb3l1"
"7150","Il3ra,Csf2rb","Creb3l2"
"7151","Il3ra,Csf2rb","Creb3l3"
"7152","Il3ra,Csf2rb","Creb3l4"
"7153","Il3ra,Csf2rb","Creb5"
"7154","Il3ra,Csf2rb","Foxo3"
"7155","Il3ra,Csf2rb","Mapk1"
"7156","Il3ra,Csf2rb","Mapk3"
"7157","Il3ra,Csf2rb","Myb"
"7158","Il3ra,Csf2rb","Myc"
"7159","Il3ra,Csf2rb","Nfkb1"
"7160","Il3ra,Csf2rb","Rela"
"7161","Il3ra,Csf2rb","Rxra"
"7162","Il3ra,Csf2rb","Trp53"
"7163","Il3ra,Csf2rb","Ccnd1"
"7164","Il3ra,Csf2rb","Ikbkb"
"7165","Il3ra,Csf2rb","Mdm2"
"7166","Il3ra,Csf2rb","Nr4a1"
"7167","Il3ra,Csf2rb","Raf1"
"7168","Il3ra,Csf2rb","Rbl2"
"7169","Il3ra,Csf2rb","Ikbkg"
"7170","Il4ra,Il13ra1","Akt1"
"7171","Il4ra,Il13ra1","Atf2"
"7172","Il4ra,Il13ra1","Atf4"
"7173","Il4ra,Il13ra1","Atf6b"
"7174","Il4ra,Il13ra1","Brca1"
"7175","Il4ra,Il13ra1","Creb1"
"7176","Il4ra,Il13ra1","Creb3"
"7177","Il4ra,Il13ra1","Creb3l1"
"7178","Il4ra,Il13ra1","Creb3l2"
"7179","Il4ra,Il13ra1","Creb3l3"
"7180","Il4ra,Il13ra1","Creb3l4"
"7181","Il4ra,Il13ra1","Creb5"
"7182","Il4ra,Il13ra1","Foxo3"
"7183","Il4ra,Il13ra1","Mapk1"
"7184","Il4ra,Il13ra1","Mapk3"
"7185","Il4ra,Il13ra1","Myb"
"7186","Il4ra,Il13ra1","Myc"
"7187","Il4ra,Il13ra1","Nfkb1"
"7188","Il4ra,Il13ra1","Rela"
"7189","Il4ra,Il13ra1","Rxra"
"7190","Il4ra,Il13ra1","Trp53"
"7191","Il4ra,Il13ra1","Ccnd1"
"7192","Il4ra,Il13ra1","Ikbkb"
"7193","Il4ra,Il13ra1","Mdm2"
"7194","Il4ra,Il13ra1","Nr4a1"
"7195","Il4ra,Il13ra1","Raf1"
"7196","Il4ra,Il13ra1","Rbl2"
"7197","Il4ra,Il13ra1","Ikbkg"
"7198","Il4ra,Il13ra2","Akt1"
"7199","Il4ra,Il13ra2","Atf2"
"7200","Il4ra,Il13ra2","Atf4"
"7201","Il4ra,Il13ra2","Atf6b"
"7202","Il4ra,Il13ra2","Brca1"
"7203","Il4ra,Il13ra2","Creb1"
"7204","Il4ra,Il13ra2","Creb3"
"7205","Il4ra,Il13ra2","Creb3l1"
"7206","Il4ra,Il13ra2","Creb3l2"
"7207","Il4ra,Il13ra2","Creb3l3"
"7208","Il4ra,Il13ra2","Creb3l4"
"7209","Il4ra,Il13ra2","Creb5"
"7210","Il4ra,Il13ra2","Foxo3"
"7211","Il4ra,Il13ra2","Mapk1"
"7212","Il4ra,Il13ra2","Mapk3"
"7213","Il4ra,Il13ra2","Myb"
"7214","Il4ra,Il13ra2","Myc"
"7215","Il4ra,Il13ra2","Nfkb1"
"7216","Il4ra,Il13ra2","Rela"
"7217","Il4ra,Il13ra2","Rxra"
"7218","Il4ra,Il13ra2","Trp53"
"7219","Il4ra,Il13ra2","Ccnd1"
"7220","Il4ra,Il13ra2","Ikbkb"
"7221","Il4ra,Il13ra2","Mdm2"
"7222","Il4ra,Il13ra2","Nr4a1"
"7223","Il4ra,Il13ra2","Raf1"
"7224","Il4ra,Il13ra2","Rbl2"
"7225","Il4ra,Il13ra2","Ikbkg"
"7226","Il6ra,Il6st","Atf2"
"7227","Il6ra,Il6st","Atf4"
"7228","Il6ra,Il6st","Atf6b"
"7229","Il6ra,Il6st","Brca1"
"7230","Il6ra,Il6st","Creb1"
"7231","Il6ra,Il6st","Creb3"
"7232","Il6ra,Il6st","Creb3l1"
"7233","Il6ra,Il6st","Creb3l2"
"7234","Il6ra,Il6st","Creb3l3"
"7235","Il6ra,Il6st","Creb3l4"
"7236","Il6ra,Il6st","Creb5"
"7237","Il6ra,Il6st","Myb"
"7238","Il6ra,Il6st","Myc"
"7239","Il6ra,Il6st","Nfkb1"
"7240","Il6ra,Il6st","Rela"
"7241","Il6ra,Il6st","Rxra"
"7242","Il6ra,Il6st","Trp53"
"7243","Il6ra,Il6st","Ccnd1"
"7244","Il6ra,Il6st","Ikbkb"
"7245","Il6ra,Il6st","Mdm2"
"7246","Il6ra,Il6st","Nr4a1"
"7247","Il6ra,Il6st","Rbl2"
"7248","Il6ra,Il6st","Ikbkg"
"7249","Il31ra,Osmr","Akt1"
"7250","Il31ra,Osmr","Atf2"
"7251","Il31ra,Osmr","Atf4"
"7252","Il31ra,Osmr","Atf6b"
"7253","Il31ra,Osmr","Brca1"
"7254","Il31ra,Osmr","Creb1"
"7255","Il31ra,Osmr","Creb3"
"7256","Il31ra,Osmr","Creb3l1"
"7257","Il31ra,Osmr","Creb3l2"
"7258","Il31ra,Osmr","Creb3l3"
"7259","Il31ra,Osmr","Creb3l4"
"7260","Il31ra,Osmr","Creb5"
"7261","Il31ra,Osmr","Foxo3"
"7262","Il31ra,Osmr","Mapk1"
"7263","Il31ra,Osmr","Mapk3"
"7264","Il31ra,Osmr","Myb"
"7265","Il31ra,Osmr","Myc"
"7266","Il31ra,Osmr","Nfkb1"
"7267","Il31ra,Osmr","Rela"
"7268","Il31ra,Osmr","Rxra"
"7269","Il31ra,Osmr","Trp53"
"7270","Il31ra,Osmr","Ccnd1"
"7271","Il31ra,Osmr","Ikbkb"
"7272","Il31ra,Osmr","Mdm2"
"7273","Il31ra,Osmr","Nr4a1"
"7274","Il31ra,Osmr","Raf1"
"7275","Il31ra,Osmr","Rbl2"
"7276","Il31ra,Osmr","Ikbkg"
"7277","Osmr,Il6st","Akt1"
"7278","Osmr,Il6st","Atf2"
"7279","Osmr,Il6st","Atf4"
"7280","Osmr,Il6st","Atf6b"
"7281","Osmr,Il6st","Brca1"
"7282","Osmr,Il6st","Creb1"
"7283","Osmr,Il6st","Creb3"
"7284","Osmr,Il6st","Creb3l1"
"7285","Osmr,Il6st","Creb3l2"
"7286","Osmr,Il6st","Creb3l3"
"7287","Osmr,Il6st","Creb3l4"
"7288","Osmr,Il6st","Creb5"
"7289","Osmr,Il6st","Foxo3"
"7290","Osmr,Il6st","Mapk1"
"7291","Osmr,Il6st","Mapk3"
"7292","Osmr,Il6st","Myb"
"7293","Osmr,Il6st","Myc"
"7294","Osmr,Il6st","Nfkb1"
"7295","Osmr,Il6st","Rela"
"7296","Osmr,Il6st","Rxra"
"7297","Osmr,Il6st","Trp53"
"7298","Osmr,Il6st","Ccnd1"
"7299","Osmr,Il6st","Ikbkb"
"7300","Osmr,Il6st","Mdm2"
"7301","Osmr,Il6st","Nr4a1"
"7302","Osmr,Il6st","Raf1"
"7303","Osmr,Il6st","Rbl2"
"7304","Osmr,Il6st","Ikbkg"
"7305","Ifnar1,Ifnar2","Akt1"
"7306","Ifnar1,Ifnar2","Atf2"
"7307","Ifnar1,Ifnar2","Atf4"
"7308","Ifnar1,Ifnar2","Atf6b"
"7309","Ifnar1,Ifnar2","Brca1"
"7310","Ifnar1,Ifnar2","Creb1"
"7311","Ifnar1,Ifnar2","Creb3"
"7312","Ifnar1,Ifnar2","Creb3l1"
"7313","Ifnar1,Ifnar2","Creb3l2"
"7314","Ifnar1,Ifnar2","Creb3l3"
"7315","Ifnar1,Ifnar2","Creb3l4"
"7316","Ifnar1,Ifnar2","Creb5"
"7317","Ifnar1,Ifnar2","Foxo3"
"7318","Ifnar1,Ifnar2","Mapk1"
"7319","Ifnar1,Ifnar2","Mapk3"
"7320","Ifnar1,Ifnar2","Myb"
"7321","Ifnar1,Ifnar2","Myc"
"7322","Ifnar1,Ifnar2","Nfkb1"
"7323","Ifnar1,Ifnar2","Rela"
"7324","Ifnar1,Ifnar2","Rxra"
"7325","Ifnar1,Ifnar2","Trp53"
"7326","Ifnar1,Ifnar2","Ccnd1"
"7327","Ifnar1,Ifnar2","Ikbkb"
"7328","Ifnar1,Ifnar2","Mdm2"
"7329","Ifnar1,Ifnar2","Nr4a1"
"7330","Ifnar1,Ifnar2","Raf1"
"7331","Ifnar1,Ifnar2","Rbl2"
"7332","Ifnar1,Ifnar2","Ikbkg"
"7333","Itga2b,Itgb3","Akt1"
"7334","Itga2b,Itgb3","Atf2"
"7335","Itga2b,Itgb3","Atf4"
"7336","Itga2b,Itgb3","Atf6b"
"7337","Itga2b,Itgb3","Brca1"
"7338","Itga2b,Itgb3","Creb1"
"7339","Itga2b,Itgb3","Creb3"
"7340","Itga2b,Itgb3","Creb3l1"
"7341","Itga2b,Itgb3","Creb3l2"
"7342","Itga2b,Itgb3","Creb3l3"
"7343","Itga2b,Itgb3","Creb3l4"
"7344","Itga2b,Itgb3","Creb5"
"7345","Itga2b,Itgb3","Foxo3"
"7346","Itga2b,Itgb3","Mapk1"
"7347","Itga2b,Itgb3","Mapk3"
"7348","Itga2b,Itgb3","Myb"
"7349","Itga2b,Itgb3","Myc"
"7350","Itga2b,Itgb3","Nfkb1"
"7351","Itga2b,Itgb3","Rela"
"7352","Itga2b,Itgb3","Rxra"
"7353","Itga2b,Itgb3","Trp53"
"7354","Itga2b,Itgb3","Ccnd1"
"7355","Itga2b,Itgb3","Ikbkb"
"7356","Itga2b,Itgb3","Mdm2"
"7357","Itga2b,Itgb3","Nr4a1"
"7358","Itga2b,Itgb3","Raf1"
"7359","Itga2b,Itgb3","Rbl2"
"7360","Itga2b,Itgb3","Ikbkg"
"7361","Itga5,Itgb1","Akt1"
"7362","Itga5,Itgb1","Atf2"
"7363","Itga5,Itgb1","Atf4"
"7364","Itga5,Itgb1","Atf6b"
"7365","Itga5,Itgb1","Brca1"
"7366","Itga5,Itgb1","Creb1"
"7367","Itga5,Itgb1","Creb3"
"7368","Itga5,Itgb1","Creb3l1"
"7369","Itga5,Itgb1","Creb3l2"
"7370","Itga5,Itgb1","Creb3l3"
"7371","Itga5,Itgb1","Creb3l4"
"7372","Itga5,Itgb1","Creb5"
"7373","Itga5,Itgb1","Foxo3"
"7374","Itga5,Itgb1","Mapk1"
"7375","Itga5,Itgb1","Mapk3"
"7376","Itga5,Itgb1","Myb"
"7377","Itga5,Itgb1","Myc"
"7378","Itga5,Itgb1","Nfkb1"
"7379","Itga5,Itgb1","Rela"
"7380","Itga5,Itgb1","Rxra"
"7381","Itga5,Itgb1","Trp53"
"7382","Itga5,Itgb1","Ccnd1"
"7383","Itga5,Itgb1","Ikbkb"
"7384","Itga5,Itgb1","Mdm2"
"7385","Itga5,Itgb1","Nr4a1"
"7386","Itga5,Itgb1","Raf1"
"7387","Itga5,Itgb1","Rbl2"
"7388","Itga5,Itgb1","Ikbkg"
"7389","Itgav,Itgb1","Akt1"
"7390","Itgav,Itgb1","Atf2"
"7391","Itgav,Itgb1","Atf4"
"7392","Itgav,Itgb1","Atf6b"
"7393","Itgav,Itgb1","Brca1"
"7394","Itgav,Itgb1","Creb1"
"7395","Itgav,Itgb1","Creb3"
"7396","Itgav,Itgb1","Creb3l1"
"7397","Itgav,Itgb1","Creb3l2"
"7398","Itgav,Itgb1","Creb3l3"
"7399","Itgav,Itgb1","Creb3l4"
"7400","Itgav,Itgb1","Creb5"
"7401","Itgav,Itgb1","Foxo3"
"7402","Itgav,Itgb1","Mapk1"
"7403","Itgav,Itgb1","Mapk3"
"7404","Itgav,Itgb1","Myb"
"7405","Itgav,Itgb1","Myc"
"7406","Itgav,Itgb1","Nfkb1"
"7407","Itgav,Itgb1","Rela"
"7408","Itgav,Itgb1","Rxra"
"7409","Itgav,Itgb1","Trp53"
"7410","Itgav,Itgb1","Ccnd1"
"7411","Itgav,Itgb1","Ikbkb"
"7412","Itgav,Itgb1","Mdm2"
"7413","Itgav,Itgb1","Nr4a1"
"7414","Itgav,Itgb1","Raf1"
"7415","Itgav,Itgb1","Rbl2"
"7416","Itgav,Itgb1","Ikbkg"
"7417","Itgav,Itgb5","Akt1"
"7418","Itgav,Itgb5","Atf2"
"7419","Itgav,Itgb5","Atf4"
"7420","Itgav,Itgb5","Atf6b"
"7421","Itgav,Itgb5","Brca1"
"7422","Itgav,Itgb5","Creb1"
"7423","Itgav,Itgb5","Creb3"
"7424","Itgav,Itgb5","Creb3l1"
"7425","Itgav,Itgb5","Creb3l2"
"7426","Itgav,Itgb5","Creb3l3"
"7427","Itgav,Itgb5","Creb3l4"
"7428","Itgav,Itgb5","Creb5"
"7429","Itgav,Itgb5","Foxo3"
"7430","Itgav,Itgb5","Mapk1"
"7431","Itgav,Itgb5","Mapk3"
"7432","Itgav,Itgb5","Myb"
"7433","Itgav,Itgb5","Myc"
"7434","Itgav,Itgb5","Nfkb1"
"7435","Itgav,Itgb5","Rela"
"7436","Itgav,Itgb5","Rxra"
"7437","Itgav,Itgb5","Trp53"
"7438","Itgav,Itgb5","Ccnd1"
"7439","Itgav,Itgb5","Ikbkb"
"7440","Itgav,Itgb5","Mdm2"
"7441","Itgav,Itgb5","Nr4a1"
"7442","Itgav,Itgb5","Raf1"
"7443","Itgav,Itgb5","Rbl2"
"7444","Itgav,Itgb5","Ikbkg"
"7445","Itgav,Itgb6","Akt1"
"7446","Itgav,Itgb6","Atf2"
"7447","Itgav,Itgb6","Atf4"
"7448","Itgav,Itgb6","Atf6b"
"7449","Itgav,Itgb6","Brca1"
"7450","Itgav,Itgb6","Creb1"
"7451","Itgav,Itgb6","Creb3"
"7452","Itgav,Itgb6","Creb3l1"
"7453","Itgav,Itgb6","Creb3l2"
"7454","Itgav,Itgb6","Creb3l3"
"7455","Itgav,Itgb6","Creb3l4"
"7456","Itgav,Itgb6","Creb5"
"7457","Itgav,Itgb6","Foxo3"
"7458","Itgav,Itgb6","Mapk1"
"7459","Itgav,Itgb6","Mapk3"
"7460","Itgav,Itgb6","Myb"
"7461","Itgav,Itgb6","Myc"
"7462","Itgav,Itgb6","Nfkb1"
"7463","Itgav,Itgb6","Rela"
"7464","Itgav,Itgb6","Rxra"
"7465","Itgav,Itgb6","Trp53"
"7466","Itgav,Itgb6","Ccnd1"
"7467","Itgav,Itgb6","Ikbkb"
"7468","Itgav,Itgb6","Mdm2"
"7469","Itgav,Itgb6","Nr4a1"
"7470","Itgav,Itgb6","Raf1"
"7471","Itgav,Itgb6","Rbl2"
"7472","Itgav,Itgb6","Ikbkg"
"7473","Itga4,Itgb1","Akt1"
"7474","Itga4,Itgb1","Atf2"
"7475","Itga4,Itgb1","Atf4"
"7476","Itga4,Itgb1","Atf6b"
"7477","Itga4,Itgb1","Brca1"
"7478","Itga4,Itgb1","Creb1"
"7479","Itga4,Itgb1","Creb3"
"7480","Itga4,Itgb1","Creb3l1"
"7481","Itga4,Itgb1","Creb3l2"
"7482","Itga4,Itgb1","Creb3l3"
"7483","Itga4,Itgb1","Creb3l4"
"7484","Itga4,Itgb1","Creb5"
"7485","Itga4,Itgb1","Foxo3"
"7486","Itga4,Itgb1","Mapk1"
"7487","Itga4,Itgb1","Mapk3"
"7488","Itga4,Itgb1","Myb"
"7489","Itga4,Itgb1","Myc"
"7490","Itga4,Itgb1","Nfkb1"
"7491","Itga4,Itgb1","Rela"
"7492","Itga4,Itgb1","Rxra"
"7493","Itga4,Itgb1","Trp53"
"7494","Itga4,Itgb1","Ccnd1"
"7495","Itga4,Itgb1","Ikbkb"
"7496","Itga4,Itgb1","Mdm2"
"7497","Itga4,Itgb1","Nr4a1"
"7498","Itga4,Itgb1","Raf1"
"7499","Itga4,Itgb1","Rbl2"
"7500","Itga4,Itgb1","Ikbkg"
"7501","Itga9,Itgb1","Akt1"
"7502","Itga9,Itgb1","Atf2"
"7503","Itga9,Itgb1","Atf4"
"7504","Itga9,Itgb1","Atf6b"
"7505","Itga9,Itgb1","Brca1"
"7506","Itga9,Itgb1","Creb1"
"7507","Itga9,Itgb1","Creb3"
"7508","Itga9,Itgb1","Creb3l1"
"7509","Itga9,Itgb1","Creb3l2"
"7510","Itga9,Itgb1","Creb3l3"
"7511","Itga9,Itgb1","Creb3l4"
"7512","Itga9,Itgb1","Creb5"
"7513","Itga9,Itgb1","Foxo3"
"7514","Itga9,Itgb1","Mapk1"
"7515","Itga9,Itgb1","Mapk3"
"7516","Itga9,Itgb1","Myb"
"7517","Itga9,Itgb1","Myc"
"7518","Itga9,Itgb1","Nfkb1"
"7519","Itga9,Itgb1","Rela"
"7520","Itga9,Itgb1","Rxra"
"7521","Itga9,Itgb1","Trp53"
"7522","Itga9,Itgb1","Ccnd1"
"7523","Itga9,Itgb1","Ikbkb"
"7524","Itga9,Itgb1","Mdm2"
"7525","Itga9,Itgb1","Nr4a1"
"7526","Itga9,Itgb1","Raf1"
"7527","Itga9,Itgb1","Rbl2"
"7528","Itga9,Itgb1","Ikbkg"
"7529","Itga8,Itgb1","Akt1"
"7530","Itga8,Itgb1","Atf2"
"7531","Itga8,Itgb1","Atf4"
"7532","Itga8,Itgb1","Atf6b"
"7533","Itga8,Itgb1","Brca1"
"7534","Itga8,Itgb1","Creb1"
"7535","Itga8,Itgb1","Creb3"
"7536","Itga8,Itgb1","Creb3l1"
"7537","Itga8,Itgb1","Creb3l2"
"7538","Itga8,Itgb1","Creb3l3"
"7539","Itga8,Itgb1","Creb3l4"
"7540","Itga8,Itgb1","Creb5"
"7541","Itga8,Itgb1","Foxo3"
"7542","Itga8,Itgb1","Mapk1"
"7543","Itga8,Itgb1","Mapk3"
"7544","Itga8,Itgb1","Myb"
"7545","Itga8,Itgb1","Myc"
"7546","Itga8,Itgb1","Nfkb1"
"7547","Itga8,Itgb1","Rela"
"7548","Itga8,Itgb1","Rxra"
"7549","Itga8,Itgb1","Trp53"
"7550","Itga8,Itgb1","Ccnd1"
"7551","Itga8,Itgb1","Ikbkb"
"7552","Itga8,Itgb1","Mdm2"
"7553","Itga8,Itgb1","Nr4a1"
"7554","Itga8,Itgb1","Raf1"
"7555","Itga8,Itgb1","Rbl2"
"7556","Itga8,Itgb1","Ikbkg"
"7557","Itga1,Itgb1","Akt1"
"7558","Itga1,Itgb1","Atf2"
"7559","Itga1,Itgb1","Atf4"
"7560","Itga1,Itgb1","Atf6b"
"7561","Itga1,Itgb1","Brca1"
"7562","Itga1,Itgb1","Creb1"
"7563","Itga1,Itgb1","Creb3"
"7564","Itga1,Itgb1","Creb3l1"
"7565","Itga1,Itgb1","Creb3l2"
"7566","Itga1,Itgb1","Creb3l3"
"7567","Itga1,Itgb1","Creb3l4"
"7568","Itga1,Itgb1","Creb5"
"7569","Itga1,Itgb1","Foxo3"
"7570","Itga1,Itgb1","Mapk1"
"7571","Itga1,Itgb1","Mapk3"
"7572","Itga1,Itgb1","Myb"
"7573","Itga1,Itgb1","Myc"
"7574","Itga1,Itgb1","Nfkb1"
"7575","Itga1,Itgb1","Rela"
"7576","Itga1,Itgb1","Rxra"
"7577","Itga1,Itgb1","Trp53"
"7578","Itga1,Itgb1","Ccnd1"
"7579","Itga1,Itgb1","Ikbkb"
"7580","Itga1,Itgb1","Mdm2"
"7581","Itga1,Itgb1","Nr4a1"
"7582","Itga1,Itgb1","Raf1"
"7583","Itga1,Itgb1","Rbl2"
"7584","Itga1,Itgb1","Ikbkg"
"7585","Itga6,Itgb1","Akt1"
"7586","Itga6,Itgb1","Atf2"
"7587","Itga6,Itgb1","Atf4"
"7588","Itga6,Itgb1","Atf6b"
"7589","Itga6,Itgb1","Brca1"
"7590","Itga6,Itgb1","Creb1"
"7591","Itga6,Itgb1","Creb3"
"7592","Itga6,Itgb1","Creb3l1"
"7593","Itga6,Itgb1","Creb3l2"
"7594","Itga6,Itgb1","Creb3l3"
"7595","Itga6,Itgb1","Creb3l4"
"7596","Itga6,Itgb1","Creb5"
"7597","Itga6,Itgb1","Foxo3"
"7598","Itga6,Itgb1","Mapk1"
"7599","Itga6,Itgb1","Mapk3"
"7600","Itga6,Itgb1","Myb"
"7601","Itga6,Itgb1","Myc"
"7602","Itga6,Itgb1","Nfkb1"
"7603","Itga6,Itgb1","Rela"
"7604","Itga6,Itgb1","Rxra"
"7605","Itga6,Itgb1","Trp53"
"7606","Itga6,Itgb1","Ccnd1"
"7607","Itga6,Itgb1","Ikbkb"
"7608","Itga6,Itgb1","Mdm2"
"7609","Itga6,Itgb1","Nr4a1"
"7610","Itga6,Itgb1","Raf1"
"7611","Itga6,Itgb1","Rbl2"
"7612","Itga6,Itgb1","Ikbkg"
"7613","Itga2,Itgb1","Akt1"
"7614","Itga2,Itgb1","Atf2"
"7615","Itga2,Itgb1","Atf4"
"7616","Itga2,Itgb1","Atf6b"
"7617","Itga2,Itgb1","Brca1"
"7618","Itga2,Itgb1","Creb1"
"7619","Itga2,Itgb1","Creb3"
"7620","Itga2,Itgb1","Creb3l1"
"7621","Itga2,Itgb1","Creb3l2"
"7622","Itga2,Itgb1","Creb3l3"
"7623","Itga2,Itgb1","Creb3l4"
"7624","Itga2,Itgb1","Creb5"
"7625","Itga2,Itgb1","Foxo3"
"7626","Itga2,Itgb1","Mapk1"
"7627","Itga2,Itgb1","Mapk3"
"7628","Itga2,Itgb1","Myb"
"7629","Itga2,Itgb1","Myc"
"7630","Itga2,Itgb1","Nfkb1"
"7631","Itga2,Itgb1","Rela"
"7632","Itga2,Itgb1","Rxra"
"7633","Itga2,Itgb1","Trp53"
"7634","Itga2,Itgb1","Ccnd1"
"7635","Itga2,Itgb1","Ikbkb"
"7636","Itga2,Itgb1","Mdm2"
"7637","Itga2,Itgb1","Nr4a1"
"7638","Itga2,Itgb1","Raf1"
"7639","Itga2,Itgb1","Rbl2"
"7640","Itga2,Itgb1","Ikbkg"
"7641","Itga3,Itgb1","Akt1"
"7642","Itga3,Itgb1","Atf2"
"7643","Itga3,Itgb1","Atf4"
"7644","Itga3,Itgb1","Atf6b"
"7645","Itga3,Itgb1","Brca1"
"7646","Itga3,Itgb1","Creb1"
"7647","Itga3,Itgb1","Creb3"
"7648","Itga3,Itgb1","Creb3l1"
"7649","Itga3,Itgb1","Creb3l2"
"7650","Itga3,Itgb1","Creb3l3"
"7651","Itga3,Itgb1","Creb3l4"
"7652","Itga3,Itgb1","Creb5"
"7653","Itga3,Itgb1","Foxo3"
"7654","Itga3,Itgb1","Mapk1"
"7655","Itga3,Itgb1","Mapk3"
"7656","Itga3,Itgb1","Myb"
"7657","Itga3,Itgb1","Myc"
"7658","Itga3,Itgb1","Nfkb1"
"7659","Itga3,Itgb1","Rela"
"7660","Itga3,Itgb1","Rxra"
"7661","Itga3,Itgb1","Trp53"
"7662","Itga3,Itgb1","Ccnd1"
"7663","Itga3,Itgb1","Ikbkb"
"7664","Itga3,Itgb1","Mdm2"
"7665","Itga3,Itgb1","Nr4a1"
"7666","Itga3,Itgb1","Raf1"
"7667","Itga3,Itgb1","Rbl2"
"7668","Itga3,Itgb1","Ikbkg"
"7669","Itga7,Itgb1","Akt1"
"7670","Itga7,Itgb1","Atf2"
"7671","Itga7,Itgb1","Atf4"
"7672","Itga7,Itgb1","Atf6b"
"7673","Itga7,Itgb1","Brca1"
"7674","Itga7,Itgb1","Creb1"
"7675","Itga7,Itgb1","Creb3"
"7676","Itga7,Itgb1","Creb3l1"
"7677","Itga7,Itgb1","Creb3l2"
"7678","Itga7,Itgb1","Creb3l3"
"7679","Itga7,Itgb1","Creb3l4"
"7680","Itga7,Itgb1","Creb5"
"7681","Itga7,Itgb1","Foxo3"
"7682","Itga7,Itgb1","Mapk1"
"7683","Itga7,Itgb1","Mapk3"
"7684","Itga7,Itgb1","Myb"
"7685","Itga7,Itgb1","Myc"
"7686","Itga7,Itgb1","Nfkb1"
"7687","Itga7,Itgb1","Rela"
"7688","Itga7,Itgb1","Rxra"
"7689","Itga7,Itgb1","Trp53"
"7690","Itga7,Itgb1","Ccnd1"
"7691","Itga7,Itgb1","Ikbkb"
"7692","Itga7,Itgb1","Mdm2"
"7693","Itga7,Itgb1","Nr4a1"
"7694","Itga7,Itgb1","Raf1"
"7695","Itga7,Itgb1","Rbl2"
"7696","Itga7,Itgb1","Ikbkg"
"7697","Itga10,Itgb1","Akt1"
"7698","Itga10,Itgb1","Atf2"
"7699","Itga10,Itgb1","Atf4"
"7700","Itga10,Itgb1","Atf6b"
"7701","Itga10,Itgb1","Brca1"
"7702","Itga10,Itgb1","Creb1"
"7703","Itga10,Itgb1","Creb3"
"7704","Itga10,Itgb1","Creb3l1"
"7705","Itga10,Itgb1","Creb3l2"
"7706","Itga10,Itgb1","Creb3l3"
"7707","Itga10,Itgb1","Creb3l4"
"7708","Itga10,Itgb1","Creb5"
"7709","Itga10,Itgb1","Foxo3"
"7710","Itga10,Itgb1","Mapk1"
"7711","Itga10,Itgb1","Mapk3"
"7712","Itga10,Itgb1","Myb"
"7713","Itga10,Itgb1","Myc"
"7714","Itga10,Itgb1","Nfkb1"
"7715","Itga10,Itgb1","Rela"
"7716","Itga10,Itgb1","Rxra"
"7717","Itga10,Itgb1","Trp53"
"7718","Itga10,Itgb1","Ccnd1"
"7719","Itga10,Itgb1","Ikbkb"
"7720","Itga10,Itgb1","Mdm2"
"7721","Itga10,Itgb1","Nr4a1"
"7722","Itga10,Itgb1","Raf1"
"7723","Itga10,Itgb1","Rbl2"
"7724","Itga10,Itgb1","Ikbkg"
"7725","Itga11,Itgb1","Akt1"
"7726","Itga11,Itgb1","Atf2"
"7727","Itga11,Itgb1","Atf4"
"7728","Itga11,Itgb1","Atf6b"
"7729","Itga11,Itgb1","Brca1"
"7730","Itga11,Itgb1","Creb1"
"7731","Itga11,Itgb1","Creb3"
"7732","Itga11,Itgb1","Creb3l1"
"7733","Itga11,Itgb1","Creb3l2"
"7734","Itga11,Itgb1","Creb3l3"
"7735","Itga11,Itgb1","Creb3l4"
"7736","Itga11,Itgb1","Creb5"
"7737","Itga11,Itgb1","Foxo3"
"7738","Itga11,Itgb1","Mapk1"
"7739","Itga11,Itgb1","Mapk3"
"7740","Itga11,Itgb1","Myb"
"7741","Itga11,Itgb1","Myc"
"7742","Itga11,Itgb1","Nfkb1"
"7743","Itga11,Itgb1","Rela"
"7744","Itga11,Itgb1","Rxra"
"7745","Itga11,Itgb1","Trp53"
"7746","Itga11,Itgb1","Ccnd1"
"7747","Itga11,Itgb1","Ikbkb"
"7748","Itga11,Itgb1","Mdm2"
"7749","Itga11,Itgb1","Nr4a1"
"7750","Itga11,Itgb1","Raf1"
"7751","Itga11,Itgb1","Rbl2"
"7752","Itga11,Itgb1","Ikbkg"
"7753","Itga4,Itgb7","Akt1"
"7754","Itga4,Itgb7","Atf2"
"7755","Itga4,Itgb7","Atf4"
"7756","Itga4,Itgb7","Atf6b"
"7757","Itga4,Itgb7","Brca1"
"7758","Itga4,Itgb7","Creb1"
"7759","Itga4,Itgb7","Creb3"
"7760","Itga4,Itgb7","Creb3l1"
"7761","Itga4,Itgb7","Creb3l2"
"7762","Itga4,Itgb7","Creb3l3"
"7763","Itga4,Itgb7","Creb3l4"
"7764","Itga4,Itgb7","Creb5"
"7765","Itga4,Itgb7","Foxo3"
"7766","Itga4,Itgb7","Mapk1"
"7767","Itga4,Itgb7","Mapk3"
"7768","Itga4,Itgb7","Myb"
"7769","Itga4,Itgb7","Myc"
"7770","Itga4,Itgb7","Nfkb1"
"7771","Itga4,Itgb7","Rela"
"7772","Itga4,Itgb7","Rxra"
"7773","Itga4,Itgb7","Trp53"
"7774","Itga4,Itgb7","Ccnd1"
"7775","Itga4,Itgb7","Ikbkb"
"7776","Itga4,Itgb7","Mdm2"
"7777","Itga4,Itgb7","Nr4a1"
"7778","Itga4,Itgb7","Raf1"
"7779","Itga4,Itgb7","Rbl2"
"7780","Itga4,Itgb7","Ikbkg"
"7781","Itgav,Itgb8","Akt1"
"7782","Itgav,Itgb8","Atf2"
"7783","Itgav,Itgb8","Atf4"
"7784","Itgav,Itgb8","Atf6b"
"7785","Itgav,Itgb8","Brca1"
"7786","Itgav,Itgb8","Creb1"
"7787","Itgav,Itgb8","Creb3"
"7788","Itgav,Itgb8","Creb3l1"
"7789","Itgav,Itgb8","Creb3l2"
"7790","Itgav,Itgb8","Creb3l3"
"7791","Itgav,Itgb8","Creb3l4"
"7792","Itgav,Itgb8","Creb5"
"7793","Itgav,Itgb8","Foxo3"
"7794","Itgav,Itgb8","Mapk1"
"7795","Itgav,Itgb8","Mapk3"
"7796","Itgav,Itgb8","Myb"
"7797","Itgav,Itgb8","Myc"
"7798","Itgav,Itgb8","Nfkb1"
"7799","Itgav,Itgb8","Rela"
"7800","Itgav,Itgb8","Rxra"
"7801","Itgav,Itgb8","Trp53"
"7802","Itgav,Itgb8","Ccnd1"
"7803","Itgav,Itgb8","Ikbkb"
"7804","Itgav,Itgb8","Mdm2"
"7805","Itgav,Itgb8","Nr4a1"
"7806","Itgav,Itgb8","Raf1"
"7807","Itgav,Itgb8","Rbl2"
"7808","Itgav,Itgb8","Ikbkg"
"7809","Itgae,Itgb7","Akt1"
"7810","Itgae,Itgb7","Atf2"
"7811","Itgae,Itgb7","Atf4"
"7812","Itgae,Itgb7","Atf6b"
"7813","Itgae,Itgb7","Brca1"
"7814","Itgae,Itgb7","Creb1"
"7815","Itgae,Itgb7","Creb3"
"7816","Itgae,Itgb7","Creb3l1"
"7817","Itgae,Itgb7","Creb3l2"
"7818","Itgae,Itgb7","Creb3l3"
"7819","Itgae,Itgb7","Creb3l4"
"7820","Itgae,Itgb7","Creb5"
"7821","Itgae,Itgb7","Foxo3"
"7822","Itgae,Itgb7","Mapk1"
"7823","Itgae,Itgb7","Mapk3"
"7824","Itgae,Itgb7","Myb"
"7825","Itgae,Itgb7","Myc"
"7826","Itgae,Itgb7","Nfkb1"
"7827","Itgae,Itgb7","Rela"
"7828","Itgae,Itgb7","Rxra"
"7829","Itgae,Itgb7","Trp53"
"7830","Itgae,Itgb7","Ccnd1"
"7831","Itgae,Itgb7","Ikbkb"
"7832","Itgae,Itgb7","Mdm2"
"7833","Itgae,Itgb7","Nr4a1"
"7834","Itgae,Itgb7","Raf1"
"7835","Itgae,Itgb7","Rbl2"
"7836","Itgae,Itgb7","Ikbkg"
"7837","Plxna1,Kdr","Atf2"
"7838","Plxna1,Kdr","Atf6b"
"7839","Plxna1,Kdr","Brca1"
"7840","Plxna1,Kdr","Creb1"
"7841","Plxna1,Kdr","Creb3"
"7842","Plxna1,Kdr","Creb3l1"
"7843","Plxna1,Kdr","Creb3l2"
"7844","Plxna1,Kdr","Creb3l3"
"7845","Plxna1,Kdr","Creb3l4"
"7846","Plxna1,Kdr","Creb5"
"7847","Plxna1,Kdr","Myb"
"7848","Plxna1,Kdr","Rxra"
"7849","Plxna1,Kdr","Ccnd1"
"7850","Plxna1,Kdr","Mdm2"
"7851","Plxna1,Kdr","Nr4a1"
"7852","Plxna1,Kdr","Rbl2"
"7853","Itgb1,Itga1","Akt1"
"7854","Itgb1,Itga1","Atf2"
"7855","Itgb1,Itga1","Atf4"
"7856","Itgb1,Itga1","Atf6b"
"7857","Itgb1,Itga1","Brca1"
"7858","Itgb1,Itga1","Creb1"
"7859","Itgb1,Itga1","Creb3"
"7860","Itgb1,Itga1","Creb3l1"
"7861","Itgb1,Itga1","Creb3l2"
"7862","Itgb1,Itga1","Creb3l3"
"7863","Itgb1,Itga1","Creb3l4"
"7864","Itgb1,Itga1","Creb5"
"7865","Itgb1,Itga1","Foxo3"
"7866","Itgb1,Itga1","Mapk1"
"7867","Itgb1,Itga1","Mapk3"
"7868","Itgb1,Itga1","Myb"
"7869","Itgb1,Itga1","Myc"
"7870","Itgb1,Itga1","Nfkb1"
"7871","Itgb1,Itga1","Rela"
"7872","Itgb1,Itga1","Rxra"
"7873","Itgb1,Itga1","Trp53"
"7874","Itgb1,Itga1","Ccnd1"
"7875","Itgb1,Itga1","Ikbkb"
"7876","Itgb1,Itga1","Mdm2"
"7877","Itgb1,Itga1","Nr4a1"
"7878","Itgb1,Itga1","Raf1"
"7879","Itgb1,Itga1","Rbl2"
"7880","Itgb1,Itga1","Ikbkg"
"7881","Vtn","Akt1"
"7882","Vtn","Atf2"
"7883","Vtn","Atf4"
"7884","Vtn","Atf6b"
"7885","Vtn","Brca1"
"7886","Vtn","Creb1"
"7887","Vtn","Creb3"
"7888","Vtn","Creb3l1"
"7889","Vtn","Creb3l2"
"7890","Vtn","Creb3l3"
"7891","Vtn","Creb3l4"
"7892","Vtn","Creb5"
"7893","Vtn","Foxo3"
"7894","Vtn","Mapk1"
"7895","Vtn","Mapk3"
"7896","Vtn","Myb"
"7897","Vtn","Myc"
"7898","Vtn","Nfkb1"
"7899","Vtn","Rela"
"7900","Vtn","Rxra"
"7901","Vtn","Trp53"
"7902","Vtn","Ccnd1"
"7903","Vtn","Ikbkb"
"7904","Vtn","Mdm2"
"7905","Vtn","Nr4a1"
"7906","Vtn","Raf1"
"7907","Vtn","Rbl2"
"7908","Vtn","Ikbkg"
"7909","Irs1","Brca1"
"7910","Irs1","Myb"
"7911","Irs1","Myc"
"7912","Irs1","Nfkb1"
"7913","Irs1","Rela"
"7914","Irs1","Rxra"
"7915","Irs1","Trp53"
"7916","Irs1","Mdm2"
"7917","Irs1","Nr4a1"
"7918","Irs1","Ikbkg"
"7919","Pdgfa","Atf2"
"7920","Pdgfa","Atf6b"
"7921","Pdgfa","Brca1"
"7922","Pdgfa","Creb1"
"7923","Pdgfa","Creb3"
"7924","Pdgfa","Creb3l1"
"7925","Pdgfa","Creb3l2"
"7926","Pdgfa","Creb3l3"
"7927","Pdgfa","Creb3l4"
"7928","Pdgfa","Creb5"
"7929","Pdgfa","Myb"
"7930","Pdgfa","Rxra"
"7931","Pdgfa","Ccnd1"
"7932","Pdgfa","Mdm2"
"7933","Pdgfa","Nr4a1"
"7934","Pdgfa","Rbl2"
"7935","Insr","Pparg"
"7936","Igf1r","Pparg"
"7937","Pik3r1","Pparg"
"7938","Pik3r2","Pparg"
"7939","Pik3r3","Pparg"
"7940","Adra1a","Creb1"
"7941","Adra1a","Creb3"
"7942","Adra1a","Creb3l1"
"7943","Adra1a","Creb3l2"
"7944","Adra1a","Creb3l3"
"7945","Adra1a","Creb3l4"
"7946","Adra1a","Creb5"
"7947","Adra1a","Pparg"
"7948","Adra1a","Ccnd1"
"7949","Adra1a","Ppargc1a"
"7950","Adra1a","Srebf1"
"7951","Irs1","Pparg"
"7952","Fas","Jun"
"7953","Fas","Mapk10"
"7954","Fas","Mapk8"
"7955","Fas","Mapk9"
"7956","Fas","Parp1"
"7957","Csf2rb","Akt1"
"7958","Csf2rb","Bbc3"
"7959","Csf2rb","Fos"
"7960","Csf2rb","Jun"
"7961","Csf2rb","Mapk1"
"7962","Csf2rb","Mapk10"
"7963","Csf2rb","Mapk3"
"7964","Csf2rb","Mapk8"
"7965","Csf2rb","Mapk9"
"7966","Csf2rb","Nfkb1"
"7967","Csf2rb","Rela"
"7968","Csf2rb","Trp53"
"7969","Csf2rb","Daxx"
"7970","Csf2rb","Ikbkb"
"7971","Csf2rb","Nfkbia"
"7972","Csf2rb","Parp1"
"7973","Csf2rb","Raf1"
"7974","Csf2rb","Ikbkg"
"7975","Il3ra","Bbc3"
"7976","Il3ra","Fos"
"7977","Il3ra","Jun"
"7978","Il3ra","Mapk10"
"7979","Il3ra","Mapk8"
"7980","Il3ra","Mapk9"
"7981","Il3ra","Daxx"
"7982","Il3ra","Nfkbia"
"7983","Il3ra","Parp1"
"7984","Ntrk1","Bbc3"
"7985","Ntrk1","Daxx"
"7986","Ntrk1","Nfkbia"
"7987","Ntrk1","Parp1"
"7988","Tnfrsf1a","Bbc3"
"7989","Tnfrsf1a","Daxx"
"7990","Tnfrsf1a","Parp1"
"7991","Traf2","Bbc3"
"7992","Traf2","Daxx"
"7993","Traf2","Parp1"
"7994","Tnfrsf10b","Parp1"
"7995","Ctsd","Parp1"
"7996","Casp3","Parp1"
"7997","Casp7","Parp1"
"7998","Casp8","Parp1"
"7999","Chuk","Bbc3"
"8000","Chuk","Fos"
"8001","Chuk","Jun"
"8002","Chuk","Mapk10"
"8003","Chuk","Mapk8"
"8004","Chuk","Mapk9"
"8005","Chuk","Trp53"
"8006","Chuk","Daxx"
"8007","Chuk","Parp1"
"8008","Ikbkb","Bbc3"
"8009","Ikbkb","Fos"
"8010","Ikbkb","Jun"
"8011","Ikbkb","Mapk10"
"8012","Ikbkb","Mapk8"
"8013","Ikbkb","Mapk9"
"8014","Ikbkb","Trp53"
"8015","Ikbkb","Daxx"
"8016","Ikbkb","Parp1"
"8017","Pik3r1","Bbc3"
"8018","Pik3r1","Mapk10"
"8019","Pik3r1","Mapk8"
"8020","Pik3r1","Mapk9"
"8021","Pik3r1","Daxx"
"8022","Pik3r1","Parp1"
"8023","Pik3r2","Bbc3"
"8024","Pik3r2","Mapk10"
"8025","Pik3r2","Mapk8"
"8026","Pik3r2","Mapk9"
"8027","Pik3r2","Daxx"
"8028","Pik3r2","Parp1"
"8029","Pik3r3","Bbc3"
"8030","Pik3r3","Mapk10"
"8031","Pik3r3","Mapk8"
"8032","Pik3r3","Mapk9"
"8033","Pik3r3","Daxx"
"8034","Pik3r3","Parp1"
"8035","Csf2rb2","Akt1"
"8036","Csf2rb2","Bbc3"
"8037","Csf2rb2","Fos"
"8038","Csf2rb2","Jun"
"8039","Csf2rb2","Mapk1"
"8040","Csf2rb2","Mapk10"
"8041","Csf2rb2","Mapk3"
"8042","Csf2rb2","Mapk8"
"8043","Csf2rb2","Mapk9"
"8044","Csf2rb2","Nfkb1"
"8045","Csf2rb2","Rela"
"8046","Csf2rb2","Trp53"
"8047","Csf2rb2","Daxx"
"8048","Csf2rb2","Ikbkb"
"8049","Csf2rb2","Nfkbia"
"8050","Csf2rb2","Parp1"
"8051","Csf2rb2","Raf1"
"8052","Csf2rb2","Ikbkg"
"8053","Il3ra,Csf2rb","Bbc3"
"8054","Il3ra,Csf2rb","Fos"
"8055","Il3ra,Csf2rb","Jun"
"8056","Il3ra,Csf2rb","Mapk10"
"8057","Il3ra,Csf2rb","Mapk8"
"8058","Il3ra,Csf2rb","Mapk9"
"8059","Il3ra,Csf2rb","Daxx"
"8060","Il3ra,Csf2rb","Nfkbia"
"8061","Il3ra,Csf2rb","Parp1"
"8062","Il5ra,Csf2rb","Akt1"
"8063","Il5ra,Csf2rb","Bbc3"
"8064","Il5ra,Csf2rb","Fos"
"8065","Il5ra,Csf2rb","Jun"
"8066","Il5ra,Csf2rb","Mapk1"
"8067","Il5ra,Csf2rb","Mapk10"
"8068","Il5ra,Csf2rb","Mapk3"
"8069","Il5ra,Csf2rb","Mapk8"
"8070","Il5ra,Csf2rb","Mapk9"
"8071","Il5ra,Csf2rb","Nfkb1"
"8072","Il5ra,Csf2rb","Rela"
"8073","Il5ra,Csf2rb","Trp53"
"8074","Il5ra,Csf2rb","Daxx"
"8075","Il5ra,Csf2rb","Ikbkb"
"8076","Il5ra,Csf2rb","Nfkbia"
"8077","Il5ra,Csf2rb","Parp1"
"8078","Il5ra,Csf2rb","Raf1"
"8079","Il5ra,Csf2rb","Ikbkg"
"8080","Csf2ra,Csf2rb","Akt1"
"8081","Csf2ra,Csf2rb","Bbc3"
"8082","Csf2ra,Csf2rb","Fos"
"8083","Csf2ra,Csf2rb","Jun"
"8084","Csf2ra,Csf2rb","Mapk1"
"8085","Csf2ra,Csf2rb","Mapk10"
"8086","Csf2ra,Csf2rb","Mapk3"
"8087","Csf2ra,Csf2rb","Mapk8"
"8088","Csf2ra,Csf2rb","Mapk9"
"8089","Csf2ra,Csf2rb","Nfkb1"
"8090","Csf2ra,Csf2rb","Rela"
"8091","Csf2ra,Csf2rb","Trp53"
"8092","Csf2ra,Csf2rb","Daxx"
"8093","Csf2ra,Csf2rb","Ikbkb"
"8094","Csf2ra,Csf2rb","Nfkbia"
"8095","Csf2ra,Csf2rb","Parp1"
"8096","Csf2ra,Csf2rb","Raf1"
"8097","Csf2ra,Csf2rb","Ikbkg"
"8098","Tradd","Bbc3"
"8099","Tradd","Daxx"
"8100","Tradd","Parp1"
"8101","Adipor1","Foxo1"
"8102","Adipor1","Foxo3"
"8103","Adipor1","Nfkb1"
"8104","Adipor1","Pparg"
"8105","Adipor1","Rela"
"8106","Adipor1","Sirt1"
"8107","Adipor1","Trp53"
"8108","Adipor1","Ppargc1a"
"8109","Adipor2","Foxo1"
"8110","Adipor2","Foxo3"
"8111","Adipor2","Nfkb1"
"8112","Adipor2","Pparg"
"8113","Adipor2","Rela"
"8114","Adipor2","Sirt1"
"8115","Adipor2","Trp53"
"8116","Adipor2","Ppargc1a"
"8117","Insr","Ehmt1"
"8118","Insr","Ehmt2"
"8119","Adcy8","Foxo1"
"8120","Adcy8","Foxo3"
"8121","Adcy8","Ehmt1"
"8122","Adcy8","Ehmt2"
"8123","Igf1r","Ehmt1"
"8124","Igf1r","Ehmt2"
"8125","Adcy1","Foxo1"
"8126","Adcy1","Foxo3"
"8127","Adcy1","Ehmt1"
"8128","Adcy1","Ehmt2"
"8129","Adcy7","Foxo1"
"8130","Adcy7","Foxo3"
"8131","Adcy7","Ehmt1"
"8132","Adcy7","Ehmt2"
"8133","Adcy9","Foxo1"
"8134","Adcy9","Foxo3"
"8135","Adcy9","Ehmt1"
"8136","Adcy9","Ehmt2"
"8137","Pik3r1","Ehmt1"
"8138","Pik3r1","Ehmt2"
"8139","Pik3r2","Ehmt1"
"8140","Pik3r2","Ehmt2"
"8141","Pik3r3","Ehmt1"
"8142","Pik3r3","Ehmt2"
"8143","Adcy5","Foxo1"
"8144","Adcy5","Foxo3"
"8145","Adcy5","Ehmt1"
"8146","Adcy5","Ehmt2"
"8147","Kl","Akt1"
"8148","Kl","Foxo1"
"8149","Kl","Foxo3"
"8150","Kl","Ehmt1"
"8151","Kl","Ehmt2"
"8152","Irs1","Ehmt1"
"8153","Irs1","Ehmt2"
"8154","Insr","Foxa2"
"8155","Igf1r","Foxa2"
"8156","Pik3r1","Foxa2"
"8157","Pik3r2","Foxa2"
"8158","Hdac1","Foxo1"
"8159","Hdac1","Foxo3"
"8160","Hdac1","Sirt1"
"8161","Hdac2","Foxo1"
"8162","Hdac2","Foxo3"
"8163","Hdac2","Sirt1"
"8164","Pik3r3","Foxa2"
"8165","Irs1","Foxa2"
"8166","Tlr4","Mapk10"
"8167","Tlr4","Mapk8"
"8168","Tlr4","Mapk9"
"8169","Fas","Rbck1"
"8170","Tnfrsf1a","Rbck1"
"8171","Traf2","Rbck1"
"8172","Ifnar1","Mapk10"
"8173","Ifnar1","Mapk8"
"8174","Ifnar1","Mapk9"
"8175","Ifnar1","Stat1"
"8176","Ifnar1","Stat2"
"8177","Ifnar1","Stat3"
"8178","Ifnar1","Stat4"
"8179","Ifnar1","Stat5a"
"8180","Ifnar1","Stat5b"
"8181","Ifnar1","Stat6"
"8182","Ifnar1","Eif2ak2"
"8183","Ifnar1","Irf9"
"8184","Ifnar1","Rbck1"
"8185","Ifnar2","Mapk10"
"8186","Ifnar2","Mapk8"
"8187","Ifnar2","Mapk9"
"8188","Ifnar2","Stat1"
"8189","Ifnar2","Stat2"
"8190","Ifnar2","Stat3"
"8191","Ifnar2","Stat4"
"8192","Ifnar2","Stat5a"
"8193","Ifnar2","Stat5b"
"8194","Ifnar2","Stat6"
"8195","Ifnar2","Eif2ak2"
"8196","Ifnar2","Irf9"
"8197","Ifnar2","Rbck1"
"8198","Ifngr1","Mapk10"
"8199","Ifngr1","Mapk8"
"8200","Ifngr1","Mapk9"
"8201","Ifngr1","Stat1"
"8202","Ifngr1","Stat2"
"8203","Ifngr1","Stat3"
"8204","Ifngr1","Stat4"
"8205","Ifngr1","Stat5a"
"8206","Ifngr1","Stat5b"
"8207","Ifngr1","Stat6"
"8208","Ifngr1","Eif2ak2"
"8209","Ifngr1","Irf9"
"8210","Ifngr1","Rbck1"
"8211","Ifngr2","Mapk10"
"8212","Ifngr2","Mapk8"
"8213","Ifngr2","Mapk9"
"8214","Ifngr2","Stat1"
"8215","Ifngr2","Stat2"
"8216","Ifngr2","Stat3"
"8217","Ifngr2","Stat4"
"8218","Ifngr2","Stat5a"
"8219","Ifngr2","Stat5b"
"8220","Ifngr2","Stat6"
"8221","Ifngr2","Eif2ak2"
"8222","Ifngr2","Irf9"
"8223","Ifngr2","Rbck1"
"8224","Tnfrsf10b","Mapk10"
"8225","Tnfrsf10b","Mapk8"
"8226","Tnfrsf10b","Mapk9"
"8227","Tnfrsf10b","Rbck1"
"8228","Casp8","Mapk10"
"8229","Casp8","Mapk8"
"8230","Casp8","Mapk9"
"8231","Casp8","Rbck1"
"8232","Ifnar1,Ifnar2","Mapk10"
"8233","Ifnar1,Ifnar2","Mapk8"
"8234","Ifnar1,Ifnar2","Mapk9"
"8235","Ifnar1,Ifnar2","Stat1"
"8236","Ifnar1,Ifnar2","Stat2"
"8237","Ifnar1,Ifnar2","Stat3"
"8238","Ifnar1,Ifnar2","Stat4"
"8239","Ifnar1,Ifnar2","Stat5a"
"8240","Ifnar1,Ifnar2","Stat5b"
"8241","Ifnar1,Ifnar2","Stat6"
"8242","Ifnar1,Ifnar2","Eif2ak2"
"8243","Ifnar1,Ifnar2","Irf9"
"8244","Ifnar1,Ifnar2","Rbck1"
"8245","Ifngr1,Ifngr2","Mapk10"
"8246","Ifngr1,Ifngr2","Mapk8"
"8247","Ifngr1,Ifngr2","Mapk9"
"8248","Ifngr1,Ifngr2","Stat1"
"8249","Ifngr1,Ifngr2","Stat2"
"8250","Ifngr1,Ifngr2","Stat3"
"8251","Ifngr1,Ifngr2","Stat4"
"8252","Ifngr1,Ifngr2","Stat5a"
"8253","Ifngr1,Ifngr2","Stat5b"
"8254","Ifngr1,Ifngr2","Stat6"
"8255","Ifngr1,Ifngr2","Eif2ak2"
"8256","Ifngr1,Ifngr2","Irf9"
"8257","Ifngr1,Ifngr2","Rbck1"
"8258","Tradd","Rbck1"
"8259","Tlr3","Mapk10"
"8260","Tlr3","Mapk8"
"8261","Tlr3","Mapk9"
"8262","Tgfbr1","E2f1"
"8263","Tgfbr1","E2f2"
"8264","Tgfbr1","E2f3"
"8265","Tgfbr1","E2f4"
"8266","Tgfbr1","E2f5"
"8267","Tgfbr1","Foxo1"
"8268","Tgfbr1","Foxo3"
"8269","Tgfbr1","Mybl2"
"8270","Tgfbr1","Rbl1"
"8271","Tgfbr1","Ccnd1"
"8272","Tgfbr1","Foxm1"
"8273","Tgfbr1","Rb1"
"8274","Tgfbr1","Rbl2"
"8275","Tgfbr1","Rbbp4"
"8276","Tgfbr2","E2f1"
"8277","Tgfbr2","E2f2"
"8278","Tgfbr2","E2f3"
"8279","Tgfbr2","E2f4"
"8280","Tgfbr2","E2f5"
"8281","Tgfbr2","Foxo1"
"8282","Tgfbr2","Foxo3"
"8283","Tgfbr2","Mybl2"
"8284","Tgfbr2","Rbl1"
"8285","Tgfbr2","Ccnd1"
"8286","Tgfbr2","Foxm1"
"8287","Tgfbr2","Rb1"
"8288","Tgfbr2","Rbl2"
"8289","Tgfbr2","Rbbp4"
"8290","Pik3r1","E2f1"
"8291","Pik3r1","E2f2"
"8292","Pik3r1","E2f3"
"8293","Pik3r1","E2f4"
"8294","Pik3r1","E2f5"
"8295","Pik3r1","Mybl2"
"8296","Pik3r1","Rbl1"
"8297","Pik3r1","Smad2"
"8298","Pik3r1","Smad3"
"8299","Pik3r1","Foxm1"
"8300","Pik3r1","Rb1"
"8301","Pik3r1","Rbbp4"
"8302","Pik3r2","E2f1"
"8303","Pik3r2","E2f2"
"8304","Pik3r2","E2f3"
"8305","Pik3r2","E2f4"
"8306","Pik3r2","E2f5"
"8307","Pik3r2","Mybl2"
"8308","Pik3r2","Rbl1"
"8309","Pik3r2","Smad2"
"8310","Pik3r2","Smad3"
"8311","Pik3r2","Foxm1"
"8312","Pik3r2","Rb1"
"8313","Pik3r2","Rbbp4"
"8314","Cdk2","Mybl2"
"8315","Cdk2","Foxm1"
"8316","Cdk2","Rbbp4"
"8317","Cdk4","Mybl2"
"8318","Cdk4","Foxm1"
"8319","Cdk4","Rbbp4"
"8320","Chek1","Mybl2"
"8321","Chek1","Foxm1"
"8322","Chek1","Rbbp4"
"8323","Chek2","Mybl2"
"8324","Chek2","Foxm1"
"8325","Chek2","Rbbp4"
"8326","Mapk14","E2f1"
"8327","Mapk14","E2f2"
"8328","Mapk14","E2f3"
"8329","Mapk14","E2f4"
"8330","Mapk14","E2f5"
"8331","Mapk14","Mybl2"
"8332","Mapk14","Rbl1"
"8333","Mapk14","Foxm1"
"8334","Mapk14","Mdm2"
"8335","Mapk14","Rb1"
"8336","Mapk14","Rbbp4"
"8337","Pik3r3","E2f1"
"8338","Pik3r3","E2f2"
"8339","Pik3r3","E2f3"
"8340","Pik3r3","E2f4"
"8341","Pik3r3","E2f5"
"8342","Pik3r3","Mybl2"
"8343","Pik3r3","Rbl1"
"8344","Pik3r3","Smad2"
"8345","Pik3r3","Smad3"
"8346","Pik3r3","Foxm1"
"8347","Pik3r3","Rb1"
"8348","Pik3r3","Rbbp4"
"8349","Raf1","E2f1"
"8350","Raf1","E2f2"
"8351","Raf1","E2f3"
"8352","Raf1","E2f4"
"8353","Raf1","E2f5"
"8354","Raf1","Mapk11"
"8355","Raf1","Mapk12"
"8356","Raf1","Mapk13"
"8357","Raf1","Mapk14"
"8358","Raf1","Mybl2"
"8359","Raf1","Rbl1"
"8360","Raf1","Trp53"
"8361","Raf1","Foxm1"
"8362","Raf1","Mdm2"
"8363","Raf1","Rb1"
"8364","Raf1","Rbbp4"
"8365","Gm11127","E2f1"
"8366","Gm11127","E2f2"
"8367","Gm11127","E2f3"
"8368","Gm11127","E2f4"
"8369","Gm11127","E2f5"
"8370","Gm11127","Mybl2"
"8371","Gm11127","Rbl1"
"8372","Gm11127","Ccnd1"
"8373","Gm11127","Foxm1"
"8374","Gm11127","Rb1"
"8375","Gm11127","Rbl2"
"8376","Gm11127","Rbbp4"
"8377","Gm7030","E2f1"
"8378","Gm7030","E2f2"
"8379","Gm7030","E2f3"
"8380","Gm7030","E2f4"
"8381","Gm7030","E2f5"
"8382","Gm7030","Mybl2"
"8383","Gm7030","Rbl1"
"8384","Gm7030","Ccnd1"
"8385","Gm7030","Foxm1"
"8386","Gm7030","Rb1"
"8387","Gm7030","Rbl2"
"8388","Gm7030","Rbbp4"
"8389","Tgfbr1,Tgfbr2","E2f1"
"8390","Tgfbr1,Tgfbr2","E2f2"
"8391","Tgfbr1,Tgfbr2","E2f3"
"8392","Tgfbr1,Tgfbr2","E2f4"
"8393","Tgfbr1,Tgfbr2","E2f5"
"8394","Tgfbr1,Tgfbr2","Foxo1"
"8395","Tgfbr1,Tgfbr2","Foxo3"
"8396","Tgfbr1,Tgfbr2","Mybl2"
"8397","Tgfbr1,Tgfbr2","Rbl1"
"8398","Tgfbr1,Tgfbr2","Ccnd1"
"8399","Tgfbr1,Tgfbr2","Foxm1"
"8400","Tgfbr1,Tgfbr2","Rb1"
"8401","Tgfbr1,Tgfbr2","Rbl2"
"8402","Tgfbr1,Tgfbr2","Rbbp4"
"8403","Acvr1b,Tgfbr2","E2f1"
"8404","Acvr1b,Tgfbr2","E2f2"
"8405","Acvr1b,Tgfbr2","E2f3"
"8406","Acvr1b,Tgfbr2","E2f4"
"8407","Acvr1b,Tgfbr2","E2f5"
"8408","Acvr1b,Tgfbr2","Foxo1"
"8409","Acvr1b,Tgfbr2","Foxo3"
"8410","Acvr1b,Tgfbr2","Mybl2"
"8411","Acvr1b,Tgfbr2","Rbl1"
"8412","Acvr1b,Tgfbr2","Ccnd1"
"8413","Acvr1b,Tgfbr2","Foxm1"
"8414","Acvr1b,Tgfbr2","Rb1"
"8415","Acvr1b,Tgfbr2","Rbl2"
"8416","Acvr1b,Tgfbr2","Rbbp4"
"8417","Acvr1c,Tgfbr2","E2f1"
"8418","Acvr1c,Tgfbr2","E2f2"
"8419","Acvr1c,Tgfbr2","E2f3"
"8420","Acvr1c,Tgfbr2","E2f4"
"8421","Acvr1c,Tgfbr2","E2f5"
"8422","Acvr1c,Tgfbr2","Foxo1"
"8423","Acvr1c,Tgfbr2","Foxo3"
"8424","Acvr1c,Tgfbr2","Mybl2"
"8425","Acvr1c,Tgfbr2","Rbl1"
"8426","Acvr1c,Tgfbr2","Ccnd1"
"8427","Acvr1c,Tgfbr2","Foxm1"
"8428","Acvr1c,Tgfbr2","Rb1"
"8429","Acvr1c,Tgfbr2","Rbl2"
"8430","Acvr1c,Tgfbr2","Rbbp4"
"8431","Acvr1,Tgfbr1,Tgfbr2","E2f1"
"8432","Acvr1,Tgfbr1,Tgfbr2","E2f2"
"8433","Acvr1,Tgfbr1,Tgfbr2","E2f3"
"8434","Acvr1,Tgfbr1,Tgfbr2","E2f4"
"8435","Acvr1,Tgfbr1,Tgfbr2","E2f5"
"8436","Acvr1,Tgfbr1,Tgfbr2","Foxo1"
"8437","Acvr1,Tgfbr1,Tgfbr2","Foxo3"
"8438","Acvr1,Tgfbr1,Tgfbr2","Mybl2"
"8439","Acvr1,Tgfbr1,Tgfbr2","Rbl1"
"8440","Acvr1,Tgfbr1,Tgfbr2","Ccnd1"
"8441","Acvr1,Tgfbr1,Tgfbr2","Foxm1"
"8442","Acvr1,Tgfbr1,Tgfbr2","Rb1"
"8443","Acvr1,Tgfbr1,Tgfbr2","Rbl2"
"8444","Acvr1,Tgfbr1,Tgfbr2","Rbbp4"
"8445","Tgfbr1,Acvr2a","E2f1"
"8446","Tgfbr1,Acvr2a","E2f2"
"8447","Tgfbr1,Acvr2a","E2f3"
"8448","Tgfbr1,Acvr2a","E2f4"
"8449","Tgfbr1,Acvr2a","E2f5"
"8450","Tgfbr1,Acvr2a","Foxo1"
"8451","Tgfbr1,Acvr2a","Foxo3"
"8452","Tgfbr1,Acvr2a","Mybl2"
"8453","Tgfbr1,Acvr2a","Rbl1"
"8454","Tgfbr1,Acvr2a","Ccnd1"
"8455","Tgfbr1,Acvr2a","Foxm1"
"8456","Tgfbr1,Acvr2a","Rb1"
"8457","Tgfbr1,Acvr2a","Rbl2"
"8458","Tgfbr1,Acvr2a","Rbbp4"
"8459","Tgfbr1,Acvr2b","E2f1"
"8460","Tgfbr1,Acvr2b","E2f2"
"8461","Tgfbr1,Acvr2b","E2f3"
"8462","Tgfbr1,Acvr2b","E2f4"
"8463","Tgfbr1,Acvr2b","E2f5"
"8464","Tgfbr1,Acvr2b","Foxo1"
"8465","Tgfbr1,Acvr2b","Foxo3"
"8466","Tgfbr1,Acvr2b","Mybl2"
"8467","Tgfbr1,Acvr2b","Rbl1"
"8468","Tgfbr1,Acvr2b","Ccnd1"
"8469","Tgfbr1,Acvr2b","Foxm1"
"8470","Tgfbr1,Acvr2b","Rb1"
"8471","Tgfbr1,Acvr2b","Rbl2"
"8472","Tgfbr1,Acvr2b","Rbbp4"
"8473","Agtr2","Atf2"
"8474","Agtr2","Atf4"
"8475","Agtr2","Atf6b"
"8476","Agtr2","Creb1"
"8477","Agtr2","Creb3"
"8478","Agtr2","Creb3l1"
"8479","Agtr2","Creb3l2"
"8480","Agtr2","Creb3l3"
"8481","Agtr2","Creb3l4"
"8482","Agtr2","Creb5"
"8483","Agtr2","Mapk1"
"8484","Agtr2","Mapk3"
"8485","Agtr2","Rps6ka5"
"8486","Agtr1a","Atf2"
"8487","Agtr1a","Atf4"
"8488","Agtr1a","Atf6b"
"8489","Agtr1a","Creb1"
"8490","Agtr1a","Creb3"
"8491","Agtr1a","Creb3l1"
"8492","Agtr1a","Creb3l2"
"8493","Agtr1a","Creb3l3"
"8494","Agtr1a","Creb3l4"
"8495","Agtr1a","Creb5"
"8496","Agtr1a","Rps6ka5"
"8497","Adrb2","Mapk11"
"8498","Adrb2","Mapk12"
"8499","Adrb2","Mapk13"
"8500","Adrb2","Mapk14"
"8501","Adrb2","Rps6ka5"
"8502","Plcb2","Atf2"
"8503","Plcb2","Atf4"
"8504","Plcb2","Atf6b"
"8505","Plcb2","Creb1"
"8506","Plcb2","Creb3"
"8507","Plcb2","Creb3l1"
"8508","Plcb2","Creb3l2"
"8509","Plcb2","Creb3l3"
"8510","Plcb2","Creb3l4"
"8511","Plcb2","Creb5"
"8512","Plcb2","Rps6ka5"
"8513","Prkca","Atf2"
"8514","Prkca","Atf6b"
"8515","Prkca","Creb1"
"8516","Prkca","Creb3"
"8517","Prkca","Creb3l1"
"8518","Prkca","Creb3l2"
"8519","Prkca","Creb3l3"
"8520","Prkca","Creb3l4"
"8521","Prkca","Creb5"
"8522","Prkca","Rps6ka5"
"8523","Agtr1b","Atf2"
"8524","Agtr1b","Atf4"
"8525","Agtr1b","Atf6b"
"8526","Agtr1b","Creb1"
"8527","Agtr1b","Creb3"
"8528","Agtr1b","Creb3l1"
"8529","Agtr1b","Creb3l2"
"8530","Agtr1b","Creb3l3"
"8531","Agtr1b","Creb3l4"
"8532","Agtr1b","Creb5"
"8533","Agtr1b","Rps6ka5"
"8534","Adra1a","Atf2"
"8535","Adra1a","Atf4"
"8536","Adra1a","Atf6b"
"8537","Adra1a","Mapk1"
"8538","Adra1a","Mapk3"
"8539","Adra1a","Rps6ka5"
"8540","Adra1b","Atf2"
"8541","Adra1b","Atf4"
"8542","Adra1b","Atf6b"
"8543","Adra1b","Creb1"
"8544","Adra1b","Creb3"
"8545","Adra1b","Creb3l1"
"8546","Adra1b","Creb3l2"
"8547","Adra1b","Creb3l3"
"8548","Adra1b","Creb3l4"
"8549","Adra1b","Creb5"
"8550","Adra1b","Mapk1"
"8551","Adra1b","Mapk3"
"8552","Adra1b","Rps6ka5"
"8553","Adra1a","Raf1"
"8554","Adra1b","Raf1"
"8555","Lrp6","Crebbp"
"8556","Lrp6","Ctnnb1"
"8557","Lrp6","Ep300"
"8558","Lrp6","Jun"
"8559","Lrp6","Lef1"
"8560","Lrp6","Mapk10"
"8561","Lrp6","Mapk8"
"8562","Lrp6","Mapk9"
"8563","Lrp6","Myc"
"8564","Lrp6","Nfatc1"
"8565","Lrp6","Nfatc2"
"8566","Lrp6","Nfatc3"
"8567","Lrp6","Nfatc4"
"8568","Lrp6","Ppard"
"8569","Lrp6","Tcf7"
"8570","Lrp6","Tcf7l1"
"8571","Lrp6","Tcf7l2"
"8572","Lrp6","Apc"
"8573","Lrp6","Ccnd1"
"8574","Lrp6","Fosl1"
"8575","Lrp6","Ruvbl1"
"8576","Lrp5","Crebbp"
"8577","Lrp5","Ctnnb1"
"8578","Lrp5","Ep300"
"8579","Lrp5","Jun"
"8580","Lrp5","Lef1"
"8581","Lrp5","Mapk10"
"8582","Lrp5","Mapk8"
"8583","Lrp5","Mapk9"
"8584","Lrp5","Myc"
"8585","Lrp5","Nfatc1"
"8586","Lrp5","Nfatc2"
"8587","Lrp5","Nfatc3"
"8588","Lrp5","Nfatc4"
"8589","Lrp5","Ppard"
"8590","Lrp5","Tcf7"
"8591","Lrp5","Tcf7l1"
"8592","Lrp5","Tcf7l2"
"8593","Lrp5","Apc"
"8594","Lrp5","Ccnd1"
"8595","Lrp5","Fosl1"
"8596","Lrp5","Ruvbl1"
"8597","Gpc4","Crebbp"
"8598","Gpc4","Ctnnb1"
"8599","Gpc4","Ep300"
"8600","Gpc4","Jun"
"8601","Gpc4","Lef1"
"8602","Gpc4","Mapk10"
"8603","Gpc4","Mapk8"
"8604","Gpc4","Mapk9"
"8605","Gpc4","Myc"
"8606","Gpc4","Nfatc1"
"8607","Gpc4","Nfatc2"
"8608","Gpc4","Nfatc3"
"8609","Gpc4","Nfatc4"
"8610","Gpc4","Ppard"
"8611","Gpc4","Tcf7"
"8612","Gpc4","Tcf7l1"
"8613","Gpc4","Tcf7l2"
"8614","Gpc4","Apc"
"8615","Gpc4","Ccnd1"
"8616","Gpc4","Fosl1"
"8617","Gpc4","Ruvbl1"
"8618","Fzd3","Crebbp"
"8619","Fzd3","Ctnnb1"
"8620","Fzd3","Ep300"
"8621","Fzd3","Jun"
"8622","Fzd3","Lef1"
"8623","Fzd3","Mapk10"
"8624","Fzd3","Mapk8"
"8625","Fzd3","Mapk9"
"8626","Fzd3","Myc"
"8627","Fzd3","Nfatc1"
"8628","Fzd3","Nfatc2"
"8629","Fzd3","Nfatc3"
"8630","Fzd3","Nfatc4"
"8631","Fzd3","Ppard"
"8632","Fzd3","Tcf7"
"8633","Fzd3","Tcf7l1"
"8634","Fzd3","Tcf7l2"
"8635","Fzd3","Apc"
"8636","Fzd3","Ccnd1"
"8637","Fzd3","Fosl1"
"8638","Fzd3","Ruvbl1"
"8639","Fzd5","Crebbp"
"8640","Fzd5","Ctnnb1"
"8641","Fzd5","Ep300"
"8642","Fzd5","Jun"
"8643","Fzd5","Lef1"
"8644","Fzd5","Mapk10"
"8645","Fzd5","Mapk8"
"8646","Fzd5","Mapk9"
"8647","Fzd5","Myc"
"8648","Fzd5","Nfatc1"
"8649","Fzd5","Nfatc2"
"8650","Fzd5","Nfatc3"
"8651","Fzd5","Nfatc4"
"8652","Fzd5","Ppard"
"8653","Fzd5","Tcf7"
"8654","Fzd5","Tcf7l1"
"8655","Fzd5","Tcf7l2"
"8656","Fzd5","Apc"
"8657","Fzd5","Ccnd1"
"8658","Fzd5","Fosl1"
"8659","Fzd5","Ruvbl1"
"8660","Fzd6","Crebbp"
"8661","Fzd6","Ctnnb1"
"8662","Fzd6","Ep300"
"8663","Fzd6","Jun"
"8664","Fzd6","Lef1"
"8665","Fzd6","Mapk10"
"8666","Fzd6","Mapk8"
"8667","Fzd6","Mapk9"
"8668","Fzd6","Myc"
"8669","Fzd6","Nfatc1"
"8670","Fzd6","Nfatc2"
"8671","Fzd6","Nfatc3"
"8672","Fzd6","Nfatc4"
"8673","Fzd6","Ppard"
"8674","Fzd6","Tcf7"
"8675","Fzd6","Tcf7l1"
"8676","Fzd6","Tcf7l2"
"8677","Fzd6","Apc"
"8678","Fzd6","Ccnd1"
"8679","Fzd6","Fosl1"
"8680","Fzd6","Ruvbl1"
"8681","Ror2","Crebbp"
"8682","Ror2","Ctnnb1"
"8683","Ror2","Ep300"
"8684","Ror2","Jun"
"8685","Ror2","Lef1"
"8686","Ror2","Mapk10"
"8687","Ror2","Mapk8"
"8688","Ror2","Mapk9"
"8689","Ror2","Myc"
"8690","Ror2","Nfatc1"
"8691","Ror2","Nfatc2"
"8692","Ror2","Nfatc3"
"8693","Ror2","Nfatc4"
"8694","Ror2","Ppard"
"8695","Ror2","Tcf7"
"8696","Ror2","Tcf7l1"
"8697","Ror2","Tcf7l2"
"8698","Ror2","Apc"
"8699","Ror2","Ccnd1"
"8700","Ror2","Fosl1"
"8701","Ror2","Ruvbl1"
"8702","Fzd8","Crebbp"
"8703","Fzd8","Ctnnb1"
"8704","Fzd8","Ep300"
"8705","Fzd8","Jun"
"8706","Fzd8","Lef1"
"8707","Fzd8","Mapk10"
"8708","Fzd8","Mapk8"
"8709","Fzd8","Mapk9"
"8710","Fzd8","Myc"
"8711","Fzd8","Nfatc1"
"8712","Fzd8","Nfatc2"
"8713","Fzd8","Nfatc3"
"8714","Fzd8","Nfatc4"
"8715","Fzd8","Ppard"
"8716","Fzd8","Tcf7"
"8717","Fzd8","Tcf7l1"
"8718","Fzd8","Tcf7l2"
"8719","Fzd8","Apc"
"8720","Fzd8","Ccnd1"
"8721","Fzd8","Fosl1"
"8722","Fzd8","Ruvbl1"
"8723","Bambi","Crebbp"
"8724","Bambi","Ctnnb1"
"8725","Bambi","Ep300"
"8726","Bambi","Jun"
"8727","Bambi","Lef1"
"8728","Bambi","Mapk10"
"8729","Bambi","Mapk8"
"8730","Bambi","Mapk9"
"8731","Bambi","Myc"
"8732","Bambi","Nfatc1"
"8733","Bambi","Nfatc2"
"8734","Bambi","Nfatc3"
"8735","Bambi","Nfatc4"
"8736","Bambi","Ppard"
"8737","Bambi","Tcf7"
"8738","Bambi","Tcf7l1"
"8739","Bambi","Tcf7l2"
"8740","Bambi","Apc"
"8741","Bambi","Ccnd1"
"8742","Bambi","Fosl1"
"8743","Bambi","Ruvbl1"
"8744","Vangl1","Crebbp"
"8745","Vangl1","Ctnnb1"
"8746","Vangl1","Ep300"
"8747","Vangl1","Jun"
"8748","Vangl1","Lef1"
"8749","Vangl1","Mapk10"
"8750","Vangl1","Mapk8"
"8751","Vangl1","Mapk9"
"8752","Vangl1","Myc"
"8753","Vangl1","Ppard"
"8754","Vangl1","Tcf7"
"8755","Vangl1","Tcf7l1"
"8756","Vangl1","Tcf7l2"
"8757","Vangl1","Apc"
"8758","Vangl1","Ccnd1"
"8759","Vangl1","Fosl1"
"8760","Vangl1","Ruvbl1"
"8761","Fzd1","Crebbp"
"8762","Fzd1","Ctnnb1"
"8763","Fzd1","Ep300"
"8764","Fzd1","Jun"
"8765","Fzd1","Lef1"
"8766","Fzd1","Mapk10"
"8767","Fzd1","Mapk8"
"8768","Fzd1","Mapk9"
"8769","Fzd1","Myc"
"8770","Fzd1","Nfatc1"
"8771","Fzd1","Nfatc2"
"8772","Fzd1","Nfatc3"
"8773","Fzd1","Nfatc4"
"8774","Fzd1","Ppard"
"8775","Fzd1","Tcf7"
"8776","Fzd1","Tcf7l1"
"8777","Fzd1","Tcf7l2"
"8778","Fzd1","Apc"
"8779","Fzd1","Ccnd1"
"8780","Fzd1","Fosl1"
"8781","Fzd1","Ruvbl1"
"8782","Fzd10","Crebbp"
"8783","Fzd10","Ctnnb1"
"8784","Fzd10","Ep300"
"8785","Fzd10","Jun"
"8786","Fzd10","Lef1"
"8787","Fzd10","Mapk10"
"8788","Fzd10","Mapk8"
"8789","Fzd10","Mapk9"
"8790","Fzd10","Myc"
"8791","Fzd10","Nfatc1"
"8792","Fzd10","Nfatc2"
"8793","Fzd10","Nfatc3"
"8794","Fzd10","Nfatc4"
"8795","Fzd10","Ppard"
"8796","Fzd10","Tcf7"
"8797","Fzd10","Tcf7l1"
"8798","Fzd10","Tcf7l2"
"8799","Fzd10","Apc"
"8800","Fzd10","Ccnd1"
"8801","Fzd10","Fosl1"
"8802","Fzd10","Ruvbl1"
"8803","Fzd4","Crebbp"
"8804","Fzd4","Ctnnb1"
"8805","Fzd4","Ep300"
"8806","Fzd4","Jun"
"8807","Fzd4","Lef1"
"8808","Fzd4","Mapk10"
"8809","Fzd4","Mapk8"
"8810","Fzd4","Mapk9"
"8811","Fzd4","Myc"
"8812","Fzd4","Nfatc1"
"8813","Fzd4","Nfatc2"
"8814","Fzd4","Nfatc3"
"8815","Fzd4","Nfatc4"
"8816","Fzd4","Ppard"
"8817","Fzd4","Tcf7"
"8818","Fzd4","Tcf7l1"
"8819","Fzd4","Tcf7l2"
"8820","Fzd4","Apc"
"8821","Fzd4","Ccnd1"
"8822","Fzd4","Fosl1"
"8823","Fzd4","Ruvbl1"
"8824","Fzd7","Crebbp"
"8825","Fzd7","Ctnnb1"
"8826","Fzd7","Ep300"
"8827","Fzd7","Jun"
"8828","Fzd7","Lef1"
"8829","Fzd7","Mapk10"
"8830","Fzd7","Mapk8"
"8831","Fzd7","Mapk9"
"8832","Fzd7","Myc"
"8833","Fzd7","Nfatc1"
"8834","Fzd7","Nfatc2"
"8835","Fzd7","Nfatc3"
"8836","Fzd7","Nfatc4"
"8837","Fzd7","Ppard"
"8838","Fzd7","Tcf7"
"8839","Fzd7","Tcf7l1"
"8840","Fzd7","Tcf7l2"
"8841","Fzd7","Apc"
"8842","Fzd7","Ccnd1"
"8843","Fzd7","Fosl1"
"8844","Fzd7","Ruvbl1"
"8845","Znrf3","Crebbp"
"8846","Znrf3","Ctnnb1"
"8847","Znrf3","Ep300"
"8848","Znrf3","Jun"
"8849","Znrf3","Lef1"
"8850","Znrf3","Mapk10"
"8851","Znrf3","Mapk8"
"8852","Znrf3","Mapk9"
"8853","Znrf3","Myc"
"8854","Znrf3","Nfatc1"
"8855","Znrf3","Nfatc2"
"8856","Znrf3","Nfatc3"
"8857","Znrf3","Nfatc4"
"8858","Znrf3","Ppard"
"8859","Znrf3","Tcf7"
"8860","Znrf3","Tcf7l1"
"8861","Znrf3","Tcf7l2"
"8862","Znrf3","Apc"
"8863","Znrf3","Ccnd1"
"8864","Znrf3","Fosl1"
"8865","Znrf3","Ruvbl1"
"8866","Fzd2","Crebbp"
"8867","Fzd2","Ctnnb1"
"8868","Fzd2","Ep300"
"8869","Fzd2","Jun"
"8870","Fzd2","Lef1"
"8871","Fzd2","Mapk10"
"8872","Fzd2","Mapk8"
"8873","Fzd2","Mapk9"
"8874","Fzd2","Myc"
"8875","Fzd2","Nfatc1"
"8876","Fzd2","Nfatc2"
"8877","Fzd2","Nfatc3"
"8878","Fzd2","Nfatc4"
"8879","Fzd2","Ppard"
"8880","Fzd2","Tcf7"
"8881","Fzd2","Tcf7l1"
"8882","Fzd2","Tcf7l2"
"8883","Fzd2","Apc"
"8884","Fzd2","Ccnd1"
"8885","Fzd2","Fosl1"
"8886","Fzd2","Ruvbl1"
"8887","Fzd9","Crebbp"
"8888","Fzd9","Ctnnb1"
"8889","Fzd9","Ep300"
"8890","Fzd9","Jun"
"8891","Fzd9","Lef1"
"8892","Fzd9","Mapk10"
"8893","Fzd9","Mapk8"
"8894","Fzd9","Mapk9"
"8895","Fzd9","Myc"
"8896","Fzd9","Nfatc1"
"8897","Fzd9","Nfatc2"
"8898","Fzd9","Nfatc3"
"8899","Fzd9","Nfatc4"
"8900","Fzd9","Ppard"
"8901","Fzd9","Tcf7"
"8902","Fzd9","Tcf7l1"
"8903","Fzd9","Tcf7l2"
"8904","Fzd9","Apc"
"8905","Fzd9","Ccnd1"
"8906","Fzd9","Fosl1"
"8907","Fzd9","Ruvbl1"
"8908","Ryk","Crebbp"
"8909","Ryk","Ctnnb1"
"8910","Ryk","Ep300"
"8911","Ryk","Jun"
"8912","Ryk","Lef1"
"8913","Ryk","Mapk10"
"8914","Ryk","Mapk8"
"8915","Ryk","Mapk9"
"8916","Ryk","Myc"
"8917","Ryk","Nfatc1"
"8918","Ryk","Nfatc2"
"8919","Ryk","Nfatc3"
"8920","Ryk","Nfatc4"
"8921","Ryk","Ppard"
"8922","Ryk","Tcf7"
"8923","Ryk","Tcf7l1"
"8924","Ryk","Tcf7l2"
"8925","Ryk","Apc"
"8926","Ryk","Ccnd1"
"8927","Ryk","Fosl1"
"8928","Ryk","Ruvbl1"
"8929","Ror1","Crebbp"
"8930","Ror1","Ctnnb1"
"8931","Ror1","Ep300"
"8932","Ror1","Jun"
"8933","Ror1","Lef1"
"8934","Ror1","Mapk10"
"8935","Ror1","Mapk8"
"8936","Ror1","Mapk9"
"8937","Ror1","Myc"
"8938","Ror1","Nfatc1"
"8939","Ror1","Nfatc2"
"8940","Ror1","Nfatc3"
"8941","Ror1","Nfatc4"
"8942","Ror1","Ppard"
"8943","Ror1","Tcf7"
"8944","Ror1","Tcf7l1"
"8945","Ror1","Tcf7l2"
"8946","Ror1","Apc"
"8947","Ror1","Ccnd1"
"8948","Ror1","Fosl1"
"8949","Ror1","Ruvbl1"
"8950","Ep300","Ctnnb1"
"8951","Ep300","Lef1"
"8952","Ep300","Mapk10"
"8953","Ep300","Mapk8"
"8954","Ep300","Mapk9"
"8955","Ep300","Ppard"
"8956","Ep300","Tcf7"
"8957","Ep300","Tcf7l1"
"8958","Ep300","Tcf7l2"
"8959","Ep300","Apc"
"8960","Ep300","Fosl1"
"8961","Ep300","Ruvbl1"
"8962","Gsk3b","Crebbp"
"8963","Gsk3b","Ctnnb1"
"8964","Gsk3b","Ep300"
"8965","Gsk3b","Jun"
"8966","Gsk3b","Lef1"
"8967","Gsk3b","Mapk10"
"8968","Gsk3b","Mapk8"
"8969","Gsk3b","Mapk9"
"8970","Gsk3b","Ppard"
"8971","Gsk3b","Tcf7"
"8972","Gsk3b","Tcf7l1"
"8973","Gsk3b","Tcf7l2"
"8974","Gsk3b","Apc"
"8975","Gsk3b","Fosl1"
"8976","Gsk3b","Ruvbl1"
"8977","Psen1","Crebbp"
"8978","Psen1","Ctnnb1"
"8979","Psen1","Ep300"
"8980","Psen1","Jun"
"8981","Psen1","Lef1"
"8982","Psen1","Mapk10"
"8983","Psen1","Mapk8"
"8984","Psen1","Mapk9"
"8985","Psen1","Myc"
"8986","Psen1","Ppard"
"8987","Psen1","Tcf7"
"8988","Psen1","Tcf7l1"
"8989","Psen1","Tcf7l2"
"8990","Psen1","Apc"
"8991","Psen1","Ccnd1"
"8992","Psen1","Fosl1"
"8993","Psen1","Ruvbl1"
"8994","Csnk2a1","Crebbp"
"8995","Csnk2a1","Ctnnb1"
"8996","Csnk2a1","Ep300"
"8997","Csnk2a1","Jun"
"8998","Csnk2a1","Lef1"
"8999","Csnk2a1","Mapk10"
"9000","Csnk2a1","Mapk8"
"9001","Csnk2a1","Mapk9"
"9002","Csnk2a1","Myc"
"9003","Csnk2a1","Ppard"
"9004","Csnk2a1","Tcf7"
"9005","Csnk2a1","Tcf7l1"
"9006","Csnk2a1","Tcf7l2"
"9007","Csnk2a1","Apc"
"9008","Csnk2a1","Ccnd1"
"9009","Csnk2a1","Fosl1"
"9010","Csnk2a1","Ruvbl1"
"9011","Csnk2a2","Crebbp"
"9012","Csnk2a2","Ctnnb1"
"9013","Csnk2a2","Ep300"
"9014","Csnk2a2","Jun"
"9015","Csnk2a2","Lef1"
"9016","Csnk2a2","Mapk10"
"9017","Csnk2a2","Mapk8"
"9018","Csnk2a2","Mapk9"
"9019","Csnk2a2","Myc"
"9020","Csnk2a2","Ppard"
"9021","Csnk2a2","Tcf7"
"9022","Csnk2a2","Tcf7l1"
"9023","Csnk2a2","Tcf7l2"
"9024","Csnk2a2","Apc"
"9025","Csnk2a2","Ccnd1"
"9026","Csnk2a2","Fosl1"
"9027","Csnk2a2","Ruvbl1"
"9028","Csnk2b","Crebbp"
"9029","Csnk2b","Ctnnb1"
"9030","Csnk2b","Ep300"
"9031","Csnk2b","Jun"
"9032","Csnk2b","Lef1"
"9033","Csnk2b","Mapk10"
"9034","Csnk2b","Mapk8"
"9035","Csnk2b","Mapk9"
"9036","Csnk2b","Myc"
"9037","Csnk2b","Ppard"
"9038","Csnk2b","Tcf7"
"9039","Csnk2b","Tcf7l1"
"9040","Csnk2b","Tcf7l2"
"9041","Csnk2b","Apc"
"9042","Csnk2b","Ccnd1"
"9043","Csnk2b","Fosl1"
"9044","Csnk2b","Ruvbl1"
"9045","Crebbp","Ctnnb1"
"9046","Crebbp","Lef1"
"9047","Crebbp","Mapk10"
"9048","Crebbp","Mapk8"
"9049","Crebbp","Mapk9"
"9050","Crebbp","Ppard"
"9051","Crebbp","Tcf7"
"9052","Crebbp","Tcf7l1"
"9053","Crebbp","Tcf7l2"
"9054","Crebbp","Apc"
"9055","Crebbp","Fosl1"
"9056","Crebbp","Ruvbl1"
"9057","Plcb2","Nfatc1"
"9058","Plcb2","Nfatc2"
"9059","Plcb2","Nfatc3"
"9060","Plcb2","Nfatc4"
"9061","Fzd1,Lrp5","Crebbp"
"9062","Fzd1,Lrp5","Ctnnb1"
"9063","Fzd1,Lrp5","Ep300"
"9064","Fzd1,Lrp5","Jun"
"9065","Fzd1,Lrp5","Lef1"
"9066","Fzd1,Lrp5","Mapk10"
"9067","Fzd1,Lrp5","Mapk8"
"9068","Fzd1,Lrp5","Mapk9"
"9069","Fzd1,Lrp5","Myc"
"9070","Fzd1,Lrp5","Nfatc1"
"9071","Fzd1,Lrp5","Nfatc2"
"9072","Fzd1,Lrp5","Nfatc3"
"9073","Fzd1,Lrp5","Nfatc4"
"9074","Fzd1,Lrp5","Ppard"
"9075","Fzd1,Lrp5","Tcf7"
"9076","Fzd1,Lrp5","Tcf7l1"
"9077","Fzd1,Lrp5","Tcf7l2"
"9078","Fzd1,Lrp5","Apc"
"9079","Fzd1,Lrp5","Ccnd1"
"9080","Fzd1,Lrp5","Fosl1"
"9081","Fzd1,Lrp5","Ruvbl1"
"9082","Fzd10,Lrp5","Crebbp"
"9083","Fzd10,Lrp5","Ctnnb1"
"9084","Fzd10,Lrp5","Ep300"
"9085","Fzd10,Lrp5","Jun"
"9086","Fzd10,Lrp5","Lef1"
"9087","Fzd10,Lrp5","Mapk10"
"9088","Fzd10,Lrp5","Mapk8"
"9089","Fzd10,Lrp5","Mapk9"
"9090","Fzd10,Lrp5","Myc"
"9091","Fzd10,Lrp5","Nfatc1"
"9092","Fzd10,Lrp5","Nfatc2"
"9093","Fzd10,Lrp5","Nfatc3"
"9094","Fzd10,Lrp5","Nfatc4"
"9095","Fzd10,Lrp5","Ppard"
"9096","Fzd10,Lrp5","Tcf7"
"9097","Fzd10,Lrp5","Tcf7l1"
"9098","Fzd10,Lrp5","Tcf7l2"
"9099","Fzd10,Lrp5","Apc"
"9100","Fzd10,Lrp5","Ccnd1"
"9101","Fzd10,Lrp5","Fosl1"
"9102","Fzd10,Lrp5","Ruvbl1"
"9103","Fzd2,Lrp5","Crebbp"
"9104","Fzd2,Lrp5","Ctnnb1"
"9105","Fzd2,Lrp5","Ep300"
"9106","Fzd2,Lrp5","Jun"
"9107","Fzd2,Lrp5","Lef1"
"9108","Fzd2,Lrp5","Mapk10"
"9109","Fzd2,Lrp5","Mapk8"
"9110","Fzd2,Lrp5","Mapk9"
"9111","Fzd2,Lrp5","Myc"
"9112","Fzd2,Lrp5","Nfatc1"
"9113","Fzd2,Lrp5","Nfatc2"
"9114","Fzd2,Lrp5","Nfatc3"
"9115","Fzd2,Lrp5","Nfatc4"
"9116","Fzd2,Lrp5","Ppard"
"9117","Fzd2,Lrp5","Tcf7"
"9118","Fzd2,Lrp5","Tcf7l1"
"9119","Fzd2,Lrp5","Tcf7l2"
"9120","Fzd2,Lrp5","Apc"
"9121","Fzd2,Lrp5","Ccnd1"
"9122","Fzd2,Lrp5","Fosl1"
"9123","Fzd2,Lrp5","Ruvbl1"
"9124","Fzd3,Lrp5","Crebbp"
"9125","Fzd3,Lrp5","Ctnnb1"
"9126","Fzd3,Lrp5","Ep300"
"9127","Fzd3,Lrp5","Jun"
"9128","Fzd3,Lrp5","Lef1"
"9129","Fzd3,Lrp5","Mapk10"
"9130","Fzd3,Lrp5","Mapk8"
"9131","Fzd3,Lrp5","Mapk9"
"9132","Fzd3,Lrp5","Myc"
"9133","Fzd3,Lrp5","Nfatc1"
"9134","Fzd3,Lrp5","Nfatc2"
"9135","Fzd3,Lrp5","Nfatc3"
"9136","Fzd3,Lrp5","Nfatc4"
"9137","Fzd3,Lrp5","Ppard"
"9138","Fzd3,Lrp5","Tcf7"
"9139","Fzd3,Lrp5","Tcf7l1"
"9140","Fzd3,Lrp5","Tcf7l2"
"9141","Fzd3,Lrp5","Apc"
"9142","Fzd3,Lrp5","Ccnd1"
"9143","Fzd3,Lrp5","Fosl1"
"9144","Fzd3,Lrp5","Ruvbl1"
"9145","Fzd4,Lrp5","Crebbp"
"9146","Fzd4,Lrp5","Ctnnb1"
"9147","Fzd4,Lrp5","Ep300"
"9148","Fzd4,Lrp5","Jun"
"9149","Fzd4,Lrp5","Lef1"
"9150","Fzd4,Lrp5","Mapk10"
"9151","Fzd4,Lrp5","Mapk8"
"9152","Fzd4,Lrp5","Mapk9"
"9153","Fzd4,Lrp5","Myc"
"9154","Fzd4,Lrp5","Nfatc1"
"9155","Fzd4,Lrp5","Nfatc2"
"9156","Fzd4,Lrp5","Nfatc3"
"9157","Fzd4,Lrp5","Nfatc4"
"9158","Fzd4,Lrp5","Ppard"
"9159","Fzd4,Lrp5","Tcf7"
"9160","Fzd4,Lrp5","Tcf7l1"
"9161","Fzd4,Lrp5","Tcf7l2"
"9162","Fzd4,Lrp5","Apc"
"9163","Fzd4,Lrp5","Ccnd1"
"9164","Fzd4,Lrp5","Fosl1"
"9165","Fzd4,Lrp5","Ruvbl1"
"9166","Fzd5,Lrp5","Crebbp"
"9167","Fzd5,Lrp5","Ctnnb1"
"9168","Fzd5,Lrp5","Ep300"
"9169","Fzd5,Lrp5","Jun"
"9170","Fzd5,Lrp5","Lef1"
"9171","Fzd5,Lrp5","Mapk10"
"9172","Fzd5,Lrp5","Mapk8"
"9173","Fzd5,Lrp5","Mapk9"
"9174","Fzd5,Lrp5","Myc"
"9175","Fzd5,Lrp5","Nfatc1"
"9176","Fzd5,Lrp5","Nfatc2"
"9177","Fzd5,Lrp5","Nfatc3"
"9178","Fzd5,Lrp5","Nfatc4"
"9179","Fzd5,Lrp5","Ppard"
"9180","Fzd5,Lrp5","Tcf7"
"9181","Fzd5,Lrp5","Tcf7l1"
"9182","Fzd5,Lrp5","Tcf7l2"
"9183","Fzd5,Lrp5","Apc"
"9184","Fzd5,Lrp5","Ccnd1"
"9185","Fzd5,Lrp5","Fosl1"
"9186","Fzd5,Lrp5","Ruvbl1"
"9187","Fzd6,Lrp5","Crebbp"
"9188","Fzd6,Lrp5","Ctnnb1"
"9189","Fzd6,Lrp5","Ep300"
"9190","Fzd6,Lrp5","Jun"
"9191","Fzd6,Lrp5","Lef1"
"9192","Fzd6,Lrp5","Mapk10"
"9193","Fzd6,Lrp5","Mapk8"
"9194","Fzd6,Lrp5","Mapk9"
"9195","Fzd6,Lrp5","Myc"
"9196","Fzd6,Lrp5","Nfatc1"
"9197","Fzd6,Lrp5","Nfatc2"
"9198","Fzd6,Lrp5","Nfatc3"
"9199","Fzd6,Lrp5","Nfatc4"
"9200","Fzd6,Lrp5","Ppard"
"9201","Fzd6,Lrp5","Tcf7"
"9202","Fzd6,Lrp5","Tcf7l1"
"9203","Fzd6,Lrp5","Tcf7l2"
"9204","Fzd6,Lrp5","Apc"
"9205","Fzd6,Lrp5","Ccnd1"
"9206","Fzd6,Lrp5","Fosl1"
"9207","Fzd6,Lrp5","Ruvbl1"
"9208","Fzd7,Lrp5","Crebbp"
"9209","Fzd7,Lrp5","Ctnnb1"
"9210","Fzd7,Lrp5","Ep300"
"9211","Fzd7,Lrp5","Jun"
"9212","Fzd7,Lrp5","Lef1"
"9213","Fzd7,Lrp5","Mapk10"
"9214","Fzd7,Lrp5","Mapk8"
"9215","Fzd7,Lrp5","Mapk9"
"9216","Fzd7,Lrp5","Myc"
"9217","Fzd7,Lrp5","Nfatc1"
"9218","Fzd7,Lrp5","Nfatc2"
"9219","Fzd7,Lrp5","Nfatc3"
"9220","Fzd7,Lrp5","Nfatc4"
"9221","Fzd7,Lrp5","Ppard"
"9222","Fzd7,Lrp5","Tcf7"
"9223","Fzd7,Lrp5","Tcf7l1"
"9224","Fzd7,Lrp5","Tcf7l2"
"9225","Fzd7,Lrp5","Apc"
"9226","Fzd7,Lrp5","Ccnd1"
"9227","Fzd7,Lrp5","Fosl1"
"9228","Fzd7,Lrp5","Ruvbl1"
"9229","Fzd8,Lrp5","Crebbp"
"9230","Fzd8,Lrp5","Ctnnb1"
"9231","Fzd8,Lrp5","Ep300"
"9232","Fzd8,Lrp5","Jun"
"9233","Fzd8,Lrp5","Lef1"
"9234","Fzd8,Lrp5","Mapk10"
"9235","Fzd8,Lrp5","Mapk8"
"9236","Fzd8,Lrp5","Mapk9"
"9237","Fzd8,Lrp5","Myc"
"9238","Fzd8,Lrp5","Nfatc1"
"9239","Fzd8,Lrp5","Nfatc2"
"9240","Fzd8,Lrp5","Nfatc3"
"9241","Fzd8,Lrp5","Nfatc4"
"9242","Fzd8,Lrp5","Ppard"
"9243","Fzd8,Lrp5","Tcf7"
"9244","Fzd8,Lrp5","Tcf7l1"
"9245","Fzd8,Lrp5","Tcf7l2"
"9246","Fzd8,Lrp5","Apc"
"9247","Fzd8,Lrp5","Ccnd1"
"9248","Fzd8,Lrp5","Fosl1"
"9249","Fzd8,Lrp5","Ruvbl1"
"9250","Fzd9,Lrp5","Crebbp"
"9251","Fzd9,Lrp5","Ctnnb1"
"9252","Fzd9,Lrp5","Ep300"
"9253","Fzd9,Lrp5","Jun"
"9254","Fzd9,Lrp5","Lef1"
"9255","Fzd9,Lrp5","Mapk10"
"9256","Fzd9,Lrp5","Mapk8"
"9257","Fzd9,Lrp5","Mapk9"
"9258","Fzd9,Lrp5","Myc"
"9259","Fzd9,Lrp5","Nfatc1"
"9260","Fzd9,Lrp5","Nfatc2"
"9261","Fzd9,Lrp5","Nfatc3"
"9262","Fzd9,Lrp5","Nfatc4"
"9263","Fzd9,Lrp5","Ppard"
"9264","Fzd9,Lrp5","Tcf7"
"9265","Fzd9,Lrp5","Tcf7l1"
"9266","Fzd9,Lrp5","Tcf7l2"
"9267","Fzd9,Lrp5","Apc"
"9268","Fzd9,Lrp5","Ccnd1"
"9269","Fzd9,Lrp5","Fosl1"
"9270","Fzd9,Lrp5","Ruvbl1"
"9271","Fzd1,Lrp6","Crebbp"
"9272","Fzd1,Lrp6","Ctnnb1"
"9273","Fzd1,Lrp6","Ep300"
"9274","Fzd1,Lrp6","Jun"
"9275","Fzd1,Lrp6","Lef1"
"9276","Fzd1,Lrp6","Mapk10"
"9277","Fzd1,Lrp6","Mapk8"
"9278","Fzd1,Lrp6","Mapk9"
"9279","Fzd1,Lrp6","Myc"
"9280","Fzd1,Lrp6","Nfatc1"
"9281","Fzd1,Lrp6","Nfatc2"
"9282","Fzd1,Lrp6","Nfatc3"
"9283","Fzd1,Lrp6","Nfatc4"
"9284","Fzd1,Lrp6","Ppard"
"9285","Fzd1,Lrp6","Tcf7"
"9286","Fzd1,Lrp6","Tcf7l1"
"9287","Fzd1,Lrp6","Tcf7l2"
"9288","Fzd1,Lrp6","Apc"
"9289","Fzd1,Lrp6","Ccnd1"
"9290","Fzd1,Lrp6","Fosl1"
"9291","Fzd1,Lrp6","Ruvbl1"
"9292","Fzd10,Lrp6","Crebbp"
"9293","Fzd10,Lrp6","Ctnnb1"
"9294","Fzd10,Lrp6","Ep300"
"9295","Fzd10,Lrp6","Jun"
"9296","Fzd10,Lrp6","Lef1"
"9297","Fzd10,Lrp6","Mapk10"
"9298","Fzd10,Lrp6","Mapk8"
"9299","Fzd10,Lrp6","Mapk9"
"9300","Fzd10,Lrp6","Myc"
"9301","Fzd10,Lrp6","Nfatc1"
"9302","Fzd10,Lrp6","Nfatc2"
"9303","Fzd10,Lrp6","Nfatc3"
"9304","Fzd10,Lrp6","Nfatc4"
"9305","Fzd10,Lrp6","Ppard"
"9306","Fzd10,Lrp6","Tcf7"
"9307","Fzd10,Lrp6","Tcf7l1"
"9308","Fzd10,Lrp6","Tcf7l2"
"9309","Fzd10,Lrp6","Apc"
"9310","Fzd10,Lrp6","Ccnd1"
"9311","Fzd10,Lrp6","Fosl1"
"9312","Fzd10,Lrp6","Ruvbl1"
"9313","Fzd2,Lrp6","Crebbp"
"9314","Fzd2,Lrp6","Ctnnb1"
"9315","Fzd2,Lrp6","Ep300"
"9316","Fzd2,Lrp6","Jun"
"9317","Fzd2,Lrp6","Lef1"
"9318","Fzd2,Lrp6","Mapk10"
"9319","Fzd2,Lrp6","Mapk8"
"9320","Fzd2,Lrp6","Mapk9"
"9321","Fzd2,Lrp6","Myc"
"9322","Fzd2,Lrp6","Nfatc1"
"9323","Fzd2,Lrp6","Nfatc2"
"9324","Fzd2,Lrp6","Nfatc3"
"9325","Fzd2,Lrp6","Nfatc4"
"9326","Fzd2,Lrp6","Ppard"
"9327","Fzd2,Lrp6","Tcf7"
"9328","Fzd2,Lrp6","Tcf7l1"
"9329","Fzd2,Lrp6","Tcf7l2"
"9330","Fzd2,Lrp6","Apc"
"9331","Fzd2,Lrp6","Ccnd1"
"9332","Fzd2,Lrp6","Fosl1"
"9333","Fzd2,Lrp6","Ruvbl1"
"9334","Fzd3,Lrp6","Crebbp"
"9335","Fzd3,Lrp6","Ctnnb1"
"9336","Fzd3,Lrp6","Ep300"
"9337","Fzd3,Lrp6","Jun"
"9338","Fzd3,Lrp6","Lef1"
"9339","Fzd3,Lrp6","Mapk10"
"9340","Fzd3,Lrp6","Mapk8"
"9341","Fzd3,Lrp6","Mapk9"
"9342","Fzd3,Lrp6","Myc"
"9343","Fzd3,Lrp6","Nfatc1"
"9344","Fzd3,Lrp6","Nfatc2"
"9345","Fzd3,Lrp6","Nfatc3"
"9346","Fzd3,Lrp6","Nfatc4"
"9347","Fzd3,Lrp6","Ppard"
"9348","Fzd3,Lrp6","Tcf7"
"9349","Fzd3,Lrp6","Tcf7l1"
"9350","Fzd3,Lrp6","Tcf7l2"
"9351","Fzd3,Lrp6","Apc"
"9352","Fzd3,Lrp6","Ccnd1"
"9353","Fzd3,Lrp6","Fosl1"
"9354","Fzd3,Lrp6","Ruvbl1"
"9355","Fzd4,Lrp6","Crebbp"
"9356","Fzd4,Lrp6","Ctnnb1"
"9357","Fzd4,Lrp6","Ep300"
"9358","Fzd4,Lrp6","Jun"
"9359","Fzd4,Lrp6","Lef1"
"9360","Fzd4,Lrp6","Mapk10"
"9361","Fzd4,Lrp6","Mapk8"
"9362","Fzd4,Lrp6","Mapk9"
"9363","Fzd4,Lrp6","Myc"
"9364","Fzd4,Lrp6","Nfatc1"
"9365","Fzd4,Lrp6","Nfatc2"
"9366","Fzd4,Lrp6","Nfatc3"
"9367","Fzd4,Lrp6","Nfatc4"
"9368","Fzd4,Lrp6","Ppard"
"9369","Fzd4,Lrp6","Tcf7"
"9370","Fzd4,Lrp6","Tcf7l1"
"9371","Fzd4,Lrp6","Tcf7l2"
"9372","Fzd4,Lrp6","Apc"
"9373","Fzd4,Lrp6","Ccnd1"
"9374","Fzd4,Lrp6","Fosl1"
"9375","Fzd4,Lrp6","Ruvbl1"
"9376","Fzd5,Lrp6","Crebbp"
"9377","Fzd5,Lrp6","Ctnnb1"
"9378","Fzd5,Lrp6","Ep300"
"9379","Fzd5,Lrp6","Jun"
"9380","Fzd5,Lrp6","Lef1"
"9381","Fzd5,Lrp6","Mapk10"
"9382","Fzd5,Lrp6","Mapk8"
"9383","Fzd5,Lrp6","Mapk9"
"9384","Fzd5,Lrp6","Myc"
"9385","Fzd5,Lrp6","Nfatc1"
"9386","Fzd5,Lrp6","Nfatc2"
"9387","Fzd5,Lrp6","Nfatc3"
"9388","Fzd5,Lrp6","Nfatc4"
"9389","Fzd5,Lrp6","Ppard"
"9390","Fzd5,Lrp6","Tcf7"
"9391","Fzd5,Lrp6","Tcf7l1"
"9392","Fzd5,Lrp6","Tcf7l2"
"9393","Fzd5,Lrp6","Apc"
"9394","Fzd5,Lrp6","Ccnd1"
"9395","Fzd5,Lrp6","Fosl1"
"9396","Fzd5,Lrp6","Ruvbl1"
"9397","Fzd6,Lrp6","Crebbp"
"9398","Fzd6,Lrp6","Ctnnb1"
"9399","Fzd6,Lrp6","Ep300"
"9400","Fzd6,Lrp6","Jun"
"9401","Fzd6,Lrp6","Lef1"
"9402","Fzd6,Lrp6","Mapk10"
"9403","Fzd6,Lrp6","Mapk8"
"9404","Fzd6,Lrp6","Mapk9"
"9405","Fzd6,Lrp6","Myc"
"9406","Fzd6,Lrp6","Nfatc1"
"9407","Fzd6,Lrp6","Nfatc2"
"9408","Fzd6,Lrp6","Nfatc3"
"9409","Fzd6,Lrp6","Nfatc4"
"9410","Fzd6,Lrp6","Ppard"
"9411","Fzd6,Lrp6","Tcf7"
"9412","Fzd6,Lrp6","Tcf7l1"
"9413","Fzd6,Lrp6","Tcf7l2"
"9414","Fzd6,Lrp6","Apc"
"9415","Fzd6,Lrp6","Ccnd1"
"9416","Fzd6,Lrp6","Fosl1"
"9417","Fzd6,Lrp6","Ruvbl1"
"9418","Fzd7,Lrp6","Crebbp"
"9419","Fzd7,Lrp6","Ctnnb1"
"9420","Fzd7,Lrp6","Ep300"
"9421","Fzd7,Lrp6","Jun"
"9422","Fzd7,Lrp6","Lef1"
"9423","Fzd7,Lrp6","Mapk10"
"9424","Fzd7,Lrp6","Mapk8"
"9425","Fzd7,Lrp6","Mapk9"
"9426","Fzd7,Lrp6","Myc"
"9427","Fzd7,Lrp6","Nfatc1"
"9428","Fzd7,Lrp6","Nfatc2"
"9429","Fzd7,Lrp6","Nfatc3"
"9430","Fzd7,Lrp6","Nfatc4"
"9431","Fzd7,Lrp6","Ppard"
"9432","Fzd7,Lrp6","Tcf7"
"9433","Fzd7,Lrp6","Tcf7l1"
"9434","Fzd7,Lrp6","Tcf7l2"
"9435","Fzd7,Lrp6","Apc"
"9436","Fzd7,Lrp6","Ccnd1"
"9437","Fzd7,Lrp6","Fosl1"
"9438","Fzd7,Lrp6","Ruvbl1"
"9439","Fzd8,Lrp6","Crebbp"
"9440","Fzd8,Lrp6","Ctnnb1"
"9441","Fzd8,Lrp6","Ep300"
"9442","Fzd8,Lrp6","Jun"
"9443","Fzd8,Lrp6","Lef1"
"9444","Fzd8,Lrp6","Mapk10"
"9445","Fzd8,Lrp6","Mapk8"
"9446","Fzd8,Lrp6","Mapk9"
"9447","Fzd8,Lrp6","Myc"
"9448","Fzd8,Lrp6","Nfatc1"
"9449","Fzd8,Lrp6","Nfatc2"
"9450","Fzd8,Lrp6","Nfatc3"
"9451","Fzd8,Lrp6","Nfatc4"
"9452","Fzd8,Lrp6","Ppard"
"9453","Fzd8,Lrp6","Tcf7"
"9454","Fzd8,Lrp6","Tcf7l1"
"9455","Fzd8,Lrp6","Tcf7l2"
"9456","Fzd8,Lrp6","Apc"
"9457","Fzd8,Lrp6","Ccnd1"
"9458","Fzd8,Lrp6","Fosl1"
"9459","Fzd8,Lrp6","Ruvbl1"
"9460","Fzd9,Lrp6","Crebbp"
"9461","Fzd9,Lrp6","Ctnnb1"
"9462","Fzd9,Lrp6","Ep300"
"9463","Fzd9,Lrp6","Jun"
"9464","Fzd9,Lrp6","Lef1"
"9465","Fzd9,Lrp6","Mapk10"
"9466","Fzd9,Lrp6","Mapk8"
"9467","Fzd9,Lrp6","Mapk9"
"9468","Fzd9,Lrp6","Myc"
"9469","Fzd9,Lrp6","Nfatc1"
"9470","Fzd9,Lrp6","Nfatc2"
"9471","Fzd9,Lrp6","Nfatc3"
"9472","Fzd9,Lrp6","Nfatc4"
"9473","Fzd9,Lrp6","Ppard"
"9474","Fzd9,Lrp6","Tcf7"
"9475","Fzd9,Lrp6","Tcf7l1"
"9476","Fzd9,Lrp6","Tcf7l2"
"9477","Fzd9,Lrp6","Apc"
"9478","Fzd9,Lrp6","Ccnd1"
"9479","Fzd9,Lrp6","Fosl1"
"9480","Fzd9,Lrp6","Ruvbl1"
"9481","Sfrp2","Crebbp"
"9482","Sfrp2","Ctnnb1"
"9483","Sfrp2","Ep300"
"9484","Sfrp2","Jun"
"9485","Sfrp2","Lef1"
"9486","Sfrp2","Mapk10"
"9487","Sfrp2","Mapk8"
"9488","Sfrp2","Mapk9"
"9489","Sfrp2","Myc"
"9490","Sfrp2","Nfatc1"
"9491","Sfrp2","Nfatc2"
"9492","Sfrp2","Nfatc3"
"9493","Sfrp2","Nfatc4"
"9494","Sfrp2","Ppard"
"9495","Sfrp2","Tcf7"
"9496","Sfrp2","Tcf7l1"
"9497","Sfrp2","Tcf7l2"
"9498","Sfrp2","Apc"
"9499","Sfrp2","Ccnd1"
"9500","Sfrp2","Fosl1"
"9501","Sfrp2","Wnt1"
"9502","Sfrp2","Wnt5a"
"9503","Sfrp2","Ruvbl1"
"9504","Sfrp1","Crebbp"
"9505","Sfrp1","Ctnnb1"
"9506","Sfrp1","Ep300"
"9507","Sfrp1","Jun"
"9508","Sfrp1","Lef1"
"9509","Sfrp1","Mapk10"
"9510","Sfrp1","Mapk8"
"9511","Sfrp1","Mapk9"
"9512","Sfrp1","Myc"
"9513","Sfrp1","Nfatc1"
"9514","Sfrp1","Nfatc2"
"9515","Sfrp1","Nfatc3"
"9516","Sfrp1","Nfatc4"
"9517","Sfrp1","Ppard"
"9518","Sfrp1","Tcf7"
"9519","Sfrp1","Tcf7l1"
"9520","Sfrp1","Tcf7l2"
"9521","Sfrp1","Apc"
"9522","Sfrp1","Ccnd1"
"9523","Sfrp1","Fosl1"
"9524","Sfrp1","Wnt1"
"9525","Sfrp1","Wnt5a"
"9526","Sfrp1","Ruvbl1"
"9527","Notch1","Rbpj"
"9528","Notch1","Rbpjl"
"9529","Notch1","Dtx1"
"9530","Notch1","Hes1"
"9531","Notch1","Hey1"
"9532","Notch1","Hey2"
"9533","Notch1","Heyl"
"9534","Ncstn","Rbpj"
"9535","Ncstn","Rbpjl"
"9536","Ncstn","Dtx1"
"9537","Ncstn","Hes1"
"9538","Ncstn","Hey1"
"9539","Ncstn","Hey2"
"9540","Ncstn","Heyl"
"9541","Ncstn","Notch1"
"9542","Ncstn","Notch2"
"9543","Ncstn","Notch3"
"9544","Ncstn","Notch4"
"9545","Notch2","Rbpj"
"9546","Notch2","Rbpjl"
"9547","Notch2","Dtx1"
"9548","Notch2","Hes1"
"9549","Notch2","Hey1"
"9550","Notch2","Hey2"
"9551","Notch2","Heyl"
"9552","Notch3","Rbpj"
"9553","Notch3","Rbpjl"
"9554","Notch3","Dtx1"
"9555","Notch3","Hes1"
"9556","Notch3","Hey1"
"9557","Notch3","Hey2"
"9558","Notch3","Heyl"
"9559","Notch4","Rbpj"
"9560","Notch4","Rbpjl"
"9561","Notch4","Dtx1"
"9562","Notch4","Hes1"
"9563","Notch4","Hey1"
"9564","Notch4","Hey2"
"9565","Notch4","Heyl"
"9566","Adam17","Rbpj"
"9567","Adam17","Rbpjl"
"9568","Adam17","Dtx1"
"9569","Adam17","Hes1"
"9570","Adam17","Hey1"
"9571","Adam17","Hey2"
"9572","Adam17","Heyl"
"9573","Adam17","Notch1"
"9574","Adam17","Notch2"
"9575","Adam17","Notch3"
"9576","Adam17","Notch4"
"9577","Ep300","Rbpj"
"9578","Ep300","Rbpjl"
"9579","Ep300","Hes1"
"9580","Ep300","Hey1"
"9581","Ep300","Hey2"
"9582","Ep300","Heyl"
"9583","Kat2a","Rbpj"
"9584","Kat2a","Rbpjl"
"9585","Kat2a","Hes1"
"9586","Kat2a","Hey1"
"9587","Kat2a","Hey2"
"9588","Kat2a","Heyl"
"9589","Kat2b","Rbpj"
"9590","Kat2b","Rbpjl"
"9591","Kat2b","Hes1"
"9592","Kat2b","Hey1"
"9593","Kat2b","Hey2"
"9594","Kat2b","Heyl"
"9595","Psen1","Rbpj"
"9596","Psen1","Rbpjl"
"9597","Psen1","Dtx1"
"9598","Psen1","Hes1"
"9599","Psen1","Hey1"
"9600","Psen1","Hey2"
"9601","Psen1","Heyl"
"9602","Psen1","Notch1"
"9603","Psen1","Notch2"
"9604","Psen1","Notch3"
"9605","Psen1","Notch4"
"9606","Crebbp","Rbpj"
"9607","Crebbp","Rbpjl"
"9608","Crebbp","Hes1"
"9609","Crebbp","Hey1"
"9610","Crebbp","Hey2"
"9611","Crebbp","Heyl"
"9612","Hdac1","Rbpj"
"9613","Hdac1","Rbpjl"
"9614","Hdac1","Hes1"
"9615","Hdac1","Hey1"
"9616","Hdac1","Hey2"
"9617","Hdac1","Heyl"
"9618","Hdac2","Rbpj"
"9619","Hdac2","Rbpjl"
"9620","Hdac2","Hes1"
"9621","Hdac2","Hey1"
"9622","Hdac2","Hey2"
"9623","Hdac2","Heyl"
"9624","Jag1","Rbpj"
"9625","Jag1","Rbpjl"
"9626","Jag1","Dtx1"
"9627","Jag1","Hes1"
"9628","Jag1","Hey1"
"9629","Jag1","Hey2"
"9630","Jag1","Heyl"
"9631","Lrp2","Gli1"
"9632","Lrp2","Gli2"
"9633","Lrp2","Gli3"
"9634","Lrp2","Ccnd1"
"9635","Lrp2","Shh"
"9636","Lrp2","Sufu"
"9637","Boc","Gli1"
"9638","Boc","Gli2"
"9639","Boc","Gli3"
"9640","Boc","Ccnd1"
"9641","Boc","Shh"
"9642","Boc","Sufu"
"9643","Cdon","Gli1"
"9644","Cdon","Gli2"
"9645","Cdon","Gli3"
"9646","Cdon","Ccnd1"
"9647","Cdon","Shh"
"9648","Cdon","Sufu"
"9649","Hhip","Gli1"
"9650","Hhip","Gli2"
"9651","Hhip","Gli3"
"9652","Hhip","Ccnd1"
"9653","Hhip","Shh"
"9654","Hhip","Sufu"
"9655","Ptch1","Gli1"
"9656","Ptch1","Gli2"
"9657","Ptch1","Gli3"
"9658","Ptch1","Ccnd1"
"9659","Ptch1","Shh"
"9660","Ptch1","Sufu"
"9661","Ptch2","Gli1"
"9662","Ptch2","Gli2"
"9663","Ptch2","Gli3"
"9664","Ptch2","Ccnd1"
"9665","Ptch2","Shh"
"9666","Ptch2","Sufu"
"9667","Mgrn1","Gli1"
"9668","Mgrn1","Gli2"
"9669","Mgrn1","Gli3"
"9670","Mgrn1","Ccnd1"
"9671","Mgrn1","Shh"
"9672","Mgrn1","Sufu"
"9673","Smo","Gli1"
"9674","Smo","Gli2"
"9675","Smo","Gli3"
"9676","Smo","Ccnd1"
"9677","Smo","Shh"
"9678","Smo","Sufu"
"9679","Gsk3b","Gli1"
"9680","Gsk3b","Gli2"
"9681","Gsk3b","Gli3"
"9682","Gsk3b","Shh"
"9683","Gsk3b","Sufu"
"9684","Ptch1,Smo","Gli1"
"9685","Ptch1,Smo","Gli2"
"9686","Ptch1,Smo","Gli3"
"9687","Ptch1,Smo","Ccnd1"
"9688","Ptch1,Smo","Shh"
"9689","Ptch1,Smo","Sufu"
"9690","Ptch2,Smo","Gli1"
"9691","Ptch2,Smo","Gli2"
"9692","Ptch2,Smo","Gli3"
"9693","Ptch2,Smo","Ccnd1"
"9694","Ptch2,Smo","Shh"
"9695","Ptch2,Smo","Sufu"
"9696","Gas1","Gli1"
"9697","Gas1","Gli2"
"9698","Gas1","Gli3"
"9699","Gas1","Ccnd1"
"9700","Gas1","Shh"
"9701","Gas1","Sufu"
"9702","Acvr1","E2f4"
"9703","Acvr1","E2f5"
"9704","Acvr1","Myc"
"9705","Acvr1","Rbl1"
"9706","Acvr1","Smad1"
"9707","Acvr1","Smad2"
"9708","Acvr1","Smad3"
"9709","Acvr1","Smad4"
"9710","Acvr1","Smad5"
"9711","Acvr1","Smad9"
"9712","Acvr1","Tfdp1"
"9713","Acvr1","Id1"
"9714","Acvr1","Id2"
"9715","Acvr1","Id3"
"9716","Acvr1","Id4"
"9717","Acvr1","Pitx2"
"9718","Bmpr1a","E2f4"
"9719","Bmpr1a","E2f5"
"9720","Bmpr1a","Myc"
"9721","Bmpr1a","Rbl1"
"9722","Bmpr1a","Smad1"
"9723","Bmpr1a","Smad2"
"9724","Bmpr1a","Smad3"
"9725","Bmpr1a","Smad4"
"9726","Bmpr1a","Smad5"
"9727","Bmpr1a","Smad9"
"9728","Bmpr1a","Tfdp1"
"9729","Bmpr1a","Id1"
"9730","Bmpr1a","Id2"
"9731","Bmpr1a","Id3"
"9732","Bmpr1a","Id4"
"9733","Bmpr1a","Pitx2"
"9734","Bmpr1b","E2f4"
"9735","Bmpr1b","E2f5"
"9736","Bmpr1b","Myc"
"9737","Bmpr1b","Rbl1"
"9738","Bmpr1b","Smad1"
"9739","Bmpr1b","Smad2"
"9740","Bmpr1b","Smad3"
"9741","Bmpr1b","Smad4"
"9742","Bmpr1b","Smad5"
"9743","Bmpr1b","Smad9"
"9744","Bmpr1b","Tfdp1"
"9745","Bmpr1b","Id1"
"9746","Bmpr1b","Id2"
"9747","Bmpr1b","Id3"
"9748","Bmpr1b","Id4"
"9749","Bmpr1b","Pitx2"
"9750","Bmpr2","E2f4"
"9751","Bmpr2","E2f5"
"9752","Bmpr2","Myc"
"9753","Bmpr2","Rbl1"
"9754","Bmpr2","Smad1"
"9755","Bmpr2","Smad2"
"9756","Bmpr2","Smad3"
"9757","Bmpr2","Smad4"
"9758","Bmpr2","Smad5"
"9759","Bmpr2","Smad9"
"9760","Bmpr2","Tfdp1"
"9761","Bmpr2","Id1"
"9762","Bmpr2","Id2"
"9763","Bmpr2","Id3"
"9764","Bmpr2","Id4"
"9765","Bmpr2","Pitx2"
"9766","Tgfbr1","Myc"
"9767","Tgfbr1","Smad1"
"9768","Tgfbr1","Smad4"
"9769","Tgfbr1","Smad5"
"9770","Tgfbr1","Smad9"
"9771","Tgfbr1","Tfdp1"
"9772","Tgfbr1","Id1"
"9773","Tgfbr1","Id2"
"9774","Tgfbr1","Id3"
"9775","Tgfbr1","Id4"
"9776","Tgfbr1","Pitx2"
"9777","Tgfbr2","Myc"
"9778","Tgfbr2","Smad1"
"9779","Tgfbr2","Smad4"
"9780","Tgfbr2","Smad5"
"9781","Tgfbr2","Smad9"
"9782","Tgfbr2","Tfdp1"
"9783","Tgfbr2","Id1"
"9784","Tgfbr2","Id2"
"9785","Tgfbr2","Id3"
"9786","Tgfbr2","Id4"
"9787","Tgfbr2","Pitx2"
"9788","Acvr1b","E2f4"
"9789","Acvr1b","E2f5"
"9790","Acvr1b","Myc"
"9791","Acvr1b","Rbl1"
"9792","Acvr1b","Smad1"
"9793","Acvr1b","Smad2"
"9794","Acvr1b","Smad3"
"9795","Acvr1b","Smad4"
"9796","Acvr1b","Smad5"
"9797","Acvr1b","Smad9"
"9798","Acvr1b","Tfdp1"
"9799","Acvr1b","Id1"
"9800","Acvr1b","Id2"
"9801","Acvr1b","Id3"
"9802","Acvr1b","Id4"
"9803","Acvr1b","Pitx2"
"9804","Bambi","E2f4"
"9805","Bambi","E2f5"
"9806","Bambi","Rbl1"
"9807","Bambi","Smad1"
"9808","Bambi","Smad2"
"9809","Bambi","Smad3"
"9810","Bambi","Smad4"
"9811","Bambi","Smad5"
"9812","Bambi","Smad9"
"9813","Bambi","Tfdp1"
"9814","Bambi","Id1"
"9815","Bambi","Id2"
"9816","Bambi","Id3"
"9817","Bambi","Id4"
"9818","Bambi","Pitx2"
"9819","Acvr1c","E2f4"
"9820","Acvr1c","E2f5"
"9821","Acvr1c","Myc"
"9822","Acvr1c","Rbl1"
"9823","Acvr1c","Smad1"
"9824","Acvr1c","Smad2"
"9825","Acvr1c","Smad3"
"9826","Acvr1c","Smad4"
"9827","Acvr1c","Smad5"
"9828","Acvr1c","Smad9"
"9829","Acvr1c","Tfdp1"
"9830","Acvr1c","Id1"
"9831","Acvr1c","Id2"
"9832","Acvr1c","Id3"
"9833","Acvr1c","Id4"
"9834","Acvr1c","Pitx2"
"9835","Neo1","E2f4"
"9836","Neo1","E2f5"
"9837","Neo1","Myc"
"9838","Neo1","Rbl1"
"9839","Neo1","Smad1"
"9840","Neo1","Smad2"
"9841","Neo1","Smad3"
"9842","Neo1","Smad4"
"9843","Neo1","Smad5"
"9844","Neo1","Smad9"
"9845","Neo1","Tfdp1"
"9846","Neo1","Id1"
"9847","Neo1","Id2"
"9848","Neo1","Id3"
"9849","Neo1","Id4"
"9850","Neo1","Pitx2"
"9851","Rgmb","E2f4"
"9852","Rgmb","E2f5"
"9853","Rgmb","Myc"
"9854","Rgmb","Rbl1"
"9855","Rgmb","Smad1"
"9856","Rgmb","Smad2"
"9857","Rgmb","Smad3"
"9858","Rgmb","Smad4"
"9859","Rgmb","Smad5"
"9860","Rgmb","Smad9"
"9861","Rgmb","Tfdp1"
"9862","Rgmb","Id1"
"9863","Rgmb","Id2"
"9864","Rgmb","Id3"
"9865","Rgmb","Id4"
"9866","Rgmb","Pitx2"
"9867","Tgfbr1,Tgfbr2","Myc"
"9868","Tgfbr1,Tgfbr2","Smad1"
"9869","Tgfbr1,Tgfbr2","Smad4"
"9870","Tgfbr1,Tgfbr2","Smad5"
"9871","Tgfbr1,Tgfbr2","Smad9"
"9872","Tgfbr1,Tgfbr2","Tfdp1"
"9873","Tgfbr1,Tgfbr2","Id1"
"9874","Tgfbr1,Tgfbr2","Id2"
"9875","Tgfbr1,Tgfbr2","Id3"
"9876","Tgfbr1,Tgfbr2","Id4"
"9877","Tgfbr1,Tgfbr2","Pitx2"
"9878","Acvr1b,Tgfbr2","Myc"
"9879","Acvr1b,Tgfbr2","Smad1"
"9880","Acvr1b,Tgfbr2","Smad4"
"9881","Acvr1b,Tgfbr2","Smad5"
"9882","Acvr1b,Tgfbr2","Smad9"
"9883","Acvr1b,Tgfbr2","Tfdp1"
"9884","Acvr1b,Tgfbr2","Id1"
"9885","Acvr1b,Tgfbr2","Id2"
"9886","Acvr1b,Tgfbr2","Id3"
"9887","Acvr1b,Tgfbr2","Id4"
"9888","Acvr1b,Tgfbr2","Pitx2"
"9889","Acvr1c,Tgfbr2","Myc"
"9890","Acvr1c,Tgfbr2","Smad1"
"9891","Acvr1c,Tgfbr2","Smad4"
"9892","Acvr1c,Tgfbr2","Smad5"
"9893","Acvr1c,Tgfbr2","Smad9"
"9894","Acvr1c,Tgfbr2","Tfdp1"
"9895","Acvr1c,Tgfbr2","Id1"
"9896","Acvr1c,Tgfbr2","Id2"
"9897","Acvr1c,Tgfbr2","Id3"
"9898","Acvr1c,Tgfbr2","Id4"
"9899","Acvr1c,Tgfbr2","Pitx2"
"9900","Acvr1,Tgfbr1,Tgfbr2","Myc"
"9901","Acvr1,Tgfbr1,Tgfbr2","Smad1"
"9902","Acvr1,Tgfbr1,Tgfbr2","Smad4"
"9903","Acvr1,Tgfbr1,Tgfbr2","Smad5"
"9904","Acvr1,Tgfbr1,Tgfbr2","Smad9"
"9905","Acvr1,Tgfbr1,Tgfbr2","Tfdp1"
"9906","Acvr1,Tgfbr1,Tgfbr2","Id1"
"9907","Acvr1,Tgfbr1,Tgfbr2","Id2"
"9908","Acvr1,Tgfbr1,Tgfbr2","Id3"
"9909","Acvr1,Tgfbr1,Tgfbr2","Id4"
"9910","Acvr1,Tgfbr1,Tgfbr2","Pitx2"
"9911","Bmpr1a,Acvr2a","E2f4"
"9912","Bmpr1a,Acvr2a","E2f5"
"9913","Bmpr1a,Acvr2a","Myc"
"9914","Bmpr1a,Acvr2a","Rbl1"
"9915","Bmpr1a,Acvr2a","Smad1"
"9916","Bmpr1a,Acvr2a","Smad2"
"9917","Bmpr1a,Acvr2a","Smad3"
"9918","Bmpr1a,Acvr2a","Smad4"
"9919","Bmpr1a,Acvr2a","Smad5"
"9920","Bmpr1a,Acvr2a","Smad9"
"9921","Bmpr1a,Acvr2a","Tfdp1"
"9922","Bmpr1a,Acvr2a","Id1"
"9923","Bmpr1a,Acvr2a","Id2"
"9924","Bmpr1a,Acvr2a","Id3"
"9925","Bmpr1a,Acvr2a","Id4"
"9926","Bmpr1a,Acvr2a","Pitx2"
"9927","Bmpr1a,Acvr2b","E2f4"
"9928","Bmpr1a,Acvr2b","E2f5"
"9929","Bmpr1a,Acvr2b","Myc"
"9930","Bmpr1a,Acvr2b","Rbl1"
"9931","Bmpr1a,Acvr2b","Smad1"
"9932","Bmpr1a,Acvr2b","Smad2"
"9933","Bmpr1a,Acvr2b","Smad3"
"9934","Bmpr1a,Acvr2b","Smad4"
"9935","Bmpr1a,Acvr2b","Smad5"
"9936","Bmpr1a,Acvr2b","Smad9"
"9937","Bmpr1a,Acvr2b","Tfdp1"
"9938","Bmpr1a,Acvr2b","Id1"
"9939","Bmpr1a,Acvr2b","Id2"
"9940","Bmpr1a,Acvr2b","Id3"
"9941","Bmpr1a,Acvr2b","Id4"
"9942","Bmpr1a,Acvr2b","Pitx2"
"9943","Bmpr1a,Bmpr2","E2f4"
"9944","Bmpr1a,Bmpr2","E2f5"
"9945","Bmpr1a,Bmpr2","Myc"
"9946","Bmpr1a,Bmpr2","Rbl1"
"9947","Bmpr1a,Bmpr2","Smad1"
"9948","Bmpr1a,Bmpr2","Smad2"
"9949","Bmpr1a,Bmpr2","Smad3"
"9950","Bmpr1a,Bmpr2","Smad4"
"9951","Bmpr1a,Bmpr2","Smad5"
"9952","Bmpr1a,Bmpr2","Smad9"
"9953","Bmpr1a,Bmpr2","Tfdp1"
"9954","Bmpr1a,Bmpr2","Id1"
"9955","Bmpr1a,Bmpr2","Id2"
"9956","Bmpr1a,Bmpr2","Id3"
"9957","Bmpr1a,Bmpr2","Id4"
"9958","Bmpr1a,Bmpr2","Pitx2"
"9959","Bmpr1b,Acvr2a","E2f4"
"9960","Bmpr1b,Acvr2a","E2f5"
"9961","Bmpr1b,Acvr2a","Myc"
"9962","Bmpr1b,Acvr2a","Rbl1"
"9963","Bmpr1b,Acvr2a","Smad1"
"9964","Bmpr1b,Acvr2a","Smad2"
"9965","Bmpr1b,Acvr2a","Smad3"
"9966","Bmpr1b,Acvr2a","Smad4"
"9967","Bmpr1b,Acvr2a","Smad5"
"9968","Bmpr1b,Acvr2a","Smad9"
"9969","Bmpr1b,Acvr2a","Tfdp1"
"9970","Bmpr1b,Acvr2a","Id1"
"9971","Bmpr1b,Acvr2a","Id2"
"9972","Bmpr1b,Acvr2a","Id3"
"9973","Bmpr1b,Acvr2a","Id4"
"9974","Bmpr1b,Acvr2a","Pitx2"
"9975","Bmpr1b,Acvr2b","E2f4"
"9976","Bmpr1b,Acvr2b","E2f5"
"9977","Bmpr1b,Acvr2b","Myc"
"9978","Bmpr1b,Acvr2b","Rbl1"
"9979","Bmpr1b,Acvr2b","Smad1"
"9980","Bmpr1b,Acvr2b","Smad2"
"9981","Bmpr1b,Acvr2b","Smad3"
"9982","Bmpr1b,Acvr2b","Smad4"
"9983","Bmpr1b,Acvr2b","Smad5"
"9984","Bmpr1b,Acvr2b","Smad9"
"9985","Bmpr1b,Acvr2b","Tfdp1"
"9986","Bmpr1b,Acvr2b","Id1"
"9987","Bmpr1b,Acvr2b","Id2"
"9988","Bmpr1b,Acvr2b","Id3"
"9989","Bmpr1b,Acvr2b","Id4"
"9990","Bmpr1b,Acvr2b","Pitx2"
"9991","Bmpr1b,Bmpr2","E2f4"
"9992","Bmpr1b,Bmpr2","E2f5"
"9993","Bmpr1b,Bmpr2","Myc"
"9994","Bmpr1b,Bmpr2","Rbl1"
"9995","Bmpr1b,Bmpr2","Smad1"
"9996","Bmpr1b,Bmpr2","Smad2"
"9997","Bmpr1b,Bmpr2","Smad3"
"9998","Bmpr1b,Bmpr2","Smad4"
"9999","Bmpr1b,Bmpr2","Smad5"
"10000","Bmpr1b,Bmpr2","Smad9"
"10001","Bmpr1b,Bmpr2","Tfdp1"
"10002","Bmpr1b,Bmpr2","Id1"
"10003","Bmpr1b,Bmpr2","Id2"
"10004","Bmpr1b,Bmpr2","Id3"
"10005","Bmpr1b,Bmpr2","Id4"
"10006","Bmpr1b,Bmpr2","Pitx2"
"10007","Acvr1,Acvr2a","E2f4"
"10008","Acvr1,Acvr2a","E2f5"
"10009","Acvr1,Acvr2a","Myc"
"10010","Acvr1,Acvr2a","Rbl1"
"10011","Acvr1,Acvr2a","Smad1"
"10012","Acvr1,Acvr2a","Smad2"
"10013","Acvr1,Acvr2a","Smad3"
"10014","Acvr1,Acvr2a","Smad4"
"10015","Acvr1,Acvr2a","Smad5"
"10016","Acvr1,Acvr2a","Smad9"
"10017","Acvr1,Acvr2a","Tfdp1"
"10018","Acvr1,Acvr2a","Id1"
"10019","Acvr1,Acvr2a","Id2"
"10020","Acvr1,Acvr2a","Id3"
"10021","Acvr1,Acvr2a","Id4"
"10022","Acvr1,Acvr2a","Pitx2"
"10023","Acvr1,Acvr2b","E2f4"
"10024","Acvr1,Acvr2b","E2f5"
"10025","Acvr1,Acvr2b","Myc"
"10026","Acvr1,Acvr2b","Rbl1"
"10027","Acvr1,Acvr2b","Smad1"
"10028","Acvr1,Acvr2b","Smad2"
"10029","Acvr1,Acvr2b","Smad3"
"10030","Acvr1,Acvr2b","Smad4"
"10031","Acvr1,Acvr2b","Smad5"
"10032","Acvr1,Acvr2b","Smad9"
"10033","Acvr1,Acvr2b","Tfdp1"
"10034","Acvr1,Acvr2b","Id1"
"10035","Acvr1,Acvr2b","Id2"
"10036","Acvr1,Acvr2b","Id3"
"10037","Acvr1,Acvr2b","Id4"
"10038","Acvr1,Acvr2b","Pitx2"
"10039","Acvr1,Bmpr2","E2f4"
"10040","Acvr1,Bmpr2","E2f5"
"10041","Acvr1,Bmpr2","Myc"
"10042","Acvr1,Bmpr2","Rbl1"
"10043","Acvr1,Bmpr2","Smad1"
"10044","Acvr1,Bmpr2","Smad2"
"10045","Acvr1,Bmpr2","Smad3"
"10046","Acvr1,Bmpr2","Smad4"
"10047","Acvr1,Bmpr2","Smad5"
"10048","Acvr1,Bmpr2","Smad9"
"10049","Acvr1,Bmpr2","Tfdp1"
"10050","Acvr1,Bmpr2","Id1"
"10051","Acvr1,Bmpr2","Id2"
"10052","Acvr1,Bmpr2","Id3"
"10053","Acvr1,Bmpr2","Id4"
"10054","Acvr1,Bmpr2","Pitx2"
"10055","Acvrl1,Bmpr2","E2f4"
"10056","Acvrl1,Bmpr2","E2f5"
"10057","Acvrl1,Bmpr2","Myc"
"10058","Acvrl1,Bmpr2","Rbl1"
"10059","Acvrl1,Bmpr2","Smad1"
"10060","Acvrl1,Bmpr2","Smad2"
"10061","Acvrl1,Bmpr2","Smad3"
"10062","Acvrl1,Bmpr2","Smad4"
"10063","Acvrl1,Bmpr2","Smad5"
"10064","Acvrl1,Bmpr2","Smad9"
"10065","Acvrl1,Bmpr2","Tfdp1"
"10066","Acvrl1,Bmpr2","Id1"
"10067","Acvrl1,Bmpr2","Id2"
"10068","Acvrl1,Bmpr2","Id3"
"10069","Acvrl1,Bmpr2","Id4"
"10070","Acvrl1,Bmpr2","Pitx2"
"10071","Acvr1b,Bmpr2","E2f4"
"10072","Acvr1b,Bmpr2","E2f5"
"10073","Acvr1b,Bmpr2","Myc"
"10074","Acvr1b,Bmpr2","Rbl1"
"10075","Acvr1b,Bmpr2","Smad1"
"10076","Acvr1b,Bmpr2","Smad2"
"10077","Acvr1b,Bmpr2","Smad3"
"10078","Acvr1b,Bmpr2","Smad4"
"10079","Acvr1b,Bmpr2","Smad5"
"10080","Acvr1b,Bmpr2","Smad9"
"10081","Acvr1b,Bmpr2","Tfdp1"
"10082","Acvr1b,Bmpr2","Id1"
"10083","Acvr1b,Bmpr2","Id2"
"10084","Acvr1b,Bmpr2","Id3"
"10085","Acvr1b,Bmpr2","Id4"
"10086","Acvr1b,Bmpr2","Pitx2"
"10087","Acvr1b,Acvr2a","E2f4"
"10088","Acvr1b,Acvr2a","E2f5"
"10089","Acvr1b,Acvr2a","Myc"
"10090","Acvr1b,Acvr2a","Rbl1"
"10091","Acvr1b,Acvr2a","Smad1"
"10092","Acvr1b,Acvr2a","Smad2"
"10093","Acvr1b,Acvr2a","Smad3"
"10094","Acvr1b,Acvr2a","Smad4"
"10095","Acvr1b,Acvr2a","Smad5"
"10096","Acvr1b,Acvr2a","Smad9"
"10097","Acvr1b,Acvr2a","Tfdp1"
"10098","Acvr1b,Acvr2a","Id1"
"10099","Acvr1b,Acvr2a","Id2"
"10100","Acvr1b,Acvr2a","Id3"
"10101","Acvr1b,Acvr2a","Id4"
"10102","Acvr1b,Acvr2a","Pitx2"
"10103","Tgfbr1,Acvr2a","Myc"
"10104","Tgfbr1,Acvr2a","Smad1"
"10105","Tgfbr1,Acvr2a","Smad4"
"10106","Tgfbr1,Acvr2a","Smad5"
"10107","Tgfbr1,Acvr2a","Smad9"
"10108","Tgfbr1,Acvr2a","Tfdp1"
"10109","Tgfbr1,Acvr2a","Id1"
"10110","Tgfbr1,Acvr2a","Id2"
"10111","Tgfbr1,Acvr2a","Id3"
"10112","Tgfbr1,Acvr2a","Id4"
"10113","Tgfbr1,Acvr2a","Pitx2"
"10114","Tgfbr1,Acvr2b","Myc"
"10115","Tgfbr1,Acvr2b","Smad1"
"10116","Tgfbr1,Acvr2b","Smad4"
"10117","Tgfbr1,Acvr2b","Smad5"
"10118","Tgfbr1,Acvr2b","Smad9"
"10119","Tgfbr1,Acvr2b","Tfdp1"
"10120","Tgfbr1,Acvr2b","Id1"
"10121","Tgfbr1,Acvr2b","Id2"
"10122","Tgfbr1,Acvr2b","Id3"
"10123","Tgfbr1,Acvr2b","Id4"
"10124","Tgfbr1,Acvr2b","Pitx2"
"10125","Acvr1b,Acvr2b","E2f4"
"10126","Acvr1b,Acvr2b","E2f5"
"10127","Acvr1b,Acvr2b","Myc"
"10128","Acvr1b,Acvr2b","Rbl1"
"10129","Acvr1b,Acvr2b","Smad1"
"10130","Acvr1b,Acvr2b","Smad2"
"10131","Acvr1b,Acvr2b","Smad3"
"10132","Acvr1b,Acvr2b","Smad4"
"10133","Acvr1b,Acvr2b","Smad5"
"10134","Acvr1b,Acvr2b","Smad9"
"10135","Acvr1b,Acvr2b","Tfdp1"
"10136","Acvr1b,Acvr2b","Id1"
"10137","Acvr1b,Acvr2b","Id2"
"10138","Acvr1b,Acvr2b","Id3"
"10139","Acvr1b,Acvr2b","Id4"
"10140","Acvr1b,Acvr2b","Pitx2"
"10141","Amhr2,Acvr1","E2f4"
"10142","Amhr2,Acvr1","E2f5"
"10143","Amhr2,Acvr1","Myc"
"10144","Amhr2,Acvr1","Rbl1"
"10145","Amhr2,Acvr1","Smad1"
"10146","Amhr2,Acvr1","Smad2"
"10147","Amhr2,Acvr1","Smad3"
"10148","Amhr2,Acvr1","Smad4"
"10149","Amhr2,Acvr1","Smad5"
"10150","Amhr2,Acvr1","Smad9"
"10151","Amhr2,Acvr1","Tfdp1"
"10152","Amhr2,Acvr1","Id1"
"10153","Amhr2,Acvr1","Id2"
"10154","Amhr2,Acvr1","Id3"
"10155","Amhr2,Acvr1","Id4"
"10156","Amhr2,Acvr1","Pitx2"
"10157","Amhr2,Bmpr1a","E2f4"
"10158","Amhr2,Bmpr1a","E2f5"
"10159","Amhr2,Bmpr1a","Myc"
"10160","Amhr2,Bmpr1a","Rbl1"
"10161","Amhr2,Bmpr1a","Smad1"
"10162","Amhr2,Bmpr1a","Smad2"
"10163","Amhr2,Bmpr1a","Smad3"
"10164","Amhr2,Bmpr1a","Smad4"
"10165","Amhr2,Bmpr1a","Smad5"
"10166","Amhr2,Bmpr1a","Smad9"
"10167","Amhr2,Bmpr1a","Tfdp1"
"10168","Amhr2,Bmpr1a","Id1"
"10169","Amhr2,Bmpr1a","Id2"
"10170","Amhr2,Bmpr1a","Id3"
"10171","Amhr2,Bmpr1a","Id4"
"10172","Amhr2,Bmpr1a","Pitx2"
"10173","Acvr1b,Acvr2a,Cfc1","E2f4"
"10174","Acvr1b,Acvr2a,Cfc1","E2f5"
"10175","Acvr1b,Acvr2a,Cfc1","Myc"
"10176","Acvr1b,Acvr2a,Cfc1","Rbl1"
"10177","Acvr1b,Acvr2a,Cfc1","Smad1"
"10178","Acvr1b,Acvr2a,Cfc1","Smad2"
"10179","Acvr1b,Acvr2a,Cfc1","Smad3"
"10180","Acvr1b,Acvr2a,Cfc1","Smad4"
"10181","Acvr1b,Acvr2a,Cfc1","Smad5"
"10182","Acvr1b,Acvr2a,Cfc1","Smad9"
"10183","Acvr1b,Acvr2a,Cfc1","Tfdp1"
"10184","Acvr1b,Acvr2a,Cfc1","Id1"
"10185","Acvr1b,Acvr2a,Cfc1","Id2"
"10186","Acvr1b,Acvr2a,Cfc1","Id3"
"10187","Acvr1b,Acvr2a,Cfc1","Id4"
"10188","Acvr1b,Acvr2a,Cfc1","Pitx2"
"10189","Acvr1c,Acvr2a,Cfc1","E2f4"
"10190","Acvr1c,Acvr2a,Cfc1","E2f5"
"10191","Acvr1c,Acvr2a,Cfc1","Myc"
"10192","Acvr1c,Acvr2a,Cfc1","Rbl1"
"10193","Acvr1c,Acvr2a,Cfc1","Smad1"
"10194","Acvr1c,Acvr2a,Cfc1","Smad2"
"10195","Acvr1c,Acvr2a,Cfc1","Smad3"
"10196","Acvr1c,Acvr2a,Cfc1","Smad4"
"10197","Acvr1c,Acvr2a,Cfc1","Smad5"
"10198","Acvr1c,Acvr2a,Cfc1","Smad9"
"10199","Acvr1c,Acvr2a,Cfc1","Tfdp1"
"10200","Acvr1c,Acvr2a,Cfc1","Id1"
"10201","Acvr1c,Acvr2a,Cfc1","Id2"
"10202","Acvr1c,Acvr2a,Cfc1","Id3"
"10203","Acvr1c,Acvr2a,Cfc1","Id4"
"10204","Acvr1c,Acvr2a,Cfc1","Pitx2"
"10205","Acvr1b,Acvr2b,Cfc1","E2f4"
"10206","Acvr1b,Acvr2b,Cfc1","E2f5"
"10207","Acvr1b,Acvr2b,Cfc1","Myc"
"10208","Acvr1b,Acvr2b,Cfc1","Rbl1"
"10209","Acvr1b,Acvr2b,Cfc1","Smad1"
"10210","Acvr1b,Acvr2b,Cfc1","Smad2"
"10211","Acvr1b,Acvr2b,Cfc1","Smad3"
"10212","Acvr1b,Acvr2b,Cfc1","Smad4"
"10213","Acvr1b,Acvr2b,Cfc1","Smad5"
"10214","Acvr1b,Acvr2b,Cfc1","Smad9"
"10215","Acvr1b,Acvr2b,Cfc1","Tfdp1"
"10216","Acvr1b,Acvr2b,Cfc1","Id1"
"10217","Acvr1b,Acvr2b,Cfc1","Id2"
"10218","Acvr1b,Acvr2b,Cfc1","Id3"
"10219","Acvr1b,Acvr2b,Cfc1","Id4"
"10220","Acvr1b,Acvr2b,Cfc1","Pitx2"
"10221","Acvr1c,Acvr2b,Cfc1","E2f4"
"10222","Acvr1c,Acvr2b,Cfc1","E2f5"
"10223","Acvr1c,Acvr2b,Cfc1","Myc"
"10224","Acvr1c,Acvr2b,Cfc1","Rbl1"
"10225","Acvr1c,Acvr2b,Cfc1","Smad1"
"10226","Acvr1c,Acvr2b,Cfc1","Smad2"
"10227","Acvr1c,Acvr2b,Cfc1","Smad3"
"10228","Acvr1c,Acvr2b,Cfc1","Smad4"
"10229","Acvr1c,Acvr2b,Cfc1","Smad5"
"10230","Acvr1c,Acvr2b,Cfc1","Smad9"
"10231","Acvr1c,Acvr2b,Cfc1","Tfdp1"
"10232","Acvr1c,Acvr2b,Cfc1","Id1"
"10233","Acvr1c,Acvr2b,Cfc1","Id2"
"10234","Acvr1c,Acvr2b,Cfc1","Id3"
"10235","Acvr1c,Acvr2b,Cfc1","Id4"
"10236","Acvr1c,Acvr2b,Cfc1","Pitx2"
"10237","Acvr1c,Acvr2a","E2f4"
"10238","Acvr1c,Acvr2a","E2f5"
"10239","Acvr1c,Acvr2a","Myc"
"10240","Acvr1c,Acvr2a","Rbl1"
"10241","Acvr1c,Acvr2a","Smad1"
"10242","Acvr1c,Acvr2a","Smad2"
"10243","Acvr1c,Acvr2a","Smad3"
"10244","Acvr1c,Acvr2a","Smad4"
"10245","Acvr1c,Acvr2a","Smad5"
"10246","Acvr1c,Acvr2a","Smad9"
"10247","Acvr1c,Acvr2a","Tfdp1"
"10248","Acvr1c,Acvr2a","Id1"
"10249","Acvr1c,Acvr2a","Id2"
"10250","Acvr1c,Acvr2a","Id3"
"10251","Acvr1c,Acvr2a","Id4"
"10252","Acvr1c,Acvr2a","Pitx2"
"10253","Acvr1c,Acvr2b","E2f4"
"10254","Acvr1c,Acvr2b","E2f5"
"10255","Acvr1c,Acvr2b","Myc"
"10256","Acvr1c,Acvr2b","Rbl1"
"10257","Acvr1c,Acvr2b","Smad1"
"10258","Acvr1c,Acvr2b","Smad2"
"10259","Acvr1c,Acvr2b","Smad3"
"10260","Acvr1c,Acvr2b","Smad4"
"10261","Acvr1c,Acvr2b","Smad5"
"10262","Acvr1c,Acvr2b","Smad9"
"10263","Acvr1c,Acvr2b","Tfdp1"
"10264","Acvr1c,Acvr2b","Id1"
"10265","Acvr1c,Acvr2b","Id2"
"10266","Acvr1c,Acvr2b","Id3"
"10267","Acvr1c,Acvr2b","Id4"
"10268","Acvr1c,Acvr2b","Pitx2"
"10269","Hjv","E2f4"
"10270","Hjv","E2f5"
"10271","Hjv","Myc"
"10272","Hjv","Rbl1"
"10273","Hjv","Smad1"
"10274","Hjv","Smad2"
"10275","Hjv","Smad3"
"10276","Hjv","Smad4"
"10277","Hjv","Smad5"
"10278","Hjv","Smad9"
"10279","Hjv","Tfdp1"
"10280","Hjv","Id1"
"10281","Hjv","Id2"
"10282","Hjv","Id3"
"10283","Hjv","Id4"
"10284","Hjv","Pitx2"
"10285","Epha3","Mapk1"
"10286","Epha3","Mapk3"
"10287","Epha3","Nfatc2"
"10288","Epha3","Nfatc3"
"10289","Epha3","Nfatc4"
"10290","Epha3","Abl1"
"10291","Epha3","Ilk"
"10292","Epha3","Raf1"
"10293","Itgb1","Nfatc2"
"10294","Itgb1","Nfatc3"
"10295","Itgb1","Nfatc4"
"10296","Itgb1","Ilk"
"10297","Nrp1","Mapk1"
"10298","Nrp1","Mapk3"
"10299","Nrp1","Nfatc2"
"10300","Nrp1","Nfatc3"
"10301","Nrp1","Nfatc4"
"10302","Nrp1","Ilk"
"10303","Nrp1","Raf1"
"10304","Fzd3","Ilk"
"10305","Met","Nfatc2"
"10306","Met","Nfatc4"
"10307","Met","Ilk"
"10308","Boc","Mapk1"
"10309","Boc","Mapk3"
"10310","Boc","Nfatc2"
"10311","Boc","Nfatc3"
"10312","Boc","Nfatc4"
"10313","Boc","Ilk"
"10314","Boc","Raf1"
"10315","Ptch1","Mapk1"
"10316","Ptch1","Mapk3"
"10317","Ptch1","Nfatc2"
"10318","Ptch1","Nfatc3"
"10319","Ptch1","Nfatc4"
"10320","Ptch1","Ilk"
"10321","Ptch1","Raf1"
"10322","Dcc","Mapk1"
"10323","Dcc","Mapk3"
"10324","Dcc","Nfatc2"
"10325","Dcc","Nfatc3"
"10326","Dcc","Nfatc4"
"10327","Dcc","Ilk"
"10328","Dcc","Raf1"
"10329","Epha1","Mapk1"
"10330","Epha1","Mapk3"
"10331","Epha1","Nfatc2"
"10332","Epha1","Nfatc3"
"10333","Epha1","Nfatc4"
"10334","Epha1","Abl1"
"10335","Epha1","Ilk"
"10336","Epha1","Raf1"
"10337","Epha2","Nfatc2"
"10338","Epha2","Nfatc4"
"10339","Epha2","Ilk"
"10340","Epha4","Mapk1"
"10341","Epha4","Mapk3"
"10342","Epha4","Nfatc2"
"10343","Epha4","Nfatc3"
"10344","Epha4","Nfatc4"
"10345","Epha4","Abl1"
"10346","Epha4","Ilk"
"10347","Epha4","Raf1"
"10348","Epha5","Mapk1"
"10349","Epha5","Mapk3"
"10350","Epha5","Nfatc2"
"10351","Epha5","Nfatc3"
"10352","Epha5","Nfatc4"
"10353","Epha5","Abl1"
"10354","Epha5","Ilk"
"10355","Epha5","Raf1"
"10356","Epha6","Mapk1"
"10357","Epha6","Mapk3"
"10358","Epha6","Nfatc2"
"10359","Epha6","Nfatc3"
"10360","Epha6","Nfatc4"
"10361","Epha6","Abl1"
"10362","Epha6","Ilk"
"10363","Epha6","Raf1"
"10364","Epha7","Mapk1"
"10365","Epha7","Mapk3"
"10366","Epha7","Nfatc2"
"10367","Epha7","Nfatc3"
"10368","Epha7","Nfatc4"
"10369","Epha7","Abl1"
"10370","Epha7","Ilk"
"10371","Epha7","Raf1"
"10372","Epha8","Mapk1"
"10373","Epha8","Mapk3"
"10374","Epha8","Nfatc2"
"10375","Epha8","Nfatc3"
"10376","Epha8","Nfatc4"
"10377","Epha8","Abl1"
"10378","Epha8","Ilk"
"10379","Epha8","Raf1"
"10380","Ephb1","Mapk1"
"10381","Ephb1","Mapk3"
"10382","Ephb1","Nfatc2"
"10383","Ephb1","Nfatc3"
"10384","Ephb1","Nfatc4"
"10385","Ephb1","Abl1"
"10386","Ephb1","Ilk"
"10387","Ephb1","Raf1"
"10388","Ephb6","Mapk1"
"10389","Ephb6","Mapk3"
"10390","Ephb6","Nfatc2"
"10391","Ephb6","Nfatc3"
"10392","Ephb6","Nfatc4"
"10393","Ephb6","Abl1"
"10394","Ephb6","Ilk"
"10395","Ephb6","Raf1"
"10396","Ephb2","Mapk1"
"10397","Ephb2","Mapk3"
"10398","Ephb2","Nfatc2"
"10399","Ephb2","Nfatc3"
"10400","Ephb2","Nfatc4"
"10401","Ephb2","Abl1"
"10402","Ephb2","Ilk"
"10403","Ephb2","Raf1"
"10404","Ephb3","Mapk1"
"10405","Ephb3","Mapk3"
"10406","Ephb3","Nfatc2"
"10407","Ephb3","Nfatc3"
"10408","Ephb3","Nfatc4"
"10409","Ephb3","Abl1"
"10410","Ephb3","Ilk"
"10411","Ephb3","Raf1"
"10412","Ephb4","Mapk1"
"10413","Ephb4","Mapk3"
"10414","Ephb4","Nfatc2"
"10415","Ephb4","Nfatc3"
"10416","Ephb4","Nfatc4"
"10417","Ephb4","Abl1"
"10418","Ephb4","Ilk"
"10419","Ephb4","Raf1"
"10420","Plxna1","Mapk1"
"10421","Plxna1","Mapk3"
"10422","Plxna1","Nfatc2"
"10423","Plxna1","Nfatc3"
"10424","Plxna1","Nfatc4"
"10425","Plxna1","Ilk"
"10426","Plxna1","Raf1"
"10427","Plxna2","Mapk1"
"10428","Plxna2","Mapk3"
"10429","Plxna2","Nfatc2"
"10430","Plxna2","Nfatc3"
"10431","Plxna2","Nfatc4"
"10432","Plxna2","Ilk"
"10433","Plxna2","Raf1"
"10434","Plxna3","Mapk1"
"10435","Plxna3","Mapk3"
"10436","Plxna3","Nfatc2"
"10437","Plxna3","Nfatc3"
"10438","Plxna3","Nfatc4"
"10439","Plxna3","Ilk"
"10440","Plxna3","Raf1"
"10441","Plxna4","Mapk1"
"10442","Plxna4","Mapk3"
"10443","Plxna4","Nfatc2"
"10444","Plxna4","Nfatc3"
"10445","Plxna4","Nfatc4"
"10446","Plxna4","Ilk"
"10447","Plxna4","Raf1"
"10448","Unc5b","Mapk1"
"10449","Unc5b","Mapk3"
"10450","Unc5b","Nfatc2"
"10451","Unc5b","Nfatc3"
"10452","Unc5b","Nfatc4"
"10453","Unc5b","Ilk"
"10454","Unc5b","Raf1"
"10455","Robo1","Mapk1"
"10456","Robo1","Mapk3"
"10457","Robo1","Nfatc2"
"10458","Robo1","Nfatc3"
"10459","Robo1","Nfatc4"
"10460","Robo1","Ilk"
"10461","Robo1","Raf1"
"10462","Robo3","Mapk1"
"10463","Robo3","Mapk3"
"10464","Robo3","Nfatc2"
"10465","Robo3","Nfatc3"
"10466","Robo3","Nfatc4"
"10467","Robo3","Ilk"
"10468","Robo3","Raf1"
"10469","Neo1","Mapk1"
"10470","Neo1","Mapk3"
"10471","Neo1","Nfatc2"
"10472","Neo1","Nfatc3"
"10473","Neo1","Nfatc4"
"10474","Neo1","Ilk"
"10475","Neo1","Raf1"
"10476","Unc5a","Mapk1"
"10477","Unc5a","Mapk3"
"10478","Unc5a","Nfatc2"
"10479","Unc5a","Nfatc3"
"10480","Unc5a","Nfatc4"
"10481","Unc5a","Ilk"
"10482","Unc5a","Raf1"
"10483","Unc5c","Mapk1"
"10484","Unc5c","Mapk3"
"10485","Unc5c","Nfatc2"
"10486","Unc5c","Nfatc3"
"10487","Unc5c","Nfatc4"
"10488","Unc5c","Ilk"
"10489","Unc5c","Raf1"
"10490","Unc5d","Mapk1"
"10491","Unc5d","Mapk3"
"10492","Unc5d","Nfatc2"
"10493","Unc5d","Nfatc3"
"10494","Unc5d","Nfatc4"
"10495","Unc5d","Ilk"
"10496","Unc5d","Raf1"
"10497","Robo2","Mapk1"
"10498","Robo2","Mapk3"
"10499","Robo2","Nfatc2"
"10500","Robo2","Nfatc3"
"10501","Robo2","Nfatc4"
"10502","Robo2","Ilk"
"10503","Robo2","Raf1"
"10504","Plxnb2","Mapk1"
"10505","Plxnb2","Mapk3"
"10506","Plxnb2","Nfatc2"
"10507","Plxnb2","Nfatc3"
"10508","Plxnb2","Nfatc4"
"10509","Plxnb2","Ilk"
"10510","Plxnb2","Raf1"
"10511","Plxnb1","Mapk1"
"10512","Plxnb1","Mapk3"
"10513","Plxnb1","Nfatc2"
"10514","Plxnb1","Nfatc3"
"10515","Plxnb1","Nfatc4"
"10516","Plxnb1","Ilk"
"10517","Plxnb1","Raf1"
"10518","Plxnb3","Mapk1"
"10519","Plxnb3","Mapk3"
"10520","Plxnb3","Nfatc2"
"10521","Plxnb3","Nfatc3"
"10522","Plxnb3","Nfatc4"
"10523","Plxnb3","Ilk"
"10524","Plxnb3","Raf1"
"10525","Smo","Mapk1"
"10526","Smo","Mapk3"
"10527","Smo","Nfatc2"
"10528","Smo","Nfatc3"
"10529","Smo","Nfatc4"
"10530","Smo","Ilk"
"10531","Smo","Raf1"
"10532","Ryk","Ilk"
"10533","Abl1","Mapk1"
"10534","Abl1","Mapk3"
"10535","Abl1","Nfatc2"
"10536","Abl1","Nfatc3"
"10537","Abl1","Nfatc4"
"10538","Abl1","Ilk"
"10539","Abl1","Raf1"
"10540","Fyn","Nfatc2"
"10541","Fyn","Nfatc3"
"10542","Fyn","Nfatc4"
"10543","Fyn","Ilk"
"10544","Src","Nfatc2"
"10545","Src","Nfatc3"
"10546","Src","Nfatc4"
"10547","Src","Ilk"
"10548","Pak1","Mapk1"
"10549","Pak1","Mapk3"
"10550","Pak1","Nfatc2"
"10551","Pak1","Nfatc3"
"10552","Pak1","Nfatc4"
"10553","Pak1","Ilk"
"10554","Pak1","Raf1"
"10555","Pak2","Mapk1"
"10556","Pak2","Mapk3"
"10557","Pak2","Nfatc2"
"10558","Pak2","Nfatc3"
"10559","Pak2","Nfatc4"
"10560","Pak2","Ilk"
"10561","Pak2","Raf1"
"10562","Pak3","Mapk1"
"10563","Pak3","Mapk3"
"10564","Pak3","Nfatc2"
"10565","Pak3","Nfatc3"
"10566","Pak3","Nfatc4"
"10567","Pak3","Ilk"
"10568","Pak3","Raf1"
"10569","Ptk2","Nfatc2"
"10570","Ptk2","Nfatc3"
"10571","Ptk2","Nfatc4"
"10572","Ptk2","Ilk"
"10573","Prkca","Ilk"
"10574","Fzd3,Lrp5","Ilk"
"10575","Fzd3,Lrp6","Ilk"
"10576","Ptch1,Smo","Mapk1"
"10577","Ptch1,Smo","Mapk3"
"10578","Ptch1,Smo","Nfatc2"
"10579","Ptch1,Smo","Nfatc3"
"10580","Ptch1,Smo","Nfatc4"
"10581","Ptch1,Smo","Ilk"
"10582","Ptch1,Smo","Raf1"
"10583","Ptch2,Smo","Mapk1"
"10584","Ptch2,Smo","Mapk3"
"10585","Ptch2,Smo","Nfatc2"
"10586","Ptch2,Smo","Nfatc3"
"10587","Ptch2,Smo","Nfatc4"
"10588","Ptch2,Smo","Ilk"
"10589","Ptch2,Smo","Raf1"
"10590","Itga5,Itgb1","Nfatc2"
"10591","Itga5,Itgb1","Nfatc3"
"10592","Itga5,Itgb1","Nfatc4"
"10593","Itga5,Itgb1","Ilk"
"10594","Itgav,Itgb1","Nfatc2"
"10595","Itgav,Itgb1","Nfatc3"
"10596","Itgav,Itgb1","Nfatc4"
"10597","Itgav,Itgb1","Ilk"
"10598","Itga4,Itgb1","Nfatc2"
"10599","Itga4,Itgb1","Nfatc3"
"10600","Itga4,Itgb1","Nfatc4"
"10601","Itga4,Itgb1","Ilk"
"10602","Itga9,Itgb1","Nfatc2"
"10603","Itga9,Itgb1","Nfatc3"
"10604","Itga9,Itgb1","Nfatc4"
"10605","Itga9,Itgb1","Ilk"
"10606","Itga8,Itgb1","Nfatc2"
"10607","Itga8,Itgb1","Nfatc3"
"10608","Itga8,Itgb1","Nfatc4"
"10609","Itga8,Itgb1","Ilk"
"10610","Itga1,Itgb1","Nfatc2"
"10611","Itga1,Itgb1","Nfatc3"
"10612","Itga1,Itgb1","Nfatc4"
"10613","Itga1,Itgb1","Ilk"
"10614","Itga6,Itgb1","Nfatc2"
"10615","Itga6,Itgb1","Nfatc3"
"10616","Itga6,Itgb1","Nfatc4"
"10617","Itga6,Itgb1","Ilk"
"10618","Nrp1,Plxna1","Mapk1"
"10619","Nrp1,Plxna1","Mapk3"
"10620","Nrp1,Plxna1","Nfatc2"
"10621","Nrp1,Plxna1","Nfatc3"
"10622","Nrp1,Plxna1","Nfatc4"
"10623","Nrp1,Plxna1","Ilk"
"10624","Nrp1,Plxna1","Raf1"
"10625","Nrp1,Plxna2","Mapk1"
"10626","Nrp1,Plxna2","Mapk3"
"10627","Nrp1,Plxna2","Nfatc2"
"10628","Nrp1,Plxna2","Nfatc3"
"10629","Nrp1,Plxna2","Nfatc4"
"10630","Nrp1,Plxna2","Ilk"
"10631","Nrp1,Plxna2","Raf1"
"10632","Nrp1,Plxna3","Mapk1"
"10633","Nrp1,Plxna3","Mapk3"
"10634","Nrp1,Plxna3","Nfatc2"
"10635","Nrp1,Plxna3","Nfatc3"
"10636","Nrp1,Plxna3","Nfatc4"
"10637","Nrp1,Plxna3","Ilk"
"10638","Nrp1,Plxna3","Raf1"
"10639","Nrp1,Plxna4","Mapk1"
"10640","Nrp1,Plxna4","Mapk3"
"10641","Nrp1,Plxna4","Nfatc2"
"10642","Nrp1,Plxna4","Nfatc3"
"10643","Nrp1,Plxna4","Nfatc4"
"10644","Nrp1,Plxna4","Ilk"
"10645","Nrp1,Plxna4","Raf1"
"10646","Nrp2,Plxna1","Mapk1"
"10647","Nrp2,Plxna1","Mapk3"
"10648","Nrp2,Plxna1","Nfatc2"
"10649","Nrp2,Plxna1","Nfatc3"
"10650","Nrp2,Plxna1","Nfatc4"
"10651","Nrp2,Plxna1","Ilk"
"10652","Nrp2,Plxna1","Raf1"
"10653","Nrp2,Plxna2","Mapk1"
"10654","Nrp2,Plxna2","Mapk3"
"10655","Nrp2,Plxna2","Nfatc2"
"10656","Nrp2,Plxna2","Nfatc3"
"10657","Nrp2,Plxna2","Nfatc4"
"10658","Nrp2,Plxna2","Ilk"
"10659","Nrp2,Plxna2","Raf1"
"10660","Nrp2,Plxna3","Mapk1"
"10661","Nrp2,Plxna3","Mapk3"
"10662","Nrp2,Plxna3","Nfatc2"
"10663","Nrp2,Plxna3","Nfatc3"
"10664","Nrp2,Plxna3","Nfatc4"
"10665","Nrp2,Plxna3","Ilk"
"10666","Nrp2,Plxna3","Raf1"
"10667","Nrp2,Plxna4","Mapk1"
"10668","Nrp2,Plxna4","Mapk3"
"10669","Nrp2,Plxna4","Nfatc2"
"10670","Nrp2,Plxna4","Nfatc3"
"10671","Nrp2,Plxna4","Nfatc4"
"10672","Nrp2,Plxna4","Ilk"
"10673","Nrp2,Plxna4","Raf1"
"10674","Nrp1,Nrp2,Plxnd1","Mapk1"
"10675","Nrp1,Nrp2,Plxnd1","Mapk3"
"10676","Nrp1,Nrp2,Plxnd1","Nfatc2"
"10677","Nrp1,Nrp2,Plxnd1","Nfatc3"
"10678","Nrp1,Nrp2,Plxnd1","Nfatc4"
"10679","Nrp1,Nrp2,Plxnd1","Ilk"
"10680","Nrp1,Nrp2,Plxnd1","Raf1"
"10681","Itga2,Itgb1","Nfatc2"
"10682","Itga2,Itgb1","Nfatc3"
"10683","Itga2,Itgb1","Nfatc4"
"10684","Itga2,Itgb1","Ilk"
"10685","Itga3,Itgb1","Nfatc2"
"10686","Itga3,Itgb1","Nfatc3"
"10687","Itga3,Itgb1","Nfatc4"
"10688","Itga3,Itgb1","Ilk"
"10689","Itga7,Itgb1","Nfatc2"
"10690","Itga7,Itgb1","Nfatc3"
"10691","Itga7,Itgb1","Nfatc4"
"10692","Itga7,Itgb1","Ilk"
"10693","Itga10,Itgb1","Nfatc2"
"10694","Itga10,Itgb1","Nfatc3"
"10695","Itga10,Itgb1","Nfatc4"
"10696","Itga10,Itgb1","Ilk"
"10697","Itga11,Itgb1","Nfatc2"
"10698","Itga11,Itgb1","Nfatc3"
"10699","Itga11,Itgb1","Nfatc4"
"10700","Itga11,Itgb1","Ilk"
"10701","L1cam","Mapk1"
"10702","L1cam","Mapk3"
"10703","L1cam","Nfatc2"
"10704","L1cam","Nfatc3"
"10705","L1cam","Nfatc4"
"10706","L1cam","Ilk"
"10707","L1cam","Raf1"
"10708","Plxna1,Kdr","Nfatc2"
"10709","Plxna1,Kdr","Nfatc4"
"10710","Plxna1,Kdr","Ilk"
"10711","Plxna1,Trem2,Tyrobp","Mapk1"
"10712","Plxna1,Trem2,Tyrobp","Mapk3"
"10713","Plxna1,Trem2,Tyrobp","Nfatc2"
"10714","Plxna1,Trem2,Tyrobp","Nfatc3"
"10715","Plxna1,Trem2,Tyrobp","Nfatc4"
"10716","Plxna1,Trem2,Tyrobp","Ilk"
"10717","Plxna1,Trem2,Tyrobp","Raf1"
"10718","Itgb1,Itga1","Nfatc2"
"10719","Itgb1,Itga1","Nfatc3"
"10720","Itgb1,Itga1","Nfatc4"
"10721","Itgb1,Itga1","Ilk"
"10722","Kdr","Nfatc2"
"10723","Kdr","Hspb1"
"10724","Vegfa","Nfatc2"
"10725","Vegfa","Hspb1"
"10726","Flt1,Kdr","Nfatc2"
"10727","Flt1,Kdr","Hspb1"
"10728","Flt4,Kdr","Nfatc2"
"10729","Flt4,Kdr","Hspb1"
"10730","Plxna1,Kdr","Hspb1"
"10731","Aplnr","Akt1"
"10732","Aplnr","Egr1"
"10733","Aplnr","Mapk1"
"10734","Aplnr","Mapk3"
"10735","Aplnr","Ccnd1"
"10736","Aplnr","Hdac4"
"10737","Aplnr","Klf2"
"10738","Aplnr","Mef2a"
"10739","Aplnr","Mef2c"
"10740","Aplnr","Mef2d"
"10741","Aplnr","Notch3"
"10742","Aplnr","Nrf1"
"10743","Aplnr","Ppargc1a"
"10744","Aplnr","Raf1"
"10745","Notch3","Ccnd1"
"10746","Hdac4","Klf2"
"10747","Hdac4","Mef2a"
"10748","Hdac4","Mef2c"
"10749","Hdac4","Mef2d"
"10750","Plcb2","Egr1"
"10751","Plcb2","Ccnd1"
"10752","Plcb2","Notch3"
"10753","Raf1","Egr1"
"10754","Raf1","Notch3"
"10755","Jag1","Ccnd1"
"10756","Sirpa","Akt1"
"10757","Sirpa","Creb1"
"10758","Sirpa","Fos"
"10759","Sirpa","Fosb"
"10760","Sirpa","Jun"
"10761","Sirpa","Junb"
"10762","Sirpa","Jund"
"10763","Sirpa","Mapk10"
"10764","Sirpa","Mapk11"
"10765","Sirpa","Mapk12"
"10766","Sirpa","Mapk13"
"10767","Sirpa","Mapk14"
"10768","Sirpa","Mapk8"
"10769","Sirpa","Mapk9"
"10770","Sirpa","Nfatc1"
"10771","Sirpa","Nfkb1"
"10772","Sirpa","Nfkb2"
"10773","Sirpa","Rela"
"10774","Sirpa","Relb"
"10775","Sirpa","Stat1"
"10776","Sirpa","Stat2"
"10777","Sirpa","Fosl1"
"10778","Sirpa","Fosl2"
"10779","Sirpa","Ikbkb"
"10780","Sirpa","Irf9"
"10781","Sirpa","Map3k7"
"10782","Sirpa","Nfkbia"
"10783","Tnfrsf1a","Creb1"
"10784","Tnfrsf1a","Fosb"
"10785","Tnfrsf1a","Junb"
"10786","Tnfrsf1a","Stat1"
"10787","Tnfrsf1a","Stat2"
"10788","Tnfrsf1a","Fosl1"
"10789","Tnfrsf1a","Fosl2"
"10790","Tnfrsf1a","Irf9"
"10791","Tnfrsf11b","Akt1"
"10792","Tnfrsf11b","Creb1"
"10793","Tnfrsf11b","Fos"
"10794","Tnfrsf11b","Fosb"
"10795","Tnfrsf11b","Jun"
"10796","Tnfrsf11b","Junb"
"10797","Tnfrsf11b","Jund"
"10798","Tnfrsf11b","Mapk10"
"10799","Tnfrsf11b","Mapk11"
"10800","Tnfrsf11b","Mapk12"
"10801","Tnfrsf11b","Mapk13"
"10802","Tnfrsf11b","Mapk14"
"10803","Tnfrsf11b","Mapk8"
"10804","Tnfrsf11b","Mapk9"
"10805","Tnfrsf11b","Nfatc1"
"10806","Tnfrsf11b","Nfkb1"
"10807","Tnfrsf11b","Nfkb2"
"10808","Tnfrsf11b","Rela"
"10809","Tnfrsf11b","Relb"
"10810","Tnfrsf11b","Stat1"
"10811","Tnfrsf11b","Stat2"
"10812","Tnfrsf11b","Fosl1"
"10813","Tnfrsf11b","Fosl2"
"10814","Tnfrsf11b","Ikbkb"
"10815","Tnfrsf11b","Irf9"
"10816","Tnfrsf11b","Map3k7"
"10817","Tnfrsf11b","Nfkbia"
"10818","Traf2","Akt1"
"10819","Traf2","Creb1"
"10820","Traf2","Fosb"
"10821","Traf2","Junb"
"10822","Traf2","Stat1"
"10823","Traf2","Stat2"
"10824","Traf2","Fosl1"
"10825","Traf2","Fosl2"
"10826","Traf2","Irf9"
"10827","Ifnar1","Fos"
"10828","Ifnar1","Fosb"
"10829","Ifnar1","Jun"
"10830","Ifnar1","Junb"
"10831","Ifnar1","Jund"
"10832","Ifnar1","Mapk11"
"10833","Ifnar1","Mapk12"
"10834","Ifnar1","Mapk13"
"10835","Ifnar1","Mapk14"
"10836","Ifnar1","Nfatc1"
"10837","Ifnar1","Nfkb2"
"10838","Ifnar1","Relb"
"10839","Ifnar1","Fosl1"
"10840","Ifnar1","Fosl2"
"10841","Ifnar1","Map3k7"
"10842","Ifnar1","Nfkbia"
"10843","Ifnar2","Fos"
"10844","Ifnar2","Fosb"
"10845","Ifnar2","Jun"
"10846","Ifnar2","Junb"
"10847","Ifnar2","Jund"
"10848","Ifnar2","Mapk11"
"10849","Ifnar2","Mapk12"
"10850","Ifnar2","Mapk13"
"10851","Ifnar2","Mapk14"
"10852","Ifnar2","Nfatc1"
"10853","Ifnar2","Nfkb2"
"10854","Ifnar2","Relb"
"10855","Ifnar2","Fosl1"
"10856","Ifnar2","Fosl2"
"10857","Ifnar2","Map3k7"
"10858","Ifnar2","Nfkbia"
"10859","Ifngr1","Creb1"
"10860","Ifngr1","Fos"
"10861","Ifngr1","Fosb"
"10862","Ifngr1","Jun"
"10863","Ifngr1","Junb"
"10864","Ifngr1","Jund"
"10865","Ifngr1","Mapk11"
"10866","Ifngr1","Mapk12"
"10867","Ifngr1","Mapk13"
"10868","Ifngr1","Mapk14"
"10869","Ifngr1","Nfatc1"
"10870","Ifngr1","Nfkb2"
"10871","Ifngr1","Relb"
"10872","Ifngr1","Fosl1"
"10873","Ifngr1","Fosl2"
"10874","Ifngr1","Ikbkb"
"10875","Ifngr1","Map3k7"
"10876","Ifngr1","Nfkbia"
"10877","Ifngr2","Creb1"
"10878","Ifngr2","Fos"
"10879","Ifngr2","Fosb"
"10880","Ifngr2","Jun"
"10881","Ifngr2","Junb"
"10882","Ifngr2","Jund"
"10883","Ifngr2","Mapk11"
"10884","Ifngr2","Mapk12"
"10885","Ifngr2","Mapk13"
"10886","Ifngr2","Mapk14"
"10887","Ifngr2","Nfatc1"
"10888","Ifngr2","Nfkb2"
"10889","Ifngr2","Relb"
"10890","Ifngr2","Fosl1"
"10891","Ifngr2","Fosl2"
"10892","Ifngr2","Ikbkb"
"10893","Ifngr2","Map3k7"
"10894","Ifngr2","Nfkbia"
"10895","Il1r1","Akt1"
"10896","Il1r1","Creb1"
"10897","Il1r1","Fosb"
"10898","Il1r1","Jun"
"10899","Il1r1","Junb"
"10900","Il1r1","Jund"
"10901","Il1r1","Mapk10"
"10902","Il1r1","Mapk8"
"10903","Il1r1","Mapk9"
"10904","Il1r1","Nfatc1"
"10905","Il1r1","Stat1"
"10906","Il1r1","Stat2"
"10907","Il1r1","Fosl1"
"10908","Il1r1","Fosl2"
"10909","Il1r1","Irf9"
"10910","Trem2","Akt1"
"10911","Trem2","Creb1"
"10912","Trem2","Fos"
"10913","Trem2","Fosb"
"10914","Trem2","Jun"
"10915","Trem2","Junb"
"10916","Trem2","Jund"
"10917","Trem2","Mapk10"
"10918","Trem2","Mapk11"
"10919","Trem2","Mapk12"
"10920","Trem2","Mapk13"
"10921","Trem2","Mapk14"
"10922","Trem2","Mapk8"
"10923","Trem2","Mapk9"
"10924","Trem2","Nfatc1"
"10925","Trem2","Nfkb1"
"10926","Trem2","Nfkb2"
"10927","Trem2","Rela"
"10928","Trem2","Relb"
"10929","Trem2","Stat1"
"10930","Trem2","Stat2"
"10931","Trem2","Fosl1"
"10932","Trem2","Fosl2"
"10933","Trem2","Ikbkb"
"10934","Trem2","Irf9"
"10935","Trem2","Map3k7"
"10936","Trem2","Nfkbia"
"10937","Tyrobp","Akt1"
"10938","Tyrobp","Creb1"
"10939","Tyrobp","Fos"
"10940","Tyrobp","Fosb"
"10941","Tyrobp","Jun"
"10942","Tyrobp","Junb"
"10943","Tyrobp","Jund"
"10944","Tyrobp","Mapk10"
"10945","Tyrobp","Mapk11"
"10946","Tyrobp","Mapk12"
"10947","Tyrobp","Mapk13"
"10948","Tyrobp","Mapk14"
"10949","Tyrobp","Mapk8"
"10950","Tyrobp","Mapk9"
"10951","Tyrobp","Nfatc1"
"10952","Tyrobp","Nfkb1"
"10953","Tyrobp","Nfkb2"
"10954","Tyrobp","Rela"
"10955","Tyrobp","Relb"
"10956","Tyrobp","Stat1"
"10957","Tyrobp","Stat2"
"10958","Tyrobp","Fosl1"
"10959","Tyrobp","Fosl2"
"10960","Tyrobp","Ikbkb"
"10961","Tyrobp","Irf9"
"10962","Tyrobp","Map3k7"
"10963","Tyrobp","Nfkbia"
"10964","Sirpb1a","Akt1"
"10965","Sirpb1a","Creb1"
"10966","Sirpb1a","Fos"
"10967","Sirpb1a","Fosb"
"10968","Sirpb1a","Jun"
"10969","Sirpb1a","Junb"
"10970","Sirpb1a","Jund"
"10971","Sirpb1a","Mapk10"
"10972","Sirpb1a","Mapk11"
"10973","Sirpb1a","Mapk12"
"10974","Sirpb1a","Mapk13"
"10975","Sirpb1a","Mapk14"
"10976","Sirpb1a","Mapk8"
"10977","Sirpb1a","Mapk9"
"10978","Sirpb1a","Nfatc1"
"10979","Sirpb1a","Nfkb1"
"10980","Sirpb1a","Nfkb2"
"10981","Sirpb1a","Rela"
"10982","Sirpb1a","Relb"
"10983","Sirpb1a","Stat1"
"10984","Sirpb1a","Stat2"
"10985","Sirpb1a","Fosl1"
"10986","Sirpb1a","Fosl2"
"10987","Sirpb1a","Ikbkb"
"10988","Sirpb1a","Irf9"
"10989","Sirpb1a","Map3k7"
"10990","Sirpb1a","Nfkbia"
"10991","Tnfrsf11a","Akt1"
"10992","Tnfrsf11a","Creb1"
"10993","Tnfrsf11a","Fos"
"10994","Tnfrsf11a","Fosb"
"10995","Tnfrsf11a","Jun"
"10996","Tnfrsf11a","Junb"
"10997","Tnfrsf11a","Jund"
"10998","Tnfrsf11a","Mapk10"
"10999","Tnfrsf11a","Mapk11"
"11000","Tnfrsf11a","Mapk12"
"11001","Tnfrsf11a","Mapk13"
"11002","Tnfrsf11a","Mapk14"
"11003","Tnfrsf11a","Mapk8"
"11004","Tnfrsf11a","Mapk9"
"11005","Tnfrsf11a","Nfatc1"
"11006","Tnfrsf11a","Stat1"
"11007","Tnfrsf11a","Stat2"
"11008","Tnfrsf11a","Fosl1"
"11009","Tnfrsf11a","Fosl2"
"11010","Tnfrsf11a","Irf9"
"11011","Fyn","Creb1"
"11012","Fyn","Fos"
"11013","Fyn","Fosb"
"11014","Fyn","Jun"
"11015","Fyn","Junb"
"11016","Fyn","Jund"
"11017","Fyn","Mapk10"
"11018","Fyn","Mapk11"
"11019","Fyn","Mapk12"
"11020","Fyn","Mapk13"
"11021","Fyn","Mapk14"
"11022","Fyn","Mapk8"
"11023","Fyn","Mapk9"
"11024","Fyn","Nfatc1"
"11025","Fyn","Nfkb1"
"11026","Fyn","Nfkb2"
"11027","Fyn","Rela"
"11028","Fyn","Relb"
"11029","Fyn","Stat1"
"11030","Fyn","Stat2"
"11031","Fyn","Fosl1"
"11032","Fyn","Fosl2"
"11033","Fyn","Ikbkb"
"11034","Fyn","Irf9"
"11035","Fyn","Map3k7"
"11036","Fyn","Nfkbia"
"11037","Chuk","Creb1"
"11038","Chuk","Fosb"
"11039","Chuk","Junb"
"11040","Chuk","Jund"
"11041","Chuk","Mapk11"
"11042","Chuk","Mapk12"
"11043","Chuk","Mapk13"
"11044","Chuk","Mapk14"
"11045","Chuk","Nfatc1"
"11046","Chuk","Stat1"
"11047","Chuk","Stat2"
"11048","Chuk","Fosl1"
"11049","Chuk","Fosl2"
"11050","Chuk","Ikbkb"
"11051","Chuk","Irf9"
"11052","Ikbkb","Creb1"
"11053","Ikbkb","Fosb"
"11054","Ikbkb","Junb"
"11055","Ikbkb","Jund"
"11056","Ikbkb","Mapk11"
"11057","Ikbkb","Mapk12"
"11058","Ikbkb","Mapk13"
"11059","Ikbkb","Mapk14"
"11060","Ikbkb","Nfatc1"
"11061","Ikbkb","Stat1"
"11062","Ikbkb","Stat2"
"11063","Ikbkb","Fosl1"
"11064","Ikbkb","Fosl2"
"11065","Ikbkb","Irf9"
"11066","Btk","Akt1"
"11067","Btk","Creb1"
"11068","Btk","Fos"
"11069","Btk","Fosb"
"11070","Btk","Jun"
"11071","Btk","Junb"
"11072","Btk","Jund"
"11073","Btk","Mapk10"
"11074","Btk","Mapk11"
"11075","Btk","Mapk12"
"11076","Btk","Mapk13"
"11077","Btk","Mapk14"
"11078","Btk","Mapk8"
"11079","Btk","Mapk9"
"11080","Btk","Nfatc1"
"11081","Btk","Stat1"
"11082","Btk","Stat2"
"11083","Btk","Fosl1"
"11084","Btk","Fosl2"
"11085","Btk","Irf9"
"11086","Lck","Akt1"
"11087","Lck","Creb1"
"11088","Lck","Fos"
"11089","Lck","Fosb"
"11090","Lck","Jun"
"11091","Lck","Junb"
"11092","Lck","Jund"
"11093","Lck","Mapk10"
"11094","Lck","Mapk11"
"11095","Lck","Mapk12"
"11096","Lck","Mapk13"
"11097","Lck","Mapk14"
"11098","Lck","Mapk8"
"11099","Lck","Mapk9"
"11100","Lck","Nfatc1"
"11101","Lck","Nfkb1"
"11102","Lck","Nfkb2"
"11103","Lck","Rela"
"11104","Lck","Relb"
"11105","Lck","Stat1"
"11106","Lck","Stat2"
"11107","Lck","Fosl1"
"11108","Lck","Fosl2"
"11109","Lck","Ikbkb"
"11110","Lck","Irf9"
"11111","Lck","Map3k7"
"11112","Lck","Nfkbia"
"11113","Mapk14","Creb1"
"11114","Mapk14","Fosb"
"11115","Mapk14","Junb"
"11116","Mapk14","Jund"
"11117","Mapk14","Mapk10"
"11118","Mapk14","Mapk8"
"11119","Mapk14","Mapk9"
"11120","Mapk14","Nfatc1"
"11121","Mapk14","Nfkb1"
"11122","Mapk14","Nfkb2"
"11123","Mapk14","Rela"
"11124","Mapk14","Relb"
"11125","Mapk14","Stat1"
"11126","Mapk14","Stat2"
"11127","Mapk14","Fosl1"
"11128","Mapk14","Fosl2"
"11129","Mapk14","Ikbkb"
"11130","Mapk14","Irf9"
"11131","Mapk14","Map3k7"
"11132","Mapk14","Nfkbia"
"11133","Pparg","Akt1"
"11134","Pparg","Creb1"
"11135","Pparg","Fos"
"11136","Pparg","Fosb"
"11137","Pparg","Jun"
"11138","Pparg","Junb"
"11139","Pparg","Jund"
"11140","Pparg","Mapk10"
"11141","Pparg","Mapk11"
"11142","Pparg","Mapk12"
"11143","Pparg","Mapk13"
"11144","Pparg","Mapk14"
"11145","Pparg","Mapk8"
"11146","Pparg","Mapk9"
"11147","Pparg","Nfatc1"
"11148","Pparg","Nfkb1"
"11149","Pparg","Nfkb2"
"11150","Pparg","Rela"
"11151","Pparg","Relb"
"11152","Pparg","Stat1"
"11153","Pparg","Stat2"
"11154","Pparg","Fosl1"
"11155","Pparg","Fosl2"
"11156","Pparg","Ikbkb"
"11157","Pparg","Irf9"
"11158","Pparg","Map3k7"
"11159","Pparg","Nfkbia"
"11160","Fcgr1","Akt1"
"11161","Fcgr1","Creb1"
"11162","Fcgr1","Fos"
"11163","Fcgr1","Fosb"
"11164","Fcgr1","Jun"
"11165","Fcgr1","Junb"
"11166","Fcgr1","Jund"
"11167","Fcgr1","Mapk10"
"11168","Fcgr1","Mapk11"
"11169","Fcgr1","Mapk12"
"11170","Fcgr1","Mapk13"
"11171","Fcgr1","Mapk14"
"11172","Fcgr1","Mapk8"
"11173","Fcgr1","Mapk9"
"11174","Fcgr1","Nfatc1"
"11175","Fcgr1","Nfkb1"
"11176","Fcgr1","Nfkb2"
"11177","Fcgr1","Rela"
"11178","Fcgr1","Relb"
"11179","Fcgr1","Stat1"
"11180","Fcgr1","Stat2"
"11181","Fcgr1","Fosl1"
"11182","Fcgr1","Fosl2"
"11183","Fcgr1","Ikbkb"
"11184","Fcgr1","Irf9"
"11185","Fcgr1","Map3k7"
"11186","Fcgr1","Nfkbia"
"11187","Il1r1,Il1rap","Akt1"
"11188","Il1r1,Il1rap","Creb1"
"11189","Il1r1,Il1rap","Fosb"
"11190","Il1r1,Il1rap","Jun"
"11191","Il1r1,Il1rap","Junb"
"11192","Il1r1,Il1rap","Jund"
"11193","Il1r1,Il1rap","Mapk10"
"11194","Il1r1,Il1rap","Mapk8"
"11195","Il1r1,Il1rap","Mapk9"
"11196","Il1r1,Il1rap","Nfatc1"
"11197","Il1r1,Il1rap","Stat1"
"11198","Il1r1,Il1rap","Stat2"
"11199","Il1r1,Il1rap","Fosl1"
"11200","Il1r1,Il1rap","Fosl2"
"11201","Il1r1,Il1rap","Irf9"
"11202","Ifnar1,Ifnar2","Fos"
"11203","Ifnar1,Ifnar2","Fosb"
"11204","Ifnar1,Ifnar2","Jun"
"11205","Ifnar1,Ifnar2","Junb"
"11206","Ifnar1,Ifnar2","Jund"
"11207","Ifnar1,Ifnar2","Mapk11"
"11208","Ifnar1,Ifnar2","Mapk12"
"11209","Ifnar1,Ifnar2","Mapk13"
"11210","Ifnar1,Ifnar2","Mapk14"
"11211","Ifnar1,Ifnar2","Nfatc1"
"11212","Ifnar1,Ifnar2","Nfkb2"
"11213","Ifnar1,Ifnar2","Relb"
"11214","Ifnar1,Ifnar2","Fosl1"
"11215","Ifnar1,Ifnar2","Fosl2"
"11216","Ifnar1,Ifnar2","Map3k7"
"11217","Ifnar1,Ifnar2","Nfkbia"
"11218","Ifngr1,Ifngr2","Creb1"
"11219","Ifngr1,Ifngr2","Fos"
"11220","Ifngr1,Ifngr2","Fosb"
"11221","Ifngr1,Ifngr2","Jun"
"11222","Ifngr1,Ifngr2","Junb"
"11223","Ifngr1,Ifngr2","Jund"
"11224","Ifngr1,Ifngr2","Mapk11"
"11225","Ifngr1,Ifngr2","Mapk12"
"11226","Ifngr1,Ifngr2","Mapk13"
"11227","Ifngr1,Ifngr2","Mapk14"
"11228","Ifngr1,Ifngr2","Nfatc1"
"11229","Ifngr1,Ifngr2","Nfkb2"
"11230","Ifngr1,Ifngr2","Relb"
"11231","Ifngr1,Ifngr2","Fosl1"
"11232","Ifngr1,Ifngr2","Fosl2"
"11233","Ifngr1,Ifngr2","Ikbkb"
"11234","Ifngr1,Ifngr2","Map3k7"
"11235","Ifngr1,Ifngr2","Nfkbia"
"11236","Pirb","Akt1"
"11237","Pirb","Creb1"
"11238","Pirb","Fos"
"11239","Pirb","Fosb"
"11240","Pirb","Jun"
"11241","Pirb","Junb"
"11242","Pirb","Jund"
"11243","Pirb","Mapk10"
"11244","Pirb","Mapk11"
"11245","Pirb","Mapk12"
"11246","Pirb","Mapk13"
"11247","Pirb","Mapk14"
"11248","Pirb","Mapk8"
"11249","Pirb","Mapk9"
"11250","Pirb","Nfatc1"
"11251","Pirb","Nfkb1"
"11252","Pirb","Nfkb2"
"11253","Pirb","Rela"
"11254","Pirb","Relb"
"11255","Pirb","Stat1"
"11256","Pirb","Stat2"
"11257","Pirb","Fosl1"
"11258","Pirb","Fosl2"
"11259","Pirb","Ikbkb"
"11260","Pirb","Irf9"
"11261","Pirb","Map3k7"
"11262","Pirb","Nfkbia"
"11263","Pira2","Akt1"
"11264","Pira2","Creb1"
"11265","Pira2","Fos"
"11266","Pira2","Fosb"
"11267","Pira2","Jun"
"11268","Pira2","Junb"
"11269","Pira2","Jund"
"11270","Pira2","Mapk10"
"11271","Pira2","Mapk11"
"11272","Pira2","Mapk12"
"11273","Pira2","Mapk13"
"11274","Pira2","Mapk14"
"11275","Pira2","Mapk8"
"11276","Pira2","Mapk9"
"11277","Pira2","Nfatc1"
"11278","Pira2","Nfkb1"
"11279","Pira2","Nfkb2"
"11280","Pira2","Rela"
"11281","Pira2","Relb"
"11282","Pira2","Stat1"
"11283","Pira2","Stat2"
"11284","Pira2","Fosl1"
"11285","Pira2","Fosl2"
"11286","Pira2","Ikbkb"
"11287","Pira2","Irf9"
"11288","Pira2","Map3k7"
"11289","Pira2","Nfkbia"
"11290","Plxna1,Trem2,Tyrobp","Akt1"
"11291","Plxna1,Trem2,Tyrobp","Creb1"
"11292","Plxna1,Trem2,Tyrobp","Fos"
"11293","Plxna1,Trem2,Tyrobp","Fosb"
"11294","Plxna1,Trem2,Tyrobp","Jun"
"11295","Plxna1,Trem2,Tyrobp","Junb"
"11296","Plxna1,Trem2,Tyrobp","Jund"
"11297","Plxna1,Trem2,Tyrobp","Mapk10"
"11298","Plxna1,Trem2,Tyrobp","Mapk11"
"11299","Plxna1,Trem2,Tyrobp","Mapk12"
"11300","Plxna1,Trem2,Tyrobp","Mapk13"
"11301","Plxna1,Trem2,Tyrobp","Mapk14"
"11302","Plxna1,Trem2,Tyrobp","Mapk8"
"11303","Plxna1,Trem2,Tyrobp","Mapk9"
"11304","Plxna1,Trem2,Tyrobp","Nfatc1"
"11305","Plxna1,Trem2,Tyrobp","Nfkb1"
"11306","Plxna1,Trem2,Tyrobp","Nfkb2"
"11307","Plxna1,Trem2,Tyrobp","Rela"
"11308","Plxna1,Trem2,Tyrobp","Relb"
"11309","Plxna1,Trem2,Tyrobp","Stat1"
"11310","Plxna1,Trem2,Tyrobp","Stat2"
"11311","Plxna1,Trem2,Tyrobp","Fosl1"
"11312","Plxna1,Trem2,Tyrobp","Fosl2"
"11313","Plxna1,Trem2,Tyrobp","Ikbkb"
"11314","Plxna1,Trem2,Tyrobp","Irf9"
"11315","Plxna1,Trem2,Tyrobp","Map3k7"
"11316","Plxna1,Trem2,Tyrobp","Nfkbia"
"11317","Bmpr1a","Bbc3"
"11318","Bmpr1a","Ctnnb1"
"11319","Bmpr1a","Gli2"
"11320","Bmpr1a","Lef1"
"11321","Bmpr1a","Smad7"
"11322","Bmpr1a","Tcf7"
"11323","Bmpr1a","Tcf7l1"
"11324","Bmpr1a","Tcf7l2"
"11325","Bmpr1a","Trp73"
"11326","Bmpr1a","Apc"
"11327","Bmpr1a","Ccnd1"
"11328","Bmpr1a","Snai2"
"11329","Bmpr1a","Sox2"
"11330","Bmpr1a","Tead2"
"11331","Bmpr1a","Tead4"
"11332","Bmpr1a","Wwtr1"
"11333","Bmpr1a","Nkd2"
"11334","Bmpr1a","Tead1"
"11335","Bmpr1a","Tead3"
"11336","Bmpr1b","Bbc3"
"11337","Bmpr1b","Ctnnb1"
"11338","Bmpr1b","Gli2"
"11339","Bmpr1b","Lef1"
"11340","Bmpr1b","Smad7"
"11341","Bmpr1b","Tcf7"
"11342","Bmpr1b","Tcf7l1"
"11343","Bmpr1b","Tcf7l2"
"11344","Bmpr1b","Trp73"
"11345","Bmpr1b","Apc"
"11346","Bmpr1b","Ccnd1"
"11347","Bmpr1b","Snai2"
"11348","Bmpr1b","Sox2"
"11349","Bmpr1b","Tead2"
"11350","Bmpr1b","Tead4"
"11351","Bmpr1b","Wwtr1"
"11352","Bmpr1b","Nkd2"
"11353","Bmpr1b","Tead1"
"11354","Bmpr1b","Tead3"
"11355","Bmpr2","Bbc3"
"11356","Bmpr2","Ctnnb1"
"11357","Bmpr2","Gli2"
"11358","Bmpr2","Lef1"
"11359","Bmpr2","Smad7"
"11360","Bmpr2","Tcf7"
"11361","Bmpr2","Tcf7l1"
"11362","Bmpr2","Tcf7l2"
"11363","Bmpr2","Trp73"
"11364","Bmpr2","Apc"
"11365","Bmpr2","Ccnd1"
"11366","Bmpr2","Snai2"
"11367","Bmpr2","Sox2"
"11368","Bmpr2","Tead2"
"11369","Bmpr2","Tead4"
"11370","Bmpr2","Wwtr1"
"11371","Bmpr2","Nkd2"
"11372","Bmpr2","Tead1"
"11373","Bmpr2","Tead3"
"11374","Tgfbr1","Bbc3"
"11375","Tgfbr1","Ctnnb1"
"11376","Tgfbr1","Gli2"
"11377","Tgfbr1","Lef1"
"11378","Tgfbr1","Smad7"
"11379","Tgfbr1","Tcf7"
"11380","Tgfbr1","Tcf7l1"
"11381","Tgfbr1","Tcf7l2"
"11382","Tgfbr1","Trp73"
"11383","Tgfbr1","Apc"
"11384","Tgfbr1","Snai2"
"11385","Tgfbr1","Sox2"
"11386","Tgfbr1","Tead2"
"11387","Tgfbr1","Tead4"
"11388","Tgfbr1","Wwtr1"
"11389","Tgfbr1","Nkd2"
"11390","Tgfbr1","Tead1"
"11391","Tgfbr1","Tead3"
"11392","Tgfbr2","Bbc3"
"11393","Tgfbr2","Ctnnb1"
"11394","Tgfbr2","Gli2"
"11395","Tgfbr2","Lef1"
"11396","Tgfbr2","Smad7"
"11397","Tgfbr2","Tcf7"
"11398","Tgfbr2","Tcf7l1"
"11399","Tgfbr2","Tcf7l2"
"11400","Tgfbr2","Trp73"
"11401","Tgfbr2","Apc"
"11402","Tgfbr2","Snai2"
"11403","Tgfbr2","Sox2"
"11404","Tgfbr2","Tead2"
"11405","Tgfbr2","Tead4"
"11406","Tgfbr2","Wwtr1"
"11407","Tgfbr2","Nkd2"
"11408","Tgfbr2","Tead1"
"11409","Tgfbr2","Tead3"
"11410","Fzd3","Bbc3"
"11411","Fzd3","Gli2"
"11412","Fzd3","Smad1"
"11413","Fzd3","Smad2"
"11414","Fzd3","Smad3"
"11415","Fzd3","Smad4"
"11416","Fzd3","Smad7"
"11417","Fzd3","Trp73"
"11418","Fzd3","Id1"
"11419","Fzd3","Id2"
"11420","Fzd3","Snai2"
"11421","Fzd3","Sox2"
"11422","Fzd3","Tead2"
"11423","Fzd3","Tead4"
"11424","Fzd3","Wwtr1"
"11425","Fzd3","Nkd2"
"11426","Fzd3","Tead1"
"11427","Fzd3","Tead3"
"11428","Fzd5","Bbc3"
"11429","Fzd5","Gli2"
"11430","Fzd5","Smad1"
"11431","Fzd5","Smad2"
"11432","Fzd5","Smad3"
"11433","Fzd5","Smad4"
"11434","Fzd5","Smad7"
"11435","Fzd5","Trp73"
"11436","Fzd5","Id1"
"11437","Fzd5","Id2"
"11438","Fzd5","Snai2"
"11439","Fzd5","Sox2"
"11440","Fzd5","Tead2"
"11441","Fzd5","Tead4"
"11442","Fzd5","Wwtr1"
"11443","Fzd5","Nkd2"
"11444","Fzd5","Tead1"
"11445","Fzd5","Tead3"
"11446","Fzd6","Bbc3"
"11447","Fzd6","Gli2"
"11448","Fzd6","Smad1"
"11449","Fzd6","Smad2"
"11450","Fzd6","Smad3"
"11451","Fzd6","Smad4"
"11452","Fzd6","Smad7"
"11453","Fzd6","Trp73"
"11454","Fzd6","Id1"
"11455","Fzd6","Id2"
"11456","Fzd6","Snai2"
"11457","Fzd6","Sox2"
"11458","Fzd6","Tead2"
"11459","Fzd6","Tead4"
"11460","Fzd6","Wwtr1"
"11461","Fzd6","Nkd2"
"11462","Fzd6","Tead1"
"11463","Fzd6","Tead3"
"11464","Fzd8","Bbc3"
"11465","Fzd8","Gli2"
"11466","Fzd8","Smad1"
"11467","Fzd8","Smad2"
"11468","Fzd8","Smad3"
"11469","Fzd8","Smad4"
"11470","Fzd8","Smad7"
"11471","Fzd8","Trp73"
"11472","Fzd8","Id1"
"11473","Fzd8","Id2"
"11474","Fzd8","Snai2"
"11475","Fzd8","Sox2"
"11476","Fzd8","Tead2"
"11477","Fzd8","Tead4"
"11478","Fzd8","Wwtr1"
"11479","Fzd8","Nkd2"
"11480","Fzd8","Tead1"
"11481","Fzd8","Tead3"
"11482","Fzd1","Bbc3"
"11483","Fzd1","Gli2"
"11484","Fzd1","Smad1"
"11485","Fzd1","Smad2"
"11486","Fzd1","Smad3"
"11487","Fzd1","Smad4"
"11488","Fzd1","Smad7"
"11489","Fzd1","Trp73"
"11490","Fzd1","Id1"
"11491","Fzd1","Id2"
"11492","Fzd1","Snai2"
"11493","Fzd1","Sox2"
"11494","Fzd1","Tead2"
"11495","Fzd1","Tead4"
"11496","Fzd1","Wwtr1"
"11497","Fzd1","Nkd2"
"11498","Fzd1","Tead1"
"11499","Fzd1","Tead3"
"11500","Fzd10","Bbc3"
"11501","Fzd10","Gli2"
"11502","Fzd10","Smad1"
"11503","Fzd10","Smad2"
"11504","Fzd10","Smad3"
"11505","Fzd10","Smad4"
"11506","Fzd10","Smad7"
"11507","Fzd10","Trp73"
"11508","Fzd10","Id1"
"11509","Fzd10","Id2"
"11510","Fzd10","Snai2"
"11511","Fzd10","Sox2"
"11512","Fzd10","Tead2"
"11513","Fzd10","Tead4"
"11514","Fzd10","Wwtr1"
"11515","Fzd10","Nkd2"
"11516","Fzd10","Tead1"
"11517","Fzd10","Tead3"
"11518","Fzd4","Bbc3"
"11519","Fzd4","Gli2"
"11520","Fzd4","Smad1"
"11521","Fzd4","Smad2"
"11522","Fzd4","Smad3"
"11523","Fzd4","Smad4"
"11524","Fzd4","Smad7"
"11525","Fzd4","Trp73"
"11526","Fzd4","Id1"
"11527","Fzd4","Id2"
"11528","Fzd4","Snai2"
"11529","Fzd4","Sox2"
"11530","Fzd4","Tead2"
"11531","Fzd4","Tead4"
"11532","Fzd4","Wwtr1"
"11533","Fzd4","Nkd2"
"11534","Fzd4","Tead1"
"11535","Fzd4","Tead3"
"11536","Fzd7","Bbc3"
"11537","Fzd7","Gli2"
"11538","Fzd7","Smad1"
"11539","Fzd7","Smad2"
"11540","Fzd7","Smad3"
"11541","Fzd7","Smad4"
"11542","Fzd7","Smad7"
"11543","Fzd7","Trp73"
"11544","Fzd7","Id1"
"11545","Fzd7","Id2"
"11546","Fzd7","Snai2"
"11547","Fzd7","Sox2"
"11548","Fzd7","Tead2"
"11549","Fzd7","Tead4"
"11550","Fzd7","Wwtr1"
"11551","Fzd7","Nkd2"
"11552","Fzd7","Tead1"
"11553","Fzd7","Tead3"
"11554","Fzd2","Bbc3"
"11555","Fzd2","Gli2"
"11556","Fzd2","Smad1"
"11557","Fzd2","Smad2"
"11558","Fzd2","Smad3"
"11559","Fzd2","Smad4"
"11560","Fzd2","Smad7"
"11561","Fzd2","Trp73"
"11562","Fzd2","Id1"
"11563","Fzd2","Id2"
"11564","Fzd2","Snai2"
"11565","Fzd2","Sox2"
"11566","Fzd2","Tead2"
"11567","Fzd2","Tead4"
"11568","Fzd2","Wwtr1"
"11569","Fzd2","Nkd2"
"11570","Fzd2","Tead1"
"11571","Fzd2","Tead3"
"11572","Fzd9","Bbc3"
"11573","Fzd9","Gli2"
"11574","Fzd9","Smad1"
"11575","Fzd9","Smad2"
"11576","Fzd9","Smad3"
"11577","Fzd9","Smad4"
"11578","Fzd9","Smad7"
"11579","Fzd9","Trp73"
"11580","Fzd9","Id1"
"11581","Fzd9","Id2"
"11582","Fzd9","Snai2"
"11583","Fzd9","Sox2"
"11584","Fzd9","Tead2"
"11585","Fzd9","Tead4"
"11586","Fzd9","Wwtr1"
"11587","Fzd9","Nkd2"
"11588","Fzd9","Tead1"
"11589","Fzd9","Tead3"
"11590","Gsk3b","Bbc3"
"11591","Gsk3b","Smad1"
"11592","Gsk3b","Smad2"
"11593","Gsk3b","Smad3"
"11594","Gsk3b","Smad4"
"11595","Gsk3b","Smad7"
"11596","Gsk3b","Trp73"
"11597","Gsk3b","Id1"
"11598","Gsk3b","Id2"
"11599","Gsk3b","Snai2"
"11600","Gsk3b","Sox2"
"11601","Gsk3b","Tead2"
"11602","Gsk3b","Tead4"
"11603","Gsk3b","Wwtr1"
"11604","Gsk3b","Nkd2"
"11605","Gsk3b","Tead1"
"11606","Gsk3b","Tead3"
"11607","Lats1","Bbc3"
"11608","Lats1","Ctnnb1"
"11609","Lats1","Gli2"
"11610","Lats1","Lef1"
"11611","Lats1","Myc"
"11612","Lats1","Smad1"
"11613","Lats1","Smad2"
"11614","Lats1","Smad3"
"11615","Lats1","Smad4"
"11616","Lats1","Smad7"
"11617","Lats1","Tcf7"
"11618","Lats1","Tcf7l1"
"11619","Lats1","Tcf7l2"
"11620","Lats1","Trp73"
"11621","Lats1","Apc"
"11622","Lats1","Ccnd1"
"11623","Lats1","Id1"
"11624","Lats1","Id2"
"11625","Lats1","Snai2"
"11626","Lats1","Sox2"
"11627","Lats1","Tead2"
"11628","Lats1","Tead4"
"11629","Lats1","Wwtr1"
"11630","Lats1","Nkd2"
"11631","Lats1","Tead1"
"11632","Lats1","Tead3"
"11633","Tgfbr1,Tgfbr2","Bbc3"
"11634","Tgfbr1,Tgfbr2","Ctnnb1"
"11635","Tgfbr1,Tgfbr2","Gli2"
"11636","Tgfbr1,Tgfbr2","Lef1"
"11637","Tgfbr1,Tgfbr2","Smad7"
"11638","Tgfbr1,Tgfbr2","Tcf7"
"11639","Tgfbr1,Tgfbr2","Tcf7l1"
"11640","Tgfbr1,Tgfbr2","Tcf7l2"
"11641","Tgfbr1,Tgfbr2","Trp73"
"11642","Tgfbr1,Tgfbr2","Apc"
"11643","Tgfbr1,Tgfbr2","Snai2"
"11644","Tgfbr1,Tgfbr2","Sox2"
"11645","Tgfbr1,Tgfbr2","Tead2"
"11646","Tgfbr1,Tgfbr2","Tead4"
"11647","Tgfbr1,Tgfbr2","Wwtr1"
"11648","Tgfbr1,Tgfbr2","Nkd2"
"11649","Tgfbr1,Tgfbr2","Tead1"
"11650","Tgfbr1,Tgfbr2","Tead3"
"11651","Acvr1b,Tgfbr2","Bbc3"
"11652","Acvr1b,Tgfbr2","Ctnnb1"
"11653","Acvr1b,Tgfbr2","Gli2"
"11654","Acvr1b,Tgfbr2","Lef1"
"11655","Acvr1b,Tgfbr2","Smad7"
"11656","Acvr1b,Tgfbr2","Tcf7"
"11657","Acvr1b,Tgfbr2","Tcf7l1"
"11658","Acvr1b,Tgfbr2","Tcf7l2"
"11659","Acvr1b,Tgfbr2","Trp73"
"11660","Acvr1b,Tgfbr2","Apc"
"11661","Acvr1b,Tgfbr2","Snai2"
"11662","Acvr1b,Tgfbr2","Sox2"
"11663","Acvr1b,Tgfbr2","Tead2"
"11664","Acvr1b,Tgfbr2","Tead4"
"11665","Acvr1b,Tgfbr2","Wwtr1"
"11666","Acvr1b,Tgfbr2","Nkd2"
"11667","Acvr1b,Tgfbr2","Tead1"
"11668","Acvr1b,Tgfbr2","Tead3"
"11669","Acvr1c,Tgfbr2","Bbc3"
"11670","Acvr1c,Tgfbr2","Ctnnb1"
"11671","Acvr1c,Tgfbr2","Gli2"
"11672","Acvr1c,Tgfbr2","Lef1"
"11673","Acvr1c,Tgfbr2","Smad7"
"11674","Acvr1c,Tgfbr2","Tcf7"
"11675","Acvr1c,Tgfbr2","Tcf7l1"
"11676","Acvr1c,Tgfbr2","Tcf7l2"
"11677","Acvr1c,Tgfbr2","Trp73"
"11678","Acvr1c,Tgfbr2","Apc"
"11679","Acvr1c,Tgfbr2","Snai2"
"11680","Acvr1c,Tgfbr2","Sox2"
"11681","Acvr1c,Tgfbr2","Tead2"
"11682","Acvr1c,Tgfbr2","Tead4"
"11683","Acvr1c,Tgfbr2","Wwtr1"
"11684","Acvr1c,Tgfbr2","Nkd2"
"11685","Acvr1c,Tgfbr2","Tead1"
"11686","Acvr1c,Tgfbr2","Tead3"
"11687","Acvr1,Tgfbr1,Tgfbr2","Bbc3"
"11688","Acvr1,Tgfbr1,Tgfbr2","Ctnnb1"
"11689","Acvr1,Tgfbr1,Tgfbr2","Gli2"
"11690","Acvr1,Tgfbr1,Tgfbr2","Lef1"
"11691","Acvr1,Tgfbr1,Tgfbr2","Smad7"
"11692","Acvr1,Tgfbr1,Tgfbr2","Tcf7"
"11693","Acvr1,Tgfbr1,Tgfbr2","Tcf7l1"
"11694","Acvr1,Tgfbr1,Tgfbr2","Tcf7l2"
"11695","Acvr1,Tgfbr1,Tgfbr2","Trp73"
"11696","Acvr1,Tgfbr1,Tgfbr2","Apc"
"11697","Acvr1,Tgfbr1,Tgfbr2","Snai2"
"11698","Acvr1,Tgfbr1,Tgfbr2","Sox2"
"11699","Acvr1,Tgfbr1,Tgfbr2","Tead2"
"11700","Acvr1,Tgfbr1,Tgfbr2","Tead4"
"11701","Acvr1,Tgfbr1,Tgfbr2","Wwtr1"
"11702","Acvr1,Tgfbr1,Tgfbr2","Nkd2"
"11703","Acvr1,Tgfbr1,Tgfbr2","Tead1"
"11704","Acvr1,Tgfbr1,Tgfbr2","Tead3"
"11705","Bmpr1a,Acvr2a","Bbc3"
"11706","Bmpr1a,Acvr2a","Ctnnb1"
"11707","Bmpr1a,Acvr2a","Gli2"
"11708","Bmpr1a,Acvr2a","Lef1"
"11709","Bmpr1a,Acvr2a","Smad7"
"11710","Bmpr1a,Acvr2a","Tcf7"
"11711","Bmpr1a,Acvr2a","Tcf7l1"
"11712","Bmpr1a,Acvr2a","Tcf7l2"
"11713","Bmpr1a,Acvr2a","Trp73"
"11714","Bmpr1a,Acvr2a","Apc"
"11715","Bmpr1a,Acvr2a","Ccnd1"
"11716","Bmpr1a,Acvr2a","Snai2"
"11717","Bmpr1a,Acvr2a","Sox2"
"11718","Bmpr1a,Acvr2a","Tead2"
"11719","Bmpr1a,Acvr2a","Tead4"
"11720","Bmpr1a,Acvr2a","Wwtr1"
"11721","Bmpr1a,Acvr2a","Nkd2"
"11722","Bmpr1a,Acvr2a","Tead1"
"11723","Bmpr1a,Acvr2a","Tead3"
"11724","Bmpr1a,Acvr2b","Bbc3"
"11725","Bmpr1a,Acvr2b","Ctnnb1"
"11726","Bmpr1a,Acvr2b","Gli2"
"11727","Bmpr1a,Acvr2b","Lef1"
"11728","Bmpr1a,Acvr2b","Smad7"
"11729","Bmpr1a,Acvr2b","Tcf7"
"11730","Bmpr1a,Acvr2b","Tcf7l1"
"11731","Bmpr1a,Acvr2b","Tcf7l2"
"11732","Bmpr1a,Acvr2b","Trp73"
"11733","Bmpr1a,Acvr2b","Apc"
"11734","Bmpr1a,Acvr2b","Ccnd1"
"11735","Bmpr1a,Acvr2b","Snai2"
"11736","Bmpr1a,Acvr2b","Sox2"
"11737","Bmpr1a,Acvr2b","Tead2"
"11738","Bmpr1a,Acvr2b","Tead4"
"11739","Bmpr1a,Acvr2b","Wwtr1"
"11740","Bmpr1a,Acvr2b","Nkd2"
"11741","Bmpr1a,Acvr2b","Tead1"
"11742","Bmpr1a,Acvr2b","Tead3"
"11743","Bmpr1a,Bmpr2","Bbc3"
"11744","Bmpr1a,Bmpr2","Ctnnb1"
"11745","Bmpr1a,Bmpr2","Gli2"
"11746","Bmpr1a,Bmpr2","Lef1"
"11747","Bmpr1a,Bmpr2","Smad7"
"11748","Bmpr1a,Bmpr2","Tcf7"
"11749","Bmpr1a,Bmpr2","Tcf7l1"
"11750","Bmpr1a,Bmpr2","Tcf7l2"
"11751","Bmpr1a,Bmpr2","Trp73"
"11752","Bmpr1a,Bmpr2","Apc"
"11753","Bmpr1a,Bmpr2","Ccnd1"
"11754","Bmpr1a,Bmpr2","Snai2"
"11755","Bmpr1a,Bmpr2","Sox2"
"11756","Bmpr1a,Bmpr2","Tead2"
"11757","Bmpr1a,Bmpr2","Tead4"
"11758","Bmpr1a,Bmpr2","Wwtr1"
"11759","Bmpr1a,Bmpr2","Nkd2"
"11760","Bmpr1a,Bmpr2","Tead1"
"11761","Bmpr1a,Bmpr2","Tead3"
"11762","Bmpr1b,Acvr2a","Bbc3"
"11763","Bmpr1b,Acvr2a","Ctnnb1"
"11764","Bmpr1b,Acvr2a","Gli2"
"11765","Bmpr1b,Acvr2a","Lef1"
"11766","Bmpr1b,Acvr2a","Smad7"
"11767","Bmpr1b,Acvr2a","Tcf7"
"11768","Bmpr1b,Acvr2a","Tcf7l1"
"11769","Bmpr1b,Acvr2a","Tcf7l2"
"11770","Bmpr1b,Acvr2a","Trp73"
"11771","Bmpr1b,Acvr2a","Apc"
"11772","Bmpr1b,Acvr2a","Ccnd1"
"11773","Bmpr1b,Acvr2a","Snai2"
"11774","Bmpr1b,Acvr2a","Sox2"
"11775","Bmpr1b,Acvr2a","Tead2"
"11776","Bmpr1b,Acvr2a","Tead4"
"11777","Bmpr1b,Acvr2a","Wwtr1"
"11778","Bmpr1b,Acvr2a","Nkd2"
"11779","Bmpr1b,Acvr2a","Tead1"
"11780","Bmpr1b,Acvr2a","Tead3"
"11781","Bmpr1b,Acvr2b","Bbc3"
"11782","Bmpr1b,Acvr2b","Ctnnb1"
"11783","Bmpr1b,Acvr2b","Gli2"
"11784","Bmpr1b,Acvr2b","Lef1"
"11785","Bmpr1b,Acvr2b","Smad7"
"11786","Bmpr1b,Acvr2b","Tcf7"
"11787","Bmpr1b,Acvr2b","Tcf7l1"
"11788","Bmpr1b,Acvr2b","Tcf7l2"
"11789","Bmpr1b,Acvr2b","Trp73"
"11790","Bmpr1b,Acvr2b","Apc"
"11791","Bmpr1b,Acvr2b","Ccnd1"
"11792","Bmpr1b,Acvr2b","Snai2"
"11793","Bmpr1b,Acvr2b","Sox2"
"11794","Bmpr1b,Acvr2b","Tead2"
"11795","Bmpr1b,Acvr2b","Tead4"
"11796","Bmpr1b,Acvr2b","Wwtr1"
"11797","Bmpr1b,Acvr2b","Nkd2"
"11798","Bmpr1b,Acvr2b","Tead1"
"11799","Bmpr1b,Acvr2b","Tead3"
"11800","Bmpr1b,Bmpr2","Bbc3"
"11801","Bmpr1b,Bmpr2","Ctnnb1"
"11802","Bmpr1b,Bmpr2","Gli2"
"11803","Bmpr1b,Bmpr2","Lef1"
"11804","Bmpr1b,Bmpr2","Smad7"
"11805","Bmpr1b,Bmpr2","Tcf7"
"11806","Bmpr1b,Bmpr2","Tcf7l1"
"11807","Bmpr1b,Bmpr2","Tcf7l2"
"11808","Bmpr1b,Bmpr2","Trp73"
"11809","Bmpr1b,Bmpr2","Apc"
"11810","Bmpr1b,Bmpr2","Ccnd1"
"11811","Bmpr1b,Bmpr2","Snai2"
"11812","Bmpr1b,Bmpr2","Sox2"
"11813","Bmpr1b,Bmpr2","Tead2"
"11814","Bmpr1b,Bmpr2","Tead4"
"11815","Bmpr1b,Bmpr2","Wwtr1"
"11816","Bmpr1b,Bmpr2","Nkd2"
"11817","Bmpr1b,Bmpr2","Tead1"
"11818","Bmpr1b,Bmpr2","Tead3"
"11819","Acvr1,Bmpr2","Bbc3"
"11820","Acvr1,Bmpr2","Ctnnb1"
"11821","Acvr1,Bmpr2","Gli2"
"11822","Acvr1,Bmpr2","Lef1"
"11823","Acvr1,Bmpr2","Smad7"
"11824","Acvr1,Bmpr2","Tcf7"
"11825","Acvr1,Bmpr2","Tcf7l1"
"11826","Acvr1,Bmpr2","Tcf7l2"
"11827","Acvr1,Bmpr2","Trp73"
"11828","Acvr1,Bmpr2","Apc"
"11829","Acvr1,Bmpr2","Ccnd1"
"11830","Acvr1,Bmpr2","Snai2"
"11831","Acvr1,Bmpr2","Sox2"
"11832","Acvr1,Bmpr2","Tead2"
"11833","Acvr1,Bmpr2","Tead4"
"11834","Acvr1,Bmpr2","Wwtr1"
"11835","Acvr1,Bmpr2","Nkd2"
"11836","Acvr1,Bmpr2","Tead1"
"11837","Acvr1,Bmpr2","Tead3"
"11838","Acvrl1,Bmpr2","Bbc3"
"11839","Acvrl1,Bmpr2","Ctnnb1"
"11840","Acvrl1,Bmpr2","Gli2"
"11841","Acvrl1,Bmpr2","Lef1"
"11842","Acvrl1,Bmpr2","Smad7"
"11843","Acvrl1,Bmpr2","Tcf7"
"11844","Acvrl1,Bmpr2","Tcf7l1"
"11845","Acvrl1,Bmpr2","Tcf7l2"
"11846","Acvrl1,Bmpr2","Trp73"
"11847","Acvrl1,Bmpr2","Apc"
"11848","Acvrl1,Bmpr2","Ccnd1"
"11849","Acvrl1,Bmpr2","Snai2"
"11850","Acvrl1,Bmpr2","Sox2"
"11851","Acvrl1,Bmpr2","Tead2"
"11852","Acvrl1,Bmpr2","Tead4"
"11853","Acvrl1,Bmpr2","Wwtr1"
"11854","Acvrl1,Bmpr2","Nkd2"
"11855","Acvrl1,Bmpr2","Tead1"
"11856","Acvrl1,Bmpr2","Tead3"
"11857","Acvr1b,Bmpr2","Bbc3"
"11858","Acvr1b,Bmpr2","Ctnnb1"
"11859","Acvr1b,Bmpr2","Gli2"
"11860","Acvr1b,Bmpr2","Lef1"
"11861","Acvr1b,Bmpr2","Smad7"
"11862","Acvr1b,Bmpr2","Tcf7"
"11863","Acvr1b,Bmpr2","Tcf7l1"
"11864","Acvr1b,Bmpr2","Tcf7l2"
"11865","Acvr1b,Bmpr2","Trp73"
"11866","Acvr1b,Bmpr2","Apc"
"11867","Acvr1b,Bmpr2","Ccnd1"
"11868","Acvr1b,Bmpr2","Snai2"
"11869","Acvr1b,Bmpr2","Sox2"
"11870","Acvr1b,Bmpr2","Tead2"
"11871","Acvr1b,Bmpr2","Tead4"
"11872","Acvr1b,Bmpr2","Wwtr1"
"11873","Acvr1b,Bmpr2","Nkd2"
"11874","Acvr1b,Bmpr2","Tead1"
"11875","Acvr1b,Bmpr2","Tead3"
"11876","Tgfbr1,Acvr2a","Bbc3"
"11877","Tgfbr1,Acvr2a","Ctnnb1"
"11878","Tgfbr1,Acvr2a","Gli2"
"11879","Tgfbr1,Acvr2a","Lef1"
"11880","Tgfbr1,Acvr2a","Smad7"
"11881","Tgfbr1,Acvr2a","Tcf7"
"11882","Tgfbr1,Acvr2a","Tcf7l1"
"11883","Tgfbr1,Acvr2a","Tcf7l2"
"11884","Tgfbr1,Acvr2a","Trp73"
"11885","Tgfbr1,Acvr2a","Apc"
"11886","Tgfbr1,Acvr2a","Snai2"
"11887","Tgfbr1,Acvr2a","Sox2"
"11888","Tgfbr1,Acvr2a","Tead2"
"11889","Tgfbr1,Acvr2a","Tead4"
"11890","Tgfbr1,Acvr2a","Wwtr1"
"11891","Tgfbr1,Acvr2a","Nkd2"
"11892","Tgfbr1,Acvr2a","Tead1"
"11893","Tgfbr1,Acvr2a","Tead3"
"11894","Tgfbr1,Acvr2b","Bbc3"
"11895","Tgfbr1,Acvr2b","Ctnnb1"
"11896","Tgfbr1,Acvr2b","Gli2"
"11897","Tgfbr1,Acvr2b","Lef1"
"11898","Tgfbr1,Acvr2b","Smad7"
"11899","Tgfbr1,Acvr2b","Tcf7"
"11900","Tgfbr1,Acvr2b","Tcf7l1"
"11901","Tgfbr1,Acvr2b","Tcf7l2"
"11902","Tgfbr1,Acvr2b","Trp73"
"11903","Tgfbr1,Acvr2b","Apc"
"11904","Tgfbr1,Acvr2b","Snai2"
"11905","Tgfbr1,Acvr2b","Sox2"
"11906","Tgfbr1,Acvr2b","Tead2"
"11907","Tgfbr1,Acvr2b","Tead4"
"11908","Tgfbr1,Acvr2b","Wwtr1"
"11909","Tgfbr1,Acvr2b","Nkd2"
"11910","Tgfbr1,Acvr2b","Tead1"
"11911","Tgfbr1,Acvr2b","Tead3"
"11912","Amhr2,Bmpr1a","Bbc3"
"11913","Amhr2,Bmpr1a","Ctnnb1"
"11914","Amhr2,Bmpr1a","Gli2"
"11915","Amhr2,Bmpr1a","Lef1"
"11916","Amhr2,Bmpr1a","Smad7"
"11917","Amhr2,Bmpr1a","Tcf7"
"11918","Amhr2,Bmpr1a","Tcf7l1"
"11919","Amhr2,Bmpr1a","Tcf7l2"
"11920","Amhr2,Bmpr1a","Trp73"
"11921","Amhr2,Bmpr1a","Apc"
"11922","Amhr2,Bmpr1a","Ccnd1"
"11923","Amhr2,Bmpr1a","Snai2"
"11924","Amhr2,Bmpr1a","Sox2"
"11925","Amhr2,Bmpr1a","Tead2"
"11926","Amhr2,Bmpr1a","Tead4"
"11927","Amhr2,Bmpr1a","Wwtr1"
"11928","Amhr2,Bmpr1a","Nkd2"
"11929","Amhr2,Bmpr1a","Tead1"
"11930","Amhr2,Bmpr1a","Tead3"
"11931","Fzd1,Lrp5","Bbc3"
"11932","Fzd1,Lrp5","Gli2"
"11933","Fzd1,Lrp5","Smad1"
"11934","Fzd1,Lrp5","Smad2"
"11935","Fzd1,Lrp5","Smad3"
"11936","Fzd1,Lrp5","Smad4"
"11937","Fzd1,Lrp5","Smad7"
"11938","Fzd1,Lrp5","Trp73"
"11939","Fzd1,Lrp5","Id1"
"11940","Fzd1,Lrp5","Id2"
"11941","Fzd1,Lrp5","Snai2"
"11942","Fzd1,Lrp5","Sox2"
"11943","Fzd1,Lrp5","Tead2"
"11944","Fzd1,Lrp5","Tead4"
"11945","Fzd1,Lrp5","Wwtr1"
"11946","Fzd1,Lrp5","Nkd2"
"11947","Fzd1,Lrp5","Tead1"
"11948","Fzd1,Lrp5","Tead3"
"11949","Fzd10,Lrp5","Bbc3"
"11950","Fzd10,Lrp5","Gli2"
"11951","Fzd10,Lrp5","Smad1"
"11952","Fzd10,Lrp5","Smad2"
"11953","Fzd10,Lrp5","Smad3"
"11954","Fzd10,Lrp5","Smad4"
"11955","Fzd10,Lrp5","Smad7"
"11956","Fzd10,Lrp5","Trp73"
"11957","Fzd10,Lrp5","Id1"
"11958","Fzd10,Lrp5","Id2"
"11959","Fzd10,Lrp5","Snai2"
"11960","Fzd10,Lrp5","Sox2"
"11961","Fzd10,Lrp5","Tead2"
"11962","Fzd10,Lrp5","Tead4"
"11963","Fzd10,Lrp5","Wwtr1"
"11964","Fzd10,Lrp5","Nkd2"
"11965","Fzd10,Lrp5","Tead1"
"11966","Fzd10,Lrp5","Tead3"
"11967","Fzd2,Lrp5","Bbc3"
"11968","Fzd2,Lrp5","Gli2"
"11969","Fzd2,Lrp5","Smad1"
"11970","Fzd2,Lrp5","Smad2"
"11971","Fzd2,Lrp5","Smad3"
"11972","Fzd2,Lrp5","Smad4"
"11973","Fzd2,Lrp5","Smad7"
"11974","Fzd2,Lrp5","Trp73"
"11975","Fzd2,Lrp5","Id1"
"11976","Fzd2,Lrp5","Id2"
"11977","Fzd2,Lrp5","Snai2"
"11978","Fzd2,Lrp5","Sox2"
"11979","Fzd2,Lrp5","Tead2"
"11980","Fzd2,Lrp5","Tead4"
"11981","Fzd2,Lrp5","Wwtr1"
"11982","Fzd2,Lrp5","Nkd2"
"11983","Fzd2,Lrp5","Tead1"
"11984","Fzd2,Lrp5","Tead3"
"11985","Fzd3,Lrp5","Bbc3"
"11986","Fzd3,Lrp5","Gli2"
"11987","Fzd3,Lrp5","Smad1"
"11988","Fzd3,Lrp5","Smad2"
"11989","Fzd3,Lrp5","Smad3"
"11990","Fzd3,Lrp5","Smad4"
"11991","Fzd3,Lrp5","Smad7"
"11992","Fzd3,Lrp5","Trp73"
"11993","Fzd3,Lrp5","Id1"
"11994","Fzd3,Lrp5","Id2"
"11995","Fzd3,Lrp5","Snai2"
"11996","Fzd3,Lrp5","Sox2"
"11997","Fzd3,Lrp5","Tead2"
"11998","Fzd3,Lrp5","Tead4"
"11999","Fzd3,Lrp5","Wwtr1"
"12000","Fzd3,Lrp5","Nkd2"
"12001","Fzd3,Lrp5","Tead1"
"12002","Fzd3,Lrp5","Tead3"
"12003","Fzd4,Lrp5","Bbc3"
"12004","Fzd4,Lrp5","Gli2"
"12005","Fzd4,Lrp5","Smad1"
"12006","Fzd4,Lrp5","Smad2"
"12007","Fzd4,Lrp5","Smad3"
"12008","Fzd4,Lrp5","Smad4"
"12009","Fzd4,Lrp5","Smad7"
"12010","Fzd4,Lrp5","Trp73"
"12011","Fzd4,Lrp5","Id1"
"12012","Fzd4,Lrp5","Id2"
"12013","Fzd4,Lrp5","Snai2"
"12014","Fzd4,Lrp5","Sox2"
"12015","Fzd4,Lrp5","Tead2"
"12016","Fzd4,Lrp5","Tead4"
"12017","Fzd4,Lrp5","Wwtr1"
"12018","Fzd4,Lrp5","Nkd2"
"12019","Fzd4,Lrp5","Tead1"
"12020","Fzd4,Lrp5","Tead3"
"12021","Fzd5,Lrp5","Bbc3"
"12022","Fzd5,Lrp5","Gli2"
"12023","Fzd5,Lrp5","Smad1"
"12024","Fzd5,Lrp5","Smad2"
"12025","Fzd5,Lrp5","Smad3"
"12026","Fzd5,Lrp5","Smad4"
"12027","Fzd5,Lrp5","Smad7"
"12028","Fzd5,Lrp5","Trp73"
"12029","Fzd5,Lrp5","Id1"
"12030","Fzd5,Lrp5","Id2"
"12031","Fzd5,Lrp5","Snai2"
"12032","Fzd5,Lrp5","Sox2"
"12033","Fzd5,Lrp5","Tead2"
"12034","Fzd5,Lrp5","Tead4"
"12035","Fzd5,Lrp5","Wwtr1"
"12036","Fzd5,Lrp5","Nkd2"
"12037","Fzd5,Lrp5","Tead1"
"12038","Fzd5,Lrp5","Tead3"
"12039","Fzd6,Lrp5","Bbc3"
"12040","Fzd6,Lrp5","Gli2"
"12041","Fzd6,Lrp5","Smad1"
"12042","Fzd6,Lrp5","Smad2"
"12043","Fzd6,Lrp5","Smad3"
"12044","Fzd6,Lrp5","Smad4"
"12045","Fzd6,Lrp5","Smad7"
"12046","Fzd6,Lrp5","Trp73"
"12047","Fzd6,Lrp5","Id1"
"12048","Fzd6,Lrp5","Id2"
"12049","Fzd6,Lrp5","Snai2"
"12050","Fzd6,Lrp5","Sox2"
"12051","Fzd6,Lrp5","Tead2"
"12052","Fzd6,Lrp5","Tead4"
"12053","Fzd6,Lrp5","Wwtr1"
"12054","Fzd6,Lrp5","Nkd2"
"12055","Fzd6,Lrp5","Tead1"
"12056","Fzd6,Lrp5","Tead3"
"12057","Fzd7,Lrp5","Bbc3"
"12058","Fzd7,Lrp5","Gli2"
"12059","Fzd7,Lrp5","Smad1"
"12060","Fzd7,Lrp5","Smad2"
"12061","Fzd7,Lrp5","Smad3"
"12062","Fzd7,Lrp5","Smad4"
"12063","Fzd7,Lrp5","Smad7"
"12064","Fzd7,Lrp5","Trp73"
"12065","Fzd7,Lrp5","Id1"
"12066","Fzd7,Lrp5","Id2"
"12067","Fzd7,Lrp5","Snai2"
"12068","Fzd7,Lrp5","Sox2"
"12069","Fzd7,Lrp5","Tead2"
"12070","Fzd7,Lrp5","Tead4"
"12071","Fzd7,Lrp5","Wwtr1"
"12072","Fzd7,Lrp5","Nkd2"
"12073","Fzd7,Lrp5","Tead1"
"12074","Fzd7,Lrp5","Tead3"
"12075","Fzd8,Lrp5","Bbc3"
"12076","Fzd8,Lrp5","Gli2"
"12077","Fzd8,Lrp5","Smad1"
"12078","Fzd8,Lrp5","Smad2"
"12079","Fzd8,Lrp5","Smad3"
"12080","Fzd8,Lrp5","Smad4"
"12081","Fzd8,Lrp5","Smad7"
"12082","Fzd8,Lrp5","Trp73"
"12083","Fzd8,Lrp5","Id1"
"12084","Fzd8,Lrp5","Id2"
"12085","Fzd8,Lrp5","Snai2"
"12086","Fzd8,Lrp5","Sox2"
"12087","Fzd8,Lrp5","Tead2"
"12088","Fzd8,Lrp5","Tead4"
"12089","Fzd8,Lrp5","Wwtr1"
"12090","Fzd8,Lrp5","Nkd2"
"12091","Fzd8,Lrp5","Tead1"
"12092","Fzd8,Lrp5","Tead3"
"12093","Fzd9,Lrp5","Bbc3"
"12094","Fzd9,Lrp5","Gli2"
"12095","Fzd9,Lrp5","Smad1"
"12096","Fzd9,Lrp5","Smad2"
"12097","Fzd9,Lrp5","Smad3"
"12098","Fzd9,Lrp5","Smad4"
"12099","Fzd9,Lrp5","Smad7"
"12100","Fzd9,Lrp5","Trp73"
"12101","Fzd9,Lrp5","Id1"
"12102","Fzd9,Lrp5","Id2"
"12103","Fzd9,Lrp5","Snai2"
"12104","Fzd9,Lrp5","Sox2"
"12105","Fzd9,Lrp5","Tead2"
"12106","Fzd9,Lrp5","Tead4"
"12107","Fzd9,Lrp5","Wwtr1"
"12108","Fzd9,Lrp5","Nkd2"
"12109","Fzd9,Lrp5","Tead1"
"12110","Fzd9,Lrp5","Tead3"
"12111","Fzd1,Lrp6","Bbc3"
"12112","Fzd1,Lrp6","Gli2"
"12113","Fzd1,Lrp6","Smad1"
"12114","Fzd1,Lrp6","Smad2"
"12115","Fzd1,Lrp6","Smad3"
"12116","Fzd1,Lrp6","Smad4"
"12117","Fzd1,Lrp6","Smad7"
"12118","Fzd1,Lrp6","Trp73"
"12119","Fzd1,Lrp6","Id1"
"12120","Fzd1,Lrp6","Id2"
"12121","Fzd1,Lrp6","Snai2"
"12122","Fzd1,Lrp6","Sox2"
"12123","Fzd1,Lrp6","Tead2"
"12124","Fzd1,Lrp6","Tead4"
"12125","Fzd1,Lrp6","Wwtr1"
"12126","Fzd1,Lrp6","Nkd2"
"12127","Fzd1,Lrp6","Tead1"
"12128","Fzd1,Lrp6","Tead3"
"12129","Fzd10,Lrp6","Bbc3"
"12130","Fzd10,Lrp6","Gli2"
"12131","Fzd10,Lrp6","Smad1"
"12132","Fzd10,Lrp6","Smad2"
"12133","Fzd10,Lrp6","Smad3"
"12134","Fzd10,Lrp6","Smad4"
"12135","Fzd10,Lrp6","Smad7"
"12136","Fzd10,Lrp6","Trp73"
"12137","Fzd10,Lrp6","Id1"
"12138","Fzd10,Lrp6","Id2"
"12139","Fzd10,Lrp6","Snai2"
"12140","Fzd10,Lrp6","Sox2"
"12141","Fzd10,Lrp6","Tead2"
"12142","Fzd10,Lrp6","Tead4"
"12143","Fzd10,Lrp6","Wwtr1"
"12144","Fzd10,Lrp6","Nkd2"
"12145","Fzd10,Lrp6","Tead1"
"12146","Fzd10,Lrp6","Tead3"
"12147","Fzd2,Lrp6","Bbc3"
"12148","Fzd2,Lrp6","Gli2"
"12149","Fzd2,Lrp6","Smad1"
"12150","Fzd2,Lrp6","Smad2"
"12151","Fzd2,Lrp6","Smad3"
"12152","Fzd2,Lrp6","Smad4"
"12153","Fzd2,Lrp6","Smad7"
"12154","Fzd2,Lrp6","Trp73"
"12155","Fzd2,Lrp6","Id1"
"12156","Fzd2,Lrp6","Id2"
"12157","Fzd2,Lrp6","Snai2"
"12158","Fzd2,Lrp6","Sox2"
"12159","Fzd2,Lrp6","Tead2"
"12160","Fzd2,Lrp6","Tead4"
"12161","Fzd2,Lrp6","Wwtr1"
"12162","Fzd2,Lrp6","Nkd2"
"12163","Fzd2,Lrp6","Tead1"
"12164","Fzd2,Lrp6","Tead3"
"12165","Fzd3,Lrp6","Bbc3"
"12166","Fzd3,Lrp6","Gli2"
"12167","Fzd3,Lrp6","Smad1"
"12168","Fzd3,Lrp6","Smad2"
"12169","Fzd3,Lrp6","Smad3"
"12170","Fzd3,Lrp6","Smad4"
"12171","Fzd3,Lrp6","Smad7"
"12172","Fzd3,Lrp6","Trp73"
"12173","Fzd3,Lrp6","Id1"
"12174","Fzd3,Lrp6","Id2"
"12175","Fzd3,Lrp6","Snai2"
"12176","Fzd3,Lrp6","Sox2"
"12177","Fzd3,Lrp6","Tead2"
"12178","Fzd3,Lrp6","Tead4"
"12179","Fzd3,Lrp6","Wwtr1"
"12180","Fzd3,Lrp6","Nkd2"
"12181","Fzd3,Lrp6","Tead1"
"12182","Fzd3,Lrp6","Tead3"
"12183","Fzd4,Lrp6","Bbc3"
"12184","Fzd4,Lrp6","Gli2"
"12185","Fzd4,Lrp6","Smad1"
"12186","Fzd4,Lrp6","Smad2"
"12187","Fzd4,Lrp6","Smad3"
"12188","Fzd4,Lrp6","Smad4"
"12189","Fzd4,Lrp6","Smad7"
"12190","Fzd4,Lrp6","Trp73"
"12191","Fzd4,Lrp6","Id1"
"12192","Fzd4,Lrp6","Id2"
"12193","Fzd4,Lrp6","Snai2"
"12194","Fzd4,Lrp6","Sox2"
"12195","Fzd4,Lrp6","Tead2"
"12196","Fzd4,Lrp6","Tead4"
"12197","Fzd4,Lrp6","Wwtr1"
"12198","Fzd4,Lrp6","Nkd2"
"12199","Fzd4,Lrp6","Tead1"
"12200","Fzd4,Lrp6","Tead3"
"12201","Fzd5,Lrp6","Bbc3"
"12202","Fzd5,Lrp6","Gli2"
"12203","Fzd5,Lrp6","Smad1"
"12204","Fzd5,Lrp6","Smad2"
"12205","Fzd5,Lrp6","Smad3"
"12206","Fzd5,Lrp6","Smad4"
"12207","Fzd5,Lrp6","Smad7"
"12208","Fzd5,Lrp6","Trp73"
"12209","Fzd5,Lrp6","Id1"
"12210","Fzd5,Lrp6","Id2"
"12211","Fzd5,Lrp6","Snai2"
"12212","Fzd5,Lrp6","Sox2"
"12213","Fzd5,Lrp6","Tead2"
"12214","Fzd5,Lrp6","Tead4"
"12215","Fzd5,Lrp6","Wwtr1"
"12216","Fzd5,Lrp6","Nkd2"
"12217","Fzd5,Lrp6","Tead1"
"12218","Fzd5,Lrp6","Tead3"
"12219","Fzd6,Lrp6","Bbc3"
"12220","Fzd6,Lrp6","Gli2"
"12221","Fzd6,Lrp6","Smad1"
"12222","Fzd6,Lrp6","Smad2"
"12223","Fzd6,Lrp6","Smad3"
"12224","Fzd6,Lrp6","Smad4"
"12225","Fzd6,Lrp6","Smad7"
"12226","Fzd6,Lrp6","Trp73"
"12227","Fzd6,Lrp6","Id1"
"12228","Fzd6,Lrp6","Id2"
"12229","Fzd6,Lrp6","Snai2"
"12230","Fzd6,Lrp6","Sox2"
"12231","Fzd6,Lrp6","Tead2"
"12232","Fzd6,Lrp6","Tead4"
"12233","Fzd6,Lrp6","Wwtr1"
"12234","Fzd6,Lrp6","Nkd2"
"12235","Fzd6,Lrp6","Tead1"
"12236","Fzd6,Lrp6","Tead3"
"12237","Fzd7,Lrp6","Bbc3"
"12238","Fzd7,Lrp6","Gli2"
"12239","Fzd7,Lrp6","Smad1"
"12240","Fzd7,Lrp6","Smad2"
"12241","Fzd7,Lrp6","Smad3"
"12242","Fzd7,Lrp6","Smad4"
"12243","Fzd7,Lrp6","Smad7"
"12244","Fzd7,Lrp6","Trp73"
"12245","Fzd7,Lrp6","Id1"
"12246","Fzd7,Lrp6","Id2"
"12247","Fzd7,Lrp6","Snai2"
"12248","Fzd7,Lrp6","Sox2"
"12249","Fzd7,Lrp6","Tead2"
"12250","Fzd7,Lrp6","Tead4"
"12251","Fzd7,Lrp6","Wwtr1"
"12252","Fzd7,Lrp6","Nkd2"
"12253","Fzd7,Lrp6","Tead1"
"12254","Fzd7,Lrp6","Tead3"
"12255","Fzd8,Lrp6","Bbc3"
"12256","Fzd8,Lrp6","Gli2"
"12257","Fzd8,Lrp6","Smad1"
"12258","Fzd8,Lrp6","Smad2"
"12259","Fzd8,Lrp6","Smad3"
"12260","Fzd8,Lrp6","Smad4"
"12261","Fzd8,Lrp6","Smad7"
"12262","Fzd8,Lrp6","Trp73"
"12263","Fzd8,Lrp6","Id1"
"12264","Fzd8,Lrp6","Id2"
"12265","Fzd8,Lrp6","Snai2"
"12266","Fzd8,Lrp6","Sox2"
"12267","Fzd8,Lrp6","Tead2"
"12268","Fzd8,Lrp6","Tead4"
"12269","Fzd8,Lrp6","Wwtr1"
"12270","Fzd8,Lrp6","Nkd2"
"12271","Fzd8,Lrp6","Tead1"
"12272","Fzd8,Lrp6","Tead3"
"12273","Fzd9,Lrp6","Bbc3"
"12274","Fzd9,Lrp6","Gli2"
"12275","Fzd9,Lrp6","Smad1"
"12276","Fzd9,Lrp6","Smad2"
"12277","Fzd9,Lrp6","Smad3"
"12278","Fzd9,Lrp6","Smad4"
"12279","Fzd9,Lrp6","Smad7"
"12280","Fzd9,Lrp6","Trp73"
"12281","Fzd9,Lrp6","Id1"
"12282","Fzd9,Lrp6","Id2"
"12283","Fzd9,Lrp6","Snai2"
"12284","Fzd9,Lrp6","Sox2"
"12285","Fzd9,Lrp6","Tead2"
"12286","Fzd9,Lrp6","Tead4"
"12287","Fzd9,Lrp6","Wwtr1"
"12288","Fzd9,Lrp6","Nkd2"
"12289","Fzd9,Lrp6","Tead1"
"12290","Fzd9,Lrp6","Tead3"
"12291","Dchs1","Tead2"
"12292","Dchs1","Tead4"
"12293","Dchs1","Wwtr1"
"12294","Dchs1","Tead1"
"12295","Dchs1","Tead3"
"12296","Pak1","Tead2"
"12297","Pak1","Tead4"
"12298","Pak1","Wwtr1"
"12299","Pak1","Tead1"
"12300","Pak1","Tead3"
"12301","Itga9","Ctnnb1"
"12302","Itga9","Elk1"
"12303","Itga9","Jun"
"12304","Itga9","Mapk10"
"12305","Itga9","Mapk8"
"12306","Itga9","Mapk9"
"12307","Itga9","Sos1"
"12308","Itga9","Sos2"
"12309","Itga9","Ilk"
"12310","Itgb1","Ctnnb1"
"12311","Itgb1","Elk1"
"12312","Itgb1","Jun"
"12313","Itgb1","Mapk10"
"12314","Itgb1","Mapk8"
"12315","Itgb1","Mapk9"
"12316","Itgb1","Sos1"
"12317","Itgb1","Sos2"
"12318","Itga5","Ctnnb1"
"12319","Itga5","Elk1"
"12320","Itga5","Jun"
"12321","Itga5","Mapk10"
"12322","Itga5","Mapk8"
"12323","Itga5","Mapk9"
"12324","Itga5","Sos1"
"12325","Itga5","Sos2"
"12326","Itga5","Ilk"
"12327","Itgav","Ctnnb1"
"12328","Itgav","Elk1"
"12329","Itgav","Jun"
"12330","Itgav","Mapk10"
"12331","Itgav","Mapk8"
"12332","Itgav","Mapk9"
"12333","Itgav","Sos1"
"12334","Itgav","Sos2"
"12335","Itgav","Ilk"
"12336","Itgb3","Ctnnb1"
"12337","Itgb3","Elk1"
"12338","Itgb3","Jun"
"12339","Itgb3","Mapk10"
"12340","Itgb3","Mapk8"
"12341","Itgb3","Mapk9"
"12342","Itgb3","Sos1"
"12343","Itgb3","Sos2"
"12344","Itgb3","Ilk"
"12345","Itga6","Ctnnb1"
"12346","Itga6","Elk1"
"12347","Itga6","Jun"
"12348","Itga6","Mapk10"
"12349","Itga6","Mapk8"
"12350","Itga6","Mapk9"
"12351","Itga6","Sos1"
"12352","Itga6","Sos2"
"12353","Itga6","Ilk"
"12354","Itgb7","Ctnnb1"
"12355","Itgb7","Elk1"
"12356","Itgb7","Jun"
"12357","Itgb7","Mapk10"
"12358","Itgb7","Mapk8"
"12359","Itgb7","Mapk9"
"12360","Itgb7","Sos1"
"12361","Itgb7","Sos2"
"12362","Itgb7","Ilk"
"12363","Itga4","Ctnnb1"
"12364","Itga4","Elk1"
"12365","Itga4","Jun"
"12366","Itga4","Mapk10"
"12367","Itga4","Mapk8"
"12368","Itga4","Mapk9"
"12369","Itga4","Sos1"
"12370","Itga4","Sos2"
"12371","Itga4","Ilk"
"12372","Itga3","Ctnnb1"
"12373","Itga3","Elk1"
"12374","Itga3","Jun"
"12375","Itga3","Mapk10"
"12376","Itga3","Mapk8"
"12377","Itga3","Mapk9"
"12378","Itga3","Sos1"
"12379","Itga3","Sos2"
"12380","Itga3","Ilk"
"12381","Itgb5","Ctnnb1"
"12382","Itgb5","Elk1"
"12383","Itgb5","Jun"
"12384","Itgb5","Mapk10"
"12385","Itgb5","Mapk8"
"12386","Itgb5","Mapk9"
"12387","Itgb5","Sos1"
"12388","Itgb5","Sos2"
"12389","Itgb5","Ilk"
"12390","Egfr","Ilk"
"12391","Cav1","Akt1"
"12392","Cav1","Ctnnb1"
"12393","Cav1","Elk1"
"12394","Cav1","Jun"
"12395","Cav1","Mapk1"
"12396","Cav1","Mapk10"
"12397","Cav1","Mapk3"
"12398","Cav1","Mapk8"
"12399","Cav1","Mapk9"
"12400","Cav1","Sos1"
"12401","Cav1","Sos2"
"12402","Cav1","Ccnd1"
"12403","Cav1","Ilk"
"12404","Cav1","Raf1"
"12405","Erbb2","Ctnnb1"
"12406","Erbb2","Ilk"
"12407","Mylk","Akt1"
"12408","Mylk","Ctnnb1"
"12409","Mylk","Elk1"
"12410","Mylk","Jun"
"12411","Mylk","Mapk1"
"12412","Mylk","Mapk10"
"12413","Mylk","Mapk3"
"12414","Mylk","Mapk8"
"12415","Mylk","Mapk9"
"12416","Mylk","Sos1"
"12417","Mylk","Sos2"
"12418","Mylk","Ccnd1"
"12419","Mylk","Ilk"
"12420","Mylk","Raf1"
"12421","Mylk2","Akt1"
"12422","Mylk2","Ctnnb1"
"12423","Mylk2","Elk1"
"12424","Mylk2","Jun"
"12425","Mylk2","Mapk1"
"12426","Mylk2","Mapk10"
"12427","Mylk2","Mapk3"
"12428","Mylk2","Mapk8"
"12429","Mylk2","Mapk9"
"12430","Mylk2","Sos1"
"12431","Mylk2","Sos2"
"12432","Mylk2","Ccnd1"
"12433","Mylk2","Ilk"
"12434","Mylk2","Raf1"
"12435","Itga2b","Ctnnb1"
"12436","Itga2b","Elk1"
"12437","Itga2b","Jun"
"12438","Itga2b","Mapk10"
"12439","Itga2b","Mapk8"
"12440","Itga2b","Mapk9"
"12441","Itga2b","Sos1"
"12442","Itga2b","Sos2"
"12443","Itga2b","Ilk"
"12444","Igf1r","Ilk"
"12445","Itga2","Ctnnb1"
"12446","Itga2","Elk1"
"12447","Itga2","Jun"
"12448","Itga2","Mapk10"
"12449","Itga2","Mapk8"
"12450","Itga2","Mapk9"
"12451","Itga2","Sos1"
"12452","Itga2","Sos2"
"12453","Itga2","Ilk"
"12454","Kdr","Ilk"
"12455","Flt4","Ilk"
"12456","Itga1","Ctnnb1"
"12457","Itga1","Elk1"
"12458","Itga1","Jun"
"12459","Itga1","Mapk10"
"12460","Itga1","Mapk8"
"12461","Itga1","Mapk9"
"12462","Itga1","Sos1"
"12463","Itga1","Sos2"
"12464","Itga1","Ilk"
"12465","Itga11","Ctnnb1"
"12466","Itga11","Elk1"
"12467","Itga11","Jun"
"12468","Itga11","Mapk10"
"12469","Itga11","Mapk8"
"12470","Itga11","Mapk9"
"12471","Itga11","Sos1"
"12472","Itga11","Sos2"
"12473","Itga11","Ilk"
"12474","Itga10","Ctnnb1"
"12475","Itga10","Elk1"
"12476","Itga10","Jun"
"12477","Itga10","Mapk10"
"12478","Itga10","Mapk8"
"12479","Itga10","Mapk9"
"12480","Itga10","Sos1"
"12481","Itga10","Sos2"
"12482","Itga10","Ilk"
"12483","Itgb8","Ctnnb1"
"12484","Itgb8","Elk1"
"12485","Itgb8","Jun"
"12486","Itgb8","Mapk10"
"12487","Itgb8","Mapk8"
"12488","Itgb8","Mapk9"
"12489","Itgb8","Sos1"
"12490","Itgb8","Sos2"
"12491","Itgb8","Ilk"
"12492","Itga7","Ctnnb1"
"12493","Itga7","Elk1"
"12494","Itga7","Jun"
"12495","Itga7","Mapk10"
"12496","Itga7","Mapk8"
"12497","Itga7","Mapk9"
"12498","Itga7","Sos1"
"12499","Itga7","Sos2"
"12500","Itga7","Ilk"
"12501","Itgb4","Ctnnb1"
"12502","Itgb4","Elk1"
"12503","Itgb4","Jun"
"12504","Itgb4","Mapk10"
"12505","Itgb4","Mapk8"
"12506","Itgb4","Mapk9"
"12507","Itgb4","Sos1"
"12508","Itgb4","Sos2"
"12509","Itgb4","Ilk"
"12510","Itgb6","Ctnnb1"
"12511","Itgb6","Elk1"
"12512","Itgb6","Jun"
"12513","Itgb6","Mapk10"
"12514","Itgb6","Mapk8"
"12515","Itgb6","Mapk9"
"12516","Itgb6","Sos1"
"12517","Itgb6","Sos2"
"12518","Itgb6","Ilk"
"12519","Itga8","Ctnnb1"
"12520","Itga8","Elk1"
"12521","Itga8","Jun"
"12522","Itga8","Mapk10"
"12523","Itga8","Mapk8"
"12524","Itga8","Mapk9"
"12525","Itga8","Sos1"
"12526","Itga8","Sos2"
"12527","Itga8","Ilk"
"12528","Pdgfrb","Ilk"
"12529","Pdgfra","Ilk"
"12530","Flt1","Ilk"
"12531","Fyn","Ctnnb1"
"12532","Fyn","Elk1"
"12533","Fyn","Sos1"
"12534","Fyn","Sos2"
"12535","Fyn","Ccnd1"
"12536","Pik3r1","Ctnnb1"
"12537","Pik3r1","Elk1"
"12538","Pik3r1","Ilk"
"12539","Src","Ctnnb1"
"12540","Src","Elk1"
"12541","Src","Mapk10"
"12542","Src","Mapk8"
"12543","Src","Mapk9"
"12544","Src","Ccnd1"
"12545","Pik3r2","Ctnnb1"
"12546","Pik3r2","Elk1"
"12547","Pik3r2","Ilk"
"12548","Pak1","Akt1"
"12549","Pak1","Ctnnb1"
"12550","Pak1","Sos1"
"12551","Pak1","Sos2"
"12552","Pak1","Ccnd1"
"12553","Pak2","Akt1"
"12554","Pak2","Ctnnb1"
"12555","Pak2","Sos1"
"12556","Pak2","Sos2"
"12557","Pak2","Ccnd1"
"12558","Pak3","Akt1"
"12559","Pak3","Ctnnb1"
"12560","Pak3","Sos1"
"12561","Pak3","Sos2"
"12562","Pak3","Ccnd1"
"12563","Ptk2","Ctnnb1"
"12564","Ptk2","Elk1"
"12565","Ptk2","Mapk10"
"12566","Ptk2","Mapk8"
"12567","Ptk2","Mapk9"
"12568","Pik3r3","Ctnnb1"
"12569","Pik3r3","Elk1"
"12570","Pik3r3","Ilk"
"12571","Prkca","Sos1"
"12572","Prkca","Sos2"
"12573","Prkca","Ccnd1"
"12574","Prkcb","Sos1"
"12575","Prkcb","Sos2"
"12576","Prkcb","Ccnd1"
"12577","Prkcb","Ilk"
"12578","Prkcg","Sos1"
"12579","Prkcg","Sos2"
"12580","Prkcg","Ccnd1"
"12581","Prkcg","Ilk"
"12582","Fn1","Ctnnb1"
"12583","Fn1","Elk1"
"12584","Fn1","Jun"
"12585","Fn1","Mapk10"
"12586","Fn1","Mapk8"
"12587","Fn1","Mapk9"
"12588","Fn1","Sos1"
"12589","Fn1","Sos2"
"12590","Fn1","Ilk"
"12591","Vegfa","Ilk"
"12592","Egfr,Erbb2","Ilk"
"12593","Erbb2,Erbb4","Ctnnb1"
"12594","Erbb2,Erbb4","Ilk"
"12595","Erbb2,Erbb3","Ctnnb1"
"12596","Erbb2,Erbb3","Ilk"
"12597","Itgav,Itgb3","Ctnnb1"
"12598","Itgav,Itgb3","Elk1"
"12599","Itgav,Itgb3","Jun"
"12600","Itgav,Itgb3","Mapk10"
"12601","Itgav,Itgb3","Mapk8"
"12602","Itgav,Itgb3","Mapk9"
"12603","Itgav,Itgb3","Sos1"
"12604","Itgav,Itgb3","Sos2"
"12605","Itgav,Itgb3","Ilk"
"12606","Flt1,Kdr","Ilk"
"12607","Flt4,Kdr","Ilk"
"12608","Itga6,Itgb4","Ctnnb1"
"12609","Itga6,Itgb4","Elk1"
"12610","Itga6,Itgb4","Jun"
"12611","Itga6,Itgb4","Mapk10"
"12612","Itga6,Itgb4","Mapk8"
"12613","Itga6,Itgb4","Mapk9"
"12614","Itga6,Itgb4","Sos1"
"12615","Itga6,Itgb4","Sos2"
"12616","Itga6,Itgb4","Ilk"
"12617","Itga2b,Itgb3","Ctnnb1"
"12618","Itga2b,Itgb3","Elk1"
"12619","Itga2b,Itgb3","Jun"
"12620","Itga2b,Itgb3","Mapk10"
"12621","Itga2b,Itgb3","Mapk8"
"12622","Itga2b,Itgb3","Mapk9"
"12623","Itga2b,Itgb3","Sos1"
"12624","Itga2b,Itgb3","Sos2"
"12625","Itga2b,Itgb3","Ilk"
"12626","Itga5,Itgb1","Ctnnb1"
"12627","Itga5,Itgb1","Elk1"
"12628","Itga5,Itgb1","Jun"
"12629","Itga5,Itgb1","Mapk10"
"12630","Itga5,Itgb1","Mapk8"
"12631","Itga5,Itgb1","Mapk9"
"12632","Itga5,Itgb1","Sos1"
"12633","Itga5,Itgb1","Sos2"
"12634","Itgav,Itgb1","Ctnnb1"
"12635","Itgav,Itgb1","Elk1"
"12636","Itgav,Itgb1","Jun"
"12637","Itgav,Itgb1","Mapk10"
"12638","Itgav,Itgb1","Mapk8"
"12639","Itgav,Itgb1","Mapk9"
"12640","Itgav,Itgb1","Sos1"
"12641","Itgav,Itgb1","Sos2"
"12642","Itgav,Itgb5","Ctnnb1"
"12643","Itgav,Itgb5","Elk1"
"12644","Itgav,Itgb5","Jun"
"12645","Itgav,Itgb5","Mapk10"
"12646","Itgav,Itgb5","Mapk8"
"12647","Itgav,Itgb5","Mapk9"
"12648","Itgav,Itgb5","Sos1"
"12649","Itgav,Itgb5","Sos2"
"12650","Itgav,Itgb5","Ilk"
"12651","Itgav,Itgb6","Ctnnb1"
"12652","Itgav,Itgb6","Elk1"
"12653","Itgav,Itgb6","Jun"
"12654","Itgav,Itgb6","Mapk10"
"12655","Itgav,Itgb6","Mapk8"
"12656","Itgav,Itgb6","Mapk9"
"12657","Itgav,Itgb6","Sos1"
"12658","Itgav,Itgb6","Sos2"
"12659","Itgav,Itgb6","Ilk"
"12660","Itga4,Itgb1","Ctnnb1"
"12661","Itga4,Itgb1","Elk1"
"12662","Itga4,Itgb1","Jun"
"12663","Itga4,Itgb1","Mapk10"
"12664","Itga4,Itgb1","Mapk8"
"12665","Itga4,Itgb1","Mapk9"
"12666","Itga4,Itgb1","Sos1"
"12667","Itga4,Itgb1","Sos2"
"12668","Itga9,Itgb1","Ctnnb1"
"12669","Itga9,Itgb1","Elk1"
"12670","Itga9,Itgb1","Jun"
"12671","Itga9,Itgb1","Mapk10"
"12672","Itga9,Itgb1","Mapk8"
"12673","Itga9,Itgb1","Mapk9"
"12674","Itga9,Itgb1","Sos1"
"12675","Itga9,Itgb1","Sos2"
"12676","Itga8,Itgb1","Ctnnb1"
"12677","Itga8,Itgb1","Elk1"
"12678","Itga8,Itgb1","Jun"
"12679","Itga8,Itgb1","Mapk10"
"12680","Itga8,Itgb1","Mapk8"
"12681","Itga8,Itgb1","Mapk9"
"12682","Itga8,Itgb1","Sos1"
"12683","Itga8,Itgb1","Sos2"
"12684","Itga1,Itgb1","Ctnnb1"
"12685","Itga1,Itgb1","Elk1"
"12686","Itga1,Itgb1","Jun"
"12687","Itga1,Itgb1","Mapk10"
"12688","Itga1,Itgb1","Mapk8"
"12689","Itga1,Itgb1","Mapk9"
"12690","Itga1,Itgb1","Sos1"
"12691","Itga1,Itgb1","Sos2"
"12692","Itga6,Itgb1","Ctnnb1"
"12693","Itga6,Itgb1","Elk1"
"12694","Itga6,Itgb1","Jun"
"12695","Itga6,Itgb1","Mapk10"
"12696","Itga6,Itgb1","Mapk8"
"12697","Itga6,Itgb1","Mapk9"
"12698","Itga6,Itgb1","Sos1"
"12699","Itga6,Itgb1","Sos2"
"12700","Itga2,Itgb1","Ctnnb1"
"12701","Itga2,Itgb1","Elk1"
"12702","Itga2,Itgb1","Jun"
"12703","Itga2,Itgb1","Mapk10"
"12704","Itga2,Itgb1","Mapk8"
"12705","Itga2,Itgb1","Mapk9"
"12706","Itga2,Itgb1","Sos1"
"12707","Itga2,Itgb1","Sos2"
"12708","Itga3,Itgb1","Ctnnb1"
"12709","Itga3,Itgb1","Elk1"
"12710","Itga3,Itgb1","Jun"
"12711","Itga3,Itgb1","Mapk10"
"12712","Itga3,Itgb1","Mapk8"
"12713","Itga3,Itgb1","Mapk9"
"12714","Itga3,Itgb1","Sos1"
"12715","Itga3,Itgb1","Sos2"
"12716","Itga7,Itgb1","Ctnnb1"
"12717","Itga7,Itgb1","Elk1"
"12718","Itga7,Itgb1","Jun"
"12719","Itga7,Itgb1","Mapk10"
"12720","Itga7,Itgb1","Mapk8"
"12721","Itga7,Itgb1","Mapk9"
"12722","Itga7,Itgb1","Sos1"
"12723","Itga7,Itgb1","Sos2"
"12724","Itga10,Itgb1","Ctnnb1"
"12725","Itga10,Itgb1","Elk1"
"12726","Itga10,Itgb1","Jun"
"12727","Itga10,Itgb1","Mapk10"
"12728","Itga10,Itgb1","Mapk8"
"12729","Itga10,Itgb1","Mapk9"
"12730","Itga10,Itgb1","Sos1"
"12731","Itga10,Itgb1","Sos2"
"12732","Itga11,Itgb1","Ctnnb1"
"12733","Itga11,Itgb1","Elk1"
"12734","Itga11,Itgb1","Jun"
"12735","Itga11,Itgb1","Mapk10"
"12736","Itga11,Itgb1","Mapk8"
"12737","Itga11,Itgb1","Mapk9"
"12738","Itga11,Itgb1","Sos1"
"12739","Itga11,Itgb1","Sos2"
"12740","Itga4,Itgb7","Ctnnb1"
"12741","Itga4,Itgb7","Elk1"
"12742","Itga4,Itgb7","Jun"
"12743","Itga4,Itgb7","Mapk10"
"12744","Itga4,Itgb7","Mapk8"
"12745","Itga4,Itgb7","Mapk9"
"12746","Itga4,Itgb7","Sos1"
"12747","Itga4,Itgb7","Sos2"
"12748","Itga4,Itgb7","Ilk"
"12749","Itgav,Itgb8","Ctnnb1"
"12750","Itgav,Itgb8","Elk1"
"12751","Itgav,Itgb8","Jun"
"12752","Itgav,Itgb8","Mapk10"
"12753","Itgav,Itgb8","Mapk8"
"12754","Itgav,Itgb8","Mapk9"
"12755","Itgav,Itgb8","Sos1"
"12756","Itgav,Itgb8","Sos2"
"12757","Itgav,Itgb8","Ilk"
"12758","Itgae,Itgb7","Ctnnb1"
"12759","Itgae,Itgb7","Elk1"
"12760","Itgae,Itgb7","Jun"
"12761","Itgae,Itgb7","Mapk10"
"12762","Itgae,Itgb7","Mapk8"
"12763","Itgae,Itgb7","Mapk9"
"12764","Itgae,Itgb7","Sos1"
"12765","Itgae,Itgb7","Sos2"
"12766","Itgae,Itgb7","Ilk"
"12767","Itgb1,Itga1","Ctnnb1"
"12768","Itgb1,Itga1","Elk1"
"12769","Itgb1,Itga1","Jun"
"12770","Itgb1,Itga1","Mapk10"
"12771","Itgb1,Itga1","Mapk8"
"12772","Itgb1,Itga1","Mapk9"
"12773","Itgb1,Itga1","Sos1"
"12774","Itgb1,Itga1","Sos2"
"12775","Vtn","Ctnnb1"
"12776","Vtn","Elk1"
"12777","Vtn","Jun"
"12778","Vtn","Mapk10"
"12779","Vtn","Mapk8"
"12780","Vtn","Mapk9"
"12781","Vtn","Sos1"
"12782","Vtn","Sos2"
"12783","Vtn","Ilk"
"12784","Pdgfa","Ilk"
"12785","Egfr","Lef1"
"12786","Egfr","Tcf7"
"12787","Egfr","Tcf7l1"
"12788","Egfr","Tcf7l2"
"12789","Egfr","Lmo7"
"12790","Egfr","Snai2"
"12791","Erbb2","Lef1"
"12792","Erbb2","Tcf7"
"12793","Erbb2","Tcf7l1"
"12794","Erbb2","Tcf7l2"
"12795","Erbb2","Lmo7"
"12796","Erbb2","Snai2"
"12797","Igf1r","Lef1"
"12798","Igf1r","Tcf7"
"12799","Igf1r","Tcf7l1"
"12800","Igf1r","Tcf7l2"
"12801","Igf1r","Lmo7"
"12802","Ptprf","Ctnnb1"
"12803","Ptprf","Lef1"
"12804","Ptprf","Tcf7"
"12805","Ptprf","Tcf7l1"
"12806","Ptprf","Tcf7l2"
"12807","Ptprf","Lmo7"
"12808","Ptprm","Ctnnb1"
"12809","Ptprm","Lef1"
"12810","Ptprm","Tcf7"
"12811","Ptprm","Tcf7l1"
"12812","Ptprm","Tcf7l2"
"12813","Ptprm","Lmo7"
"12814","Tgfbr1","Snai1"
"12815","Tgfbr2","Snai1"
"12816","Met","Lef1"
"12817","Met","Tcf7"
"12818","Met","Tcf7l1"
"12819","Met","Tcf7l2"
"12820","Met","Lmo7"
"12821","Fgfr1","Snai1"
"12822","Ptprb","Ctnnb1"
"12823","Ptprb","Lef1"
"12824","Ptprb","Tcf7"
"12825","Ptprb","Tcf7l1"
"12826","Ptprb","Tcf7l2"
"12827","Ptprb","Lmo7"
"12828","Fyn","Lef1"
"12829","Fyn","Tcf7"
"12830","Fyn","Tcf7l1"
"12831","Fyn","Tcf7l2"
"12832","Fyn","Lmo7"
"12833","Fer","Ctnnb1"
"12834","Fer","Lef1"
"12835","Fer","Tcf7"
"12836","Fer","Tcf7l1"
"12837","Fer","Tcf7l2"
"12838","Fer","Lmo7"
"12839","Ptprj","Ctnnb1"
"12840","Ptprj","Lef1"
"12841","Ptprj","Tcf7"
"12842","Ptprj","Tcf7l1"
"12843","Ptprj","Tcf7l2"
"12844","Ptprj","Lmo7"
"12845","Csnk2a1","Lmo7"
"12846","Src","Lef1"
"12847","Src","Tcf7"
"12848","Src","Tcf7l1"
"12849","Src","Tcf7l2"
"12850","Src","Lmo7"
"12851","Csnk2a2","Lmo7"
"12852","Csnk2b","Lmo7"
"12853","Tgfbr1,Tgfbr2","Snai1"
"12854","Acvr1b,Tgfbr2","Snai1"
"12855","Acvr1c,Tgfbr2","Snai1"
"12856","Acvr1,Tgfbr1,Tgfbr2","Snai1"
"12857","Tgfbr1,Acvr2a","Snai1"
"12858","Tgfbr1,Acvr2b","Snai1"
"12859","Egfr,Erbb2","Lef1"
"12860","Egfr,Erbb2","Tcf7"
"12861","Egfr,Erbb2","Tcf7l1"
"12862","Egfr,Erbb2","Tcf7l2"
"12863","Egfr,Erbb2","Lmo7"
"12864","Egfr,Erbb2","Snai2"
"12865","Erbb2,Erbb4","Lef1"
"12866","Erbb2,Erbb4","Tcf7"
"12867","Erbb2,Erbb4","Tcf7l1"
"12868","Erbb2,Erbb4","Tcf7l2"
"12869","Erbb2,Erbb4","Lmo7"
"12870","Erbb2,Erbb4","Snai2"
"12871","Erbb2,Erbb3","Lef1"
"12872","Erbb2,Erbb3","Tcf7"
"12873","Erbb2,Erbb3","Tcf7l1"
"12874","Erbb2,Erbb3","Tcf7l2"
"12875","Erbb2,Erbb3","Lmo7"
"12876","Erbb2,Erbb3","Snai2"
"12877","Nectin2","Ctnnb1"
"12878","Nectin2","Lef1"
"12879","Nectin2","Tcf7"
"12880","Nectin2","Tcf7l1"
"12881","Nectin2","Tcf7l2"
"12882","Nectin2","Lmo7"
"12883","Nectin1","Ctnnb1"
"12884","Nectin1","Lef1"
"12885","Nectin1","Tcf7"
"12886","Nectin1","Tcf7l1"
"12887","Nectin1","Tcf7l2"
"12888","Nectin1","Lmo7"
"12889","Cdh1","Lef1"
"12890","Cdh1","Tcf7"
"12891","Cdh1","Tcf7l1"
"12892","Cdh1","Tcf7l2"
"12893","Cdh1","Lmo7"
"12894","Nectin4","Ctnnb1"
"12895","Nectin4","Lef1"
"12896","Nectin4","Tcf7"
"12897","Nectin4","Tcf7l1"
"12898","Nectin4","Tcf7l2"
"12899","Nectin4","Lmo7"
"12900","Nectin3","Ctnnb1"
"12901","Nectin3","Lef1"
"12902","Nectin3","Tcf7"
"12903","Nectin3","Tcf7l1"
"12904","Nectin3","Tcf7l2"
"12905","Nectin3","Lmo7"
"12906","F11r","Runx1"
"12907","F11r","Ccnd1"
"12908","F11r","Gata4"
"12909","F11r","Hcls1"
"12910","Ocln","Runx1"
"12911","Ocln","Ccnd1"
"12912","Ocln","Gata4"
"12913","Ocln","Hcls1"
"12914","Cftr","Runx1"
"12915","Cftr","Ccnd1"
"12916","Cftr","Gata4"
"12917","Cftr","Hcls1"
"12918","Cldn4","Runx1"
"12919","Cldn4","Ccnd1"
"12920","Cldn4","Gata4"
"12921","Cldn4","Hcls1"
"12922","Src","Runx1"
"12923","Src","Gata4"
"12924","Src","Hcls1"
"12925","Cdk4","Runx1"
"12926","Cdk4","Ccnd1"
"12927","Hspa4","Runx1"
"12928","Hspa4","Ccnd1"
"12929","Hspa4","Gata4"
"12930","Hspa4","Hcls1"
"12931","Pard3","Runx1"
"12932","Pard3","Ccnd1"
"12933","Pard3","Gata4"
"12934","Pard3","Hcls1"
"12935","Cldn11","Runx1"
"12936","Cldn11","Ccnd1"
"12937","Cldn11","Gata4"
"12938","Cldn11","Hcls1"
"12939","Jam3","Runx1"
"12940","Jam3","Ccnd1"
"12941","Jam3","Gata4"
"12942","Jam3","Hcls1"
"12943","Jam2","Runx1"
"12944","Jam2","Ccnd1"
"12945","Jam2","Gata4"
"12946","Jam2","Hcls1"
"12947","Acvr1","Mapk1"
"12948","Acvr1","Mapk11"
"12949","Acvr1","Mapk12"
"12950","Acvr1","Mapk13"
"12951","Acvr1","Mapk14"
"12952","Acvr1","Mapk3"
"12953","Acvr1","Pou5f1"
"12954","Acvr1","Nanog"
"12955","Acvr1","Sox2"
"12956","Acvr1","Tbx3"
"12957","Acvr2a","Mapk1"
"12958","Acvr2a","Mapk3"
"12959","Acvr2a","Pou5f1"
"12960","Acvr2a","Smad1"
"12961","Acvr2a","Smad2"
"12962","Acvr2a","Smad3"
"12963","Acvr2a","Smad4"
"12964","Acvr2a","Smad5"
"12965","Acvr2a","Smad9"
"12966","Acvr2a","Id1"
"12967","Acvr2a","Id2"
"12968","Acvr2a","Id3"
"12969","Acvr2a","Id4"
"12970","Acvr2a","Nanog"
"12971","Acvr2a","Sox2"
"12972","Acvr2a","Tbx3"
"12973","Acvr2b","Mapk1"
"12974","Acvr2b","Mapk3"
"12975","Acvr2b","Pou5f1"
"12976","Acvr2b","Smad1"
"12977","Acvr2b","Smad2"
"12978","Acvr2b","Smad3"
"12979","Acvr2b","Smad4"
"12980","Acvr2b","Smad5"
"12981","Acvr2b","Smad9"
"12982","Acvr2b","Id1"
"12983","Acvr2b","Id2"
"12984","Acvr2b","Id3"
"12985","Acvr2b","Id4"
"12986","Acvr2b","Nanog"
"12987","Acvr2b","Sox2"
"12988","Acvr2b","Tbx3"
"12989","Bmpr1a","Mapk1"
"12990","Bmpr1a","Mapk11"
"12991","Bmpr1a","Mapk12"
"12992","Bmpr1a","Mapk13"
"12993","Bmpr1a","Mapk14"
"12994","Bmpr1a","Mapk3"
"12995","Bmpr1a","Pou5f1"
"12996","Bmpr1a","Nanog"
"12997","Bmpr1a","Tbx3"
"12998","Bmpr1b","Mapk1"
"12999","Bmpr1b","Mapk11"
"13000","Bmpr1b","Mapk12"
"13001","Bmpr1b","Mapk13"
"13002","Bmpr1b","Mapk14"
"13003","Bmpr1b","Mapk3"
"13004","Bmpr1b","Pou5f1"
"13005","Bmpr1b","Nanog"
"13006","Bmpr1b","Tbx3"
"13007","Bmpr2","Mapk1"
"13008","Bmpr2","Mapk11"
"13009","Bmpr2","Mapk12"
"13010","Bmpr2","Mapk13"
"13011","Bmpr2","Mapk14"
"13012","Bmpr2","Mapk3"
"13013","Bmpr2","Pou5f1"
"13014","Bmpr2","Nanog"
"13015","Bmpr2","Tbx3"
"13016","Il6st","Akt1"
"13017","Il6st","Mapk1"
"13018","Il6st","Mapk3"
"13019","Il6st","Myc"
"13020","Il6st","Pou5f1"
"13021","Il6st","Stat3"
"13022","Il6st","Klf4"
"13023","Il6st","Nanog"
"13024","Il6st","Sox2"
"13025","Il6st","Tbx3"
"13026","Lifr","Akt1"
"13027","Lifr","Mapk1"
"13028","Lifr","Mapk3"
"13029","Lifr","Myc"
"13030","Lifr","Pou5f1"
"13031","Lifr","Stat3"
"13032","Lifr","Klf4"
"13033","Lifr","Nanog"
"13034","Lifr","Sox2"
"13035","Lifr","Tbx3"
"13036","Fzd3","Tcf3"
"13037","Fzd3","Esrrb"
"13038","Fzd5","Tcf3"
"13039","Fzd5","Esrrb"
"13040","Fzd6","Tcf3"
"13041","Fzd6","Esrrb"
"13042","Fgfr1","Pou5f1"
"13043","Fgfr1","Nanog"
"13044","Fgfr1","Sox2"
"13045","Fgfr1","Tbx3"
"13046","Fgfr2","Pou5f1"
"13047","Fgfr2","Nanog"
"13048","Fgfr2","Sox2"
"13049","Fgfr2","Tbx3"
"13050","Fgfr3","Pou5f1"
"13051","Fgfr3","Nanog"
"13052","Fgfr3","Sox2"
"13053","Fgfr3","Tbx3"
"13054","Fgfr4","Pou5f1"
"13055","Fgfr4","Nanog"
"13056","Fgfr4","Sox2"
"13057","Fgfr4","Tbx3"
"13058","Acvr1b","Mapk1"
"13059","Acvr1b","Mapk3"
"13060","Acvr1b","Pou5f1"
"13061","Acvr1b","Nanog"
"13062","Acvr1b","Sox2"
"13063","Acvr1b","Tbx3"
"13064","Fzd8","Tcf3"
"13065","Fzd8","Esrrb"
"13066","Acvr1c","Mapk1"
"13067","Acvr1c","Mapk3"
"13068","Acvr1c","Pou5f1"
"13069","Acvr1c","Nanog"
"13070","Acvr1c","Sox2"
"13071","Acvr1c","Tbx3"
"13072","Fzd1","Tcf3"
"13073","Fzd1","Esrrb"
"13074","Fzd10","Tcf3"
"13075","Fzd10","Esrrb"
"13076","Fzd4","Tcf3"
"13077","Fzd4","Esrrb"
"13078","Fzd7","Tcf3"
"13079","Fzd7","Esrrb"
"13080","Fzd2","Tcf3"
"13081","Fzd2","Esrrb"
"13082","Fzd9","Tcf3"
"13083","Fzd9","Esrrb"
"13084","Gsk3b","Tcf3"
"13085","Gsk3b","Esrrb"
"13086","Raf1","Pou5f1"
"13087","Raf1","Nanog"
"13088","Raf1","Sox2"
"13089","Raf1","Tbx3"
"13090","Acvr1b,Tgfbr2","Mapk1"
"13091","Acvr1b,Tgfbr2","Mapk3"
"13092","Acvr1b,Tgfbr2","Pou5f1"
"13093","Acvr1b,Tgfbr2","Nanog"
"13094","Acvr1b,Tgfbr2","Tbx3"
"13095","Acvr1c,Tgfbr2","Mapk1"
"13096","Acvr1c,Tgfbr2","Mapk3"
"13097","Acvr1c,Tgfbr2","Pou5f1"
"13098","Acvr1c,Tgfbr2","Nanog"
"13099","Acvr1c,Tgfbr2","Tbx3"
"13100","Acvr1,Tgfbr1,Tgfbr2","Mapk1"
"13101","Acvr1,Tgfbr1,Tgfbr2","Mapk3"
"13102","Acvr1,Tgfbr1,Tgfbr2","Pou5f1"
"13103","Acvr1,Tgfbr1,Tgfbr2","Nanog"
"13104","Acvr1,Tgfbr1,Tgfbr2","Tbx3"
"13105","Bmpr1a,Acvr2a","Mapk1"
"13106","Bmpr1a,Acvr2a","Mapk11"
"13107","Bmpr1a,Acvr2a","Mapk12"
"13108","Bmpr1a,Acvr2a","Mapk13"
"13109","Bmpr1a,Acvr2a","Mapk14"
"13110","Bmpr1a,Acvr2a","Mapk3"
"13111","Bmpr1a,Acvr2a","Pou5f1"
"13112","Bmpr1a,Acvr2a","Nanog"
"13113","Bmpr1a,Acvr2a","Tbx3"
"13114","Bmpr1a,Acvr2b","Mapk1"
"13115","Bmpr1a,Acvr2b","Mapk11"
"13116","Bmpr1a,Acvr2b","Mapk12"
"13117","Bmpr1a,Acvr2b","Mapk13"
"13118","Bmpr1a,Acvr2b","Mapk14"
"13119","Bmpr1a,Acvr2b","Mapk3"
"13120","Bmpr1a,Acvr2b","Pou5f1"
"13121","Bmpr1a,Acvr2b","Nanog"
"13122","Bmpr1a,Acvr2b","Tbx3"
"13123","Bmpr1a,Bmpr2","Mapk1"
"13124","Bmpr1a,Bmpr2","Mapk11"
"13125","Bmpr1a,Bmpr2","Mapk12"
"13126","Bmpr1a,Bmpr2","Mapk13"
"13127","Bmpr1a,Bmpr2","Mapk14"
"13128","Bmpr1a,Bmpr2","Mapk3"
"13129","Bmpr1a,Bmpr2","Pou5f1"
"13130","Bmpr1a,Bmpr2","Nanog"
"13131","Bmpr1a,Bmpr2","Tbx3"
"13132","Bmpr1b,Acvr2a","Mapk1"
"13133","Bmpr1b,Acvr2a","Mapk11"
"13134","Bmpr1b,Acvr2a","Mapk12"
"13135","Bmpr1b,Acvr2a","Mapk13"
"13136","Bmpr1b,Acvr2a","Mapk14"
"13137","Bmpr1b,Acvr2a","Mapk3"
"13138","Bmpr1b,Acvr2a","Pou5f1"
"13139","Bmpr1b,Acvr2a","Nanog"
"13140","Bmpr1b,Acvr2a","Tbx3"
"13141","Bmpr1b,Acvr2b","Mapk1"
"13142","Bmpr1b,Acvr2b","Mapk11"
"13143","Bmpr1b,Acvr2b","Mapk12"
"13144","Bmpr1b,Acvr2b","Mapk13"
"13145","Bmpr1b,Acvr2b","Mapk14"
"13146","Bmpr1b,Acvr2b","Mapk3"
"13147","Bmpr1b,Acvr2b","Pou5f1"
"13148","Bmpr1b,Acvr2b","Nanog"
"13149","Bmpr1b,Acvr2b","Tbx3"
"13150","Bmpr1b,Bmpr2","Mapk1"
"13151","Bmpr1b,Bmpr2","Mapk11"
"13152","Bmpr1b,Bmpr2","Mapk12"
"13153","Bmpr1b,Bmpr2","Mapk13"
"13154","Bmpr1b,Bmpr2","Mapk14"
"13155","Bmpr1b,Bmpr2","Mapk3"
"13156","Bmpr1b,Bmpr2","Pou5f1"
"13157","Bmpr1b,Bmpr2","Nanog"
"13158","Bmpr1b,Bmpr2","Tbx3"
"13159","Acvr1,Acvr2a","Mapk1"
"13160","Acvr1,Acvr2a","Mapk11"
"13161","Acvr1,Acvr2a","Mapk12"
"13162","Acvr1,Acvr2a","Mapk13"
"13163","Acvr1,Acvr2a","Mapk14"
"13164","Acvr1,Acvr2a","Mapk3"
"13165","Acvr1,Acvr2a","Pou5f1"
"13166","Acvr1,Acvr2a","Nanog"
"13167","Acvr1,Acvr2a","Sox2"
"13168","Acvr1,Acvr2a","Tbx3"
"13169","Acvr1,Acvr2b","Mapk1"
"13170","Acvr1,Acvr2b","Mapk11"
"13171","Acvr1,Acvr2b","Mapk12"
"13172","Acvr1,Acvr2b","Mapk13"
"13173","Acvr1,Acvr2b","Mapk14"
"13174","Acvr1,Acvr2b","Mapk3"
"13175","Acvr1,Acvr2b","Pou5f1"
"13176","Acvr1,Acvr2b","Nanog"
"13177","Acvr1,Acvr2b","Sox2"
"13178","Acvr1,Acvr2b","Tbx3"
"13179","Acvr1,Bmpr2","Mapk1"
"13180","Acvr1,Bmpr2","Mapk11"
"13181","Acvr1,Bmpr2","Mapk12"
"13182","Acvr1,Bmpr2","Mapk13"
"13183","Acvr1,Bmpr2","Mapk14"
"13184","Acvr1,Bmpr2","Mapk3"
"13185","Acvr1,Bmpr2","Pou5f1"
"13186","Acvr1,Bmpr2","Nanog"
"13187","Acvr1,Bmpr2","Tbx3"
"13188","Acvrl1,Bmpr2","Mapk1"
"13189","Acvrl1,Bmpr2","Mapk11"
"13190","Acvrl1,Bmpr2","Mapk12"
"13191","Acvrl1,Bmpr2","Mapk13"
"13192","Acvrl1,Bmpr2","Mapk14"
"13193","Acvrl1,Bmpr2","Mapk3"
"13194","Acvrl1,Bmpr2","Pou5f1"
"13195","Acvrl1,Bmpr2","Nanog"
"13196","Acvrl1,Bmpr2","Tbx3"
"13197","Acvrl1,Acvr2a","Mapk1"
"13198","Acvrl1,Acvr2a","Mapk3"
"13199","Acvrl1,Acvr2a","Pou5f1"
"13200","Acvrl1,Acvr2a","Smad1"
"13201","Acvrl1,Acvr2a","Smad2"
"13202","Acvrl1,Acvr2a","Smad3"
"13203","Acvrl1,Acvr2a","Smad4"
"13204","Acvrl1,Acvr2a","Smad5"
"13205","Acvrl1,Acvr2a","Smad9"
"13206","Acvrl1,Acvr2a","Id1"
"13207","Acvrl1,Acvr2a","Id2"
"13208","Acvrl1,Acvr2a","Id3"
"13209","Acvrl1,Acvr2a","Id4"
"13210","Acvrl1,Acvr2a","Nanog"
"13211","Acvrl1,Acvr2a","Sox2"
"13212","Acvrl1,Acvr2a","Tbx3"
"13213","Acvr1b,Bmpr2","Mapk1"
"13214","Acvr1b,Bmpr2","Mapk11"
"13215","Acvr1b,Bmpr2","Mapk12"
"13216","Acvr1b,Bmpr2","Mapk13"
"13217","Acvr1b,Bmpr2","Mapk14"
"13218","Acvr1b,Bmpr2","Mapk3"
"13219","Acvr1b,Bmpr2","Pou5f1"
"13220","Acvr1b,Bmpr2","Nanog"
"13221","Acvr1b,Bmpr2","Tbx3"
"13222","Acvr1b,Acvr2a","Mapk1"
"13223","Acvr1b,Acvr2a","Mapk3"
"13224","Acvr1b,Acvr2a","Pou5f1"
"13225","Acvr1b,Acvr2a","Nanog"
"13226","Acvr1b,Acvr2a","Sox2"
"13227","Acvr1b,Acvr2a","Tbx3"
"13228","Tgfbr1,Acvr2a","Mapk1"
"13229","Tgfbr1,Acvr2a","Mapk3"
"13230","Tgfbr1,Acvr2a","Pou5f1"
"13231","Tgfbr1,Acvr2a","Nanog"
"13232","Tgfbr1,Acvr2a","Tbx3"
"13233","Tgfbr1,Acvr2b","Mapk1"
"13234","Tgfbr1,Acvr2b","Mapk3"
"13235","Tgfbr1,Acvr2b","Pou5f1"
"13236","Tgfbr1,Acvr2b","Nanog"
"13237","Tgfbr1,Acvr2b","Tbx3"
"13238","Acvr1b,Acvr2b","Mapk1"
"13239","Acvr1b,Acvr2b","Mapk3"
"13240","Acvr1b,Acvr2b","Pou5f1"
"13241","Acvr1b,Acvr2b","Nanog"
"13242","Acvr1b,Acvr2b","Sox2"
"13243","Acvr1b,Acvr2b","Tbx3"
"13244","Amhr2,Acvr1","Mapk1"
"13245","Amhr2,Acvr1","Mapk11"
"13246","Amhr2,Acvr1","Mapk12"
"13247","Amhr2,Acvr1","Mapk13"
"13248","Amhr2,Acvr1","Mapk14"
"13249","Amhr2,Acvr1","Mapk3"
"13250","Amhr2,Acvr1","Pou5f1"
"13251","Amhr2,Acvr1","Nanog"
"13252","Amhr2,Acvr1","Sox2"
"13253","Amhr2,Acvr1","Tbx3"
"13254","Amhr2,Bmpr1a","Mapk1"
"13255","Amhr2,Bmpr1a","Mapk11"
"13256","Amhr2,Bmpr1a","Mapk12"
"13257","Amhr2,Bmpr1a","Mapk13"
"13258","Amhr2,Bmpr1a","Mapk14"
"13259","Amhr2,Bmpr1a","Mapk3"
"13260","Amhr2,Bmpr1a","Pou5f1"
"13261","Amhr2,Bmpr1a","Nanog"
"13262","Amhr2,Bmpr1a","Tbx3"
"13263","Acvr1b,Acvr2a,Cfc1","Mapk1"
"13264","Acvr1b,Acvr2a,Cfc1","Mapk3"
"13265","Acvr1b,Acvr2a,Cfc1","Pou5f1"
"13266","Acvr1b,Acvr2a,Cfc1","Nanog"
"13267","Acvr1b,Acvr2a,Cfc1","Sox2"
"13268","Acvr1b,Acvr2a,Cfc1","Tbx3"
"13269","Acvr1c,Acvr2a,Cfc1","Mapk1"
"13270","Acvr1c,Acvr2a,Cfc1","Mapk3"
"13271","Acvr1c,Acvr2a,Cfc1","Pou5f1"
"13272","Acvr1c,Acvr2a,Cfc1","Nanog"
"13273","Acvr1c,Acvr2a,Cfc1","Sox2"
"13274","Acvr1c,Acvr2a,Cfc1","Tbx3"
"13275","Acvr1b,Acvr2b,Cfc1","Mapk1"
"13276","Acvr1b,Acvr2b,Cfc1","Mapk3"
"13277","Acvr1b,Acvr2b,Cfc1","Pou5f1"
"13278","Acvr1b,Acvr2b,Cfc1","Nanog"
"13279","Acvr1b,Acvr2b,Cfc1","Sox2"
"13280","Acvr1b,Acvr2b,Cfc1","Tbx3"
"13281","Acvr1c,Acvr2b,Cfc1","Mapk1"
"13282","Acvr1c,Acvr2b,Cfc1","Mapk3"
"13283","Acvr1c,Acvr2b,Cfc1","Pou5f1"
"13284","Acvr1c,Acvr2b,Cfc1","Nanog"
"13285","Acvr1c,Acvr2b,Cfc1","Sox2"
"13286","Acvr1c,Acvr2b,Cfc1","Tbx3"
"13287","Acvr1c,Acvr2a","Mapk1"
"13288","Acvr1c,Acvr2a","Mapk3"
"13289","Acvr1c,Acvr2a","Pou5f1"
"13290","Acvr1c,Acvr2a","Nanog"
"13291","Acvr1c,Acvr2a","Sox2"
"13292","Acvr1c,Acvr2a","Tbx3"
"13293","Acvr1c,Acvr2b","Mapk1"
"13294","Acvr1c,Acvr2b","Mapk3"
"13295","Acvr1c,Acvr2b","Pou5f1"
"13296","Acvr1c,Acvr2b","Nanog"
"13297","Acvr1c,Acvr2b","Sox2"
"13298","Acvr1c,Acvr2b","Tbx3"
"13299","Fzd1,Lrp5","Tcf3"
"13300","Fzd1,Lrp5","Esrrb"
"13301","Fzd10,Lrp5","Tcf3"
"13302","Fzd10,Lrp5","Esrrb"
"13303","Fzd2,Lrp5","Tcf3"
"13304","Fzd2,Lrp5","Esrrb"
"13305","Fzd3,Lrp5","Tcf3"
"13306","Fzd3,Lrp5","Esrrb"
"13307","Fzd4,Lrp5","Tcf3"
"13308","Fzd4,Lrp5","Esrrb"
"13309","Fzd5,Lrp5","Tcf3"
"13310","Fzd5,Lrp5","Esrrb"
"13311","Fzd6,Lrp5","Tcf3"
"13312","Fzd6,Lrp5","Esrrb"
"13313","Fzd7,Lrp5","Tcf3"
"13314","Fzd7,Lrp5","Esrrb"
"13315","Fzd8,Lrp5","Tcf3"
"13316","Fzd8,Lrp5","Esrrb"
"13317","Fzd9,Lrp5","Tcf3"
"13318","Fzd9,Lrp5","Esrrb"
"13319","Fzd1,Lrp6","Tcf3"
"13320","Fzd1,Lrp6","Esrrb"
"13321","Fzd10,Lrp6","Tcf3"
"13322","Fzd10,Lrp6","Esrrb"
"13323","Fzd2,Lrp6","Tcf3"
"13324","Fzd2,Lrp6","Esrrb"
"13325","Fzd3,Lrp6","Tcf3"
"13326","Fzd3,Lrp6","Esrrb"
"13327","Fzd4,Lrp6","Tcf3"
"13328","Fzd4,Lrp6","Esrrb"
"13329","Fzd5,Lrp6","Tcf3"
"13330","Fzd5,Lrp6","Esrrb"
"13331","Fzd6,Lrp6","Tcf3"
"13332","Fzd6,Lrp6","Esrrb"
"13333","Fzd7,Lrp6","Tcf3"
"13334","Fzd7,Lrp6","Esrrb"
"13335","Fzd8,Lrp6","Tcf3"
"13336","Fzd8,Lrp6","Esrrb"
"13337","Fzd9,Lrp6","Tcf3"
"13338","Fzd9,Lrp6","Esrrb"
"13339","Il6ra,Il6st","Pou5f1"
"13340","Il6ra,Il6st","Klf4"
"13341","Il6ra,Il6st","Nanog"
"13342","Il6ra,Il6st","Sox2"
"13343","Il6ra,Il6st","Tbx3"
"13344","Il11ra1,Il6st","Akt1"
"13345","Il11ra1,Il6st","Mapk1"
"13346","Il11ra1,Il6st","Mapk3"
"13347","Il11ra1,Il6st","Myc"
"13348","Il11ra1,Il6st","Pou5f1"
"13349","Il11ra1,Il6st","Stat3"
"13350","Il11ra1,Il6st","Klf4"
"13351","Il11ra1,Il6st","Nanog"
"13352","Il11ra1,Il6st","Sox2"
"13353","Il11ra1,Il6st","Tbx3"
"13354","Il11ra2,Il6st","Akt1"
"13355","Il11ra2,Il6st","Mapk1"
"13356","Il11ra2,Il6st","Mapk3"
"13357","Il11ra2,Il6st","Myc"
"13358","Il11ra2,Il6st","Pou5f1"
"13359","Il11ra2,Il6st","Stat3"
"13360","Il11ra2,Il6st","Klf4"
"13361","Il11ra2,Il6st","Nanog"
"13362","Il11ra2,Il6st","Sox2"
"13363","Il11ra2,Il6st","Tbx3"
"13364","Il27ra,Il6st","Akt1"
"13365","Il27ra,Il6st","Mapk1"
"13366","Il27ra,Il6st","Mapk3"
"13367","Il27ra,Il6st","Myc"
"13368","Il27ra,Il6st","Pou5f1"
"13369","Il27ra,Il6st","Stat3"
"13370","Il27ra,Il6st","Klf4"
"13371","Il27ra,Il6st","Nanog"
"13372","Il27ra,Il6st","Sox2"
"13373","Il27ra,Il6st","Tbx3"
"13374","Cntfr,Lifr,Il6st","Akt1"
"13375","Cntfr,Lifr,Il6st","Mapk1"
"13376","Cntfr,Lifr,Il6st","Mapk3"
"13377","Cntfr,Lifr,Il6st","Myc"
"13378","Cntfr,Lifr,Il6st","Pou5f1"
"13379","Cntfr,Lifr,Il6st","Stat3"
"13380","Cntfr,Lifr,Il6st","Klf4"
"13381","Cntfr,Lifr,Il6st","Nanog"
"13382","Cntfr,Lifr,Il6st","Sox2"
"13383","Cntfr,Lifr,Il6st","Tbx3"
"13384","Lifr,Il6st","Akt1"
"13385","Lifr,Il6st","Mapk1"
"13386","Lifr,Il6st","Mapk3"
"13387","Lifr,Il6st","Myc"
"13388","Lifr,Il6st","Pou5f1"
"13389","Lifr,Il6st","Stat3"
"13390","Lifr,Il6st","Klf4"
"13391","Lifr,Il6st","Nanog"
"13392","Lifr,Il6st","Sox2"
"13393","Lifr,Il6st","Tbx3"
"13394","Osmr,Il6st","Pou5f1"
"13395","Osmr,Il6st","Stat3"
"13396","Osmr,Il6st","Klf4"
"13397","Osmr,Il6st","Nanog"
"13398","Osmr,Il6st","Sox2"
"13399","Osmr,Il6st","Tbx3"
"13400","Itgb1","Mapk11"
"13401","Itgb1","Mapk12"
"13402","Itgb1","Mapk13"
"13403","Itgb1","Mapk14"
"13404","Gp6","Akt1"
"13405","Gp6","Mapk1"
"13406","Gp6","Mapk11"
"13407","Gp6","Mapk12"
"13408","Gp6","Mapk13"
"13409","Gp6","Mapk14"
"13410","Gp6","Mapk3"
"13411","Itga2","Mapk11"
"13412","Itga2","Mapk12"
"13413","Itga2","Mapk13"
"13414","Itga2","Mapk14"
"13415","Gp1ba","Akt1"
"13416","Gp1ba","Mapk1"
"13417","Gp1ba","Mapk11"
"13418","Gp1ba","Mapk12"
"13419","Gp1ba","Mapk13"
"13420","Gp1ba","Mapk14"
"13421","Gp1ba","Mapk3"
"13422","Gp1bb","Akt1"
"13423","Gp1bb","Mapk1"
"13424","Gp1bb","Mapk11"
"13425","Gp1bb","Mapk12"
"13426","Gp1bb","Mapk13"
"13427","Gp1bb","Mapk14"
"13428","Gp1bb","Mapk3"
"13429","Gp9","Akt1"
"13430","Gp9","Mapk1"
"13431","Gp9","Mapk11"
"13432","Gp9","Mapk12"
"13433","Gp9","Mapk13"
"13434","Gp9","Mapk14"
"13435","Gp9","Mapk3"
"13436","Pik3r1","Mapk11"
"13437","Pik3r1","Mapk12"
"13438","Pik3r1","Mapk13"
"13439","Pik3r1","Mapk14"
"13440","Pik3r2","Mapk11"
"13441","Pik3r2","Mapk12"
"13442","Pik3r2","Mapk13"
"13443","Pik3r2","Mapk14"
"13444","Lyn","Mapk11"
"13445","Lyn","Mapk12"
"13446","Lyn","Mapk13"
"13447","Lyn","Mapk14"
"13448","Pik3r3","Mapk11"
"13449","Pik3r3","Mapk12"
"13450","Pik3r3","Mapk13"
"13451","Pik3r3","Mapk14"
"13452","Itga5,Itgb1","Mapk11"
"13453","Itga5,Itgb1","Mapk12"
"13454","Itga5,Itgb1","Mapk13"
"13455","Itga5,Itgb1","Mapk14"
"13456","Itgav,Itgb1","Mapk11"
"13457","Itgav,Itgb1","Mapk12"
"13458","Itgav,Itgb1","Mapk13"
"13459","Itgav,Itgb1","Mapk14"
"13460","Itga4,Itgb1","Mapk11"
"13461","Itga4,Itgb1","Mapk12"
"13462","Itga4,Itgb1","Mapk13"
"13463","Itga4,Itgb1","Mapk14"
"13464","Itga9,Itgb1","Mapk11"
"13465","Itga9,Itgb1","Mapk12"
"13466","Itga9,Itgb1","Mapk13"
"13467","Itga9,Itgb1","Mapk14"
"13468","Itga8,Itgb1","Mapk11"
"13469","Itga8,Itgb1","Mapk12"
"13470","Itga8,Itgb1","Mapk13"
"13471","Itga8,Itgb1","Mapk14"
"13472","Itga1,Itgb1","Mapk11"
"13473","Itga1,Itgb1","Mapk12"
"13474","Itga1,Itgb1","Mapk13"
"13475","Itga1,Itgb1","Mapk14"
"13476","Itga6,Itgb1","Mapk11"
"13477","Itga6,Itgb1","Mapk12"
"13478","Itga6,Itgb1","Mapk13"
"13479","Itga6,Itgb1","Mapk14"
"13480","Itga2,Itgb1","Mapk11"
"13481","Itga2,Itgb1","Mapk12"
"13482","Itga2,Itgb1","Mapk13"
"13483","Itga2,Itgb1","Mapk14"
"13484","Itga3,Itgb1","Mapk11"
"13485","Itga3,Itgb1","Mapk12"
"13486","Itga3,Itgb1","Mapk13"
"13487","Itga3,Itgb1","Mapk14"
"13488","Itga7,Itgb1","Mapk11"
"13489","Itga7,Itgb1","Mapk12"
"13490","Itga7,Itgb1","Mapk13"
"13491","Itga7,Itgb1","Mapk14"
"13492","Itga10,Itgb1","Mapk11"
"13493","Itga10,Itgb1","Mapk12"
"13494","Itga10,Itgb1","Mapk13"
"13495","Itga10,Itgb1","Mapk14"
"13496","Itga11,Itgb1","Mapk11"
"13497","Itga11,Itgb1","Mapk12"
"13498","Itga11,Itgb1","Mapk13"
"13499","Itga11,Itgb1","Mapk14"
"13500","Gp1ba,Gp1bb,Gp5,Gp9","Akt1"
"13501","Gp1ba,Gp1bb,Gp5,Gp9","Mapk1"
"13502","Gp1ba,Gp1bb,Gp5,Gp9","Mapk11"
"13503","Gp1ba,Gp1bb,Gp5,Gp9","Mapk12"
"13504","Gp1ba,Gp1bb,Gp5,Gp9","Mapk13"
"13505","Gp1ba,Gp1bb,Gp5,Gp9","Mapk14"
"13506","Gp1ba,Gp1bb,Gp5,Gp9","Mapk3"
"13507","Itgb1,Itga1","Mapk11"
"13508","Itgb1,Itga1","Mapk12"
"13509","Itgb1,Itga1","Mapk13"
"13510","Itgb1,Itga1","Mapk14"
"13511","Gp5","Akt1"
"13512","Gp5","Mapk1"
"13513","Gp5","Mapk11"
"13514","Gp5","Mapk12"
"13515","Gp5","Mapk13"
"13516","Gp5","Mapk14"
"13517","Gp5","Mapk3"
"13518","Tlr2","Fos"
"13519","Tlr2","Irf5"
"13520","Tlr2","Irf7"
"13521","Tlr2","Jun"
"13522","Tlr2","Mapk10"
"13523","Tlr2","Mapk11"
"13524","Tlr2","Mapk12"
"13525","Tlr2","Mapk13"
"13526","Tlr2","Mapk14"
"13527","Tlr2","Mapk8"
"13528","Tlr2","Mapk9"
"13529","Tlr2","Myd88"
"13530","Tlr2","Stat1"
"13531","Tlr2","Tnf"
"13532","Tlr2","Map3k7"
"13533","Tlr2","Nfkbia"
"13534","Ly96","Fos"
"13535","Ly96","Irf3"
"13536","Ly96","Irf5"
"13537","Ly96","Irf7"
"13538","Ly96","Jun"
"13539","Ly96","Mapk10"
"13540","Ly96","Mapk11"
"13541","Ly96","Mapk12"
"13542","Ly96","Mapk13"
"13543","Ly96","Mapk14"
"13544","Ly96","Mapk8"
"13545","Ly96","Mapk9"
"13546","Ly96","Myd88"
"13547","Ly96","Nfkb1"
"13548","Ly96","Rela"
"13549","Ly96","Stat1"
"13550","Ly96","Tnf"
"13551","Ly96","Ikbkb"
"13552","Ly96","Map3k7"
"13553","Ly96","Nfkbia"
"13554","Ly96","Tlr4"
"13555","Ly96","Ikbkg"
"13556","Tlr1","Akt1"
"13557","Tlr1","Fos"
"13558","Tlr1","Irf5"
"13559","Tlr1","Irf7"
"13560","Tlr1","Jun"
"13561","Tlr1","Mapk10"
"13562","Tlr1","Mapk11"
"13563","Tlr1","Mapk12"
"13564","Tlr1","Mapk13"
"13565","Tlr1","Mapk14"
"13566","Tlr1","Mapk8"
"13567","Tlr1","Mapk9"
"13568","Tlr1","Myd88"
"13569","Tlr1","Nfkb1"
"13570","Tlr1","Rela"
"13571","Tlr1","Stat1"
"13572","Tlr1","Tnf"
"13573","Tlr1","Ikbkb"
"13574","Tlr1","Map3k7"
"13575","Tlr1","Nfkbia"
"13576","Tlr1","Ikbkg"
"13577","Tlr4","Fos"
"13578","Tlr4","Irf3"
"13579","Tlr4","Irf5"
"13580","Tlr4","Irf7"
"13581","Tlr4","Jun"
"13582","Tlr4","Mapk11"
"13583","Tlr4","Mapk12"
"13584","Tlr4","Mapk13"
"13585","Tlr4","Mapk14"
"13586","Tlr4","Stat1"
"13587","Traf3","Irf3"
"13588","Traf3","Irf7"
"13589","Traf3","Stat1"
"13590","Tlr9","Fos"
"13591","Tlr9","Irf5"
"13592","Tlr9","Irf7"
"13593","Tlr9","Jun"
"13594","Tlr9","Mapk10"
"13595","Tlr9","Mapk11"
"13596","Tlr9","Mapk12"
"13597","Tlr9","Mapk13"
"13598","Tlr9","Mapk14"
"13599","Tlr9","Mapk8"
"13600","Tlr9","Mapk9"
"13601","Tlr9","Myd88"
"13602","Tlr9","Nfkb1"
"13603","Tlr9","Rela"
"13604","Tlr9","Stat1"
"13605","Tlr9","Tnf"
"13606","Tlr9","Ikbkb"
"13607","Tlr9","Map3k7"
"13608","Tlr9","Nfkbia"
"13609","Tlr9","Ikbkg"
"13610","Tlr7","Fos"
"13611","Tlr7","Irf5"
"13612","Tlr7","Irf7"
"13613","Tlr7","Jun"
"13614","Tlr7","Mapk10"
"13615","Tlr7","Mapk11"
"13616","Tlr7","Mapk12"
"13617","Tlr7","Mapk13"
"13618","Tlr7","Mapk14"
"13619","Tlr7","Mapk8"
"13620","Tlr7","Mapk9"
"13621","Tlr7","Myd88"
"13622","Tlr7","Nfkb1"
"13623","Tlr7","Rela"
"13624","Tlr7","Stat1"
"13625","Tlr7","Tnf"
"13626","Tlr7","Ikbkb"
"13627","Tlr7","Map3k7"
"13628","Tlr7","Nfkbia"
"13629","Tlr7","Ikbkg"
"13630","Tlr5","Fos"
"13631","Tlr5","Irf5"
"13632","Tlr5","Irf7"
"13633","Tlr5","Jun"
"13634","Tlr5","Mapk10"
"13635","Tlr5","Mapk11"
"13636","Tlr5","Mapk12"
"13637","Tlr5","Mapk13"
"13638","Tlr5","Mapk14"
"13639","Tlr5","Mapk8"
"13640","Tlr5","Mapk9"
"13641","Tlr5","Myd88"
"13642","Tlr5","Nfkb1"
"13643","Tlr5","Rela"
"13644","Tlr5","Stat1"
"13645","Tlr5","Tnf"
"13646","Tlr5","Ikbkb"
"13647","Tlr5","Map3k7"
"13648","Tlr5","Nfkbia"
"13649","Tlr5","Ikbkg"
"13650","Tlr6","Akt1"
"13651","Tlr6","Fos"
"13652","Tlr6","Irf5"
"13653","Tlr6","Irf7"
"13654","Tlr6","Jun"
"13655","Tlr6","Mapk10"
"13656","Tlr6","Mapk11"
"13657","Tlr6","Mapk12"
"13658","Tlr6","Mapk13"
"13659","Tlr6","Mapk14"
"13660","Tlr6","Mapk8"
"13661","Tlr6","Mapk9"
"13662","Tlr6","Myd88"
"13663","Tlr6","Nfkb1"
"13664","Tlr6","Rela"
"13665","Tlr6","Stat1"
"13666","Tlr6","Tnf"
"13667","Tlr6","Ikbkb"
"13668","Tlr6","Map3k7"
"13669","Tlr6","Nfkbia"
"13670","Tlr6","Ikbkg"
"13671","Chuk","Irf7"
"13672","Ikbkb","Irf7"
"13673","Pik3r1","Tnf"
"13674","Pik3r2","Tnf"
"13675","Mapk14","Tnf"
"13676","Pik3r3","Tnf"
"13677","Tlr3","Fos"
"13678","Tlr3","Irf3"
"13679","Tlr3","Irf5"
"13680","Tlr3","Irf7"
"13681","Tlr3","Jun"
"13682","Tlr3","Mapk11"
"13683","Tlr3","Mapk12"
"13684","Tlr3","Mapk13"
"13685","Tlr3","Mapk14"
"13686","Tlr3","Nfkb1"
"13687","Tlr3","Rela"
"13688","Tlr3","Stat1"
"13689","Tlr3","Tnf"
"13690","Tlr3","Ikbkb"
"13691","Tlr3","Map3k7"
"13692","Tlr3","Nfkbia"
"13693","Tlr3","Ikbkg"
"13694","Cd14","Irf3"
"13695","Cd14","Irf5"
"13696","Cd14","Irf7"
"13697","Cd14","Jun"
"13698","Cd14","Mapk10"
"13699","Cd14","Mapk8"
"13700","Cd14","Mapk9"
"13701","Cd14","Stat1"
"13702","Tlr4","Stat2"
"13703","Tlr4","Ifi204"
"13704","Tlr4","Irf9"
"13705","Tlr4","Nfkbib"
"13706","Traf3","Jun"
"13707","Traf3","Mapk1"
"13708","Traf3","Mapk10"
"13709","Traf3","Mapk11"
"13710","Traf3","Mapk12"
"13711","Traf3","Mapk13"
"13712","Traf3","Mapk14"
"13713","Traf3","Mapk3"
"13714","Traf3","Mapk8"
"13715","Traf3","Mapk9"
"13716","Traf3","Stat2"
"13717","Traf3","Ifi204"
"13718","Traf3","Irf9"
"13719","Traf3","Nfkbib"
"13720","Traf2","Irf3"
"13721","Traf2","Irf7"
"13722","Traf2","Ifi204"
"13723","Traf2","Nfkbib"
"13724","Casp8","Irf3"
"13725","Casp8","Irf7"
"13726","Casp8","Jun"
"13727","Casp8","Mapk1"
"13728","Casp8","Mapk11"
"13729","Casp8","Mapk12"
"13730","Casp8","Mapk13"
"13731","Casp8","Mapk14"
"13732","Casp8","Mapk3"
"13733","Casp8","Nfkb1"
"13734","Casp8","Rela"
"13735","Casp8","Stat1"
"13736","Casp8","Stat2"
"13737","Casp8","Tnf"
"13738","Casp8","Ifi204"
"13739","Casp8","Ikbkb"
"13740","Casp8","Irf9"
"13741","Casp8","Map3k7"
"13742","Casp8","Nfkbia"
"13743","Casp8","Ikbkg"
"13744","Casp8","Nfkbib"
"13745","Chuk","Irf3"
"13746","Chuk","Ifi204"
"13747","Chuk","Ikbkg"
"13748","Ikbkb","Irf3"
"13749","Ikbkb","Ifi204"
"13750","Ikbkb","Ikbkg"
"13751","Casp1","Irf3"
"13752","Casp1","Irf7"
"13753","Casp1","Jun"
"13754","Casp1","Mapk1"
"13755","Casp1","Mapk10"
"13756","Casp1","Mapk11"
"13757","Casp1","Mapk12"
"13758","Casp1","Mapk13"
"13759","Casp1","Mapk14"
"13760","Casp1","Mapk3"
"13761","Casp1","Mapk8"
"13762","Casp1","Mapk9"
"13763","Casp1","Nfkb1"
"13764","Casp1","Rela"
"13765","Casp1","Stat1"
"13766","Casp1","Stat2"
"13767","Casp1","Tnf"
"13768","Casp1","Ifi204"
"13769","Casp1","Ikbkb"
"13770","Casp1","Irf9"
"13771","Casp1","Map3k7"
"13772","Casp1","Nfkbia"
"13773","Casp1","Ikbkg"
"13774","Casp1","Nfkbib"
"13775","Casp4","Irf3"
"13776","Casp4","Irf7"
"13777","Casp4","Jun"
"13778","Casp4","Mapk1"
"13779","Casp4","Mapk10"
"13780","Casp4","Mapk11"
"13781","Casp4","Mapk12"
"13782","Casp4","Mapk13"
"13783","Casp4","Mapk14"
"13784","Casp4","Mapk3"
"13785","Casp4","Mapk8"
"13786","Casp4","Mapk9"
"13787","Casp4","Nfkb1"
"13788","Casp4","Rela"
"13789","Casp4","Stat1"
"13790","Casp4","Stat2"
"13791","Casp4","Tnf"
"13792","Casp4","Ifi204"
"13793","Casp4","Ikbkb"
"13794","Casp4","Irf9"
"13795","Casp4","Map3k7"
"13796","Casp4","Nfkbia"
"13797","Casp4","Ikbkg"
"13798","Casp4","Nfkbib"
"13799","Plcb2","Irf3"
"13800","Plcb2","Irf7"
"13801","Plcb2","Jun"
"13802","Plcb2","Mapk10"
"13803","Plcb2","Mapk8"
"13804","Plcb2","Mapk9"
"13805","Plcb2","Nfkb1"
"13806","Plcb2","Rela"
"13807","Plcb2","Stat1"
"13808","Plcb2","Stat2"
"13809","Plcb2","Tnf"
"13810","Plcb2","Ifi204"
"13811","Plcb2","Ikbkb"
"13812","Plcb2","Irf9"
"13813","Plcb2","Map3k7"
"13814","Plcb2","Nfkbia"
"13815","Plcb2","Ikbkg"
"13816","Plcb2","Nfkbib"
"13817","Gprc6a","Irf3"
"13818","Gprc6a","Irf7"
"13819","Gprc6a","Jun"
"13820","Gprc6a","Mapk1"
"13821","Gprc6a","Mapk10"
"13822","Gprc6a","Mapk11"
"13823","Gprc6a","Mapk12"
"13824","Gprc6a","Mapk13"
"13825","Gprc6a","Mapk14"
"13826","Gprc6a","Mapk3"
"13827","Gprc6a","Mapk8"
"13828","Gprc6a","Mapk9"
"13829","Gprc6a","Nfkb1"
"13830","Gprc6a","Rela"
"13831","Gprc6a","Stat1"
"13832","Gprc6a","Stat2"
"13833","Gprc6a","Tnf"
"13834","Gprc6a","Ifi204"
"13835","Gprc6a","Ikbkb"
"13836","Gprc6a","Irf9"
"13837","Gprc6a","Map3k7"
"13838","Gprc6a","Nfkbia"
"13839","Gprc6a","Ikbkg"
"13840","Gprc6a","Nfkbib"
"13841","Casr","Irf3"
"13842","Casr","Irf7"
"13843","Casr","Jun"
"13844","Casr","Mapk1"
"13845","Casr","Mapk10"
"13846","Casr","Mapk11"
"13847","Casr","Mapk12"
"13848","Casr","Mapk13"
"13849","Casr","Mapk14"
"13850","Casr","Mapk3"
"13851","Casr","Mapk8"
"13852","Casr","Mapk9"
"13853","Casr","Nfkb1"
"13854","Casr","Rela"
"13855","Casr","Stat1"
"13856","Casr","Stat2"
"13857","Casr","Tnf"
"13858","Casr","Ifi204"
"13859","Casr","Ikbkb"
"13860","Casr","Irf9"
"13861","Casr","Map3k7"
"13862","Casr","Nfkbia"
"13863","Casr","Ikbkg"
"13864","Casr","Nfkbib"
"13865","Itpr3","Irf3"
"13866","Itpr3","Irf7"
"13867","Itpr3","Jun"
"13868","Itpr3","Mapk1"
"13869","Itpr3","Mapk10"
"13870","Itpr3","Mapk11"
"13871","Itpr3","Mapk12"
"13872","Itpr3","Mapk13"
"13873","Itpr3","Mapk14"
"13874","Itpr3","Mapk3"
"13875","Itpr3","Mapk8"
"13876","Itpr3","Mapk9"
"13877","Itpr3","Nfkb1"
"13878","Itpr3","Rela"
"13879","Itpr3","Stat1"
"13880","Itpr3","Stat2"
"13881","Itpr3","Tnf"
"13882","Itpr3","Ifi204"
"13883","Itpr3","Ikbkb"
"13884","Itpr3","Irf9"
"13885","Itpr3","Map3k7"
"13886","Itpr3","Nfkbia"
"13887","Itpr3","Ikbkg"
"13888","Itpr3","Nfkbib"
"13889","Traf3","Ddx58"
"13890","Traf2","Ddx58"
"13891","Tradd","Ddx58"
"13892","Tradd","Nfkbib"
"13893","Chuk","Il10"
"13894","Ikbkb","Il10"
"13895","Pik3r1","Irf1"
"13896","Src","Nfkb2"
"13897","Src","Relb"
"13898","Src","Tnf"
"13899","Src","Il10"
"13900","Pik3r2","Irf1"
"13901","Pak1","Nfkb1"
"13902","Pak1","Nfkb2"
"13903","Pak1","Rela"
"13904","Pak1","Relb"
"13905","Pak1","Tnf"
"13906","Pak1","Il10"
"13907","Pak1","Nfkbia"
"13908","Pik3r3","Irf1"
"13909","Raf1","Nfkb2"
"13910","Raf1","Relb"
"13911","Raf1","Tnf"
"13912","Raf1","Il10"
"13913","Raf1","Nfkbia"
"13914","Cd209a","Akt1"
"13915","Cd209a","Bcl3"
"13916","Cd209a","Irf1"
"13917","Cd209a","Jun"
"13918","Cd209a","Mapk1"
"13919","Cd209a","Mapk10"
"13920","Cd209a","Mapk11"
"13921","Cd209a","Mapk12"
"13922","Cd209a","Mapk13"
"13923","Cd209a","Mapk14"
"13924","Cd209a","Mapk3"
"13925","Cd209a","Mapk8"
"13926","Cd209a","Mapk9"
"13927","Cd209a","Nfkb1"
"13928","Cd209a","Nfkb2"
"13929","Cd209a","Rela"
"13930","Cd209a","Relb"
"13931","Cd209a","Stat1"
"13932","Cd209a","Stat2"
"13933","Cd209a","Tnf"
"13934","Cd209a","Ikbkb"
"13935","Cd209a","Il10"
"13936","Cd209a","Irf9"
"13937","Cd209a","Mdm2"
"13938","Cd209a","Nfkbia"
"13939","Cd209a","Raf1"
"13940","Cd209a","Ikbkg"
"13941","Cd209f","Akt1"
"13942","Cd209f","Bcl3"
"13943","Cd209f","Irf1"
"13944","Cd209f","Jun"
"13945","Cd209f","Mapk1"
"13946","Cd209f","Mapk10"
"13947","Cd209f","Mapk11"
"13948","Cd209f","Mapk12"
"13949","Cd209f","Mapk13"
"13950","Cd209f","Mapk14"
"13951","Cd209f","Mapk3"
"13952","Cd209f","Mapk8"
"13953","Cd209f","Mapk9"
"13954","Cd209f","Nfkb1"
"13955","Cd209f","Nfkb2"
"13956","Cd209f","Rela"
"13957","Cd209f","Relb"
"13958","Cd209f","Stat1"
"13959","Cd209f","Stat2"
"13960","Cd209f","Tnf"
"13961","Cd209f","Ikbkb"
"13962","Cd209f","Il10"
"13963","Cd209f","Irf9"
"13964","Cd209f","Mdm2"
"13965","Cd209f","Nfkbia"
"13966","Cd209f","Raf1"
"13967","Cd209f","Ikbkg"
"13968","Clec7a","Akt1"
"13969","Clec7a","Bcl3"
"13970","Clec7a","Irf1"
"13971","Clec7a","Jun"
"13972","Clec7a","Mapk1"
"13973","Clec7a","Mapk10"
"13974","Clec7a","Mapk11"
"13975","Clec7a","Mapk12"
"13976","Clec7a","Mapk13"
"13977","Clec7a","Mapk14"
"13978","Clec7a","Mapk3"
"13979","Clec7a","Mapk8"
"13980","Clec7a","Mapk9"
"13981","Clec7a","Nfkb1"
"13982","Clec7a","Nfkb2"
"13983","Clec7a","Rela"
"13984","Clec7a","Relb"
"13985","Clec7a","Stat1"
"13986","Clec7a","Stat2"
"13987","Clec7a","Tnf"
"13988","Clec7a","Ikbkb"
"13989","Clec7a","Il10"
"13990","Clec7a","Irf9"
"13991","Clec7a","Mdm2"
"13992","Clec7a","Nfkbia"
"13993","Clec7a","Raf1"
"13994","Clec7a","Ikbkg"
"13995","Egfr","Stat1"
"13996","Egfr","Stat2"
"13997","Egfr","Stat4"
"13998","Egfr","Stat6"
"13999","Egfr","Irf9"
"14000","Lepr","Akt1"
"14001","Lepr","Myc"
"14002","Lepr","Sos1"
"14003","Lepr","Sos2"
"14004","Lepr","Stat1"
"14005","Lepr","Stat2"
"14006","Lepr","Stat3"
"14007","Lepr","Stat4"
"14008","Lepr","Stat5a"
"14009","Lepr","Stat5b"
"14010","Lepr","Stat6"
"14011","Lepr","Ccnd1"
"14012","Lepr","Irf9"
"14013","Lepr","Raf1"
"14014","Cntfr","Akt1"
"14015","Cntfr","Myc"
"14016","Cntfr","Sos1"
"14017","Cntfr","Sos2"
"14018","Cntfr","Stat1"
"14019","Cntfr","Stat2"
"14020","Cntfr","Stat3"
"14021","Cntfr","Stat4"
"14022","Cntfr","Stat5a"
"14023","Cntfr","Stat5b"
"14024","Cntfr","Stat6"
"14025","Cntfr","Ccnd1"
"14026","Cntfr","Irf9"
"14027","Cntfr","Raf1"
"14028","Il6st","Sos1"
"14029","Il6st","Sos2"
"14030","Il6st","Stat1"
"14031","Il6st","Stat2"
"14032","Il6st","Stat4"
"14033","Il6st","Stat5a"
"14034","Il6st","Stat5b"
"14035","Il6st","Stat6"
"14036","Il6st","Ccnd1"
"14037","Il6st","Irf9"
"14038","Il6st","Raf1"
"14039","Lifr","Sos1"
"14040","Lifr","Sos2"
"14041","Lifr","Stat1"
"14042","Lifr","Stat2"
"14043","Lifr","Stat4"
"14044","Lifr","Stat5a"
"14045","Lifr","Stat5b"
"14046","Lifr","Stat6"
"14047","Lifr","Ccnd1"
"14048","Lifr","Irf9"
"14049","Lifr","Raf1"
"14050","Il6ra","Stat1"
"14051","Il6ra","Stat2"
"14052","Il6ra","Stat4"
"14053","Il6ra","Stat5a"
"14054","Il6ra","Stat5b"
"14055","Il6ra","Stat6"
"14056","Il6ra","Irf9"
"14057","Csf2ra","Akt1"
"14058","Csf2ra","Myc"
"14059","Csf2ra","Sos1"
"14060","Csf2ra","Sos2"
"14061","Csf2ra","Stat1"
"14062","Csf2ra","Stat2"
"14063","Csf2ra","Stat3"
"14064","Csf2ra","Stat4"
"14065","Csf2ra","Stat5a"
"14066","Csf2ra","Stat5b"
"14067","Csf2ra","Stat6"
"14068","Csf2ra","Ccnd1"
"14069","Csf2ra","Irf9"
"14070","Csf2ra","Raf1"
"14071","Csf2rb","Myc"
"14072","Csf2rb","Sos1"
"14073","Csf2rb","Sos2"
"14074","Csf2rb","Stat1"
"14075","Csf2rb","Stat2"
"14076","Csf2rb","Stat3"
"14077","Csf2rb","Stat4"
"14078","Csf2rb","Stat5a"
"14079","Csf2rb","Stat5b"
"14080","Csf2rb","Stat6"
"14081","Csf2rb","Ccnd1"
"14082","Csf2rb","Irf9"
"14083","Csf3r","Sos1"
"14084","Csf3r","Sos2"
"14085","Csf3r","Stat1"
"14086","Csf3r","Stat2"
"14087","Csf3r","Stat3"
"14088","Csf3r","Stat4"
"14089","Csf3r","Stat5a"
"14090","Csf3r","Stat5b"
"14091","Csf3r","Stat6"
"14092","Csf3r","Irf9"
"14093","Il3ra","Sos1"
"14094","Il3ra","Sos2"
"14095","Il3ra","Stat1"
"14096","Il3ra","Stat2"
"14097","Il3ra","Stat3"
"14098","Il3ra","Stat4"
"14099","Il3ra","Stat5a"
"14100","Il3ra","Stat5b"
"14101","Il3ra","Stat6"
"14102","Il3ra","Irf9"
"14103","Il27ra","Akt1"
"14104","Il27ra","Myc"
"14105","Il27ra","Sos1"
"14106","Il27ra","Sos2"
"14107","Il27ra","Stat1"
"14108","Il27ra","Stat2"
"14109","Il27ra","Stat3"
"14110","Il27ra","Stat4"
"14111","Il27ra","Stat5a"
"14112","Il27ra","Stat5b"
"14113","Il27ra","Stat6"
"14114","Il27ra","Ccnd1"
"14115","Il27ra","Irf9"
"14116","Il27ra","Raf1"
"14117","Epor","Sos1"
"14118","Epor","Sos2"
"14119","Epor","Stat1"
"14120","Epor","Stat2"
"14121","Epor","Stat3"
"14122","Epor","Stat4"
"14123","Epor","Stat5a"
"14124","Epor","Stat5b"
"14125","Epor","Stat6"
"14126","Epor","Irf9"
"14127","Ghr","Sos1"
"14128","Ghr","Sos2"
"14129","Ghr","Stat1"
"14130","Ghr","Stat2"
"14131","Ghr","Stat3"
"14132","Ghr","Stat4"
"14133","Ghr","Stat5a"
"14134","Ghr","Stat5b"
"14135","Ghr","Stat6"
"14136","Ghr","Irf9"
"14137","Prlr","Sos1"
"14138","Prlr","Sos2"
"14139","Prlr","Stat1"
"14140","Prlr","Stat2"
"14141","Prlr","Stat3"
"14142","Prlr","Stat4"
"14143","Prlr","Stat5a"
"14144","Prlr","Stat5b"
"14145","Prlr","Stat6"
"14146","Prlr","Irf9"
"14147","Il2ra","Sos1"
"14148","Il2ra","Sos2"
"14149","Il2ra","Stat1"
"14150","Il2ra","Stat2"
"14151","Il2ra","Stat3"
"14152","Il2ra","Stat4"
"14153","Il2ra","Stat5a"
"14154","Il2ra","Stat5b"
"14155","Il2ra","Stat6"
"14156","Il2ra","Irf9"
"14157","Il2rg","Sos1"
"14158","Il2rg","Sos2"
"14159","Il2rg","Stat1"
"14160","Il2rg","Stat2"
"14161","Il2rg","Stat3"
"14162","Il2rg","Stat4"
"14163","Il2rg","Stat5a"
"14164","Il2rg","Stat5b"
"14165","Il2rg","Stat6"
"14166","Il2rg","Irf9"
"14167","Ifnar1","Sos1"
"14168","Ifnar1","Sos2"
"14169","Ifnar2","Sos1"
"14170","Ifnar2","Sos2"
"14171","Ifngr1","Myc"
"14172","Ifngr1","Sos1"
"14173","Ifngr1","Sos2"
"14174","Ifngr1","Ccnd1"
"14175","Ifngr1","Raf1"
"14176","Ifngr2","Myc"
"14177","Ifngr2","Sos1"
"14178","Ifngr2","Sos2"
"14179","Ifngr2","Ccnd1"
"14180","Ifngr2","Raf1"
"14181","Ifnlr1","Akt1"
"14182","Ifnlr1","Myc"
"14183","Ifnlr1","Sos1"
"14184","Ifnlr1","Sos2"
"14185","Ifnlr1","Stat1"
"14186","Ifnlr1","Stat2"
"14187","Ifnlr1","Stat3"
"14188","Ifnlr1","Stat4"
"14189","Ifnlr1","Stat5a"
"14190","Ifnlr1","Stat5b"
"14191","Ifnlr1","Stat6"
"14192","Ifnlr1","Ccnd1"
"14193","Ifnlr1","Irf9"
"14194","Ifnlr1","Raf1"
"14195","Il10rb","Akt1"
"14196","Il10rb","Myc"
"14197","Il10rb","Sos1"
"14198","Il10rb","Sos2"
"14199","Il10rb","Stat1"
"14200","Il10rb","Stat2"
"14201","Il10rb","Stat3"
"14202","Il10rb","Stat4"
"14203","Il10rb","Stat5a"
"14204","Il10rb","Stat5b"
"14205","Il10rb","Stat6"
"14206","Il10rb","Ccnd1"
"14207","Il10rb","Irf9"
"14208","Il10rb","Raf1"
"14209","Il10ra","Akt1"
"14210","Il10ra","Myc"
"14211","Il10ra","Sos1"
"14212","Il10ra","Sos2"
"14213","Il10ra","Stat1"
"14214","Il10ra","Stat2"
"14215","Il10ra","Stat3"
"14216","Il10ra","Stat4"
"14217","Il10ra","Stat5a"
"14218","Il10ra","Stat5b"
"14219","Il10ra","Stat6"
"14220","Il10ra","Ccnd1"
"14221","Il10ra","Irf9"
"14222","Il10ra","Raf1"
"14223","Il11ra1","Akt1"
"14224","Il11ra1","Myc"
"14225","Il11ra1","Sos1"
"14226","Il11ra1","Sos2"
"14227","Il11ra1","Stat1"
"14228","Il11ra1","Stat2"
"14229","Il11ra1","Stat3"
"14230","Il11ra1","Stat4"
"14231","Il11ra1","Stat5a"
"14232","Il11ra1","Stat5b"
"14233","Il11ra1","Stat6"
"14234","Il11ra1","Ccnd1"
"14235","Il11ra1","Irf9"
"14236","Il11ra1","Raf1"
"14237","Il12rb1","Akt1"
"14238","Il12rb1","Myc"
"14239","Il12rb1","Sos1"
"14240","Il12rb1","Sos2"
"14241","Il12rb1","Stat1"
"14242","Il12rb1","Stat2"
"14243","Il12rb1","Stat3"
"14244","Il12rb1","Stat4"
"14245","Il12rb1","Stat5a"
"14246","Il12rb1","Stat5b"
"14247","Il12rb1","Stat6"
"14248","Il12rb1","Ccnd1"
"14249","Il12rb1","Irf9"
"14250","Il12rb1","Raf1"
"14251","Il12rb2","Akt1"
"14252","Il12rb2","Myc"
"14253","Il12rb2","Sos1"
"14254","Il12rb2","Sos2"
"14255","Il12rb2","Stat1"
"14256","Il12rb2","Stat2"
"14257","Il12rb2","Stat3"
"14258","Il12rb2","Stat4"
"14259","Il12rb2","Stat5a"
"14260","Il12rb2","Stat5b"
"14261","Il12rb2","Stat6"
"14262","Il12rb2","Ccnd1"
"14263","Il12rb2","Irf9"
"14264","Il12rb2","Raf1"
"14265","Il23r","Akt1"
"14266","Il23r","Myc"
"14267","Il23r","Sos1"
"14268","Il23r","Sos2"
"14269","Il23r","Stat1"
"14270","Il23r","Stat2"
"14271","Il23r","Stat3"
"14272","Il23r","Stat4"
"14273","Il23r","Stat5a"
"14274","Il23r","Stat5b"
"14275","Il23r","Stat6"
"14276","Il23r","Ccnd1"
"14277","Il23r","Irf9"
"14278","Il23r","Raf1"
"14279","Il13ra1","Akt1"
"14280","Il13ra1","Myc"
"14281","Il13ra1","Sos1"
"14282","Il13ra1","Sos2"
"14283","Il13ra1","Stat1"
"14284","Il13ra1","Stat2"
"14285","Il13ra1","Stat3"
"14286","Il13ra1","Stat4"
"14287","Il13ra1","Stat5a"
"14288","Il13ra1","Stat5b"
"14289","Il13ra1","Stat6"
"14290","Il13ra1","Ccnd1"
"14291","Il13ra1","Irf9"
"14292","Il13ra1","Raf1"
"14293","Il13ra2","Akt1"
"14294","Il13ra2","Myc"
"14295","Il13ra2","Sos1"
"14296","Il13ra2","Sos2"
"14297","Il13ra2","Stat1"
"14298","Il13ra2","Stat2"
"14299","Il13ra2","Stat3"
"14300","Il13ra2","Stat4"
"14301","Il13ra2","Stat5a"
"14302","Il13ra2","Stat5b"
"14303","Il13ra2","Stat6"
"14304","Il13ra2","Ccnd1"
"14305","Il13ra2","Irf9"
"14306","Il13ra2","Raf1"
"14307","Il15ra","Akt1"
"14308","Il15ra","Myc"
"14309","Il15ra","Sos1"
"14310","Il15ra","Sos2"
"14311","Il15ra","Stat1"
"14312","Il15ra","Stat2"
"14313","Il15ra","Stat3"
"14314","Il15ra","Stat4"
"14315","Il15ra","Stat5a"
"14316","Il15ra","Stat5b"
"14317","Il15ra","Stat6"
"14318","Il15ra","Ccnd1"
"14319","Il15ra","Irf9"
"14320","Il15ra","Raf1"
"14321","Il2rb","Sos1"
"14322","Il2rb","Sos2"
"14323","Il2rb","Stat1"
"14324","Il2rb","Stat2"
"14325","Il2rb","Stat3"
"14326","Il2rb","Stat4"
"14327","Il2rb","Stat5a"
"14328","Il2rb","Stat5b"
"14329","Il2rb","Stat6"
"14330","Il2rb","Irf9"
"14331","Il20ra","Akt1"
"14332","Il20ra","Myc"
"14333","Il20ra","Sos1"
"14334","Il20ra","Sos2"
"14335","Il20ra","Stat1"
"14336","Il20ra","Stat2"
"14337","Il20ra","Stat3"
"14338","Il20ra","Stat4"
"14339","Il20ra","Stat5a"
"14340","Il20ra","Stat5b"
"14341","Il20ra","Stat6"
"14342","Il20ra","Ccnd1"
"14343","Il20ra","Irf9"
"14344","Il20ra","Raf1"
"14345","Il20rb","Akt1"
"14346","Il20rb","Myc"
"14347","Il20rb","Sos1"
"14348","Il20rb","Sos2"
"14349","Il20rb","Stat1"
"14350","Il20rb","Stat2"
"14351","Il20rb","Stat3"
"14352","Il20rb","Stat4"
"14353","Il20rb","Stat5a"
"14354","Il20rb","Stat5b"
"14355","Il20rb","Stat6"
"14356","Il20rb","Ccnd1"
"14357","Il20rb","Irf9"
"14358","Il20rb","Raf1"
"14359","Il22ra1","Akt1"
"14360","Il22ra1","Myc"
"14361","Il22ra1","Sos1"
"14362","Il22ra1","Sos2"
"14363","Il22ra1","Stat1"
"14364","Il22ra1","Stat2"
"14365","Il22ra1","Stat3"
"14366","Il22ra1","Stat4"
"14367","Il22ra1","Stat5a"
"14368","Il22ra1","Stat5b"
"14369","Il22ra1","Stat6"
"14370","Il22ra1","Ccnd1"
"14371","Il22ra1","Irf9"
"14372","Il22ra1","Raf1"
"14373","Il21r","Akt1"
"14374","Il21r","Myc"
"14375","Il21r","Sos1"
"14376","Il21r","Sos2"
"14377","Il21r","Stat1"
"14378","Il21r","Stat2"
"14379","Il21r","Stat3"
"14380","Il21r","Stat4"
"14381","Il21r","Stat5a"
"14382","Il21r","Stat5b"
"14383","Il21r","Stat6"
"14384","Il21r","Ccnd1"
"14385","Il21r","Irf9"
"14386","Il21r","Raf1"
"14387","Il22ra2","Akt1"
"14388","Il22ra2","Myc"
"14389","Il22ra2","Sos1"
"14390","Il22ra2","Sos2"
"14391","Il22ra2","Stat1"
"14392","Il22ra2","Stat2"
"14393","Il22ra2","Stat3"
"14394","Il22ra2","Stat4"
"14395","Il22ra2","Stat5a"
"14396","Il22ra2","Stat5b"
"14397","Il22ra2","Stat6"
"14398","Il22ra2","Ccnd1"
"14399","Il22ra2","Irf9"
"14400","Il22ra2","Raf1"
"14401","Osmr","Sos1"
"14402","Osmr","Sos2"
"14403","Osmr","Stat1"
"14404","Osmr","Stat2"
"14405","Osmr","Stat3"
"14406","Osmr","Stat4"
"14407","Osmr","Stat5a"
"14408","Osmr","Stat5b"
"14409","Osmr","Stat6"
"14410","Osmr","Irf9"
"14411","Il5ra","Akt1"
"14412","Il5ra","Myc"
"14413","Il5ra","Sos1"
"14414","Il5ra","Sos2"
"14415","Il5ra","Stat1"
"14416","Il5ra","Stat2"
"14417","Il5ra","Stat3"
"14418","Il5ra","Stat4"
"14419","Il5ra","Stat5a"
"14420","Il5ra","Stat5b"
"14421","Il5ra","Stat6"
"14422","Il5ra","Ccnd1"
"14423","Il5ra","Irf9"
"14424","Il5ra","Raf1"
"14425","Il7r","Sos1"
"14426","Il7r","Sos2"
"14427","Il7r","Stat1"
"14428","Il7r","Stat2"
"14429","Il7r","Stat3"
"14430","Il7r","Stat4"
"14431","Il7r","Stat5a"
"14432","Il7r","Stat5b"
"14433","Il7r","Stat6"
"14434","Il7r","Irf9"
"14435","Il9r","Akt1"
"14436","Il9r","Myc"
"14437","Il9r","Sos1"
"14438","Il9r","Sos2"
"14439","Il9r","Stat1"
"14440","Il9r","Stat2"
"14441","Il9r","Stat3"
"14442","Il9r","Stat4"
"14443","Il9r","Stat5a"
"14444","Il9r","Stat5b"
"14445","Il9r","Stat6"
"14446","Il9r","Ccnd1"
"14447","Il9r","Irf9"
"14448","Il9r","Raf1"
"14449","Pdgfrb","Stat1"
"14450","Pdgfrb","Stat2"
"14451","Pdgfrb","Stat4"
"14452","Pdgfrb","Stat5a"
"14453","Pdgfrb","Stat5b"
"14454","Pdgfrb","Stat6"
"14455","Pdgfrb","Irf9"
"14456","Pdgfra","Stat1"
"14457","Pdgfra","Stat2"
"14458","Pdgfra","Stat4"
"14459","Pdgfra","Stat5a"
"14460","Pdgfra","Stat5b"
"14461","Pdgfra","Stat6"
"14462","Pdgfra","Irf9"
"14463","Mpl","Akt1"
"14464","Mpl","Myc"
"14465","Mpl","Sos1"
"14466","Mpl","Sos2"
"14467","Mpl","Stat1"
"14468","Mpl","Stat2"
"14469","Mpl","Stat3"
"14470","Mpl","Stat4"
"14471","Mpl","Stat5a"
"14472","Mpl","Stat5b"
"14473","Mpl","Stat6"
"14474","Mpl","Ccnd1"
"14475","Mpl","Irf9"
"14476","Mpl","Raf1"
"14477","Ep300","Sos1"
"14478","Ep300","Sos2"
"14479","Ep300","Stat1"
"14480","Ep300","Stat2"
"14481","Ep300","Stat3"
"14482","Ep300","Stat4"
"14483","Ep300","Stat5a"
"14484","Ep300","Stat5b"
"14485","Ep300","Stat6"
"14486","Ep300","Epor"
"14487","Ep300","Irf9"
"14488","Ep300","Raf1"
"14489","Crebbp","Sos1"
"14490","Crebbp","Sos2"
"14491","Crebbp","Stat1"
"14492","Crebbp","Stat2"
"14493","Crebbp","Stat3"
"14494","Crebbp","Stat4"
"14495","Crebbp","Stat5a"
"14496","Crebbp","Stat5b"
"14497","Crebbp","Stat6"
"14498","Crebbp","Epor"
"14499","Crebbp","Irf9"
"14500","Crebbp","Raf1"
"14501","Il4ra","Sos1"
"14502","Il4ra","Sos2"
"14503","Il4ra","Stat1"
"14504","Il4ra","Stat2"
"14505","Il4ra","Stat3"
"14506","Il4ra","Stat4"
"14507","Il4ra","Stat5a"
"14508","Il4ra","Stat5b"
"14509","Il4ra","Stat6"
"14510","Il4ra","Irf9"
"14511","Csf2rb2","Myc"
"14512","Csf2rb2","Sos1"
"14513","Csf2rb2","Sos2"
"14514","Csf2rb2","Stat1"
"14515","Csf2rb2","Stat2"
"14516","Csf2rb2","Stat3"
"14517","Csf2rb2","Stat4"
"14518","Csf2rb2","Stat5a"
"14519","Csf2rb2","Stat5b"
"14520","Csf2rb2","Stat6"
"14521","Csf2rb2","Ccnd1"
"14522","Csf2rb2","Irf9"
"14523","Gm13305","Akt1"
"14524","Gm13305","Myc"
"14525","Gm13305","Sos1"
"14526","Gm13305","Sos2"
"14527","Gm13305","Stat1"
"14528","Gm13305","Stat2"
"14529","Gm13305","Stat3"
"14530","Gm13305","Stat4"
"14531","Gm13305","Stat5a"
"14532","Gm13305","Stat5b"
"14533","Gm13305","Stat6"
"14534","Gm13305","Ccnd1"
"14535","Gm13305","Irf9"
"14536","Gm13305","Raf1"
"14537","Il11ra2","Akt1"
"14538","Il11ra2","Myc"
"14539","Il11ra2","Sos1"
"14540","Il11ra2","Sos2"
"14541","Il11ra2","Stat1"
"14542","Il11ra2","Stat2"
"14543","Il11ra2","Stat3"
"14544","Il11ra2","Stat4"
"14545","Il11ra2","Stat5a"
"14546","Il11ra2","Stat5b"
"14547","Il11ra2","Stat6"
"14548","Il11ra2","Ccnd1"
"14549","Il11ra2","Irf9"
"14550","Il11ra2","Raf1"
"14551","Egfr,Erbb2","Stat1"
"14552","Egfr,Erbb2","Stat2"
"14553","Egfr,Erbb2","Stat4"
"14554","Egfr,Erbb2","Stat6"
"14555","Egfr,Erbb2","Irf9"
"14556","Il2ra,Il2rb,Il2rg","Sos1"
"14557","Il2ra,Il2rb,Il2rg","Sos2"
"14558","Il2ra,Il2rb,Il2rg","Stat1"
"14559","Il2ra,Il2rb,Il2rg","Stat2"
"14560","Il2ra,Il2rb,Il2rg","Stat3"
"14561","Il2ra,Il2rb,Il2rg","Stat4"
"14562","Il2ra,Il2rb,Il2rg","Stat5a"
"14563","Il2ra,Il2rb,Il2rg","Stat5b"
"14564","Il2ra,Il2rb,Il2rg","Stat6"
"14565","Il2ra,Il2rb,Il2rg","Irf9"
"14566","Il2rb,Il2rg","Sos1"
"14567","Il2rb,Il2rg","Sos2"
"14568","Il2rb,Il2rg","Stat1"
"14569","Il2rb,Il2rg","Stat2"
"14570","Il2rb,Il2rg","Stat3"
"14571","Il2rb,Il2rg","Stat4"
"14572","Il2rb,Il2rg","Stat5a"
"14573","Il2rb,Il2rg","Stat5b"
"14574","Il2rb,Il2rg","Stat6"
"14575","Il2rb,Il2rg","Irf9"
"14576","Il4ra,Il2rg","Sos1"
"14577","Il4ra,Il2rg","Sos2"
"14578","Il4ra,Il2rg","Stat1"
"14579","Il4ra,Il2rg","Stat2"
"14580","Il4ra,Il2rg","Stat3"
"14581","Il4ra,Il2rg","Stat4"
"14582","Il4ra,Il2rg","Stat5a"
"14583","Il4ra,Il2rg","Stat5b"
"14584","Il4ra,Il2rg","Stat6"
"14585","Il4ra,Il2rg","Irf9"
"14586","Il7r,Il2rg","Sos1"
"14587","Il7r,Il2rg","Sos2"
"14588","Il7r,Il2rg","Stat1"
"14589","Il7r,Il2rg","Stat2"
"14590","Il7r,Il2rg","Stat3"
"14591","Il7r,Il2rg","Stat4"
"14592","Il7r,Il2rg","Stat5a"
"14593","Il7r,Il2rg","Stat5b"
"14594","Il7r,Il2rg","Stat6"
"14595","Il7r,Il2rg","Irf9"
"14596","Il9r,Il2rg","Sos1"
"14597","Il9r,Il2rg","Sos2"
"14598","Il9r,Il2rg","Stat1"
"14599","Il9r,Il2rg","Stat2"
"14600","Il9r,Il2rg","Stat3"
"14601","Il9r,Il2rg","Stat4"
"14602","Il9r,Il2rg","Stat5a"
"14603","Il9r,Il2rg","Stat5b"
"14604","Il9r,Il2rg","Stat6"
"14605","Il9r,Il2rg","Irf9"
"14606","Il15ra,Il2rb,Il2rg","Sos1"
"14607","Il15ra,Il2rb,Il2rg","Sos2"
"14608","Il15ra,Il2rb,Il2rg","Stat1"
"14609","Il15ra,Il2rb,Il2rg","Stat2"
"14610","Il15ra,Il2rb,Il2rg","Stat3"
"14611","Il15ra,Il2rb,Il2rg","Stat4"
"14612","Il15ra,Il2rb,Il2rg","Stat5a"
"14613","Il15ra,Il2rb,Il2rg","Stat5b"
"14614","Il15ra,Il2rb,Il2rg","Stat6"
"14615","Il15ra,Il2rb,Il2rg","Irf9"
"14616","Il21r,Il2rg","Sos1"
"14617","Il21r,Il2rg","Sos2"
"14618","Il21r,Il2rg","Stat1"
"14619","Il21r,Il2rg","Stat2"
"14620","Il21r,Il2rg","Stat3"
"14621","Il21r,Il2rg","Stat4"
"14622","Il21r,Il2rg","Stat5a"
"14623","Il21r,Il2rg","Stat5b"
"14624","Il21r,Il2rg","Stat6"
"14625","Il21r,Il2rg","Irf9"
"14626","Il7r,Crlf2","Sos1"
"14627","Il7r,Crlf2","Sos2"
"14628","Il7r,Crlf2","Stat1"
"14629","Il7r,Crlf2","Stat2"
"14630","Il7r,Crlf2","Stat3"
"14631","Il7r,Crlf2","Stat4"
"14632","Il7r,Crlf2","Stat5a"
"14633","Il7r,Crlf2","Stat5b"
"14634","Il7r,Crlf2","Stat6"
"14635","Il7r,Crlf2","Irf9"
"14636","Il3ra,Csf2rb","Sos1"
"14637","Il3ra,Csf2rb","Sos2"
"14638","Il3ra,Csf2rb","Stat1"
"14639","Il3ra,Csf2rb","Stat2"
"14640","Il3ra,Csf2rb","Stat3"
"14641","Il3ra,Csf2rb","Stat4"
"14642","Il3ra,Csf2rb","Stat5a"
"14643","Il3ra,Csf2rb","Stat5b"
"14644","Il3ra,Csf2rb","Stat6"
"14645","Il3ra,Csf2rb","Irf9"
"14646","Il5ra,Csf2rb","Myc"
"14647","Il5ra,Csf2rb","Sos1"
"14648","Il5ra,Csf2rb","Sos2"
"14649","Il5ra,Csf2rb","Stat1"
"14650","Il5ra,Csf2rb","Stat2"
"14651","Il5ra,Csf2rb","Stat3"
"14652","Il5ra,Csf2rb","Stat4"
"14653","Il5ra,Csf2rb","Stat5a"
"14654","Il5ra,Csf2rb","Stat5b"
"14655","Il5ra,Csf2rb","Stat6"
"14656","Il5ra,Csf2rb","Ccnd1"
"14657","Il5ra,Csf2rb","Irf9"
"14658","Csf2ra,Csf2rb","Myc"
"14659","Csf2ra,Csf2rb","Sos1"
"14660","Csf2ra,Csf2rb","Sos2"
"14661","Csf2ra,Csf2rb","Stat1"
"14662","Csf2ra,Csf2rb","Stat2"
"14663","Csf2ra,Csf2rb","Stat3"
"14664","Csf2ra,Csf2rb","Stat4"
"14665","Csf2ra,Csf2rb","Stat5a"
"14666","Csf2ra,Csf2rb","Stat5b"
"14667","Csf2ra,Csf2rb","Stat6"
"14668","Csf2ra,Csf2rb","Ccnd1"
"14669","Csf2ra,Csf2rb","Irf9"
"14670","Il4ra,Il13ra1","Sos1"
"14671","Il4ra,Il13ra1","Sos2"
"14672","Il4ra,Il13ra1","Stat1"
"14673","Il4ra,Il13ra1","Stat2"
"14674","Il4ra,Il13ra1","Stat3"
"14675","Il4ra,Il13ra1","Stat4"
"14676","Il4ra,Il13ra1","Stat5a"
"14677","Il4ra,Il13ra1","Stat5b"
"14678","Il4ra,Il13ra1","Stat6"
"14679","Il4ra,Il13ra1","Irf9"
"14680","Il4ra,Il13ra2","Sos1"
"14681","Il4ra,Il13ra2","Sos2"
"14682","Il4ra,Il13ra2","Stat1"
"14683","Il4ra,Il13ra2","Stat2"
"14684","Il4ra,Il13ra2","Stat3"
"14685","Il4ra,Il13ra2","Stat4"
"14686","Il4ra,Il13ra2","Stat5a"
"14687","Il4ra,Il13ra2","Stat5b"
"14688","Il4ra,Il13ra2","Stat6"
"14689","Il4ra,Il13ra2","Irf9"
"14690","Il6ra,Il6st","Stat1"
"14691","Il6ra,Il6st","Stat2"
"14692","Il6ra,Il6st","Stat4"
"14693","Il6ra,Il6st","Stat5a"
"14694","Il6ra,Il6st","Stat5b"
"14695","Il6ra,Il6st","Stat6"
"14696","Il6ra,Il6st","Irf9"
"14697","Il11ra1,Il6st","Sos1"
"14698","Il11ra1,Il6st","Sos2"
"14699","Il11ra1,Il6st","Stat1"
"14700","Il11ra1,Il6st","Stat2"
"14701","Il11ra1,Il6st","Stat4"
"14702","Il11ra1,Il6st","Stat5a"
"14703","Il11ra1,Il6st","Stat5b"
"14704","Il11ra1,Il6st","Stat6"
"14705","Il11ra1,Il6st","Ccnd1"
"14706","Il11ra1,Il6st","Irf9"
"14707","Il11ra1,Il6st","Raf1"
"14708","Il11ra2,Il6st","Sos1"
"14709","Il11ra2,Il6st","Sos2"
"14710","Il11ra2,Il6st","Stat1"
"14711","Il11ra2,Il6st","Stat2"
"14712","Il11ra2,Il6st","Stat4"
"14713","Il11ra2,Il6st","Stat5a"
"14714","Il11ra2,Il6st","Stat5b"
"14715","Il11ra2,Il6st","Stat6"
"14716","Il11ra2,Il6st","Ccnd1"
"14717","Il11ra2,Il6st","Irf9"
"14718","Il11ra2,Il6st","Raf1"
"14719","Il12rb1,Il12rb2","Akt1"
"14720","Il12rb1,Il12rb2","Myc"
"14721","Il12rb1,Il12rb2","Sos1"
"14722","Il12rb1,Il12rb2","Sos2"
"14723","Il12rb1,Il12rb2","Stat1"
"14724","Il12rb1,Il12rb2","Stat2"
"14725","Il12rb1,Il12rb2","Stat3"
"14726","Il12rb1,Il12rb2","Stat4"
"14727","Il12rb1,Il12rb2","Stat5a"
"14728","Il12rb1,Il12rb2","Stat5b"
"14729","Il12rb1,Il12rb2","Stat6"
"14730","Il12rb1,Il12rb2","Ccnd1"
"14731","Il12rb1,Il12rb2","Irf9"
"14732","Il12rb1,Il12rb2","Raf1"
"14733","Il23r,Il12rb1","Akt1"
"14734","Il23r,Il12rb1","Myc"
"14735","Il23r,Il12rb1","Sos1"
"14736","Il23r,Il12rb1","Sos2"
"14737","Il23r,Il12rb1","Stat1"
"14738","Il23r,Il12rb1","Stat2"
"14739","Il23r,Il12rb1","Stat3"
"14740","Il23r,Il12rb1","Stat4"
"14741","Il23r,Il12rb1","Stat5a"
"14742","Il23r,Il12rb1","Stat5b"
"14743","Il23r,Il12rb1","Stat6"
"14744","Il23r,Il12rb1","Ccnd1"
"14745","Il23r,Il12rb1","Irf9"
"14746","Il23r,Il12rb1","Raf1"
"14747","Il27ra,Il6st","Sos1"
"14748","Il27ra,Il6st","Sos2"
"14749","Il27ra,Il6st","Stat1"
"14750","Il27ra,Il6st","Stat2"
"14751","Il27ra,Il6st","Stat4"
"14752","Il27ra,Il6st","Stat5a"
"14753","Il27ra,Il6st","Stat5b"
"14754","Il27ra,Il6st","Stat6"
"14755","Il27ra,Il6st","Ccnd1"
"14756","Il27ra,Il6st","Irf9"
"14757","Il27ra,Il6st","Raf1"
"14758","Il31ra,Osmr","Sos1"
"14759","Il31ra,Osmr","Sos2"
"14760","Il31ra,Osmr","Stat1"
"14761","Il31ra,Osmr","Stat2"
"14762","Il31ra,Osmr","Stat3"
"14763","Il31ra,Osmr","Stat4"
"14764","Il31ra,Osmr","Stat5a"
"14765","Il31ra,Osmr","Stat5b"
"14766","Il31ra,Osmr","Stat6"
"14767","Il31ra,Osmr","Irf9"
"14768","Cntfr,Lifr,Il6st","Sos1"
"14769","Cntfr,Lifr,Il6st","Sos2"
"14770","Cntfr,Lifr,Il6st","Stat1"
"14771","Cntfr,Lifr,Il6st","Stat2"
"14772","Cntfr,Lifr,Il6st","Stat4"
"14773","Cntfr,Lifr,Il6st","Stat5a"
"14774","Cntfr,Lifr,Il6st","Stat5b"
"14775","Cntfr,Lifr,Il6st","Stat6"
"14776","Cntfr,Lifr,Il6st","Ccnd1"
"14777","Cntfr,Lifr,Il6st","Irf9"
"14778","Cntfr,Lifr,Il6st","Raf1"
"14779","Lifr,Il6st","Sos1"
"14780","Lifr,Il6st","Sos2"
"14781","Lifr,Il6st","Stat1"
"14782","Lifr,Il6st","Stat2"
"14783","Lifr,Il6st","Stat4"
"14784","Lifr,Il6st","Stat5a"
"14785","Lifr,Il6st","Stat5b"
"14786","Lifr,Il6st","Stat6"
"14787","Lifr,Il6st","Ccnd1"
"14788","Lifr,Il6st","Irf9"
"14789","Lifr,Il6st","Raf1"
"14790","Osmr,Il6st","Sos1"
"14791","Osmr,Il6st","Sos2"
"14792","Osmr,Il6st","Stat1"
"14793","Osmr,Il6st","Stat2"
"14794","Osmr,Il6st","Stat4"
"14795","Osmr,Il6st","Stat5a"
"14796","Osmr,Il6st","Stat5b"
"14797","Osmr,Il6st","Stat6"
"14798","Osmr,Il6st","Irf9"
"14799","Il10ra,Il10rb","Akt1"
"14800","Il10ra,Il10rb","Myc"
"14801","Il10ra,Il10rb","Sos1"
"14802","Il10ra,Il10rb","Sos2"
"14803","Il10ra,Il10rb","Stat1"
"14804","Il10ra,Il10rb","Stat2"
"14805","Il10ra,Il10rb","Stat3"
"14806","Il10ra,Il10rb","Stat4"
"14807","Il10ra,Il10rb","Stat5a"
"14808","Il10ra,Il10rb","Stat5b"
"14809","Il10ra,Il10rb","Stat6"
"14810","Il10ra,Il10rb","Ccnd1"
"14811","Il10ra,Il10rb","Irf9"
"14812","Il10ra,Il10rb","Raf1"
"14813","Il20ra,Il20rb","Akt1"
"14814","Il20ra,Il20rb","Myc"
"14815","Il20ra,Il20rb","Sos1"
"14816","Il20ra,Il20rb","Sos2"
"14817","Il20ra,Il20rb","Stat1"
"14818","Il20ra,Il20rb","Stat2"
"14819","Il20ra,Il20rb","Stat3"
"14820","Il20ra,Il20rb","Stat4"
"14821","Il20ra,Il20rb","Stat5a"
"14822","Il20ra,Il20rb","Stat5b"
"14823","Il20ra,Il20rb","Stat6"
"14824","Il20ra,Il20rb","Ccnd1"
"14825","Il20ra,Il20rb","Irf9"
"14826","Il20ra,Il20rb","Raf1"
"14827","Il22ra1,Il20rb","Akt1"
"14828","Il22ra1,Il20rb","Myc"
"14829","Il22ra1,Il20rb","Sos1"
"14830","Il22ra1,Il20rb","Sos2"
"14831","Il22ra1,Il20rb","Stat1"
"14832","Il22ra1,Il20rb","Stat2"
"14833","Il22ra1,Il20rb","Stat3"
"14834","Il22ra1,Il20rb","Stat4"
"14835","Il22ra1,Il20rb","Stat5a"
"14836","Il22ra1,Il20rb","Stat5b"
"14837","Il22ra1,Il20rb","Stat6"
"14838","Il22ra1,Il20rb","Ccnd1"
"14839","Il22ra1,Il20rb","Irf9"
"14840","Il22ra1,Il20rb","Raf1"
"14841","Il22ra1,Il10rb","Akt1"
"14842","Il22ra1,Il10rb","Myc"
"14843","Il22ra1,Il10rb","Sos1"
"14844","Il22ra1,Il10rb","Sos2"
"14845","Il22ra1,Il10rb","Stat1"
"14846","Il22ra1,Il10rb","Stat2"
"14847","Il22ra1,Il10rb","Stat3"
"14848","Il22ra1,Il10rb","Stat4"
"14849","Il22ra1,Il10rb","Stat5a"
"14850","Il22ra1,Il10rb","Stat5b"
"14851","Il22ra1,Il10rb","Stat6"
"14852","Il22ra1,Il10rb","Ccnd1"
"14853","Il22ra1,Il10rb","Irf9"
"14854","Il22ra1,Il10rb","Raf1"
"14855","Ifnar1,Ifnar2","Sos1"
"14856","Ifnar1,Ifnar2","Sos2"
"14857","Ifngr1,Ifngr2","Myc"
"14858","Ifngr1,Ifngr2","Sos1"
"14859","Ifngr1,Ifngr2","Sos2"
"14860","Ifngr1,Ifngr2","Ccnd1"
"14861","Ifngr1,Ifngr2","Raf1"
"14862","Ifnlr1,Il10rb","Akt1"
"14863","Ifnlr1,Il10rb","Myc"
"14864","Ifnlr1,Il10rb","Sos1"
"14865","Ifnlr1,Il10rb","Sos2"
"14866","Ifnlr1,Il10rb","Stat1"
"14867","Ifnlr1,Il10rb","Stat2"
"14868","Ifnlr1,Il10rb","Stat3"
"14869","Ifnlr1,Il10rb","Stat4"
"14870","Ifnlr1,Il10rb","Stat5a"
"14871","Ifnlr1,Il10rb","Stat5b"
"14872","Ifnlr1,Il10rb","Stat6"
"14873","Ifnlr1,Il10rb","Ccnd1"
"14874","Ifnlr1,Il10rb","Irf9"
"14875","Ifnlr1,Il10rb","Raf1"
"14876","Crlf2","Akt1"
"14877","Crlf2","Myc"
"14878","Crlf2","Sos1"
"14879","Crlf2","Sos2"
"14880","Crlf2","Stat1"
"14881","Crlf2","Stat2"
"14882","Crlf2","Stat3"
"14883","Crlf2","Stat4"
"14884","Crlf2","Stat5a"
"14885","Crlf2","Stat5b"
"14886","Crlf2","Stat6"
"14887","Crlf2","Ccnd1"
"14888","Crlf2","Irf9"
"14889","Crlf2","Raf1"
"14890","Ctf1","Akt1"
"14891","Ctf1","Myc"
"14892","Ctf1","Sos1"
"14893","Ctf1","Sos2"
"14894","Ctf1","Stat1"
"14895","Ctf1","Stat2"
"14896","Ctf1","Stat3"
"14897","Ctf1","Stat4"
"14898","Ctf1","Stat5a"
"14899","Ctf1","Stat5b"
"14900","Ctf1","Stat6"
"14901","Ctf1","Ccnd1"
"14902","Ctf1","Epor"
"14903","Ctf1","Irf9"
"14904","Ctf1","Raf1"
"14905","Pdgfa","Stat1"
"14906","Pdgfa","Stat2"
"14907","Pdgfa","Stat4"
"14908","Pdgfa","Stat5a"
"14909","Pdgfa","Stat5b"
"14910","Pdgfa","Stat6"
"14911","Pdgfa","Epor"
"14912","Pdgfa","Irf9"
"14913","Itgb2","Ifng"
"14914","Itgb2","Mapk1"
"14915","Itgb2","Mapk3"
"14916","Itgb2","Nfatc1"
"14917","Itgb2","Nfatc2"
"14918","Itgb2","Tnf"
"14919","Itgb2","Csf2"
"14920","Cd247","Ifng"
"14921","Cd247","Mapk1"
"14922","Cd247","Mapk3"
"14923","Cd247","Nfatc1"
"14924","Cd247","Nfatc2"
"14925","Cd247","Sos1"
"14926","Cd247","Sos2"
"14927","Cd247","Tnf"
"14928","Cd247","Csf2"
"14929","Cd247","Raf1"
"14930","Kir3dl1","Ifng"
"14931","Kir3dl1","Mapk1"
"14932","Kir3dl1","Mapk3"
"14933","Kir3dl1","Nfatc1"
"14934","Kir3dl1","Nfatc2"
"14935","Kir3dl1","Sos1"
"14936","Kir3dl1","Sos2"
"14937","Kir3dl1","Tnf"
"14938","Kir3dl1","Csf2"
"14939","Kir3dl1","Raf1"
"14940","Klrc1","Ifng"
"14941","Klrc1","Mapk1"
"14942","Klrc1","Mapk3"
"14943","Klrc1","Nfatc1"
"14944","Klrc1","Nfatc2"
"14945","Klrc1","Sos1"
"14946","Klrc1","Sos2"
"14947","Klrc1","Tnf"
"14948","Klrc1","Csf2"
"14949","Klrc1","Raf1"
"14950","Klrd1","Ifng"
"14951","Klrd1","Mapk1"
"14952","Klrd1","Mapk3"
"14953","Klrd1","Nfatc1"
"14954","Klrd1","Nfatc2"
"14955","Klrd1","Sos1"
"14956","Klrd1","Sos2"
"14957","Klrd1","Tnf"
"14958","Klrd1","Csf2"
"14959","Klrd1","Raf1"
"14960","Itgal","Ifng"
"14961","Itgal","Mapk1"
"14962","Itgal","Mapk3"
"14963","Itgal","Nfatc1"
"14964","Itgal","Nfatc2"
"14965","Itgal","Tnf"
"14966","Itgal","Csf2"
"14967","Cd48","Ifng"
"14968","Cd48","Mapk1"
"14969","Cd48","Mapk3"
"14970","Cd48","Nfatc1"
"14971","Cd48","Nfatc2"
"14972","Cd48","Sos1"
"14973","Cd48","Sos2"
"14974","Cd48","Tnf"
"14975","Cd48","Csf2"
"14976","Cd48","Raf1"
"14977","Klrk1","Ifng"
"14978","Klrk1","Mapk1"
"14979","Klrk1","Mapk3"
"14980","Klrk1","Nfatc1"
"14981","Klrk1","Nfatc2"
"14982","Klrk1","Sos1"
"14983","Klrk1","Sos2"
"14984","Klrk1","Tnf"
"14985","Klrk1","Csf2"
"14986","Klrk1","Raf1"
"14987","Tyrobp","Ifng"
"14988","Tyrobp","Mapk1"
"14989","Tyrobp","Mapk3"
"14990","Tyrobp","Nfatc2"
"14991","Tyrobp","Sos1"
"14992","Tyrobp","Sos2"
"14993","Tyrobp","Tnf"
"14994","Tyrobp","Csf2"
"14995","Tyrobp","Raf1"
"14996","Fyn","Ifng"
"14997","Fyn","Tnf"
"14998","Fyn","Csf2"
"14999","Pik3r1","Ifng"
"15000","Pik3r1","Nfatc1"
"15001","Pik3r1","Nfatc2"
"15002","Pik3r1","Csf2"
"15003","Pik3r2","Ifng"
"15004","Pik3r2","Nfatc1"
"15005","Pik3r2","Nfatc2"
"15006","Pik3r2","Csf2"
"15007","Lck","Ifng"
"15008","Lck","Mapk1"
"15009","Lck","Mapk3"
"15010","Lck","Nfatc2"
"15011","Lck","Sos1"
"15012","Lck","Sos2"
"15013","Lck","Tnf"
"15014","Lck","Csf2"
"15015","Lck","Raf1"
"15016","Pak1","Ifng"
"15017","Pak1","Csf2"
"15018","Pik3r3","Ifng"
"15019","Pik3r3","Nfatc1"
"15020","Pik3r3","Nfatc2"
"15021","Pik3r3","Csf2"
"15022","Raf1","Ifng"
"15023","Raf1","Csf2"
"15024","Cd244a","Ifng"
"15025","Cd244a","Mapk1"
"15026","Cd244a","Mapk3"
"15027","Cd244a","Nfatc1"
"15028","Cd244a","Nfatc2"
"15029","Cd244a","Sos1"
"15030","Cd244a","Sos2"
"15031","Cd244a","Tnf"
"15032","Cd244a","Csf2"
"15033","Cd244a","Raf1"
"15034","Kir3dl2","Ifng"
"15035","Kir3dl2","Mapk1"
"15036","Kir3dl2","Mapk3"
"15037","Kir3dl2","Nfatc1"
"15038","Kir3dl2","Nfatc2"
"15039","Kir3dl2","Sos1"
"15040","Kir3dl2","Sos2"
"15041","Kir3dl2","Tnf"
"15042","Kir3dl2","Csf2"
"15043","Kir3dl2","Raf1"
"15044","Itgam,Itgb2","Ifng"
"15045","Itgam,Itgb2","Mapk1"
"15046","Itgam,Itgb2","Mapk3"
"15047","Itgam,Itgb2","Nfatc1"
"15048","Itgam,Itgb2","Nfatc2"
"15049","Itgam,Itgb2","Tnf"
"15050","Itgam,Itgb2","Csf2"
"15051","Itgax,Itgb2","Ifng"
"15052","Itgax,Itgb2","Mapk1"
"15053","Itgax,Itgb2","Mapk3"
"15054","Itgax,Itgb2","Nfatc1"
"15055","Itgax,Itgb2","Nfatc2"
"15056","Itgax,Itgb2","Tnf"
"15057","Itgax,Itgb2","Csf2"
"15058","Itgal,Itgb2","Ifng"
"15059","Itgal,Itgb2","Mapk1"
"15060","Itgal,Itgb2","Mapk3"
"15061","Itgal,Itgb2","Nfatc1"
"15062","Itgal,Itgb2","Nfatc2"
"15063","Itgal,Itgb2","Tnf"
"15064","Itgal,Itgb2","Csf2"
"15065","Itgal,Itgb2l","Ifng"
"15066","Itgal,Itgb2l","Mapk1"
"15067","Itgal,Itgb2l","Mapk3"
"15068","Itgal,Itgb2l","Nfatc1"
"15069","Itgal,Itgb2l","Nfatc2"
"15070","Itgal,Itgb2l","Tnf"
"15071","Itgal,Itgb2l","Csf2"
"15072","Itgam,Itgb2l","Ifng"
"15073","Itgam,Itgb2l","Mapk1"
"15074","Itgam,Itgb2l","Mapk3"
"15075","Itgam,Itgb2l","Nfatc1"
"15076","Itgam,Itgb2l","Nfatc2"
"15077","Itgam,Itgb2l","Tnf"
"15078","Itgam,Itgb2l","Csf2"
"15079","Icam1","Ifng"
"15080","Icam1","Mapk1"
"15081","Icam1","Mapk3"
"15082","Icam1","Nfatc1"
"15083","Icam1","Nfatc2"
"15084","Icam1","Tnf"
"15085","Icam1","Csf2"
"15086","Icam2","Ifng"
"15087","Icam2","Mapk1"
"15088","Icam2","Mapk3"
"15089","Icam2","Nfatc1"
"15090","Icam2","Nfatc2"
"15091","Icam2","Tnf"
"15092","Icam2","Csf2"
"15093","Klrd1,Klrc1","Ifng"
"15094","Klrd1,Klrc1","Mapk1"
"15095","Klrd1,Klrc1","Mapk3"
"15096","Klrd1,Klrc1","Nfatc1"
"15097","Klrd1,Klrc1","Nfatc2"
"15098","Klrd1,Klrc1","Sos1"
"15099","Klrd1,Klrc1","Sos2"
"15100","Klrd1,Klrc1","Tnf"
"15101","Klrd1,Klrc1","Csf2"
"15102","Klrd1,Klrc1","Raf1"
"15103","Klrd1,Klrc2","Ifng"
"15104","Klrd1,Klrc2","Mapk1"
"15105","Klrd1,Klrc2","Mapk3"
"15106","Klrd1,Klrc2","Nfatc1"
"15107","Klrd1,Klrc2","Nfatc2"
"15108","Klrd1,Klrc2","Sos1"
"15109","Klrd1,Klrc2","Sos2"
"15110","Klrd1,Klrc2","Tnf"
"15111","Klrd1,Klrc2","Csf2"
"15112","Klrd1,Klrc2","Raf1"
"15113","Klrk1,Hcst","Ifng"
"15114","Klrk1,Hcst","Mapk1"
"15115","Klrk1,Hcst","Mapk3"
"15116","Klrk1,Hcst","Nfatc1"
"15117","Klrk1,Hcst","Nfatc2"
"15118","Klrk1,Hcst","Sos1"
"15119","Klrk1,Hcst","Sos2"
"15120","Klrk1,Hcst","Tnf"
"15121","Klrk1,Hcst","Csf2"
"15122","Klrk1,Hcst","Raf1"
"15123","Plxna1,Trem2,Tyrobp","Ifng"
"15124","Plxna1,Trem2,Tyrobp","Sos1"
"15125","Plxna1,Trem2,Tyrobp","Sos2"
"15126","Plxna1,Trem2,Tyrobp","Tnf"
"15127","Plxna1,Trem2,Tyrobp","Csf2"
"15128","Notch1","Ifng"
"15129","Notch1","Stat1"
"15130","Notch1","Stat4"
"15131","Notch1","Stat5a"
"15132","Notch1","Stat5b"
"15133","Notch1","Stat6"
"15134","Notch1","Gata3"
"15135","Notch1","Il4"
"15136","Notch1","Maf"
"15137","Notch1","Runx3"
"15138","Notch1","Tbx21"
"15139","Notch1","Maml1"
"15140","Notch1","Maml3"
"15141","Cd247","Nfkb1"
"15142","Cd247","Rela"
"15143","Cd247","Stat1"
"15144","Cd247","Stat4"
"15145","Cd247","Stat5a"
"15146","Cd247","Stat5b"
"15147","Cd247","Stat6"
"15148","Cd247","Gata3"
"15149","Cd247","Ikbkb"
"15150","Cd247","Il4"
"15151","Cd247","Maf"
"15152","Cd247","Nfkbia"
"15153","Cd247","Runx3"
"15154","Cd247","Tbx21"
"15155","Cd247","Ikbkg"
"15156","Cd247","Nfkbib"
"15157","Cd4","Ifng"
"15158","Cd4","Nfkb1"
"15159","Cd4","Rela"
"15160","Cd4","Stat1"
"15161","Cd4","Stat4"
"15162","Cd4","Stat5a"
"15163","Cd4","Stat5b"
"15164","Cd4","Stat6"
"15165","Cd4","Gata3"
"15166","Cd4","Ikbkb"
"15167","Cd4","Il4"
"15168","Cd4","Maf"
"15169","Cd4","Nfkbia"
"15170","Cd4","Runx3"
"15171","Cd4","Tbx21"
"15172","Cd4","Ikbkg"
"15173","Cd4","Nfkbib"
"15174","Notch2","Ifng"
"15175","Notch2","Stat1"
"15176","Notch2","Stat4"
"15177","Notch2","Stat5a"
"15178","Notch2","Stat5b"
"15179","Notch2","Stat6"
"15180","Notch2","Gata3"
"15181","Notch2","Il4"
"15182","Notch2","Maf"
"15183","Notch2","Runx3"
"15184","Notch2","Tbx21"
"15185","Notch2","Maml1"
"15186","Notch2","Maml3"
"15187","Notch3","Ifng"
"15188","Notch3","Nfkb1"
"15189","Notch3","Rela"
"15190","Notch3","Stat1"
"15191","Notch3","Stat4"
"15192","Notch3","Stat5a"
"15193","Notch3","Stat5b"
"15194","Notch3","Stat6"
"15195","Notch3","Gata3"
"15196","Notch3","Il4"
"15197","Notch3","Maf"
"15198","Notch3","Nfkbia"
"15199","Notch3","Runx3"
"15200","Notch3","Tbx21"
"15201","Notch3","Maml1"
"15202","Notch3","Maml3"
"15203","Notch3","Nfkbib"
"15204","Il2ra","Ifng"
"15205","Il2ra","Gata3"
"15206","Il2ra","Il4"
"15207","Il2ra","Maf"
"15208","Il2ra","Runx3"
"15209","Il2ra","Tbx21"
"15210","Il2rg","Ifng"
"15211","Il2rg","Gata3"
"15212","Il2rg","Il4"
"15213","Il2rg","Maf"
"15214","Il2rg","Runx3"
"15215","Il2rg","Tbx21"
"15216","Ifngr1","Ifng"
"15217","Ifngr1","Gata3"
"15218","Ifngr1","Il4"
"15219","Ifngr1","Maf"
"15220","Ifngr1","Runx3"
"15221","Ifngr1","Tbx21"
"15222","Ifngr2","Ifng"
"15223","Ifngr2","Gata3"
"15224","Ifngr2","Il4"
"15225","Ifngr2","Maf"
"15226","Ifngr2","Runx3"
"15227","Ifngr2","Tbx21"
"15228","Il12rb1","Ifng"
"15229","Il12rb1","Gata3"
"15230","Il12rb1","Il4"
"15231","Il12rb1","Maf"
"15232","Il12rb1","Runx3"
"15233","Il12rb1","Tbx21"
"15234","Il12rb2","Ifng"
"15235","Il12rb2","Gata3"
"15236","Il12rb2","Il4"
"15237","Il12rb2","Maf"
"15238","Il12rb2","Runx3"
"15239","Il12rb2","Tbx21"
"15240","Il2rb","Ifng"
"15241","Il2rb","Gata3"
"15242","Il2rb","Il4"
"15243","Il2rb","Maf"
"15244","Il2rb","Runx3"
"15245","Il2rb","Tbx21"
"15246","Chuk","Ifng"
"15247","Chuk","Stat4"
"15248","Chuk","Stat5a"
"15249","Chuk","Stat5b"
"15250","Chuk","Stat6"
"15251","Chuk","Gata3"
"15252","Chuk","Il4"
"15253","Chuk","Maf"
"15254","Chuk","Runx3"
"15255","Chuk","Tbx21"
"15256","Ikbkb","Ifng"
"15257","Ikbkb","Stat4"
"15258","Ikbkb","Stat5a"
"15259","Ikbkb","Stat5b"
"15260","Ikbkb","Stat6"
"15261","Ikbkb","Gata3"
"15262","Ikbkb","Il4"
"15263","Ikbkb","Maf"
"15264","Ikbkb","Runx3"
"15265","Ikbkb","Tbx21"
"15266","Lck","Stat4"
"15267","Lck","Stat5a"
"15268","Lck","Stat5b"
"15269","Lck","Stat6"
"15270","Lck","Gata3"
"15271","Lck","Il4"
"15272","Lck","Maf"
"15273","Lck","Runx3"
"15274","Lck","Tbx21"
"15275","Lck","Ikbkg"
"15276","Lck","Nfkbib"
"15277","Il4ra","Ifng"
"15278","Il4ra","Gata3"
"15279","Il4ra","Il4"
"15280","Il4ra","Maf"
"15281","Il4ra","Runx3"
"15282","Il4ra","Tbx21"
"15283","Mapk14","Ifng"
"15284","Mapk14","Stat4"
"15285","Mapk14","Stat5a"
"15286","Mapk14","Stat5b"
"15287","Mapk14","Stat6"
"15288","Mapk14","Gata3"
"15289","Mapk14","Il4"
"15290","Mapk14","Maf"
"15291","Mapk14","Runx3"
"15292","Mapk14","Tbx21"
"15293","Il2ra,Il2rb,Il2rg","Ifng"
"15294","Il2ra,Il2rb,Il2rg","Gata3"
"15295","Il2ra,Il2rb,Il2rg","Il4"
"15296","Il2ra,Il2rb,Il2rg","Maf"
"15297","Il2ra,Il2rb,Il2rg","Runx3"
"15298","Il2ra,Il2rb,Il2rg","Tbx21"
"15299","Il2rb,Il2rg","Ifng"
"15300","Il2rb,Il2rg","Gata3"
"15301","Il2rb,Il2rg","Il4"
"15302","Il2rb,Il2rg","Maf"
"15303","Il2rb,Il2rg","Runx3"
"15304","Il2rb,Il2rg","Tbx21"
"15305","Il4ra,Il2rg","Ifng"
"15306","Il4ra,Il2rg","Gata3"
"15307","Il4ra,Il2rg","Il4"
"15308","Il4ra,Il2rg","Maf"
"15309","Il4ra,Il2rg","Runx3"
"15310","Il4ra,Il2rg","Tbx21"
"15311","Il7r,Il2rg","Ifng"
"15312","Il7r,Il2rg","Gata3"
"15313","Il7r,Il2rg","Il4"
"15314","Il7r,Il2rg","Maf"
"15315","Il7r,Il2rg","Runx3"
"15316","Il7r,Il2rg","Tbx21"
"15317","Il9r,Il2rg","Ifng"
"15318","Il9r,Il2rg","Gata3"
"15319","Il9r,Il2rg","Il4"
"15320","Il9r,Il2rg","Maf"
"15321","Il9r,Il2rg","Runx3"
"15322","Il9r,Il2rg","Tbx21"
"15323","Il15ra,Il2rb,Il2rg","Ifng"
"15324","Il15ra,Il2rb,Il2rg","Gata3"
"15325","Il15ra,Il2rb,Il2rg","Il4"
"15326","Il15ra,Il2rb,Il2rg","Maf"
"15327","Il15ra,Il2rb,Il2rg","Runx3"
"15328","Il15ra,Il2rb,Il2rg","Tbx21"
"15329","Il21r,Il2rg","Ifng"
"15330","Il21r,Il2rg","Gata3"
"15331","Il21r,Il2rg","Il4"
"15332","Il21r,Il2rg","Maf"
"15333","Il21r,Il2rg","Runx3"
"15334","Il21r,Il2rg","Tbx21"
"15335","Il4ra,Il13ra1","Ifng"
"15336","Il4ra,Il13ra1","Gata3"
"15337","Il4ra,Il13ra1","Il4"
"15338","Il4ra,Il13ra1","Maf"
"15339","Il4ra,Il13ra1","Runx3"
"15340","Il4ra,Il13ra1","Tbx21"
"15341","Il4ra,Il13ra2","Ifng"
"15342","Il4ra,Il13ra2","Gata3"
"15343","Il4ra,Il13ra2","Il4"
"15344","Il4ra,Il13ra2","Maf"
"15345","Il4ra,Il13ra2","Runx3"
"15346","Il4ra,Il13ra2","Tbx21"
"15347","Il12rb1,Il12rb2","Ifng"
"15348","Il12rb1,Il12rb2","Gata3"
"15349","Il12rb1,Il12rb2","Il4"
"15350","Il12rb1,Il12rb2","Maf"
"15351","Il12rb1,Il12rb2","Runx3"
"15352","Il12rb1,Il12rb2","Tbx21"
"15353","Il23r,Il12rb1","Ifng"
"15354","Il23r,Il12rb1","Gata3"
"15355","Il23r,Il12rb1","Il4"
"15356","Il23r,Il12rb1","Maf"
"15357","Il23r,Il12rb1","Runx3"
"15358","Il23r,Il12rb1","Tbx21"
"15359","Ifngr1,Ifngr2","Ifng"
"15360","Ifngr1,Ifngr2","Gata3"
"15361","Ifngr1,Ifngr2","Il4"
"15362","Ifngr1,Ifngr2","Maf"
"15363","Ifngr1,Ifngr2","Runx3"
"15364","Ifngr1,Ifngr2","Tbx21"
"15365","Jag1","Ifng"
"15366","Jag1","Stat1"
"15367","Jag1","Stat4"
"15368","Jag1","Stat5a"
"15369","Jag1","Stat5b"
"15370","Jag1","Stat6"
"15371","Jag1","Gata3"
"15372","Jag1","Il4"
"15373","Jag1","Maf"
"15374","Jag1","Runx3"
"15375","Jag1","Tbx21"
"15376","Jag1","Maml1"
"15377","Jag1","Maml3"
"15378","Cd247","Fos"
"15379","Cd247","Hif1a"
"15380","Cd247","Jun"
"15381","Cd247","Mapk10"
"15382","Cd247","Mapk11"
"15383","Cd247","Mapk12"
"15384","Cd247","Mapk13"
"15385","Cd247","Mapk14"
"15386","Cd247","Mapk8"
"15387","Cd247","Mapk9"
"15388","Cd247","Stat3"
"15389","Cd247","Il17a"
"15390","Cd247","Irf4"
"15391","Cd247","Rora"
"15392","Cd247","Rorc"
"15393","Cd3d","Fos"
"15394","Cd3d","Hif1a"
"15395","Cd3d","Jun"
"15396","Cd3d","Mapk1"
"15397","Cd3d","Mapk10"
"15398","Cd3d","Mapk11"
"15399","Cd3d","Mapk12"
"15400","Cd3d","Mapk13"
"15401","Cd3d","Mapk14"
"15402","Cd3d","Mapk3"
"15403","Cd3d","Mapk8"
"15404","Cd3d","Mapk9"
"15405","Cd3d","Stat3"
"15406","Cd3d","Il17a"
"15407","Cd3d","Irf4"
"15408","Cd3d","Rora"
"15409","Cd3d","Rorc"
"15410","Cd3g","Fos"
"15411","Cd3g","Hif1a"
"15412","Cd3g","Jun"
"15413","Cd3g","Mapk1"
"15414","Cd3g","Mapk10"
"15415","Cd3g","Mapk11"
"15416","Cd3g","Mapk12"
"15417","Cd3g","Mapk13"
"15418","Cd3g","Mapk14"
"15419","Cd3g","Mapk3"
"15420","Cd3g","Mapk8"
"15421","Cd3g","Mapk9"
"15422","Cd3g","Stat3"
"15423","Cd3g","Il17a"
"15424","Cd3g","Irf4"
"15425","Cd3g","Rora"
"15426","Cd3g","Rorc"
"15427","Tgfbr1","Hif1a"
"15428","Tgfbr1","Runx1"
"15429","Tgfbr1","Stat3"
"15430","Tgfbr1","Foxp3"
"15431","Tgfbr1","Il17a"
"15432","Tgfbr1","Rora"
"15433","Tgfbr1","Rorc"
"15434","Tgfbr2","Hif1a"
"15435","Tgfbr2","Runx1"
"15436","Tgfbr2","Stat3"
"15437","Tgfbr2","Foxp3"
"15438","Tgfbr2","Il17a"
"15439","Tgfbr2","Rora"
"15440","Tgfbr2","Rorc"
"15441","Il6st","Hif1a"
"15442","Il6st","Il17a"
"15443","Il6st","Rora"
"15444","Il6st","Rorc"
"15445","Il6ra","Il17a"
"15446","Il6ra","Rora"
"15447","Il6ra","Rorc"
"15448","Cd4","Fos"
"15449","Cd4","Hif1a"
"15450","Cd4","Jun"
"15451","Cd4","Mapk1"
"15452","Cd4","Mapk10"
"15453","Cd4","Mapk11"
"15454","Cd4","Mapk12"
"15455","Cd4","Mapk13"
"15456","Cd4","Mapk14"
"15457","Cd4","Mapk3"
"15458","Cd4","Mapk8"
"15459","Cd4","Mapk9"
"15460","Cd4","Stat3"
"15461","Cd4","Il17a"
"15462","Cd4","Irf4"
"15463","Cd4","Rora"
"15464","Cd4","Rorc"
"15465","Il27ra","Hif1a"
"15466","Il27ra","Runx1"
"15467","Il27ra","Foxp3"
"15468","Il27ra","Il17a"
"15469","Il27ra","Rora"
"15470","Il27ra","Tbx21"
"15471","Il27ra","Rorc"
"15472","Il2ra","Hif1a"
"15473","Il2ra","Runx1"
"15474","Il2ra","Foxp3"
"15475","Il2ra","Il17a"
"15476","Il2ra","Rora"
"15477","Il2ra","Rorc"
"15478","Il2rg","Hif1a"
"15479","Il2rg","Runx1"
"15480","Il2rg","Foxp3"
"15481","Il2rg","Il17a"
"15482","Il2rg","Rora"
"15483","Il2rg","Rorc"
"15484","Ifngr1","Runx1"
"15485","Ifngr1","Foxp3"
"15486","Ifngr1","Il17a"
"15487","Ifngr1","Rora"
"15488","Ifngr1","Rorc"
"15489","Ifngr2","Runx1"
"15490","Ifngr2","Foxp3"
"15491","Ifngr2","Il17a"
"15492","Ifngr2","Rora"
"15493","Ifngr2","Rorc"
"15494","Il12rb1","Hif1a"
"15495","Il12rb1","Il17a"
"15496","Il12rb1","Rora"
"15497","Il12rb1","Rorc"
"15498","Il23r","Hif1a"
"15499","Il23r","Il17a"
"15500","Il23r","Rora"
"15501","Il23r","Rorc"
"15502","Il2rb","Hif1a"
"15503","Il2rb","Runx1"
"15504","Il2rb","Foxp3"
"15505","Il2rb","Il17a"
"15506","Il2rb","Rora"
"15507","Il2rb","Rorc"
"15508","Il1r1","Hif1a"
"15509","Il1r1","Stat3"
"15510","Il1r1","Il17a"
"15511","Il1r1","Irf4"
"15512","Il1r1","Rora"
"15513","Il1r1","Rorc"
"15514","Il1rap","Hif1a"
"15515","Il1rap","Jun"
"15516","Il1rap","Stat3"
"15517","Il1rap","Il17a"
"15518","Il1rap","Irf4"
"15519","Il1rap","Rora"
"15520","Il1rap","Rorc"
"15521","Il21r","Hif1a"
"15522","Il21r","Il17a"
"15523","Il21r","Rora"
"15524","Il21r","Rorc"
"15525","Lck","Hif1a"
"15526","Lck","Stat3"
"15527","Lck","Il17a"
"15528","Lck","Irf4"
"15529","Lck","Rora"
"15530","Lck","Rorc"
"15531","Il4ra","Hif1a"
"15532","Il4ra","Il17a"
"15533","Il4ra","Rora"
"15534","Il4ra","Rorc"
"15535","Rara","Hif1a"
"15536","Rara","Runx1"
"15537","Rara","Stat3"
"15538","Rara","Foxp3"
"15539","Rara","Il17a"
"15540","Rara","Rora"
"15541","Rara","Rorc"
"15542","Rxra","Hif1a"
"15543","Rxra","Runx1"
"15544","Rxra","Stat3"
"15545","Rxra","Foxp3"
"15546","Rxra","Il17a"
"15547","Rxra","Rora"
"15548","Rxra","Rorc"
"15549","Mapk14","Hif1a"
"15550","Mapk14","Stat3"
"15551","Mapk14","Il17a"
"15552","Mapk14","Irf4"
"15553","Mapk14","Rora"
"15554","Mapk14","Rorc"
"15555","Tgfbr1,Tgfbr2","Hif1a"
"15556","Tgfbr1,Tgfbr2","Runx1"
"15557","Tgfbr1,Tgfbr2","Stat3"
"15558","Tgfbr1,Tgfbr2","Foxp3"
"15559","Tgfbr1,Tgfbr2","Il17a"
"15560","Tgfbr1,Tgfbr2","Rora"
"15561","Tgfbr1,Tgfbr2","Rorc"
"15562","Acvr1b,Tgfbr2","Hif1a"
"15563","Acvr1b,Tgfbr2","Runx1"
"15564","Acvr1b,Tgfbr2","Stat3"
"15565","Acvr1b,Tgfbr2","Foxp3"
"15566","Acvr1b,Tgfbr2","Il17a"
"15567","Acvr1b,Tgfbr2","Rora"
"15568","Acvr1b,Tgfbr2","Rorc"
"15569","Acvr1c,Tgfbr2","Hif1a"
"15570","Acvr1c,Tgfbr2","Runx1"
"15571","Acvr1c,Tgfbr2","Stat3"
"15572","Acvr1c,Tgfbr2","Foxp3"
"15573","Acvr1c,Tgfbr2","Il17a"
"15574","Acvr1c,Tgfbr2","Rora"
"15575","Acvr1c,Tgfbr2","Rorc"
"15576","Acvr1,Tgfbr1,Tgfbr2","Hif1a"
"15577","Acvr1,Tgfbr1,Tgfbr2","Runx1"
"15578","Acvr1,Tgfbr1,Tgfbr2","Stat3"
"15579","Acvr1,Tgfbr1,Tgfbr2","Foxp3"
"15580","Acvr1,Tgfbr1,Tgfbr2","Il17a"
"15581","Acvr1,Tgfbr1,Tgfbr2","Rora"
"15582","Acvr1,Tgfbr1,Tgfbr2","Rorc"
"15583","Tgfbr1,Acvr2a","Hif1a"
"15584","Tgfbr1,Acvr2a","Runx1"
"15585","Tgfbr1,Acvr2a","Stat3"
"15586","Tgfbr1,Acvr2a","Foxp3"
"15587","Tgfbr1,Acvr2a","Il17a"
"15588","Tgfbr1,Acvr2a","Rora"
"15589","Tgfbr1,Acvr2a","Rorc"
"15590","Tgfbr1,Acvr2b","Hif1a"
"15591","Tgfbr1,Acvr2b","Runx1"
"15592","Tgfbr1,Acvr2b","Stat3"
"15593","Tgfbr1,Acvr2b","Foxp3"
"15594","Tgfbr1,Acvr2b","Il17a"
"15595","Tgfbr1,Acvr2b","Rora"
"15596","Tgfbr1,Acvr2b","Rorc"
"15597","Il2ra,Il2rb,Il2rg","Hif1a"
"15598","Il2ra,Il2rb,Il2rg","Runx1"
"15599","Il2ra,Il2rb,Il2rg","Foxp3"
"15600","Il2ra,Il2rb,Il2rg","Il17a"
"15601","Il2ra,Il2rb,Il2rg","Rora"
"15602","Il2ra,Il2rb,Il2rg","Rorc"
"15603","Il2rb,Il2rg","Hif1a"
"15604","Il2rb,Il2rg","Runx1"
"15605","Il2rb,Il2rg","Foxp3"
"15606","Il2rb,Il2rg","Il17a"
"15607","Il2rb,Il2rg","Rora"
"15608","Il2rb,Il2rg","Rorc"
"15609","Il4ra,Il2rg","Hif1a"
"15610","Il4ra,Il2rg","Runx1"
"15611","Il4ra,Il2rg","Foxp3"
"15612","Il4ra,Il2rg","Il17a"
"15613","Il4ra,Il2rg","Rora"
"15614","Il4ra,Il2rg","Rorc"
"15615","Il7r,Il2rg","Hif1a"
"15616","Il7r,Il2rg","Runx1"
"15617","Il7r,Il2rg","Foxp3"
"15618","Il7r,Il2rg","Il17a"
"15619","Il7r,Il2rg","Rora"
"15620","Il7r,Il2rg","Rorc"
"15621","Il9r,Il2rg","Hif1a"
"15622","Il9r,Il2rg","Runx1"
"15623","Il9r,Il2rg","Foxp3"
"15624","Il9r,Il2rg","Il17a"
"15625","Il9r,Il2rg","Rora"
"15626","Il9r,Il2rg","Rorc"
"15627","Il15ra,Il2rb,Il2rg","Hif1a"
"15628","Il15ra,Il2rb,Il2rg","Runx1"
"15629","Il15ra,Il2rb,Il2rg","Foxp3"
"15630","Il15ra,Il2rb,Il2rg","Il17a"
"15631","Il15ra,Il2rb,Il2rg","Rora"
"15632","Il15ra,Il2rb,Il2rg","Rorc"
"15633","Il21r,Il2rg","Hif1a"
"15634","Il21r,Il2rg","Runx1"
"15635","Il21r,Il2rg","Foxp3"
"15636","Il21r,Il2rg","Il17a"
"15637","Il21r,Il2rg","Rora"
"15638","Il21r,Il2rg","Rorc"
"15639","Il4ra,Il13ra1","Hif1a"
"15640","Il4ra,Il13ra1","Il17a"
"15641","Il4ra,Il13ra1","Rora"
"15642","Il4ra,Il13ra1","Rorc"
"15643","Il4ra,Il13ra2","Hif1a"
"15644","Il4ra,Il13ra2","Il17a"
"15645","Il4ra,Il13ra2","Rora"
"15646","Il4ra,Il13ra2","Rorc"
"15647","Il6ra,Il6st","Il17a"
"15648","Il6ra,Il6st","Rora"
"15649","Il6ra,Il6st","Rorc"
"15650","Il11ra1,Il6st","Hif1a"
"15651","Il11ra1,Il6st","Il17a"
"15652","Il11ra1,Il6st","Rora"
"15653","Il11ra1,Il6st","Rorc"
"15654","Il11ra2,Il6st","Hif1a"
"15655","Il11ra2,Il6st","Il17a"
"15656","Il11ra2,Il6st","Rora"
"15657","Il11ra2,Il6st","Rorc"
"15658","Il12rb1,Il12rb2","Hif1a"
"15659","Il12rb1,Il12rb2","Il17a"
"15660","Il12rb1,Il12rb2","Rora"
"15661","Il12rb1,Il12rb2","Rorc"
"15662","Il23r,Il12rb1","Hif1a"
"15663","Il23r,Il12rb1","Il17a"
"15664","Il23r,Il12rb1","Rora"
"15665","Il23r,Il12rb1","Rorc"
"15666","Il27ra,Il6st","Hif1a"
"15667","Il27ra,Il6st","Runx1"
"15668","Il27ra,Il6st","Foxp3"
"15669","Il27ra,Il6st","Il17a"
"15670","Il27ra,Il6st","Rora"
"15671","Il27ra,Il6st","Tbx21"
"15672","Il27ra,Il6st","Rorc"
"15673","Cntfr,Lifr,Il6st","Hif1a"
"15674","Cntfr,Lifr,Il6st","Il17a"
"15675","Cntfr,Lifr,Il6st","Rora"
"15676","Cntfr,Lifr,Il6st","Rorc"
"15677","Lifr,Il6st","Hif1a"
"15678","Lifr,Il6st","Il17a"
"15679","Lifr,Il6st","Rora"
"15680","Lifr,Il6st","Rorc"
"15681","Osmr,Il6st","Hif1a"
"15682","Osmr,Il6st","Il17a"
"15683","Osmr,Il6st","Rora"
"15684","Osmr,Il6st","Rorc"
"15685","Il1r1,Il1rap","Hif1a"
"15686","Il1r1,Il1rap","Stat3"
"15687","Il1r1,Il1rap","Il17a"
"15688","Il1r1,Il1rap","Irf4"
"15689","Il1r1,Il1rap","Rora"
"15690","Il1r1,Il1rap","Rorc"
"15691","Il1rl2,Il1rap","Hif1a"
"15692","Il1rl2,Il1rap","Jun"
"15693","Il1rl2,Il1rap","Stat3"
"15694","Il1rl2,Il1rap","Il17a"
"15695","Il1rl2,Il1rap","Irf4"
"15696","Il1rl2,Il1rap","Rora"
"15697","Il1rl2,Il1rap","Rorc"
"15698","Il1rl1,Il1rap","Hif1a"
"15699","Il1rl1,Il1rap","Jun"
"15700","Il1rl1,Il1rap","Stat3"
"15701","Il1rl1,Il1rap","Il17a"
"15702","Il1rl1,Il1rap","Irf4"
"15703","Il1rl1,Il1rap","Rora"
"15704","Il1rl1,Il1rap","Rorc"
"15705","Ifngr1,Ifngr2","Runx1"
"15706","Ifngr1,Ifngr2","Foxp3"
"15707","Ifngr1,Ifngr2","Il17a"
"15708","Ifngr1,Ifngr2","Rora"
"15709","Ifngr1,Ifngr2","Rorc"
"15710","Ahr","Hif1a"
"15711","Ahr","Stat3"
"15712","Ahr","Il17a"
"15713","Ahr","Rora"
"15714","Ahr","Rorc"
"15715","Rxrg","Hif1a"
"15716","Rxrg","Runx1"
"15717","Rxrg","Stat3"
"15718","Rxrg","Foxp3"
"15719","Rxrg","Il17a"
"15720","Rxrg","Rora"
"15721","Rxrg","Rorc"
"15722","Cd247","Nfatc3"
"15723","Cd247","Il10"
"15724","Cd247","Map3k7"
"15725","Cd4","Nfatc1"
"15726","Cd4","Nfatc2"
"15727","Cd4","Nfatc3"
"15728","Cd4","Sos1"
"15729","Cd4","Sos2"
"15730","Cd4","Tnf"
"15731","Cd4","Csf2"
"15732","Cd4","Il10"
"15733","Cd4","Map3k7"
"15734","Cd4","Raf1"
"15735","Cd28","Akt1"
"15736","Cd28","Fos"
"15737","Cd28","Ifng"
"15738","Cd28","Jun"
"15739","Cd28","Mapk1"
"15740","Cd28","Mapk3"
"15741","Cd28","Nfatc1"
"15742","Cd28","Nfatc2"
"15743","Cd28","Nfatc3"
"15744","Cd28","Nfkb1"
"15745","Cd28","Rela"
"15746","Cd28","Sos1"
"15747","Cd28","Sos2"
"15748","Cd28","Tnf"
"15749","Cd28","Csf2"
"15750","Cd28","Ikbkb"
"15751","Cd28","Il10"
"15752","Cd28","Il4"
"15753","Cd28","Map3k7"
"15754","Cd28","Nfkbia"
"15755","Cd28","Raf1"
"15756","Cd28","Ikbkg"
"15757","Cd28","Nfkbib"
"15758","Fyn","Il10"
"15759","Fyn","Il4"
"15760","Fyn","Ikbkg"
"15761","Fyn","Nfkbib"
"15762","Chuk","Csf2"
"15763","Gsk3b","Ifng"
"15764","Gsk3b","Nfatc1"
"15765","Gsk3b","Nfatc2"
"15766","Gsk3b","Nfatc3"
"15767","Gsk3b","Tnf"
"15768","Gsk3b","Csf2"
"15769","Gsk3b","Il10"
"15770","Gsk3b","Il4"
"15771","Ikbkb","Csf2"
"15772","Pik3r1","Nfatc3"
"15773","Pik3r1","Il10"
"15774","Pik3r1","Il4"
"15775","Ptprc","Fos"
"15776","Ptprc","Ifng"
"15777","Ptprc","Jun"
"15778","Ptprc","Mapk1"
"15779","Ptprc","Mapk11"
"15780","Ptprc","Mapk12"
"15781","Ptprc","Mapk13"
"15782","Ptprc","Mapk14"
"15783","Ptprc","Mapk3"
"15784","Ptprc","Nfatc1"
"15785","Ptprc","Nfatc2"
"15786","Ptprc","Nfatc3"
"15787","Ptprc","Nfkb1"
"15788","Ptprc","Rela"
"15789","Ptprc","Sos1"
"15790","Ptprc","Sos2"
"15791","Ptprc","Tnf"
"15792","Ptprc","Csf2"
"15793","Ptprc","Ikbkb"
"15794","Ptprc","Il10"
"15795","Ptprc","Il4"
"15796","Ptprc","Map3k7"
"15797","Ptprc","Nfkbia"
"15798","Ptprc","Raf1"
"15799","Ptprc","Ikbkg"
"15800","Ptprc","Nfkbib"
"15801","Pik3r2","Nfatc3"
"15802","Pik3r2","Il10"
"15803","Pik3r2","Il4"
"15804","Itk","Fos"
"15805","Itk","Ifng"
"15806","Itk","Jun"
"15807","Itk","Nfkb1"
"15808","Itk","Rela"
"15809","Itk","Sos1"
"15810","Itk","Sos2"
"15811","Itk","Tnf"
"15812","Itk","Csf2"
"15813","Itk","Ikbkb"
"15814","Itk","Il10"
"15815","Itk","Il4"
"15816","Itk","Map3k7"
"15817","Itk","Nfkbia"
"15818","Itk","Raf1"
"15819","Itk","Ikbkg"
"15820","Itk","Nfkbib"
"15821","Lck","Nfatc3"
"15822","Lck","Il10"
"15823","Mapk14","Nfatc2"
"15824","Mapk14","Nfatc3"
"15825","Mapk14","Csf2"
"15826","Mapk14","Il10"
"15827","Mapk14","Ikbkg"
"15828","Mapk14","Nfkbib"
"15829","Pik3r3","Nfatc3"
"15830","Pik3r3","Il10"
"15831","Pik3r3","Il4"
"15832","Raf1","Il4"
"15833","Pdcd1","Fos"
"15834","Pdcd1","Ifng"
"15835","Pdcd1","Jun"
"15836","Pdcd1","Mapk1"
"15837","Pdcd1","Mapk11"
"15838","Pdcd1","Mapk12"
"15839","Pdcd1","Mapk13"
"15840","Pdcd1","Mapk14"
"15841","Pdcd1","Mapk3"
"15842","Pdcd1","Nfatc1"
"15843","Pdcd1","Nfatc2"
"15844","Pdcd1","Nfatc3"
"15845","Pdcd1","Nfkb1"
"15846","Pdcd1","Rela"
"15847","Pdcd1","Sos1"
"15848","Pdcd1","Sos2"
"15849","Pdcd1","Tnf"
"15850","Pdcd1","Csf2"
"15851","Pdcd1","Ikbkb"
"15852","Pdcd1","Il10"
"15853","Pdcd1","Il4"
"15854","Pdcd1","Map3k7"
"15855","Pdcd1","Nfkbia"
"15856","Pdcd1","Raf1"
"15857","Pdcd1","Ikbkg"
"15858","Pdcd1","Nfkbib"
"15859","Ctla4","Fos"
"15860","Ctla4","Ifng"
"15861","Ctla4","Jun"
"15862","Ctla4","Mapk1"
"15863","Ctla4","Mapk11"
"15864","Ctla4","Mapk12"
"15865","Ctla4","Mapk13"
"15866","Ctla4","Mapk14"
"15867","Ctla4","Mapk3"
"15868","Ctla4","Nfatc1"
"15869","Ctla4","Nfatc2"
"15870","Ctla4","Nfatc3"
"15871","Ctla4","Nfkb1"
"15872","Ctla4","Rela"
"15873","Ctla4","Sos1"
"15874","Ctla4","Sos2"
"15875","Ctla4","Tnf"
"15876","Ctla4","Csf2"
"15877","Ctla4","Ikbkb"
"15878","Ctla4","Il10"
"15879","Ctla4","Il4"
"15880","Ctla4","Map3k7"
"15881","Ctla4","Nfkbia"
"15882","Ctla4","Raf1"
"15883","Ctla4","Ikbkg"
"15884","Ctla4","Nfkbib"
"15885","Icos","Akt1"
"15886","Icos","Ifng"
"15887","Icos","Nfatc1"
"15888","Icos","Nfatc2"
"15889","Icos","Nfatc3"
"15890","Icos","Nfkb1"
"15891","Icos","Rela"
"15892","Icos","Tnf"
"15893","Icos","Csf2"
"15894","Icos","Ikbkb"
"15895","Icos","Il10"
"15896","Icos","Il4"
"15897","Icos","Nfkbia"
"15898","Icos","Ikbkg"
"15899","Icos","Nfkbib"
"15900","Cd8a,Cd8b1","Fos"
"15901","Cd8a,Cd8b1","Ifng"
"15902","Cd8a,Cd8b1","Jun"
"15903","Cd8a,Cd8b1","Mapk1"
"15904","Cd8a,Cd8b1","Mapk11"
"15905","Cd8a,Cd8b1","Mapk12"
"15906","Cd8a,Cd8b1","Mapk13"
"15907","Cd8a,Cd8b1","Mapk14"
"15908","Cd8a,Cd8b1","Mapk3"
"15909","Cd8a,Cd8b1","Nfatc1"
"15910","Cd8a,Cd8b1","Nfatc2"
"15911","Cd8a,Cd8b1","Nfatc3"
"15912","Cd8a,Cd8b1","Nfkb1"
"15913","Cd8a,Cd8b1","Rela"
"15914","Cd8a,Cd8b1","Sos1"
"15915","Cd8a,Cd8b1","Sos2"
"15916","Cd8a,Cd8b1","Tnf"
"15917","Cd8a,Cd8b1","Csf2"
"15918","Cd8a,Cd8b1","Ikbkb"
"15919","Cd8a,Cd8b1","Il10"
"15920","Cd8a,Cd8b1","Il4"
"15921","Cd8a,Cd8b1","Map3k7"
"15922","Cd8a,Cd8b1","Nfkbia"
"15923","Cd8a,Cd8b1","Raf1"
"15924","Cd8a,Cd8b1","Ikbkg"
"15925","Cd8a,Cd8b1","Nfkbib"
"15926","Cd8a","Fos"
"15927","Cd8a","Ifng"
"15928","Cd8a","Jun"
"15929","Cd8a","Mapk1"
"15930","Cd8a","Mapk11"
"15931","Cd8a","Mapk12"
"15932","Cd8a","Mapk13"
"15933","Cd8a","Mapk14"
"15934","Cd8a","Mapk3"
"15935","Cd8a","Nfatc1"
"15936","Cd8a","Nfatc2"
"15937","Cd8a","Nfatc3"
"15938","Cd8a","Nfkb1"
"15939","Cd8a","Rela"
"15940","Cd8a","Sos1"
"15941","Cd8a","Sos2"
"15942","Cd8a","Tnf"
"15943","Cd8a","Csf2"
"15944","Cd8a","Ikbkb"
"15945","Cd8a","Il10"
"15946","Cd8a","Il4"
"15947","Cd8a","Map3k7"
"15948","Cd8a","Nfkbia"
"15949","Cd8a","Raf1"
"15950","Cd8a","Ikbkg"
"15951","Cd8a","Nfkbib"
"15952","Cd8b1","Fos"
"15953","Cd8b1","Ifng"
"15954","Cd8b1","Jun"
"15955","Cd8b1","Mapk1"
"15956","Cd8b1","Mapk11"
"15957","Cd8b1","Mapk12"
"15958","Cd8b1","Mapk13"
"15959","Cd8b1","Mapk14"
"15960","Cd8b1","Mapk3"
"15961","Cd8b1","Nfatc1"
"15962","Cd8b1","Nfatc2"
"15963","Cd8b1","Nfatc3"
"15964","Cd8b1","Nfkb1"
"15965","Cd8b1","Rela"
"15966","Cd8b1","Sos1"
"15967","Cd8b1","Sos2"
"15968","Cd8b1","Tnf"
"15969","Cd8b1","Csf2"
"15970","Cd8b1","Ikbkb"
"15971","Cd8b1","Il10"
"15972","Cd8b1","Il4"
"15973","Cd8b1","Map3k7"
"15974","Cd8b1","Nfkbia"
"15975","Cd8b1","Raf1"
"15976","Cd8b1","Ikbkg"
"15977","Cd8b1","Nfkbib"
"15978","Cd19","Fos"
"15979","Cd19","Jun"
"15980","Cd19","Sos1"
"15981","Cd19","Sos2"
"15982","Cd19","Nfkbia"
"15983","Cd19","Nfkbib"
"15984","Cd72","Akt1"
"15985","Cd72","Fos"
"15986","Cd72","Jun"
"15987","Cd72","Mapk1"
"15988","Cd72","Mapk3"
"15989","Cd72","Nfkb1"
"15990","Cd72","Rela"
"15991","Cd72","Sos1"
"15992","Cd72","Sos2"
"15993","Cd72","Ikbkb"
"15994","Cd72","Nfkbia"
"15995","Cd72","Raf1"
"15996","Cd72","Ikbkg"
"15997","Cd72","Nfkbib"
"15998","Btk","Mapk1"
"15999","Btk","Mapk3"
"16000","Btk","Sos1"
"16001","Btk","Sos2"
"16002","Btk","Raf1"
"16003","Btk","Nfkbib"
"16004","Lyn","Fos"
"16005","Lyn","Jun"
"16006","Prkcb","Nfkbia"
"16007","Prkcb","Nfkbib"
"16008","Pirb","Mapk1"
"16009","Pirb","Mapk3"
"16010","Pirb","Sos1"
"16011","Pirb","Sos2"
"16012","Pirb","Raf1"
"16013","Pirb","Ikbkg"
"16014","Pirb","Nfkbib"
"16015","Pira2","Mapk1"
"16016","Pira2","Mapk3"
"16017","Pira2","Sos1"
"16018","Pira2","Sos2"
"16019","Pira2","Raf1"
"16020","Pira2","Ikbkg"
"16021","Pira2","Nfkbib"
"16022","Cd22","Akt1"
"16023","Cd22","Fos"
"16024","Cd22","Jun"
"16025","Cd22","Mapk1"
"16026","Cd22","Mapk3"
"16027","Cd22","Nfkb1"
"16028","Cd22","Rela"
"16029","Cd22","Sos1"
"16030","Cd22","Sos2"
"16031","Cd22","Ikbkb"
"16032","Cd22","Nfkbia"
"16033","Cd22","Raf1"
"16034","Cd22","Ikbkg"
"16035","Cd22","Nfkbib"
"16036","Lyn","Mapk10"
"16037","Lyn","Mapk8"
"16038","Lyn","Mapk9"
"16039","Ptprc","Akt1"
"16040","Fcgr1","Mapk1"
"16041","Fcgr1","Mapk3"
"16042","Fcgr1","Raf1"
"16043","Traf2","Atf6b"
"16044","Traf2","Cebpb"
"16045","Traf2","Creb3"
"16046","Traf2","Creb3l1"
"16047","Traf2","Creb3l2"
"16048","Traf2","Creb3l3"
"16049","Traf2","Creb3l4"
"16050","Traf2","Creb5"
"16051","Tnfrsf1b","Akt1"
"16052","Tnfrsf1b","Atf2"
"16053","Tnfrsf1b","Atf4"
"16054","Tnfrsf1b","Atf6b"
"16055","Tnfrsf1b","Cebpb"
"16056","Tnfrsf1b","Creb1"
"16057","Tnfrsf1b","Creb3"
"16058","Tnfrsf1b","Creb3l1"
"16059","Tnfrsf1b","Creb3l2"
"16060","Tnfrsf1b","Creb3l3"
"16061","Tnfrsf1b","Creb3l4"
"16062","Tnfrsf1b","Creb5"
"16063","Tnfrsf1b","Fos"
"16064","Tnfrsf1b","Irf1"
"16065","Tnfrsf1b","Jun"
"16066","Tnfrsf1b","Mapk10"
"16067","Tnfrsf1b","Mapk11"
"16068","Tnfrsf1b","Mapk12"
"16069","Tnfrsf1b","Mapk13"
"16070","Tnfrsf1b","Mapk14"
"16071","Tnfrsf1b","Mapk8"
"16072","Tnfrsf1b","Mapk9"
"16073","Tnfrsf1b","Nfkb1"
"16074","Tnfrsf1b","Rela"
"16075","Tnfrsf1b","Ikbkb"
"16076","Tnfrsf1b","Map3k7"
"16077","Tnfrsf1b","Nfkbia"
"16078","Tnfrsf1b","Rps6ka5"
"16079","Tnfrsf1b","Ikbkg"
"16080","Mapk14","Atf6b"
"16081","Mapk14","Cebpb"
"16082","Mapk14","Creb3"
"16083","Mapk14","Creb3l1"
"16084","Mapk14","Creb3l2"
"16085","Mapk14","Creb3l3"
"16086","Mapk14","Creb3l4"
"16087","Mapk14","Creb5"
"16088","Itgb1","Mmp9"
"16089","Itga4","Mapk11"
"16090","Itga4","Mapk12"
"16091","Itga4","Mapk13"
"16092","Itga4","Mapk14"
"16093","Itga4","Mmp9"
"16094","Itgam","Ctnnb1"
"16095","Itgb2","Ctnnb1"
"16096","Itgb2","Mapk11"
"16097","Itgb2","Mapk12"
"16098","Itgb2","Mapk13"
"16099","Itgb2","Mapk14"
"16100","Itgb2","Mmp9"
"16101","Cxcr4","Ctnnb1"
"16102","Cxcr4","Mapk11"
"16103","Cxcr4","Mapk12"
"16104","Cxcr4","Mapk13"
"16105","Cxcr4","Mapk14"
"16106","Cxcr4","Rapgef3"
"16107","Cxcr4","Mmp9"
"16108","F11r","Ctnnb1"
"16109","F11r","Mapk11"
"16110","F11r","Mapk12"
"16111","F11r","Mapk13"
"16112","F11r","Mapk14"
"16113","F11r","Mmp9"
"16114","Pecam1","Ctnnb1"
"16115","Cdh5","Ctnnb1"
"16116","Itgal","Ctnnb1"
"16117","Itgal","Mapk11"
"16118","Itgal","Mapk12"
"16119","Itgal","Mapk13"
"16120","Itgal","Mapk14"
"16121","Itgal","Mmp9"
"16122","Itk","Ctnnb1"
"16123","Itk","Mapk11"
"16124","Itk","Mapk12"
"16125","Itk","Mapk13"
"16126","Itk","Mapk14"
"16127","Itk","Mmp9"
"16128","Cd74,Cxcr4","Ctnnb1"
"16129","Cd74,Cxcr4","Mapk11"
"16130","Cd74,Cxcr4","Mapk12"
"16131","Cd74,Cxcr4","Mapk13"
"16132","Cd74,Cxcr4","Mapk14"
"16133","Cd74,Cxcr4","Rapgef3"
"16134","Cd74,Cxcr4","Mmp9"
"16135","Itga5,Itgb1","Mmp9"
"16136","Itgam,Itgb2","Ctnnb1"
"16137","Itgam,Itgb2","Mapk11"
"16138","Itgam,Itgb2","Mapk12"
"16139","Itgam,Itgb2","Mapk13"
"16140","Itgam,Itgb2","Mapk14"
"16141","Itgam,Itgb2","Mmp9"
"16142","Itgav,Itgb1","Mmp9"
"16143","Itga4,Itgb1","Mmp9"
"16144","Itga9,Itgb1","Mmp9"
"16145","Itga8,Itgb1","Mmp9"
"16146","Itga1,Itgb1","Mmp9"
"16147","Itga6,Itgb1","Mmp9"
"16148","Itgax,Itgb2","Ctnnb1"
"16149","Itgax,Itgb2","Mapk11"
"16150","Itgax,Itgb2","Mapk12"
"16151","Itgax,Itgb2","Mapk13"
"16152","Itgax,Itgb2","Mapk14"
"16153","Itgax,Itgb2","Mmp9"
"16154","Itga2,Itgb1","Mmp9"
"16155","Itga3,Itgb1","Mmp9"
"16156","Itga7,Itgb1","Mmp9"
"16157","Itga10,Itgb1","Mmp9"
"16158","Itga11,Itgb1","Mmp9"
"16159","Itga4,Itgb7","Mapk11"
"16160","Itga4,Itgb7","Mapk12"
"16161","Itga4,Itgb7","Mapk13"
"16162","Itga4,Itgb7","Mapk14"
"16163","Itga4,Itgb7","Mmp9"
"16164","Itgal,Itgb2","Ctnnb1"
"16165","Itgal,Itgb2","Mapk11"
"16166","Itgal,Itgb2","Mapk12"
"16167","Itgal,Itgb2","Mapk13"
"16168","Itgal,Itgb2","Mapk14"
"16169","Itgal,Itgb2","Mmp9"
"16170","Itgal,Itgb2l","Ctnnb1"
"16171","Itgal,Itgb2l","Mapk11"
"16172","Itgal,Itgb2l","Mapk12"
"16173","Itgal,Itgb2l","Mapk13"
"16174","Itgal,Itgb2l","Mapk14"
"16175","Itgal,Itgb2l","Mmp9"
"16176","Itgam,Itgb2l","Ctnnb1"
"16177","Itgam,Itgb2l","Mapk11"
"16178","Itgam,Itgb2l","Mapk12"
"16179","Itgam,Itgb2l","Mapk13"
"16180","Itgam,Itgb2l","Mapk14"
"16181","Itgam,Itgb2l","Mmp9"
"16182","Icam1","Ctnnb1"
"16183","Icam1","Mapk11"
"16184","Icam1","Mapk12"
"16185","Icam1","Mapk13"
"16186","Icam1","Mapk14"
"16187","Icam1","Mmp9"
"16188","Jam3","Ctnnb1"
"16189","Jam2","Ctnnb1"
"16190","Jam2","Mapk11"
"16191","Jam2","Mapk12"
"16192","Jam2","Mapk13"
"16193","Jam2","Mapk14"
"16194","Jam2","Mmp9"
"16195","Itgb1,Itga1","Mmp9"
"16196","Vcam1","Ctnnb1"
"16197","Vcam1","Mapk11"
"16198","Vcam1","Mapk12"
"16199","Vcam1","Mapk13"
"16200","Vcam1","Mapk14"
"16201","Vcam1","Mmp9"
"16202","Thy1","Ctnnb1"
"16203","Mtnr1a","Creb1"
"16204","Mtnr1a","Fos"
"16205","Mtnr1a","Mapk1"
"16206","Mtnr1a","Mapk3"
"16207","Mtnr1a","Per1"
"16208","Mtnr1a","Per2"
"16209","Mtnr1a","Rps6ka5"
"16210","Mtnr1a","Per3"
"16211","Mtnr1b","Creb1"
"16212","Mtnr1b","Fos"
"16213","Mtnr1b","Mapk1"
"16214","Mtnr1b","Mapk3"
"16215","Mtnr1b","Per1"
"16216","Mtnr1b","Per2"
"16217","Mtnr1b","Rps6ka5"
"16218","Mtnr1b","Per3"
"16219","Adcyap1r1","Per1"
"16220","Adcyap1r1","Per2"
"16221","Adcyap1r1","Rps6ka5"
"16222","Adcyap1r1","Per3"
"16223","Adcy8","Per1"
"16224","Adcy8","Per2"
"16225","Adcy8","Rps6ka5"
"16226","Adcy8","Per3"
"16227","Cacna1c","Creb1"
"16228","Cacna1c","Per1"
"16229","Cacna1c","Per2"
"16230","Cacna1c","Rps6ka5"
"16231","Cacna1c","Per3"
"16232","Adcy1","Per1"
"16233","Adcy1","Per2"
"16234","Adcy1","Rps6ka5"
"16235","Adcy1","Per3"
"16236","Adcy7","Per1"
"16237","Adcy7","Per2"
"16238","Adcy7","Rps6ka5"
"16239","Adcy7","Per3"
"16240","Adcy9","Per1"
"16241","Adcy9","Per2"
"16242","Adcy9","Rps6ka5"
"16243","Adcy9","Per3"
"16244","Grin2d","Creb1"
"16245","Grin2d","Fos"
"16246","Grin2d","Mapk1"
"16247","Grin2d","Mapk3"
"16248","Grin2d","Per1"
"16249","Grin2d","Per2"
"16250","Grin2d","Rps6ka5"
"16251","Grin2d","Per3"
"16252","Grin2c","Creb1"
"16253","Grin2c","Fos"
"16254","Grin2c","Mapk1"
"16255","Grin2c","Mapk3"
"16256","Grin2c","Per1"
"16257","Grin2c","Per2"
"16258","Grin2c","Rps6ka5"
"16259","Grin2c","Per3"
"16260","Adcy5","Per1"
"16261","Adcy5","Per2"
"16262","Adcy5","Rps6ka5"
"16263","Adcy5","Per3"
"16264","Ryr1","Creb1"
"16265","Ryr1","Fos"
"16266","Ryr1","Mapk1"
"16267","Ryr1","Mapk3"
"16268","Ryr1","Per1"
"16269","Ryr1","Per2"
"16270","Ryr1","Rps6ka5"
"16271","Ryr1","Per3"
"16272","Ryr2","Creb1"
"16273","Ryr2","Fos"
"16274","Ryr2","Mapk1"
"16275","Ryr2","Mapk3"
"16276","Ryr2","Per1"
"16277","Ryr2","Per2"
"16278","Ryr2","Rps6ka5"
"16279","Ryr2","Per3"
"16280","Itpr3","Creb1"
"16281","Itpr3","Fos"
"16282","Itpr3","Per1"
"16283","Itpr3","Per2"
"16284","Itpr3","Rps6ka5"
"16285","Itpr3","Per3"
"16286","Grin2b","Creb1"
"16287","Grin2b","Fos"
"16288","Grin2b","Mapk1"
"16289","Grin2b","Mapk3"
"16290","Grin2b","Per1"
"16291","Grin2b","Per2"
"16292","Grin2b","Rps6ka5"
"16293","Grin2b","Per3"
"16294","Grin2a","Creb1"
"16295","Grin2a","Fos"
"16296","Grin2a","Mapk1"
"16297","Grin2a","Mapk3"
"16298","Grin2a","Per1"
"16299","Grin2a","Per2"
"16300","Grin2a","Rps6ka5"
"16301","Grin2a","Per3"
"16302","Adcy8","Atf2"
"16303","Adcy8","Pparg"
"16304","Adcy8","Ppargc1a"
"16305","Adcy8","Prdm16"
"16306","Adcy8","Smarca2"
"16307","Adcy8","Smarca4"
"16308","Adcy8","Smarcc1"
"16309","Adcy8","Smarcd1"
"16310","Adcy8","Smarce1"
"16311","Adcy8","Arid1a"
"16312","Adcy8","Smarcb1"
"16313","Adcy8","Smarcc2"
"16314","Adcy8","Smarcd2"
"16315","Adcy8","Smarcd3"
"16316","Klb","Sos1"
"16317","Klb","Sos2"
"16318","Adcy1","Atf2"
"16319","Adcy1","Pparg"
"16320","Adcy1","Ppargc1a"
"16321","Adcy1","Prdm16"
"16322","Adcy1","Smarca2"
"16323","Adcy1","Smarca4"
"16324","Adcy1","Smarcc1"
"16325","Adcy1","Smarcd1"
"16326","Adcy1","Smarce1"
"16327","Adcy1","Arid1a"
"16328","Adcy1","Smarcb1"
"16329","Adcy1","Smarcc2"
"16330","Adcy1","Smarcd2"
"16331","Adcy1","Smarcd3"
"16332","Adcy7","Atf2"
"16333","Adcy7","Pparg"
"16334","Adcy7","Ppargc1a"
"16335","Adcy7","Prdm16"
"16336","Adcy7","Smarca2"
"16337","Adcy7","Smarca4"
"16338","Adcy7","Smarcc1"
"16339","Adcy7","Smarcd1"
"16340","Adcy7","Smarce1"
"16341","Adcy7","Arid1a"
"16342","Adcy7","Smarcb1"
"16343","Adcy7","Smarcc2"
"16344","Adcy7","Smarcd2"
"16345","Adcy7","Smarcd3"
"16346","Adcy9","Atf2"
"16347","Adcy9","Pparg"
"16348","Adcy9","Ppargc1a"
"16349","Adcy9","Prdm16"
"16350","Adcy9","Smarca2"
"16351","Adcy9","Smarca4"
"16352","Adcy9","Smarcc1"
"16353","Adcy9","Smarcd1"
"16354","Adcy9","Smarce1"
"16355","Adcy9","Arid1a"
"16356","Adcy9","Smarcb1"
"16357","Adcy9","Smarcc2"
"16358","Adcy9","Smarcd2"
"16359","Adcy9","Smarcd3"
"16360","Cnr1","Atf2"
"16361","Cnr1","Creb1"
"16362","Cnr1","Creb3"
"16363","Cnr1","Creb3l1"
"16364","Cnr1","Creb3l2"
"16365","Cnr1","Creb3l3"
"16366","Cnr1","Creb3l4"
"16367","Cnr1","Creb5"
"16368","Cnr1","Mapk11"
"16369","Cnr1","Mapk12"
"16370","Cnr1","Mapk13"
"16371","Cnr1","Mapk14"
"16372","Cnr1","Pparg"
"16373","Cnr1","Sos1"
"16374","Cnr1","Sos2"
"16375","Cnr1","Ppargc1a"
"16376","Cnr1","Prdm16"
"16377","Cnr1","Smarca2"
"16378","Cnr1","Smarca4"
"16379","Cnr1","Smarcc1"
"16380","Cnr1","Smarcd1"
"16381","Cnr1","Smarce1"
"16382","Cnr1","Arid1a"
"16383","Cnr1","Smarcb1"
"16384","Cnr1","Smarcc2"
"16385","Cnr1","Smarcd2"
"16386","Cnr1","Smarcd3"
"16387","Adrb3","Mapk11"
"16388","Adrb3","Mapk12"
"16389","Adrb3","Mapk13"
"16390","Adrb3","Mapk14"
"16391","Adrb3","Pparg"
"16392","Adrb3","Sos1"
"16393","Adrb3","Sos2"
"16394","Adrb3","Ppargc1a"
"16395","Adrb3","Prdm16"
"16396","Adrb3","Smarca2"
"16397","Adrb3","Smarca4"
"16398","Adrb3","Smarcc1"
"16399","Adrb3","Smarcd1"
"16400","Adrb3","Smarce1"
"16401","Adrb3","Arid1a"
"16402","Adrb3","Smarcb1"
"16403","Adrb3","Smarcc2"
"16404","Adrb3","Smarcd2"
"16405","Adrb3","Smarcd3"
"16406","Npr1","Mapk11"
"16407","Npr1","Mapk12"
"16408","Npr1","Mapk13"
"16409","Npr1","Mapk14"
"16410","Npr1","Sos1"
"16411","Npr1","Sos2"
"16412","Npr1","Ppargc1a"
"16413","Npr1","Prdm16"
"16414","Smarca4","Pparg"
"16415","Kdm1a","Prdm16"
"16416","Mapk14","Ppargc1a"
"16417","Mapk14","Prdm16"
"16418","Pparg","Smarca2"
"16419","Pparg","Smarca4"
"16420","Pparg","Smarcc1"
"16421","Pparg","Smarcd1"
"16422","Pparg","Smarce1"
"16423","Pparg","Arid1a"
"16424","Pparg","Smarcb1"
"16425","Pparg","Smarcc2"
"16426","Pparg","Smarcd2"
"16427","Pparg","Smarcd3"
"16428","Adcy5","Atf2"
"16429","Adcy5","Pparg"
"16430","Adcy5","Ppargc1a"
"16431","Adcy5","Prdm16"
"16432","Adcy5","Smarca2"
"16433","Adcy5","Smarca4"
"16434","Adcy5","Smarcc1"
"16435","Adcy5","Smarcd1"
"16436","Adcy5","Smarce1"
"16437","Adcy5","Arid1a"
"16438","Adcy5","Smarcb1"
"16439","Adcy5","Smarcc2"
"16440","Adcy5","Smarcd2"
"16441","Adcy5","Smarcd3"
"16442","Adcy8","Atf4"
"16443","Grm5","Atf4"
"16444","Grm5","Crebbp"
"16445","Grm5","Ep300"
"16446","Grm5","Grin1"
"16447","Grm1","Atf4"
"16448","Grm1","Crebbp"
"16449","Grm1","Ep300"
"16450","Grm1","Grin1"
"16451","Adcy1","Atf4"
"16452","Grin2d","Atf4"
"16453","Grin2d","Crebbp"
"16454","Grin2d","Ep300"
"16455","Grin2d","Rapgef3"
"16456","Grin2d","Raf1"
"16457","Grin2c","Atf4"
"16458","Grin2c","Crebbp"
"16459","Grin2c","Ep300"
"16460","Grin2c","Rapgef3"
"16461","Grin2c","Raf1"
"16462","Ep300","Atf4"
"16463","Crebbp","Atf4"
"16464","Plcb2","Crebbp"
"16465","Plcb2","Ep300"
"16466","Plcb2","Grin1"
"16467","Prkca","Rapgef3"
"16468","Prkca","Grin1"
"16469","Prkcb","Rapgef3"
"16470","Prkcb","Grin1"
"16471","Prkcg","Rapgef3"
"16472","Prkcg","Grin1"
"16473","Grin2b","Atf4"
"16474","Grin2b","Crebbp"
"16475","Grin2b","Ep300"
"16476","Grin2b","Rapgef3"
"16477","Grin2b","Raf1"
"16478","Grin2a","Atf4"
"16479","Grin2a","Crebbp"
"16480","Grin2a","Ep300"
"16481","Grin2a","Rapgef3"
"16482","Grin2a","Raf1"
"16483","Ngfr","Nfkbia"
"16484","Ngfr","Rps6ka5"
"16485","Ngfr","Nfkbib"
"16486","Ngfr","Prdm4"
"16487","Ngfr","Zfp110"
"16488","Ntrk2","Mapk11"
"16489","Ntrk2","Mapk12"
"16490","Ntrk2","Mapk13"
"16491","Ntrk2","Mapk14"
"16492","Ntrk2","Nfkbia"
"16493","Ntrk2","Rps6ka5"
"16494","Ntrk2","Nfkbib"
"16495","Ntrk2","Prdm4"
"16496","Ntrk2","Zfp110"
"16497","Sort1","Akt1"
"16498","Sort1","Atf4"
"16499","Sort1","Foxo3"
"16500","Sort1","Jun"
"16501","Sort1","Mapk1"
"16502","Sort1","Mapk10"
"16503","Sort1","Mapk11"
"16504","Sort1","Mapk12"
"16505","Sort1","Mapk13"
"16506","Sort1","Mapk14"
"16507","Sort1","Mapk3"
"16508","Sort1","Mapk8"
"16509","Sort1","Mapk9"
"16510","Sort1","Nfkb1"
"16511","Sort1","Rela"
"16512","Sort1","Sos1"
"16513","Sort1","Sos2"
"16514","Sort1","Trp53"
"16515","Sort1","Abl1"
"16516","Sort1","Ikbkb"
"16517","Sort1","Nfkbia"
"16518","Sort1","Raf1"
"16519","Sort1","Rps6ka5"
"16520","Sort1","Nfkbib"
"16521","Sort1","Zfp110"
"16522","Ntrk1","Mapk11"
"16523","Ntrk1","Mapk12"
"16524","Ntrk1","Mapk13"
"16525","Ntrk1","Mapk14"
"16526","Ntrk1","Rps6ka5"
"16527","Ntrk1","Nfkbib"
"16528","Ntrk1","Prdm4"
"16529","Ntrk1","Zfp110"
"16530","Kidins220","Akt1"
"16531","Kidins220","Atf4"
"16532","Kidins220","Foxo3"
"16533","Kidins220","Jun"
"16534","Kidins220","Mapk1"
"16535","Kidins220","Mapk10"
"16536","Kidins220","Mapk11"
"16537","Kidins220","Mapk12"
"16538","Kidins220","Mapk13"
"16539","Kidins220","Mapk14"
"16540","Kidins220","Mapk3"
"16541","Kidins220","Mapk8"
"16542","Kidins220","Mapk9"
"16543","Kidins220","Nfkb1"
"16544","Kidins220","Rela"
"16545","Kidins220","Sos1"
"16546","Kidins220","Sos2"
"16547","Kidins220","Trp53"
"16548","Kidins220","Abl1"
"16549","Kidins220","Ikbkb"
"16550","Kidins220","Nfkbia"
"16551","Kidins220","Raf1"
"16552","Kidins220","Rps6ka5"
"16553","Kidins220","Nfkbib"
"16554","Kidins220","Prdm4"
"16555","Kidins220","Zfp110"
"16556","Maged1","Akt1"
"16557","Maged1","Atf4"
"16558","Maged1","Foxo3"
"16559","Maged1","Jun"
"16560","Maged1","Mapk1"
"16561","Maged1","Mapk10"
"16562","Maged1","Mapk11"
"16563","Maged1","Mapk12"
"16564","Maged1","Mapk13"
"16565","Maged1","Mapk14"
"16566","Maged1","Mapk3"
"16567","Maged1","Mapk8"
"16568","Maged1","Mapk9"
"16569","Maged1","Nfkb1"
"16570","Maged1","Rela"
"16571","Maged1","Sos1"
"16572","Maged1","Sos2"
"16573","Maged1","Trp53"
"16574","Maged1","Abl1"
"16575","Maged1","Ikbkb"
"16576","Maged1","Nfkbia"
"16577","Maged1","Raf1"
"16578","Maged1","Rps6ka5"
"16579","Maged1","Nfkbib"
"16580","Maged1","Zfp110"
"16581","Ntrk3","Akt1"
"16582","Ntrk3","Atf4"
"16583","Ntrk3","Foxo3"
"16584","Ntrk3","Jun"
"16585","Ntrk3","Mapk1"
"16586","Ntrk3","Mapk10"
"16587","Ntrk3","Mapk11"
"16588","Ntrk3","Mapk12"
"16589","Ntrk3","Mapk13"
"16590","Ntrk3","Mapk14"
"16591","Ntrk3","Mapk3"
"16592","Ntrk3","Mapk8"
"16593","Ntrk3","Mapk9"
"16594","Ntrk3","Nfkb1"
"16595","Ntrk3","Rela"
"16596","Ntrk3","Sos1"
"16597","Ntrk3","Sos2"
"16598","Ntrk3","Trp53"
"16599","Ntrk3","Abl1"
"16600","Ntrk3","Ikbkb"
"16601","Ntrk3","Nfkbia"
"16602","Ntrk3","Raf1"
"16603","Ntrk3","Rps6ka5"
"16604","Ntrk3","Nfkbib"
"16605","Ntrk3","Prdm4"
"16606","Ntrk3","Zfp110"
"16607","Abl1","Akt1"
"16608","Abl1","Atf4"
"16609","Abl1","Foxo3"
"16610","Abl1","Jun"
"16611","Abl1","Mapk10"
"16612","Abl1","Mapk11"
"16613","Abl1","Mapk12"
"16614","Abl1","Mapk13"
"16615","Abl1","Mapk14"
"16616","Abl1","Mapk8"
"16617","Abl1","Mapk9"
"16618","Abl1","Nfkb1"
"16619","Abl1","Rela"
"16620","Abl1","Sos1"
"16621","Abl1","Sos2"
"16622","Abl1","Trp53"
"16623","Abl1","Ikbkb"
"16624","Abl1","Nfkbia"
"16625","Abl1","Rps6ka5"
"16626","Abl1","Nfkbib"
"16627","Abl1","Prdm4"
"16628","Abl1","Zfp110"
"16629","Pik3r1","Abl1"
"16630","Pik3r1","Rps6ka5"
"16631","Pik3r1","Prdm4"
"16632","Pik3r1","Zfp110"
"16633","Pik3r2","Abl1"
"16634","Pik3r2","Rps6ka5"
"16635","Pik3r2","Prdm4"
"16636","Pik3r2","Zfp110"
"16637","Pik3r3","Abl1"
"16638","Pik3r3","Rps6ka5"
"16639","Pik3r3","Prdm4"
"16640","Pik3r3","Zfp110"
"16641","Raf1","Rps6ka5"
"16642","Raf1","Nfkbib"
"16643","Raf1","Prdm4"
"16644","Raf1","Zfp110"
"16645","Map3k3","Akt1"
"16646","Map3k3","Atf4"
"16647","Map3k3","Foxo3"
"16648","Map3k3","Jun"
"16649","Map3k3","Mapk1"
"16650","Map3k3","Mapk10"
"16651","Map3k3","Mapk11"
"16652","Map3k3","Mapk12"
"16653","Map3k3","Mapk13"
"16654","Map3k3","Mapk14"
"16655","Map3k3","Mapk3"
"16656","Map3k3","Mapk8"
"16657","Map3k3","Mapk9"
"16658","Map3k3","Nfkb1"
"16659","Map3k3","Rela"
"16660","Map3k3","Sos1"
"16661","Map3k3","Sos2"
"16662","Map3k3","Trp53"
"16663","Map3k3","Abl1"
"16664","Map3k3","Ikbkb"
"16665","Map3k3","Nfkbia"
"16666","Map3k3","Raf1"
"16667","Map3k3","Rps6ka5"
"16668","Map3k3","Nfkbib"
"16669","Map3k3","Prdm4"
"16670","Map3k3","Zfp110"
"16671","Irs1","Jun"
"16672","Irs1","Mapk10"
"16673","Irs1","Mapk11"
"16674","Irs1","Mapk12"
"16675","Irs1","Mapk13"
"16676","Irs1","Mapk14"
"16677","Irs1","Mapk8"
"16678","Irs1","Mapk9"
"16679","Irs1","Abl1"
"16680","Irs1","Nfkbia"
"16681","Irs1","Rps6ka5"
"16682","Irs1","Nfkbib"
"16683","Irs1","Prdm4"
"16684","Irs1","Zfp110"
"16685","Cnr1","Mapk1"
"16686","Cnr1","Mapk10"
"16687","Cnr1","Mapk3"
"16688","Cnr1","Mapk8"
"16689","Cnr1","Mapk9"
"16690","Itpr3","Grin1"
"16691","Chrna4","Akt1"
"16692","Chrnb2","Akt1"
"16693","Chrnb4","Akt1"
"16694","Chrna3","Akt1"
"16695","Chrna6","Akt1"
"16696","Chrna7","Akt1"
"16697","Drd4","Atf2"
"16698","Drd4","Atf4"
"16699","Drd4","Atf6b"
"16700","Drd4","Creb1"
"16701","Drd4","Creb3"
"16702","Drd4","Creb3l1"
"16703","Drd4","Creb3l2"
"16704","Drd4","Creb3l3"
"16705","Drd4","Creb3l4"
"16706","Drd4","Creb5"
"16707","Drd4","Fos"
"16708","Drd4","Mapk10"
"16709","Drd4","Mapk11"
"16710","Drd4","Mapk12"
"16711","Drd4","Mapk13"
"16712","Drd4","Mapk14"
"16713","Drd4","Mapk8"
"16714","Drd4","Mapk9"
"16715","Drd2","Arntl"
"16716","Drd2","Atf2"
"16717","Drd2","Atf4"
"16718","Drd2","Atf6b"
"16719","Drd2","Clock"
"16720","Drd2","Mapk11"
"16721","Drd2","Mapk12"
"16722","Drd2","Mapk13"
"16723","Drd2","Mapk14"
"16724","Gsk3b","Arntl"
"16725","Gsk3b","Clock"
"16726","Plcb2","Fos"
"16727","Adcy5","Atf4"
"16728","Adcy5","Atf6b"
"16729","Drd3","Atf2"
"16730","Drd3","Atf4"
"16731","Drd3","Atf6b"
"16732","Drd3","Creb1"
"16733","Drd3","Creb3"
"16734","Drd3","Creb3l1"
"16735","Drd3","Creb3l2"
"16736","Drd3","Creb3l3"
"16737","Drd3","Creb3l4"
"16738","Drd3","Creb5"
"16739","Drd3","Fos"
"16740","Drd3","Mapk10"
"16741","Drd3","Mapk11"
"16742","Drd3","Mapk12"
"16743","Drd3","Mapk13"
"16744","Drd3","Mapk14"
"16745","Drd3","Mapk8"
"16746","Drd3","Mapk9"
"16747","Il1rap","Mapk10"
"16748","Il1rap","Mapk8"
"16749","Il1rap","Mapk9"
"16750","Il1rl2,Il1rap","Mapk10"
"16751","Il1rl2,Il1rap","Mapk8"
"16752","Il1rl2,Il1rap","Mapk9"
"16753","Il1rl1,Il1rap","Mapk10"
"16754","Il1rl1,Il1rap","Mapk8"
"16755","Il1rl1,Il1rap","Mapk9"
"16756","Insrr","Mapk1"
"16757","Insrr","Mapk3"
"16758","Insrr","Sos1"
"16759","Insrr","Sos2"
"16760","Insrr","Raf1"
"16761","Insr","Ppargc1a"
"16762","Insr","Srebf1"
"16763","Ptprf","Akt1"
"16764","Ptprf","Elk1"
"16765","Ptprf","Foxo1"
"16766","Ptprf","Mapk1"
"16767","Ptprf","Mapk3"
"16768","Ptprf","Sos1"
"16769","Ptprf","Sos2"
"16770","Ptprf","Ppargc1a"
"16771","Ptprf","Raf1"
"16772","Ptprf","Srebf1"
"16773","Ikbkb","Elk1"
"16774","Ikbkb","Ppargc1a"
"16775","Ikbkb","Srebf1"
"16776","Pik3r1","Ppargc1a"
"16777","Pik3r1","Srebf1"
"16778","Pik3r2","Ppargc1a"
"16779","Pik3r2","Srebf1"
"16780","Pik3r3","Ppargc1a"
"16781","Pik3r3","Srebf1"
"16782","Irs1","Elk1"
"16783","Irs1","Ppargc1a"
"16784","Irs1","Srebf1"
"16785","Adcyap1r1","Atf2"
"16786","Adcyap1r1","Atf4"
"16787","Adcyap1r1","Atf6b"
"16788","Adcyap1r1","Pdx1"
"16789","Adcy8","Atf6b"
"16790","Adcy8","Pdx1"
"16791","Glp1r","Atf2"
"16792","Glp1r","Atf4"
"16793","Glp1r","Atf6b"
"16794","Glp1r","Pdx1"
"16795","Adcy1","Atf6b"
"16796","Adcy1","Pdx1"
"16797","Adcy7","Atf4"
"16798","Adcy7","Atf6b"
"16799","Adcy7","Pdx1"
"16800","Adcy9","Atf4"
"16801","Adcy9","Atf6b"
"16802","Adcy9","Pdx1"
"16803","Adcy5","Pdx1"
"16804","Egfr","Egr1"
"16805","Gnrhr","Atf4"
"16806","Gnrhr","Egr1"
"16807","Gnrhr","Elk1"
"16808","Gnrhr","Jun"
"16809","Gnrhr","Mapk1"
"16810","Gnrhr","Mapk10"
"16811","Gnrhr","Mapk11"
"16812","Gnrhr","Mapk12"
"16813","Gnrhr","Mapk13"
"16814","Gnrhr","Mapk14"
"16815","Gnrhr","Mapk3"
"16816","Gnrhr","Mapk8"
"16817","Gnrhr","Mapk9"
"16818","Gnrhr","Sos1"
"16819","Gnrhr","Sos2"
"16820","Gnrhr","Raf1"
"16821","Mmp2","Egr1"
"16822","Mmp2","Elk1"
"16823","Src","Egr1"
"16824","Plcb2","Elk1"
"16825","Plcb2","Sos1"
"16826","Plcb2","Sos2"
"16827","Prkca","Egr1"
"16828","Prkcb","Egr1"
"16829","Mmp14","Egr1"
"16830","Mmp14","Elk1"
"16831","Mmp14","Mapk1"
"16832","Mmp14","Mapk3"
"16833","Mmp14","Sos1"
"16834","Mmp14","Sos2"
"16835","Mmp14","Raf1"
"16836","Egfr,Erbb2","Egr1"
"16837","Pgr","Akt1"
"16838","Pgr","Mapk10"
"16839","Pgr","Mapk11"
"16840","Pgr","Mapk12"
"16841","Pgr","Mapk13"
"16842","Pgr","Mapk14"
"16843","Pgr","Mapk8"
"16844","Pgr","Mapk9"
"16845","Egfr","Pgr"
"16846","Egfr","Rara"
"16847","Egfr","Ncoa1"
"16848","Egfr","Ncoa2"
"16849","Adcy8","Pgr"
"16850","Adcy8","Rara"
"16851","Adcy8","Ncoa1"
"16852","Adcy8","Ncoa2"
"16853","Grm1","Atf2"
"16854","Grm1","Atf6b"
"16855","Grm1","Creb1"
"16856","Grm1","Creb3"
"16857","Grm1","Creb3l1"
"16858","Grm1","Creb3l2"
"16859","Grm1","Creb3l3"
"16860","Grm1","Creb3l4"
"16861","Grm1","Creb5"
"16862","Grm1","Esr1"
"16863","Grm1","Esr2"
"16864","Grm1","Fos"
"16865","Grm1","Jun"
"16866","Grm1","Pgr"
"16867","Grm1","Rara"
"16868","Grm1","Sos1"
"16869","Grm1","Sos2"
"16870","Grm1","Sp1"
"16871","Grm1","Mmp9"
"16872","Grm1","Ncoa1"
"16873","Grm1","Ncoa2"
"16874","Grm1","Ncoa3"
"16875","Adcy1","Pgr"
"16876","Adcy1","Rara"
"16877","Adcy1","Ncoa1"
"16878","Adcy1","Ncoa2"
"16879","Adcy7","Pgr"
"16880","Adcy7","Rara"
"16881","Adcy7","Ncoa1"
"16882","Adcy7","Ncoa2"
"16883","Adcy9","Pgr"
"16884","Adcy9","Rara"
"16885","Adcy9","Ncoa1"
"16886","Adcy9","Ncoa2"
"16887","Mmp2","Atf2"
"16888","Mmp2","Atf4"
"16889","Mmp2","Atf6b"
"16890","Mmp2","Creb1"
"16891","Mmp2","Creb3"
"16892","Mmp2","Creb3l1"
"16893","Mmp2","Creb3l2"
"16894","Mmp2","Creb3l3"
"16895","Mmp2","Creb3l4"
"16896","Mmp2","Creb5"
"16897","Mmp2","Pgr"
"16898","Mmp2","Rara"
"16899","Mmp2","Ncoa1"
"16900","Mmp2","Ncoa2"
"16901","Mmp9","Atf2"
"16902","Mmp9","Atf4"
"16903","Mmp9","Atf6b"
"16904","Mmp9","Creb1"
"16905","Mmp9","Creb3"
"16906","Mmp9","Creb3l1"
"16907","Mmp9","Creb3l2"
"16908","Mmp9","Creb3l3"
"16909","Mmp9","Creb3l4"
"16910","Mmp9","Creb5"
"16911","Mmp9","Pgr"
"16912","Mmp9","Rara"
"16913","Mmp9","Ncoa1"
"16914","Mmp9","Ncoa2"
"16915","Src","Atf2"
"16916","Src","Atf4"
"16917","Src","Atf6b"
"16918","Src","Creb1"
"16919","Src","Creb3"
"16920","Src","Creb3l1"
"16921","Src","Creb3l2"
"16922","Src","Creb3l3"
"16923","Src","Creb3l4"
"16924","Src","Creb5"
"16925","Src","Pgr"
"16926","Src","Rara"
"16927","Src","Ncoa1"
"16928","Src","Ncoa2"
"16929","Plcb2","Esr1"
"16930","Plcb2","Esr2"
"16931","Plcb2","Pgr"
"16932","Plcb2","Rara"
"16933","Plcb2","Sp1"
"16934","Plcb2","Mmp9"
"16935","Plcb2","Ncoa1"
"16936","Plcb2","Ncoa2"
"16937","Plcb2","Ncoa3"
"16938","Esr1","Atf2"
"16939","Esr1","Atf4"
"16940","Esr1","Atf6b"
"16941","Esr1","Creb1"
"16942","Esr1","Creb3"
"16943","Esr1","Creb3l1"
"16944","Esr1","Creb3l2"
"16945","Esr1","Creb3l3"
"16946","Esr1","Creb3l4"
"16947","Esr1","Creb5"
"16948","Esr1","Pgr"
"16949","Esr1","Rara"
"16950","Raf1","Atf2"
"16951","Raf1","Atf6b"
"16952","Raf1","Pgr"
"16953","Raf1","Rara"
"16954","Raf1","Ncoa1"
"16955","Raf1","Ncoa2"
"16956","Adcy5","Pgr"
"16957","Adcy5","Rara"
"16958","Adcy5","Ncoa1"
"16959","Adcy5","Ncoa2"
"16960","Egfr,Erbb2","Pgr"
"16961","Egfr,Erbb2","Rara"
"16962","Egfr,Erbb2","Ncoa1"
"16963","Egfr,Erbb2","Ncoa2"
"16964","Ncoa3","Atf2"
"16965","Ncoa3","Atf4"
"16966","Ncoa3","Atf6b"
"16967","Ncoa3","Creb1"
"16968","Ncoa3","Creb3"
"16969","Ncoa3","Creb3l1"
"16970","Ncoa3","Creb3l2"
"16971","Ncoa3","Creb3l3"
"16972","Ncoa3","Creb3l4"
"16973","Ncoa3","Creb5"
"16974","Ncoa3","Pgr"
"16975","Ncoa3","Rara"
"16976","Esr2","Atf2"
"16977","Esr2","Atf4"
"16978","Esr2","Atf6b"
"16979","Esr2","Creb1"
"16980","Esr2","Creb3"
"16981","Esr2","Creb3l1"
"16982","Esr2","Creb3l2"
"16983","Esr2","Creb3l3"
"16984","Esr2","Creb3l4"
"16985","Esr2","Creb5"
"16986","Esr2","Pgr"
"16987","Esr2","Rara"
"16988","Kit","Mitf"
"16989","Fzd3","Mitf"
"16990","Fzd5","Mitf"
"16991","Fzd6","Mitf"
"16992","Ednrb","Creb1"
"16993","Ednrb","Creb3"
"16994","Ednrb","Creb3l1"
"16995","Ednrb","Creb3l2"
"16996","Ednrb","Creb3l3"
"16997","Ednrb","Creb3l4"
"16998","Ednrb","Crebbp"
"16999","Ednrb","Ep300"
"17000","Ednrb","Mitf"
"17001","Fzd8","Mitf"
"17002","Fzd1","Mitf"
"17003","Fzd10","Mitf"
"17004","Fzd4","Mitf"
"17005","Fzd7","Mitf"
"17006","Fzd2","Mitf"
"17007","Fzd9","Mitf"
"17008","Ep300","Mitf"
"17009","Gsk3b","Mitf"
"17010","Crebbp","Mitf"
"17011","Plcb2","Mitf"
"17012","Raf1","Mitf"
"17013","Prkca","Mitf"
"17014","Prkcb","Creb1"
"17015","Prkcb","Creb3"
"17016","Prkcb","Creb3l1"
"17017","Prkcb","Creb3l2"
"17018","Prkcb","Creb3l3"
"17019","Prkcb","Creb3l4"
"17020","Prkcb","Mitf"
"17021","Prkcg","Creb1"
"17022","Prkcg","Creb3"
"17023","Prkcg","Creb3l1"
"17024","Prkcg","Creb3l2"
"17025","Prkcg","Creb3l3"
"17026","Prkcg","Creb3l4"
"17027","Prkcg","Mitf"
"17028","Fzd1,Lrp5","Mitf"
"17029","Fzd10,Lrp5","Mitf"
"17030","Fzd2,Lrp5","Mitf"
"17031","Fzd3,Lrp5","Mitf"
"17032","Fzd4,Lrp5","Mitf"
"17033","Fzd5,Lrp5","Mitf"
"17034","Fzd6,Lrp5","Mitf"
"17035","Fzd7,Lrp5","Mitf"
"17036","Fzd8,Lrp5","Mitf"
"17037","Fzd9,Lrp5","Mitf"
"17038","Fzd1,Lrp6","Mitf"
"17039","Fzd10,Lrp6","Mitf"
"17040","Fzd2,Lrp6","Mitf"
"17041","Fzd3,Lrp6","Mitf"
"17042","Fzd4,Lrp6","Mitf"
"17043","Fzd5,Lrp6","Mitf"
"17044","Fzd6,Lrp6","Mitf"
"17045","Fzd7,Lrp6","Mitf"
"17046","Fzd8,Lrp6","Mitf"
"17047","Fzd9,Lrp6","Mitf"
"17048","Prlr","Esr1"
"17049","Prlr","Esr2"
"17050","Prlr","Fos"
"17051","Prlr","Irf1"
"17052","Prlr","Mapk10"
"17053","Prlr","Mapk11"
"17054","Prlr","Mapk12"
"17055","Prlr","Mapk13"
"17056","Prlr","Mapk14"
"17057","Prlr","Mapk8"
"17058","Prlr","Mapk9"
"17059","Prlr","Elf5"
"17060","Tnfrsf11a","Ccnd1"
"17061","Adcy8","Pax8"
"17062","Adcy8","Ttf1"
"17063","Adcy8","Ttf2"
"17064","Tshr","Atf2"
"17065","Tshr","Atf4"
"17066","Tshr","Atf6b"
"17067","Tshr","Pax8"
"17068","Tshr","Ttf1"
"17069","Tshr","Ttf2"
"17070","Adcy1","Pax8"
"17071","Adcy1","Ttf1"
"17072","Adcy1","Ttf2"
"17073","Adcy7","Pax8"
"17074","Adcy7","Ttf1"
"17075","Adcy7","Ttf2"
"17076","Adcy9","Pax8"
"17077","Adcy9","Ttf1"
"17078","Adcy9","Ttf2"
"17079","Plcb2","Pax8"
"17080","Plcb2","Ttf1"
"17081","Plcb2","Ttf2"
"17082","Adcy5","Pax8"
"17083","Adcy5","Ttf1"
"17084","Adcy5","Ttf2"
"17085","Prkca","Pax8"
"17086","Prkca","Ttf1"
"17087","Prkca","Ttf2"
"17088","Prkcb","Atf2"
"17089","Prkcb","Atf6b"
"17090","Prkcb","Creb5"
"17091","Prkcb","Pax8"
"17092","Prkcb","Ttf1"
"17093","Prkcb","Ttf2"
"17094","Prkcg","Atf2"
"17095","Prkcg","Atf6b"
"17096","Prkcg","Creb5"
"17097","Prkcg","Pax8"
"17098","Prkcg","Ttf1"
"17099","Prkcg","Ttf2"
"17100","Itgav","Crebbp"
"17101","Itgav","Ep300"
"17102","Itgav","Esr1"
"17103","Itgav","Foxo1"
"17104","Itgav","Hdac1"
"17105","Itgav","Hif1a"
"17106","Itgav","Rxrb"
"17107","Itgav","Rxrg"
"17108","Itgav","Stat1"
"17109","Itgav","Bmp4"
"17110","Itgav","Gata4"
"17111","Itgav","Hdac2"
"17112","Itgav","Hdac3"
"17113","Itgav","Kat2b"
"17114","Itgav","Med1"
"17115","Itgav","Ncoa1"
"17116","Itgav","Ncoa2"
"17117","Itgav","Ncoa3"
"17118","Itgav","Ncor1"
"17119","Itgav","Notch1"
"17120","Itgav","Notch2"
"17121","Itgav","Notch3"
"17122","Itgav","Notch4"
"17123","Itgav","Sin3a"
"17124","Itgav","Thra"
"17125","Itgav","Thrb"
"17126","Itgav","Med14"
"17127","Itgav","Med17"
"17128","Itgav","Med30"
"17129","Itgb3","Crebbp"
"17130","Itgb3","Ep300"
"17131","Itgb3","Esr1"
"17132","Itgb3","Foxo1"
"17133","Itgb3","Hdac1"
"17134","Itgb3","Hif1a"
"17135","Itgb3","Rxrb"
"17136","Itgb3","Rxrg"
"17137","Itgb3","Stat1"
"17138","Itgb3","Bmp4"
"17139","Itgb3","Gata4"
"17140","Itgb3","Hdac2"
"17141","Itgb3","Hdac3"
"17142","Itgb3","Kat2b"
"17143","Itgb3","Med1"
"17144","Itgb3","Ncoa1"
"17145","Itgb3","Ncoa2"
"17146","Itgb3","Ncoa3"
"17147","Itgb3","Ncor1"
"17148","Itgb3","Notch1"
"17149","Itgb3","Notch2"
"17150","Itgb3","Notch3"
"17151","Itgb3","Notch4"
"17152","Itgb3","Sin3a"
"17153","Itgb3","Thra"
"17154","Itgb3","Thrb"
"17155","Itgb3","Med14"
"17156","Itgb3","Med17"
"17157","Itgb3","Med30"
"17158","Ep300","Foxo1"
"17159","Ep300","Hif1a"
"17160","Ep300","Rxra"
"17161","Ep300","Rxrb"
"17162","Ep300","Rxrg"
"17163","Ep300","Bmp4"
"17164","Ep300","Gata4"
"17165","Ep300","Hdac3"
"17166","Ep300","Mdm2"
"17167","Ep300","Med1"
"17168","Ep300","Ncor1"
"17169","Ep300","Notch1"
"17170","Ep300","Notch2"
"17171","Ep300","Notch3"
"17172","Ep300","Notch4"
"17173","Ep300","Sin3a"
"17174","Ep300","Thra"
"17175","Ep300","Thrb"
"17176","Ep300","Med14"
"17177","Ep300","Med17"
"17178","Ep300","Med30"
"17179","Kat2a","Akt1"
"17180","Kat2a","Ctnnb1"
"17181","Kat2a","Foxo1"
"17182","Kat2a","Hdac1"
"17183","Kat2a","Hif1a"
"17184","Kat2a","Myc"
"17185","Kat2a","Rxra"
"17186","Kat2a","Rxrb"
"17187","Kat2a","Rxrg"
"17188","Kat2a","Trp53"
"17189","Kat2a","Bmp4"
"17190","Kat2a","Ccnd1"
"17191","Kat2a","Gata4"
"17192","Kat2a","Hdac2"
"17193","Kat2a","Hdac3"
"17194","Kat2a","Mdm2"
"17195","Kat2a","Med1"
"17196","Kat2a","Ncor1"
"17197","Kat2a","Notch1"
"17198","Kat2a","Notch2"
"17199","Kat2a","Notch3"
"17200","Kat2a","Notch4"
"17201","Kat2a","Sin3a"
"17202","Kat2a","Thra"
"17203","Kat2a","Thrb"
"17204","Kat2a","Med14"
"17205","Kat2a","Med17"
"17206","Kat2a","Med30"
"17207","Kat2b","Akt1"
"17208","Kat2b","Ctnnb1"
"17209","Kat2b","Foxo1"
"17210","Kat2b","Hdac1"
"17211","Kat2b","Hif1a"
"17212","Kat2b","Myc"
"17213","Kat2b","Rxra"
"17214","Kat2b","Rxrb"
"17215","Kat2b","Rxrg"
"17216","Kat2b","Trp53"
"17217","Kat2b","Bmp4"
"17218","Kat2b","Ccnd1"
"17219","Kat2b","Gata4"
"17220","Kat2b","Hdac2"
"17221","Kat2b","Hdac3"
"17222","Kat2b","Mdm2"
"17223","Kat2b","Med1"
"17224","Kat2b","Ncor1"
"17225","Kat2b","Notch1"
"17226","Kat2b","Notch2"
"17227","Kat2b","Notch3"
"17228","Kat2b","Notch4"
"17229","Kat2b","Sin3a"
"17230","Kat2b","Thra"
"17231","Kat2b","Thrb"
"17232","Kat2b","Med14"
"17233","Kat2b","Med17"
"17234","Kat2b","Med30"
"17235","Pik3r1","Crebbp"
"17236","Pik3r1","Ep300"
"17237","Pik3r1","Hdac1"
"17238","Pik3r1","Hif1a"
"17239","Pik3r1","Rxrb"
"17240","Pik3r1","Rxrg"
"17241","Pik3r1","Bmp4"
"17242","Pik3r1","Gata4"
"17243","Pik3r1","Hdac2"
"17244","Pik3r1","Hdac3"
"17245","Pik3r1","Kat2b"
"17246","Pik3r1","Ncoa1"
"17247","Pik3r1","Ncoa2"
"17248","Pik3r1","Notch1"
"17249","Pik3r1","Notch2"
"17250","Pik3r1","Notch3"
"17251","Pik3r1","Notch4"
"17252","Pik3r1","Sin3a"
"17253","Pik3r1","Thra"
"17254","Pik3r1","Thrb"
"17255","Pik3r1","Med14"
"17256","Pik3r1","Med17"
"17257","Pik3r1","Med30"
"17258","Src","Crebbp"
"17259","Src","Ep300"
"17260","Src","Foxo1"
"17261","Src","Hdac1"
"17262","Src","Hif1a"
"17263","Src","Myc"
"17264","Src","Rxra"
"17265","Src","Rxrb"
"17266","Src","Rxrg"
"17267","Src","Trp53"
"17268","Src","Bmp4"
"17269","Src","Hdac2"
"17270","Src","Hdac3"
"17271","Src","Kat2b"
"17272","Src","Mdm2"
"17273","Src","Notch1"
"17274","Src","Notch2"
"17275","Src","Notch3"
"17276","Src","Notch4"
"17277","Src","Sin3a"
"17278","Src","Thra"
"17279","Src","Thrb"
"17280","Src","Med14"
"17281","Src","Med17"
"17282","Src","Med30"
"17283","Pik3r2","Crebbp"
"17284","Pik3r2","Ep300"
"17285","Pik3r2","Hdac1"
"17286","Pik3r2","Hif1a"
"17287","Pik3r2","Rxrb"
"17288","Pik3r2","Rxrg"
"17289","Pik3r2","Bmp4"
"17290","Pik3r2","Gata4"
"17291","Pik3r2","Hdac2"
"17292","Pik3r2","Hdac3"
"17293","Pik3r2","Kat2b"
"17294","Pik3r2","Ncoa1"
"17295","Pik3r2","Ncoa2"
"17296","Pik3r2","Notch1"
"17297","Pik3r2","Notch2"
"17298","Pik3r2","Notch3"
"17299","Pik3r2","Notch4"
"17300","Pik3r2","Sin3a"
"17301","Pik3r2","Thra"
"17302","Pik3r2","Thrb"
"17303","Pik3r2","Med14"
"17304","Pik3r2","Med17"
"17305","Pik3r2","Med30"
"17306","Crebbp","Foxo1"
"17307","Crebbp","Hif1a"
"17308","Crebbp","Rxra"
"17309","Crebbp","Rxrb"
"17310","Crebbp","Rxrg"
"17311","Crebbp","Bmp4"
"17312","Crebbp","Gata4"
"17313","Crebbp","Hdac3"
"17314","Crebbp","Mdm2"
"17315","Crebbp","Med1"
"17316","Crebbp","Ncor1"
"17317","Crebbp","Notch1"
"17318","Crebbp","Notch2"
"17319","Crebbp","Notch3"
"17320","Crebbp","Notch4"
"17321","Crebbp","Sin3a"
"17322","Crebbp","Thra"
"17323","Crebbp","Thrb"
"17324","Crebbp","Med14"
"17325","Crebbp","Med17"
"17326","Crebbp","Med30"
"17327","Plcb2","Foxo1"
"17328","Plcb2","Hdac1"
"17329","Plcb2","Hif1a"
"17330","Plcb2","Myc"
"17331","Plcb2","Rxra"
"17332","Plcb2","Rxrb"
"17333","Plcb2","Rxrg"
"17334","Plcb2","Trp53"
"17335","Plcb2","Bmp4"
"17336","Plcb2","Gata4"
"17337","Plcb2","Hdac2"
"17338","Plcb2","Hdac3"
"17339","Plcb2","Kat2b"
"17340","Plcb2","Mdm2"
"17341","Plcb2","Med1"
"17342","Plcb2","Ncor1"
"17343","Plcb2","Notch1"
"17344","Plcb2","Notch2"
"17345","Plcb2","Notch4"
"17346","Plcb2","Sin3a"
"17347","Plcb2","Thra"
"17348","Plcb2","Thrb"
"17349","Plcb2","Med14"
"17350","Plcb2","Med17"
"17351","Plcb2","Med30"
"17352","Rxra","Akt1"
"17353","Rxra","Crebbp"
"17354","Rxra","Ctnnb1"
"17355","Rxra","Ep300"
"17356","Rxra","Foxo1"
"17357","Rxra","Hdac1"
"17358","Rxra","Myc"
"17359","Rxra","Trp53"
"17360","Rxra","Bmp4"
"17361","Rxra","Ccnd1"
"17362","Rxra","Gata4"
"17363","Rxra","Hdac2"
"17364","Rxra","Hdac3"
"17365","Rxra","Kat2b"
"17366","Rxra","Mdm2"
"17367","Rxra","Med1"
"17368","Rxra","Ncoa1"
"17369","Rxra","Ncoa2"
"17370","Rxra","Ncoa3"
"17371","Rxra","Ncor1"
"17372","Rxra","Notch1"
"17373","Rxra","Notch2"
"17374","Rxra","Notch3"
"17375","Rxra","Notch4"
"17376","Rxra","Sin3a"
"17377","Rxra","Med14"
"17378","Rxra","Med17"
"17379","Rxra","Med30"
"17380","Hdac1","Akt1"
"17381","Hdac1","Crebbp"
"17382","Hdac1","Ctnnb1"
"17383","Hdac1","Ep300"
"17384","Hdac1","Hif1a"
"17385","Hdac1","Rxra"
"17386","Hdac1","Rxrb"
"17387","Hdac1","Rxrg"
"17388","Hdac1","Trp53"
"17389","Hdac1","Bmp4"
"17390","Hdac1","Gata4"
"17391","Hdac1","Kat2b"
"17392","Hdac1","Mdm2"
"17393","Hdac1","Med1"
"17394","Hdac1","Ncoa1"
"17395","Hdac1","Ncoa2"
"17396","Hdac1","Ncoa3"
"17397","Hdac1","Notch1"
"17398","Hdac1","Notch2"
"17399","Hdac1","Notch3"
"17400","Hdac1","Notch4"
"17401","Hdac1","Thra"
"17402","Hdac1","Thrb"
"17403","Hdac1","Med14"
"17404","Hdac1","Med17"
"17405","Hdac1","Med30"
"17406","Hdac2","Akt1"
"17407","Hdac2","Crebbp"
"17408","Hdac2","Ctnnb1"
"17409","Hdac2","Ep300"
"17410","Hdac2","Hif1a"
"17411","Hdac2","Rxra"
"17412","Hdac2","Rxrb"
"17413","Hdac2","Rxrg"
"17414","Hdac2","Trp53"
"17415","Hdac2","Bmp4"
"17416","Hdac2","Gata4"
"17417","Hdac2","Kat2b"
"17418","Hdac2","Mdm2"
"17419","Hdac2","Med1"
"17420","Hdac2","Ncoa1"
"17421","Hdac2","Ncoa2"
"17422","Hdac2","Ncoa3"
"17423","Hdac2","Notch1"
"17424","Hdac2","Notch2"
"17425","Hdac2","Notch3"
"17426","Hdac2","Notch4"
"17427","Hdac2","Thra"
"17428","Hdac2","Thrb"
"17429","Hdac2","Med14"
"17430","Hdac2","Med17"
"17431","Hdac2","Med30"
"17432","Pik3r3","Crebbp"
"17433","Pik3r3","Ep300"
"17434","Pik3r3","Hdac1"
"17435","Pik3r3","Hif1a"
"17436","Pik3r3","Rxrb"
"17437","Pik3r3","Rxrg"
"17438","Pik3r3","Bmp4"
"17439","Pik3r3","Gata4"
"17440","Pik3r3","Hdac2"
"17441","Pik3r3","Hdac3"
"17442","Pik3r3","Kat2b"
"17443","Pik3r3","Ncoa1"
"17444","Pik3r3","Ncoa2"
"17445","Pik3r3","Notch1"
"17446","Pik3r3","Notch2"
"17447","Pik3r3","Notch3"
"17448","Pik3r3","Notch4"
"17449","Pik3r3","Sin3a"
"17450","Pik3r3","Thra"
"17451","Pik3r3","Thrb"
"17452","Pik3r3","Med14"
"17453","Pik3r3","Med17"
"17454","Pik3r3","Med30"
"17455","Raf1","Ctnnb1"
"17456","Raf1","Hdac1"
"17457","Raf1","Hif1a"
"17458","Raf1","Rxra"
"17459","Raf1","Rxrb"
"17460","Raf1","Rxrg"
"17461","Raf1","Stat1"
"17462","Raf1","Bmp4"
"17463","Raf1","Gata4"
"17464","Raf1","Hdac2"
"17465","Raf1","Hdac3"
"17466","Raf1","Kat2b"
"17467","Raf1","Notch1"
"17468","Raf1","Notch2"
"17469","Raf1","Notch4"
"17470","Raf1","Sin3a"
"17471","Raf1","Thra"
"17472","Raf1","Thrb"
"17473","Raf1","Med14"
"17474","Raf1","Med17"
"17475","Raf1","Med30"
"17476","Prkca","Esr1"
"17477","Prkca","Foxo1"
"17478","Prkca","Hdac1"
"17479","Prkca","Rxra"
"17480","Prkca","Rxrb"
"17481","Prkca","Rxrg"
"17482","Prkca","Stat1"
"17483","Prkca","Bmp4"
"17484","Prkca","Gata4"
"17485","Prkca","Hdac2"
"17486","Prkca","Hdac3"
"17487","Prkca","Kat2b"
"17488","Prkca","Mdm2"
"17489","Prkca","Med1"
"17490","Prkca","Ncoa1"
"17491","Prkca","Ncoa2"
"17492","Prkca","Ncoa3"
"17493","Prkca","Ncor1"
"17494","Prkca","Notch1"
"17495","Prkca","Notch2"
"17496","Prkca","Notch3"
"17497","Prkca","Notch4"
"17498","Prkca","Sin3a"
"17499","Prkca","Thra"
"17500","Prkca","Thrb"
"17501","Prkca","Med14"
"17502","Prkca","Med17"
"17503","Prkca","Med30"
"17504","Prkcb","Esr1"
"17505","Prkcb","Foxo1"
"17506","Prkcb","Hdac1"
"17507","Prkcb","Rxra"
"17508","Prkcb","Rxrb"
"17509","Prkcb","Rxrg"
"17510","Prkcb","Stat1"
"17511","Prkcb","Bmp4"
"17512","Prkcb","Gata4"
"17513","Prkcb","Hdac2"
"17514","Prkcb","Hdac3"
"17515","Prkcb","Kat2b"
"17516","Prkcb","Mdm2"
"17517","Prkcb","Med1"
"17518","Prkcb","Ncoa1"
"17519","Prkcb","Ncoa2"
"17520","Prkcb","Ncoa3"
"17521","Prkcb","Ncor1"
"17522","Prkcb","Notch1"
"17523","Prkcb","Notch2"
"17524","Prkcb","Notch3"
"17525","Prkcb","Notch4"
"17526","Prkcb","Sin3a"
"17527","Prkcb","Thra"
"17528","Prkcb","Thrb"
"17529","Prkcb","Med14"
"17530","Prkcb","Med17"
"17531","Prkcb","Med30"
"17532","Prkcg","Esr1"
"17533","Prkcg","Foxo1"
"17534","Prkcg","Hdac1"
"17535","Prkcg","Rxra"
"17536","Prkcg","Rxrb"
"17537","Prkcg","Rxrg"
"17538","Prkcg","Stat1"
"17539","Prkcg","Bmp4"
"17540","Prkcg","Gata4"
"17541","Prkcg","Hdac2"
"17542","Prkcg","Hdac3"
"17543","Prkcg","Kat2b"
"17544","Prkcg","Mdm2"
"17545","Prkcg","Med1"
"17546","Prkcg","Ncoa1"
"17547","Prkcg","Ncoa2"
"17548","Prkcg","Ncoa3"
"17549","Prkcg","Ncor1"
"17550","Prkcg","Notch1"
"17551","Prkcg","Notch2"
"17552","Prkcg","Notch3"
"17553","Prkcg","Notch4"
"17554","Prkcg","Sin3a"
"17555","Prkcg","Thra"
"17556","Prkcg","Thrb"
"17557","Prkcg","Med14"
"17558","Prkcg","Med17"
"17559","Prkcg","Med30"
"17560","Itgav,Itgb3","Crebbp"
"17561","Itgav,Itgb3","Ep300"
"17562","Itgav,Itgb3","Esr1"
"17563","Itgav,Itgb3","Foxo1"
"17564","Itgav,Itgb3","Hdac1"
"17565","Itgav,Itgb3","Hif1a"
"17566","Itgav,Itgb3","Rxrb"
"17567","Itgav,Itgb3","Rxrg"
"17568","Itgav,Itgb3","Stat1"
"17569","Itgav,Itgb3","Bmp4"
"17570","Itgav,Itgb3","Gata4"
"17571","Itgav,Itgb3","Hdac2"
"17572","Itgav,Itgb3","Hdac3"
"17573","Itgav,Itgb3","Kat2b"
"17574","Itgav,Itgb3","Med1"
"17575","Itgav,Itgb3","Ncoa1"
"17576","Itgav,Itgb3","Ncoa2"
"17577","Itgav,Itgb3","Ncoa3"
"17578","Itgav,Itgb3","Ncor1"
"17579","Itgav,Itgb3","Notch1"
"17580","Itgav,Itgb3","Notch2"
"17581","Itgav,Itgb3","Notch3"
"17582","Itgav,Itgb3","Notch4"
"17583","Itgav,Itgb3","Sin3a"
"17584","Itgav,Itgb3","Thra"
"17585","Itgav,Itgb3","Thrb"
"17586","Itgav,Itgb3","Med14"
"17587","Itgav,Itgb3","Med17"
"17588","Itgav,Itgb3","Med30"
"17589","Itga2b,Itgb3","Crebbp"
"17590","Itga2b,Itgb3","Ep300"
"17591","Itga2b,Itgb3","Esr1"
"17592","Itga2b,Itgb3","Foxo1"
"17593","Itga2b,Itgb3","Hdac1"
"17594","Itga2b,Itgb3","Hif1a"
"17595","Itga2b,Itgb3","Rxrb"
"17596","Itga2b,Itgb3","Rxrg"
"17597","Itga2b,Itgb3","Stat1"
"17598","Itga2b,Itgb3","Bmp4"
"17599","Itga2b,Itgb3","Gata4"
"17600","Itga2b,Itgb3","Hdac2"
"17601","Itga2b,Itgb3","Hdac3"
"17602","Itga2b,Itgb3","Kat2b"
"17603","Itga2b,Itgb3","Med1"
"17604","Itga2b,Itgb3","Ncoa1"
"17605","Itga2b,Itgb3","Ncoa2"
"17606","Itga2b,Itgb3","Ncoa3"
"17607","Itga2b,Itgb3","Ncor1"
"17608","Itga2b,Itgb3","Notch1"
"17609","Itga2b,Itgb3","Notch2"
"17610","Itga2b,Itgb3","Notch3"
"17611","Itga2b,Itgb3","Notch4"
"17612","Itga2b,Itgb3","Sin3a"
"17613","Itga2b,Itgb3","Thra"
"17614","Itga2b,Itgb3","Thrb"
"17615","Itga2b,Itgb3","Med14"
"17616","Itga2b,Itgb3","Med17"
"17617","Itga2b,Itgb3","Med30"
"17618","Itgav,Itgb1","Crebbp"
"17619","Itgav,Itgb1","Ep300"
"17620","Itgav,Itgb1","Esr1"
"17621","Itgav,Itgb1","Foxo1"
"17622","Itgav,Itgb1","Hdac1"
"17623","Itgav,Itgb1","Hif1a"
"17624","Itgav,Itgb1","Rxrb"
"17625","Itgav,Itgb1","Rxrg"
"17626","Itgav,Itgb1","Stat1"
"17627","Itgav,Itgb1","Bmp4"
"17628","Itgav,Itgb1","Gata4"
"17629","Itgav,Itgb1","Hdac2"
"17630","Itgav,Itgb1","Hdac3"
"17631","Itgav,Itgb1","Kat2b"
"17632","Itgav,Itgb1","Med1"
"17633","Itgav,Itgb1","Ncoa1"
"17634","Itgav,Itgb1","Ncoa2"
"17635","Itgav,Itgb1","Ncoa3"
"17636","Itgav,Itgb1","Ncor1"
"17637","Itgav,Itgb1","Notch1"
"17638","Itgav,Itgb1","Notch2"
"17639","Itgav,Itgb1","Notch3"
"17640","Itgav,Itgb1","Notch4"
"17641","Itgav,Itgb1","Sin3a"
"17642","Itgav,Itgb1","Thra"
"17643","Itgav,Itgb1","Thrb"
"17644","Itgav,Itgb1","Med14"
"17645","Itgav,Itgb1","Med17"
"17646","Itgav,Itgb1","Med30"
"17647","Itgav,Itgb5","Crebbp"
"17648","Itgav,Itgb5","Ep300"
"17649","Itgav,Itgb5","Esr1"
"17650","Itgav,Itgb5","Foxo1"
"17651","Itgav,Itgb5","Hdac1"
"17652","Itgav,Itgb5","Hif1a"
"17653","Itgav,Itgb5","Rxrb"
"17654","Itgav,Itgb5","Rxrg"
"17655","Itgav,Itgb5","Stat1"
"17656","Itgav,Itgb5","Bmp4"
"17657","Itgav,Itgb5","Gata4"
"17658","Itgav,Itgb5","Hdac2"
"17659","Itgav,Itgb5","Hdac3"
"17660","Itgav,Itgb5","Kat2b"
"17661","Itgav,Itgb5","Med1"
"17662","Itgav,Itgb5","Ncoa1"
"17663","Itgav,Itgb5","Ncoa2"
"17664","Itgav,Itgb5","Ncoa3"
"17665","Itgav,Itgb5","Ncor1"
"17666","Itgav,Itgb5","Notch1"
"17667","Itgav,Itgb5","Notch2"
"17668","Itgav,Itgb5","Notch3"
"17669","Itgav,Itgb5","Notch4"
"17670","Itgav,Itgb5","Sin3a"
"17671","Itgav,Itgb5","Thra"
"17672","Itgav,Itgb5","Thrb"
"17673","Itgav,Itgb5","Med14"
"17674","Itgav,Itgb5","Med17"
"17675","Itgav,Itgb5","Med30"
"17676","Itgav,Itgb6","Crebbp"
"17677","Itgav,Itgb6","Ep300"
"17678","Itgav,Itgb6","Esr1"
"17679","Itgav,Itgb6","Foxo1"
"17680","Itgav,Itgb6","Hdac1"
"17681","Itgav,Itgb6","Hif1a"
"17682","Itgav,Itgb6","Rxrb"
"17683","Itgav,Itgb6","Rxrg"
"17684","Itgav,Itgb6","Stat1"
"17685","Itgav,Itgb6","Bmp4"
"17686","Itgav,Itgb6","Gata4"
"17687","Itgav,Itgb6","Hdac2"
"17688","Itgav,Itgb6","Hdac3"
"17689","Itgav,Itgb6","Kat2b"
"17690","Itgav,Itgb6","Med1"
"17691","Itgav,Itgb6","Ncoa1"
"17692","Itgav,Itgb6","Ncoa2"
"17693","Itgav,Itgb6","Ncoa3"
"17694","Itgav,Itgb6","Ncor1"
"17695","Itgav,Itgb6","Notch1"
"17696","Itgav,Itgb6","Notch2"
"17697","Itgav,Itgb6","Notch3"
"17698","Itgav,Itgb6","Notch4"
"17699","Itgav,Itgb6","Sin3a"
"17700","Itgav,Itgb6","Thra"
"17701","Itgav,Itgb6","Thrb"
"17702","Itgav,Itgb6","Med14"
"17703","Itgav,Itgb6","Med17"
"17704","Itgav,Itgb6","Med30"
"17705","Itgav,Itgb8","Crebbp"
"17706","Itgav,Itgb8","Ep300"
"17707","Itgav,Itgb8","Esr1"
"17708","Itgav,Itgb8","Foxo1"
"17709","Itgav,Itgb8","Hdac1"
"17710","Itgav,Itgb8","Hif1a"
"17711","Itgav,Itgb8","Rxrb"
"17712","Itgav,Itgb8","Rxrg"
"17713","Itgav,Itgb8","Stat1"
"17714","Itgav,Itgb8","Bmp4"
"17715","Itgav,Itgb8","Gata4"
"17716","Itgav,Itgb8","Hdac2"
"17717","Itgav,Itgb8","Hdac3"
"17718","Itgav,Itgb8","Kat2b"
"17719","Itgav,Itgb8","Med1"
"17720","Itgav,Itgb8","Ncoa1"
"17721","Itgav,Itgb8","Ncoa2"
"17722","Itgav,Itgb8","Ncoa3"
"17723","Itgav,Itgb8","Ncor1"
"17724","Itgav,Itgb8","Notch1"
"17725","Itgav,Itgb8","Notch2"
"17726","Itgav,Itgb8","Notch3"
"17727","Itgav,Itgb8","Notch4"
"17728","Itgav,Itgb8","Sin3a"
"17729","Itgav,Itgb8","Thra"
"17730","Itgav,Itgb8","Thrb"
"17731","Itgav,Itgb8","Med14"
"17732","Itgav,Itgb8","Med17"
"17733","Itgav,Itgb8","Med30"
"17734","Rxrg","Akt1"
"17735","Rxrg","Crebbp"
"17736","Rxrg","Ctnnb1"
"17737","Rxrg","Ep300"
"17738","Rxrg","Foxo1"
"17739","Rxrg","Hdac1"
"17740","Rxrg","Myc"
"17741","Rxrg","Trp53"
"17742","Rxrg","Bmp4"
"17743","Rxrg","Ccnd1"
"17744","Rxrg","Gata4"
"17745","Rxrg","Hdac2"
"17746","Rxrg","Hdac3"
"17747","Rxrg","Kat2b"
"17748","Rxrg","Mdm2"
"17749","Rxrg","Med1"
"17750","Rxrg","Ncoa1"
"17751","Rxrg","Ncoa2"
"17752","Rxrg","Ncoa3"
"17753","Rxrg","Ncor1"
"17754","Rxrg","Notch1"
"17755","Rxrg","Notch2"
"17756","Rxrg","Notch3"
"17757","Rxrg","Notch4"
"17758","Rxrg","Sin3a"
"17759","Rxrg","Med14"
"17760","Rxrg","Med17"
"17761","Rxrg","Med30"
"17762","Ncoa3","Ctnnb1"
"17763","Ncoa3","Foxo1"
"17764","Ncoa3","Hdac1"
"17765","Ncoa3","Hif1a"
"17766","Ncoa3","Myc"
"17767","Ncoa3","Rxra"
"17768","Ncoa3","Rxrb"
"17769","Ncoa3","Rxrg"
"17770","Ncoa3","Trp53"
"17771","Ncoa3","Bmp4"
"17772","Ncoa3","Ccnd1"
"17773","Ncoa3","Gata4"
"17774","Ncoa3","Hdac2"
"17775","Ncoa3","Hdac3"
"17776","Ncoa3","Mdm2"
"17777","Ncoa3","Med1"
"17778","Ncoa3","Notch1"
"17779","Ncoa3","Notch2"
"17780","Ncoa3","Notch3"
"17781","Ncoa3","Notch4"
"17782","Ncoa3","Sin3a"
"17783","Ncoa3","Thra"
"17784","Ncoa3","Thrb"
"17785","Ncoa3","Med14"
"17786","Ncoa3","Med17"
"17787","Ncoa3","Med30"
"17788","Thra","Akt1"
"17789","Thra","Crebbp"
"17790","Thra","Ctnnb1"
"17791","Thra","Ep300"
"17792","Thra","Foxo1"
"17793","Thra","Hdac1"
"17794","Thra","Hif1a"
"17795","Thra","Myc"
"17796","Thra","Trp53"
"17797","Thra","Bmp4"
"17798","Thra","Ccnd1"
"17799","Thra","Gata4"
"17800","Thra","Hdac2"
"17801","Thra","Hdac3"
"17802","Thra","Kat2b"
"17803","Thra","Mdm2"
"17804","Thra","Med1"
"17805","Thra","Ncoa1"
"17806","Thra","Ncoa2"
"17807","Thra","Ncoa3"
"17808","Thra","Ncor1"
"17809","Thra","Notch1"
"17810","Thra","Notch2"
"17811","Thra","Notch3"
"17812","Thra","Notch4"
"17813","Thra","Sin3a"
"17814","Thra","Med14"
"17815","Thra","Med17"
"17816","Thra","Med30"
"17817","Ncor1","Crebbp"
"17818","Ncor1","Ctnnb1"
"17819","Ncor1","Ep300"
"17820","Ncor1","Foxo1"
"17821","Ncor1","Hif1a"
"17822","Ncor1","Myc"
"17823","Ncor1","Rxra"
"17824","Ncor1","Rxrb"
"17825","Ncor1","Rxrg"
"17826","Ncor1","Trp53"
"17827","Ncor1","Bmp4"
"17828","Ncor1","Ccnd1"
"17829","Ncor1","Gata4"
"17830","Ncor1","Kat2b"
"17831","Ncor1","Mdm2"
"17832","Ncor1","Ncoa1"
"17833","Ncor1","Ncoa2"
"17834","Ncor1","Notch1"
"17835","Ncor1","Notch2"
"17836","Ncor1","Notch3"
"17837","Ncor1","Notch4"
"17838","Ncor1","Thra"
"17839","Ncor1","Thrb"
"17840","Ncor1","Med14"
"17841","Ncor1","Med17"
"17842","Ncor1","Med30"
"17843","Adipor1","Ppara"
"17844","Adipor2","Ppara"
"17845","Lepr","Ppara"
"17846","Lepr","Ppargc1a"
"17847","Tnfrsf1a","Ppara"
"17848","Tnfrsf1a","Stat3"
"17849","Tnfrsf1a","Ppargc1a"
"17850","Tnfrsf1a","Nfkbib"
"17851","Traf2","Ppara"
"17852","Traf2","Stat3"
"17853","Traf2","Ppargc1a"
"17854","Tnfrsf1b","Ppara"
"17855","Tnfrsf1b","Stat3"
"17856","Tnfrsf1b","Ppargc1a"
"17857","Tnfrsf1b","Nfkbib"
"17858","Chuk","Ppara"
"17859","Chuk","Stat3"
"17860","Chuk","Ppargc1a"
"17861","Ikbkb","Ppara"
"17862","Ikbkb","Stat3"
"17863","Tradd","Ppara"
"17864","Tradd","Stat3"
"17865","Tradd","Ppargc1a"
"17866","Egfr","Mef2c"
"17867","Oxtr","Elk1"
"17868","Oxtr","Ccnd1"
"17869","Oxtr","Mef2c"
"17870","Src","Mef2c"
"17871","Plcb2","Mef2c"
"17872","Raf1","Mef2c"
"17873","Prkca","Mef2c"
"17874","Prkcb","Mef2c"
"17875","Prkcg","Mef2c"
"17876","Egfr,Erbb2","Mef2c"
"17877","Gcgr","Atf2"
"17878","Gcgr","Atf4"
"17879","Gcgr","Creb1"
"17880","Gcgr","Creb3"
"17881","Gcgr","Creb3l1"
"17882","Gcgr","Creb3l2"
"17883","Gcgr","Creb3l3"
"17884","Gcgr","Creb3l4"
"17885","Gcgr","Creb5"
"17886","Gcgr","Crebbp"
"17887","Gcgr","Ep300"
"17888","Gcgr","Ppargc1a"
"17889","Ep300","Ppargc1a"
"17890","Crebbp","Ppargc1a"
"17891","Aqp1","Creb1"
"17892","Ptger4","Creb1"
"17893","Agtr1a","Atf1"
"17894","Adcy8","Atf1"
"17895","Mc2r","Atf1"
"17896","Mc2r","Atf2"
"17897","Mc2r","Atf4"
"17898","Mc2r","Atf6b"
"17899","Adcy1","Atf1"
"17900","Adcy7","Atf1"
"17901","Adcy9","Atf1"
"17902","Plcb2","Atf1"
"17903","Adcy5","Atf1"
"17904","Prkca","Atf1"
"17905","Prkcb","Atf1"
"17906","Prkcg","Atf1"
"17907","Agtr1b","Atf1"
"17908","Egfr","Smad2"
"17909","Egfr","Edn1"
"17910","Egfr","Nfkbia"
"17911","Adcy8","Smad2"
"17912","Adcy8","Edn1"
"17913","Ednrb","Akt1"
"17914","Ednrb","Atf2"
"17915","Ednrb","Atf4"
"17916","Ednrb","Atf6b"
"17917","Ednrb","Creb5"
"17918","Ednrb","Fos"
"17919","Ednrb","Jun"
"17920","Ednrb","Mapk1"
"17921","Ednrb","Mapk10"
"17922","Ednrb","Mapk11"
"17923","Ednrb","Mapk12"
"17924","Ednrb","Mapk13"
"17925","Ednrb","Mapk14"
"17926","Ednrb","Mapk3"
"17927","Ednrb","Mapk8"
"17928","Ednrb","Mapk9"
"17929","Ednrb","Nfkb1"
"17930","Ednrb","Rela"
"17931","Ednrb","Smad2"
"17932","Ednrb","Sos1"
"17933","Ednrb","Sos2"
"17934","Ednrb","Edn1"
"17935","Ednrb","Mmp9"
"17936","Ednrb","Nfkbia"
"17937","Ednrb","Raf1"
"17938","Adcy1","Smad2"
"17939","Adcy1","Edn1"
"17940","Adcy7","Smad2"
"17941","Adcy7","Edn1"
"17942","Adcy9","Smad2"
"17943","Adcy9","Edn1"
"17944","Rxfp2","Akt1"
"17945","Rxfp2","Atf2"
"17946","Rxfp2","Atf4"
"17947","Rxfp2","Atf6b"
"17948","Rxfp2","Creb1"
"17949","Rxfp2","Creb3"
"17950","Rxfp2","Creb3l1"
"17951","Rxfp2","Creb3l2"
"17952","Rxfp2","Creb3l3"
"17953","Rxfp2","Creb3l4"
"17954","Rxfp2","Creb5"
"17955","Rxfp2","Fos"
"17956","Rxfp2","Jun"
"17957","Rxfp2","Mapk1"
"17958","Rxfp2","Mapk10"
"17959","Rxfp2","Mapk11"
"17960","Rxfp2","Mapk12"
"17961","Rxfp2","Mapk13"
"17962","Rxfp2","Mapk14"
"17963","Rxfp2","Mapk3"
"17964","Rxfp2","Mapk8"
"17965","Rxfp2","Mapk9"
"17966","Rxfp2","Nfkb1"
"17967","Rxfp2","Rela"
"17968","Rxfp2","Smad2"
"17969","Rxfp2","Sos1"
"17970","Rxfp2","Sos2"
"17971","Rxfp2","Edn1"
"17972","Rxfp2","Mmp9"
"17973","Rxfp2","Nfkbia"
"17974","Rxfp2","Raf1"
"17975","Rxfp3","Akt1"
"17976","Rxfp3","Atf2"
"17977","Rxfp3","Atf4"
"17978","Rxfp3","Atf6b"
"17979","Rxfp3","Creb1"
"17980","Rxfp3","Creb3"
"17981","Rxfp3","Creb3l1"
"17982","Rxfp3","Creb3l2"
"17983","Rxfp3","Creb3l3"
"17984","Rxfp3","Creb3l4"
"17985","Rxfp3","Creb5"
"17986","Rxfp3","Fos"
"17987","Rxfp3","Jun"
"17988","Rxfp3","Mapk1"
"17989","Rxfp3","Mapk10"
"17990","Rxfp3","Mapk11"
"17991","Rxfp3","Mapk12"
"17992","Rxfp3","Mapk13"
"17993","Rxfp3","Mapk14"
"17994","Rxfp3","Mapk3"
"17995","Rxfp3","Mapk8"
"17996","Rxfp3","Mapk9"
"17997","Rxfp3","Nfkb1"
"17998","Rxfp3","Rela"
"17999","Rxfp3","Smad2"
"18000","Rxfp3","Sos1"
"18001","Rxfp3","Sos2"
"18002","Rxfp3","Edn1"
"18003","Rxfp3","Mmp9"
"18004","Rxfp3","Nfkbia"
"18005","Rxfp3","Raf1"
"18006","Rxfp4","Akt1"
"18007","Rxfp4","Atf2"
"18008","Rxfp4","Atf4"
"18009","Rxfp4","Atf6b"
"18010","Rxfp4","Creb1"
"18011","Rxfp4","Creb3"
"18012","Rxfp4","Creb3l1"
"18013","Rxfp4","Creb3l2"
"18014","Rxfp4","Creb3l3"
"18015","Rxfp4","Creb3l4"
"18016","Rxfp4","Creb5"
"18017","Rxfp4","Fos"
"18018","Rxfp4","Jun"
"18019","Rxfp4","Mapk1"
"18020","Rxfp4","Mapk10"
"18021","Rxfp4","Mapk11"
"18022","Rxfp4","Mapk12"
"18023","Rxfp4","Mapk13"
"18024","Rxfp4","Mapk14"
"18025","Rxfp4","Mapk3"
"18026","Rxfp4","Mapk8"
"18027","Rxfp4","Mapk9"
"18028","Rxfp4","Nfkb1"
"18029","Rxfp4","Rela"
"18030","Rxfp4","Smad2"
"18031","Rxfp4","Sos1"
"18032","Rxfp4","Sos2"
"18033","Rxfp4","Edn1"
"18034","Rxfp4","Mmp9"
"18035","Rxfp4","Nfkbia"
"18036","Rxfp4","Raf1"
"18037","Rxfp1","Akt1"
"18038","Rxfp1","Atf2"
"18039","Rxfp1","Atf4"
"18040","Rxfp1","Atf6b"
"18041","Rxfp1","Creb1"
"18042","Rxfp1","Creb3"
"18043","Rxfp1","Creb3l1"
"18044","Rxfp1","Creb3l2"
"18045","Rxfp1","Creb3l3"
"18046","Rxfp1","Creb3l4"
"18047","Rxfp1","Creb5"
"18048","Rxfp1","Fos"
"18049","Rxfp1","Jun"
"18050","Rxfp1","Mapk1"
"18051","Rxfp1","Mapk10"
"18052","Rxfp1","Mapk11"
"18053","Rxfp1","Mapk12"
"18054","Rxfp1","Mapk13"
"18055","Rxfp1","Mapk14"
"18056","Rxfp1","Mapk3"
"18057","Rxfp1","Mapk8"
"18058","Rxfp1","Mapk9"
"18059","Rxfp1","Nfkb1"
"18060","Rxfp1","Rela"
"18061","Rxfp1","Smad2"
"18062","Rxfp1","Sos1"
"18063","Rxfp1","Sos2"
"18064","Rxfp1","Edn1"
"18065","Rxfp1","Mmp9"
"18066","Rxfp1","Nfkbia"
"18067","Rxfp1","Raf1"
"18068","Mmp2","Mapk10"
"18069","Mmp2","Mapk11"
"18070","Mmp2","Mapk12"
"18071","Mmp2","Mapk13"
"18072","Mmp2","Mapk14"
"18073","Mmp2","Mapk8"
"18074","Mmp2","Mapk9"
"18075","Mmp2","Nfkb1"
"18076","Mmp2","Rela"
"18077","Mmp2","Smad2"
"18078","Mmp2","Edn1"
"18079","Mmp2","Nfkbia"
"18080","Pik3r1","Edn1"
"18081","Mmp9","Mapk10"
"18082","Mmp9","Mapk11"
"18083","Mmp9","Mapk12"
"18084","Mmp9","Mapk13"
"18085","Mmp9","Mapk14"
"18086","Mmp9","Mapk8"
"18087","Mmp9","Mapk9"
"18088","Mmp9","Nfkb1"
"18089","Mmp9","Rela"
"18090","Mmp9","Smad2"
"18091","Mmp9","Edn1"
"18092","Mmp9","Nfkbia"
"18093","Src","Mapk11"
"18094","Src","Mapk12"
"18095","Src","Mapk13"
"18096","Src","Mapk14"
"18097","Src","Smad2"
"18098","Src","Edn1"
"18099","Pik3r2","Edn1"
"18100","Nos2","Akt1"
"18101","Nos2","Atf2"
"18102","Nos2","Atf4"
"18103","Nos2","Atf6b"
"18104","Nos2","Creb1"
"18105","Nos2","Creb3"
"18106","Nos2","Creb3l1"
"18107","Nos2","Creb3l2"
"18108","Nos2","Creb3l3"
"18109","Nos2","Creb3l4"
"18110","Nos2","Creb5"
"18111","Nos2","Fos"
"18112","Nos2","Jun"
"18113","Nos2","Mapk1"
"18114","Nos2","Mapk10"
"18115","Nos2","Mapk11"
"18116","Nos2","Mapk12"
"18117","Nos2","Mapk13"
"18118","Nos2","Mapk14"
"18119","Nos2","Mapk3"
"18120","Nos2","Mapk8"
"18121","Nos2","Mapk9"
"18122","Nos2","Nfkb1"
"18123","Nos2","Rela"
"18124","Nos2","Smad2"
"18125","Nos2","Sos1"
"18126","Nos2","Sos2"
"18127","Nos2","Edn1"
"18128","Nos2","Mmp9"
"18129","Nos2","Nfkbia"
"18130","Nos2","Raf1"
"18131","Plcb2","Smad2"
"18132","Plcb2","Edn1"
"18133","Pik3r3","Edn1"
"18134","Raf1","Smad2"
"18135","Raf1","Edn1"
"18136","Adcy5","Smad2"
"18137","Adcy5","Edn1"
"18138","Prkca","Smad2"
"18139","Prkca","Mmp9"
"18140","Prkca","Nfkbia"
"18141","Egfr,Erbb2","Smad2"
"18142","Egfr,Erbb2","Edn1"
"18143","Egfr,Erbb2","Nfkbia"
"18144","Adcy8","Nr4a1"
"18145","Adcy8","Nr5a1"
"18146","Adcy8","Pbx1"
"18147","Mc2r","Sp1"
"18148","Mc2r","Nr4a1"
"18149","Mc2r","Nr5a1"
"18150","Mc2r","Pbx1"
"18151","Adcy1","Nr4a1"
"18152","Adcy1","Nr5a1"
"18153","Adcy1","Pbx1"
"18154","Adcy7","Nr4a1"
"18155","Adcy7","Nr5a1"
"18156","Adcy7","Pbx1"
"18157","Adcy9","Nr4a1"
"18158","Adcy9","Nr5a1"
"18159","Adcy9","Pbx1"
"18160","Adcy5","Nr4a1"
"18161","Adcy5","Nr5a1"
"18162","Adcy5","Pbx1"
"18163","Egfr","Mef2a"
"18164","Egfr","Mef2d"
"18165","Egfr","Nr4a2"
"18166","Egfr","Pth"
"18167","Egfr","Runx2"
"18168","Adcy8","Jund"
"18169","Adcy8","Mef2a"
"18170","Adcy8","Mef2c"
"18171","Adcy8","Mef2d"
"18172","Adcy8","Nr4a2"
"18173","Adcy8","Runx2"
"18174","Adcy1","Jund"
"18175","Adcy1","Mef2a"
"18176","Adcy1","Mef2c"
"18177","Adcy1","Mef2d"
"18178","Adcy1","Nr4a2"
"18179","Adcy1","Runx2"
"18180","Adcy7","Jund"
"18181","Adcy7","Mef2a"
"18182","Adcy7","Mef2c"
"18183","Adcy7","Mef2d"
"18184","Adcy7","Nr4a2"
"18185","Adcy7","Runx2"
"18186","Adcy9","Jund"
"18187","Adcy9","Mef2a"
"18188","Adcy9","Mef2c"
"18189","Adcy9","Mef2d"
"18190","Adcy9","Nr4a2"
"18191","Adcy9","Runx2"
"18192","Mmp24","Atf2"
"18193","Mmp24","Atf4"
"18194","Mmp24","Atf6b"
"18195","Mmp24","Creb1"
"18196","Mmp24","Creb3"
"18197","Mmp24","Creb3l1"
"18198","Mmp24","Creb3l2"
"18199","Mmp24","Creb3l3"
"18200","Mmp24","Creb3l4"
"18201","Mmp24","Creb5"
"18202","Mmp24","Egr1"
"18203","Mmp24","Fos"
"18204","Mmp24","Jund"
"18205","Mmp24","Mapk1"
"18206","Mmp24","Mapk3"
"18207","Mmp24","Mef2a"
"18208","Mmp24","Mef2c"
"18209","Mmp24","Mef2d"
"18210","Mmp24","Nr4a2"
"18211","Mmp24","Pth"
"18212","Mmp24","Raf1"
"18213","Mmp24","Runx2"
"18214","Pth1r","Atf2"
"18215","Pth1r","Atf4"
"18216","Pth1r","Atf6b"
"18217","Pth1r","Creb1"
"18218","Pth1r","Creb3"
"18219","Pth1r","Creb3l1"
"18220","Pth1r","Creb3l2"
"18221","Pth1r","Creb3l3"
"18222","Pth1r","Creb3l4"
"18223","Pth1r","Creb5"
"18224","Pth1r","Egr1"
"18225","Pth1r","Fos"
"18226","Pth1r","Jund"
"18227","Pth1r","Mapk1"
"18228","Pth1r","Mapk3"
"18229","Pth1r","Mef2a"
"18230","Pth1r","Mef2c"
"18231","Pth1r","Mef2d"
"18232","Pth1r","Nr4a2"
"18233","Pth1r","Pth"
"18234","Pth1r","Raf1"
"18235","Pth1r","Runx2"
"18236","Raf1","Jund"
"18237","Raf1","Mef2a"
"18238","Raf1","Mef2d"
"18239","Raf1","Nr4a2"
"18240","Raf1","Pth"
"18241","Raf1","Runx2"
"18242","Adcy5","Jund"
"18243","Adcy5","Mef2a"
"18244","Adcy5","Mef2c"
"18245","Adcy5","Mef2d"
"18246","Adcy5","Nr4a2"
"18247","Adcy5","Runx2"
"18248","Mmp14","Atf2"
"18249","Mmp14","Atf4"
"18250","Mmp14","Atf6b"
"18251","Mmp14","Creb1"
"18252","Mmp14","Creb3"
"18253","Mmp14","Creb3l1"
"18254","Mmp14","Creb3l2"
"18255","Mmp14","Creb3l3"
"18256","Mmp14","Creb3l4"
"18257","Mmp14","Creb5"
"18258","Mmp14","Fos"
"18259","Mmp14","Jund"
"18260","Mmp14","Mef2a"
"18261","Mmp14","Mef2c"
"18262","Mmp14","Mef2d"
"18263","Mmp14","Nr4a2"
"18264","Mmp14","Pth"
"18265","Mmp14","Runx2"
"18266","Egfr,Erbb2","Mef2a"
"18267","Egfr,Erbb2","Mef2d"
"18268","Egfr,Erbb2","Nr4a2"
"18269","Egfr,Erbb2","Pth"
"18270","Egfr,Erbb2","Runx2"
"18271","Casr","Atf2"
"18272","Casr","Atf4"
"18273","Casr","Atf6b"
"18274","Casr","Creb1"
"18275","Casr","Creb3"
"18276","Casr","Creb3l1"
"18277","Casr","Creb3l2"
"18278","Casr","Creb3l3"
"18279","Casr","Creb3l4"
"18280","Casr","Creb5"
"18281","Casr","Egr1"
"18282","Casr","Fos"
"18283","Casr","Jund"
"18284","Casr","Mef2a"
"18285","Casr","Mef2c"
"18286","Casr","Mef2d"
"18287","Casr","Nr4a2"
"18288","Casr","Pth"
"18289","Casr","Raf1"
"18290","Casr","Runx2"
"18291","Kiss1r","Akt1"
"18292","Kiss1r","Gnrh1"
"18293","Kiss1r","Mapk1"
"18294","Kiss1r","Mapk3"
"18295","Kiss1r","Raf1"
"18296","Pik3r1","Gnrh1"
"18297","Pik3r2","Gnrh1"
"18298","Plcb2","Gnrh1"
"18299","Pik3r3","Gnrh1"
"18300","Raf1","Gnrh1"
"18301","Prkca","Gnrh1"
"18302","Prkcb","Gnrh1"
"18303","Prkcg","Gnrh1"
"18304","Itpr3","Gnrh1"
"18305","Itpr3","Raf1"
"18306","Insr","Ppara"
"18307","Insr","Mlxipl"
"18308","Insr","Nr1h2"
"18309","Insr","Nr1h3"
"18310","Insr","Mlx"
"18311","Insr","Mlxip"
"18312","Insr","Trib3"
"18313","Ptprf","Creb1"
"18314","Ptprf","Creb3"
"18315","Ptprf","Creb3l1"
"18316","Ptprf","Creb3l2"
"18317","Ptprf","Creb3l3"
"18318","Ptprf","Creb3l4"
"18319","Ptprf","Creb5"
"18320","Ptprf","Ppara"
"18321","Ptprf","Mlxipl"
"18322","Ptprf","Nr1h2"
"18323","Ptprf","Nr1h3"
"18324","Ptprf","Mlx"
"18325","Ptprf","Mlxip"
"18326","Ptprf","Trib3"
"18327","Tnfrsf1a","Creb3"
"18328","Tnfrsf1a","Creb3l1"
"18329","Tnfrsf1a","Creb3l2"
"18330","Tnfrsf1a","Creb3l3"
"18331","Tnfrsf1a","Creb3l4"
"18332","Tnfrsf1a","Creb5"
"18333","Tnfrsf1a","Foxo1"
"18334","Tnfrsf1a","Mlxipl"
"18335","Tnfrsf1a","Nr1h2"
"18336","Tnfrsf1a","Nr1h3"
"18337","Tnfrsf1a","Srebf1"
"18338","Tnfrsf1a","Mlx"
"18339","Tnfrsf1a","Mlxip"
"18340","Tnfrsf1a","Trib3"
"18341","Gsk3b","Creb1"
"18342","Gsk3b","Creb3"
"18343","Gsk3b","Creb3l1"
"18344","Gsk3b","Creb3l2"
"18345","Gsk3b","Creb3l3"
"18346","Gsk3b","Creb3l4"
"18347","Gsk3b","Creb5"
"18348","Gsk3b","Foxo1"
"18349","Gsk3b","Ppara"
"18350","Gsk3b","Mlxipl"
"18351","Gsk3b","Nr1h2"
"18352","Gsk3b","Nr1h3"
"18353","Gsk3b","Ppargc1a"
"18354","Gsk3b","Srebf1"
"18355","Gsk3b","Mlx"
"18356","Gsk3b","Mlxip"
"18357","Gsk3b","Trib3"
"18358","Ikbkb","Creb3"
"18359","Ikbkb","Creb3l1"
"18360","Ikbkb","Creb3l2"
"18361","Ikbkb","Creb3l3"
"18362","Ikbkb","Creb3l4"
"18363","Ikbkb","Creb5"
"18364","Ikbkb","Mlxipl"
"18365","Ikbkb","Nr1h2"
"18366","Ikbkb","Nr1h3"
"18367","Ikbkb","Mlx"
"18368","Ikbkb","Mlxip"
"18369","Ikbkb","Trib3"
"18370","Pik3r1","Ppara"
"18371","Pik3r1","Mlxipl"
"18372","Pik3r1","Nr1h2"
"18373","Pik3r1","Nr1h3"
"18374","Pik3r1","Mlx"
"18375","Pik3r1","Mlxip"
"18376","Pik3r1","Trib3"
"18377","Pik3r2","Ppara"
"18378","Pik3r2","Mlxipl"
"18379","Pik3r2","Nr1h2"
"18380","Pik3r2","Nr1h3"
"18381","Pik3r2","Mlx"
"18382","Pik3r2","Mlxip"
"18383","Pik3r2","Trib3"
"18384","Pik3r3","Ppara"
"18385","Pik3r3","Mlxipl"
"18386","Pik3r3","Nr1h2"
"18387","Pik3r3","Nr1h3"
"18388","Pik3r3","Mlx"
"18389","Pik3r3","Mlxip"
"18390","Pik3r3","Trib3"
"18391","Prkcb","Ppara"
"18392","Prkcb","Mlxipl"
"18393","Prkcb","Nr1h2"
"18394","Prkcb","Nr1h3"
"18395","Prkcb","Ppargc1a"
"18396","Prkcb","Srebf1"
"18397","Prkcb","Mlx"
"18398","Prkcb","Mlxip"
"18399","Prkcb","Trib3"
"18400","Irs1","Ppara"
"18401","Irs1","Mlxipl"
"18402","Irs1","Nr1h2"
"18403","Irs1","Nr1h3"
"18404","Irs1","Mlx"
"18405","Irs1","Mlxip"
"18406","Irs1","Trib3"
"18407","Rxra","Ppara"
"18408","Rxra","Srebf1"
"18409","Agtr1a","Tgfb1"
"18410","Pik3r1","Egr1"
"18411","Pik3r1","Smad4"
"18412","Pik3r1","Stat1"
"18413","Pik3r1","Stat3"
"18414","Pik3r1","Stat5a"
"18415","Pik3r1","Stat5b"
"18416","Pik3r1","Tgfb1"
"18417","Pik3r2","Egr1"
"18418","Pik3r2","Smad4"
"18419","Pik3r2","Stat1"
"18420","Pik3r2","Stat3"
"18421","Pik3r2","Stat5a"
"18422","Pik3r2","Stat5b"
"18423","Pik3r2","Tgfb1"
"18424","Plcb2","Smad3"
"18425","Plcb2","Smad4"
"18426","Plcb2","Stat3"
"18427","Plcb2","Stat5a"
"18428","Plcb2","Stat5b"
"18429","Plcb2","Tgfb1"
"18430","Mapk14","Egr1"
"18431","Mapk14","Smad2"
"18432","Mapk14","Smad3"
"18433","Mapk14","Smad4"
"18434","Mapk14","Edn1"
"18435","Mapk14","Tgfb1"
"18436","Pik3r3","Egr1"
"18437","Pik3r3","Smad4"
"18438","Pik3r3","Stat1"
"18439","Pik3r3","Stat3"
"18440","Pik3r3","Stat5a"
"18441","Pik3r3","Stat5b"
"18442","Pik3r3","Tgfb1"
"18443","Prkca","Smad3"
"18444","Prkca","Smad4"
"18445","Prkca","Stat3"
"18446","Prkca","Stat5a"
"18447","Prkca","Stat5b"
"18448","Prkca","Tnf"
"18449","Prkca","Tgfb1"
"18450","Prkcb","Smad2"
"18451","Prkcb","Smad3"
"18452","Prkcb","Smad4"
"18453","Prkcb","Stat3"
"18454","Prkcb","Stat5a"
"18455","Prkcb","Stat5b"
"18456","Prkcb","Tnf"
"18457","Prkcb","Tgfb1"
"18458","Agtr1b","Tgfb1"
"18459","Ager","Akt1"
"18460","Ager","Egr1"
"18461","Ager","Foxo1"
"18462","Ager","Jun"
"18463","Ager","Mapk1"
"18464","Ager","Mapk10"
"18465","Ager","Mapk11"
"18466","Ager","Mapk12"
"18467","Ager","Mapk13"
"18468","Ager","Mapk14"
"18469","Ager","Mapk3"
"18470","Ager","Mapk8"
"18471","Ager","Mapk9"
"18472","Ager","Nfatc1"
"18473","Ager","Nfkb1"
"18474","Ager","Rela"
"18475","Ager","Smad2"
"18476","Ager","Smad3"
"18477","Ager","Smad4"
"18478","Ager","Stat1"
"18479","Ager","Stat3"
"18480","Ager","Stat5a"
"18481","Ager","Stat5b"
"18482","Ager","Tnf"
"18483","Ager","Ccnd1"
"18484","Ager","Edn1"
"18485","Ager","Tgfb1"
"18486","Egfr","Nr5a1"
"18487","Egfr","Pbx1"
"18488","Crhr1","Atf2"
"18489","Crhr1","Atf4"
"18490","Crhr1","Atf6b"
"18491","Crhr1","Creb1"
"18492","Crhr1","Creb3"
"18493","Crhr1","Creb3l1"
"18494","Crhr1","Creb3l2"
"18495","Crhr1","Creb3l3"
"18496","Crhr1","Creb3l4"
"18497","Crhr1","Creb5"
"18498","Crhr1","Mapk1"
"18499","Crhr1","Mapk3"
"18500","Crhr1","Sp1"
"18501","Crhr1","Nr4a1"
"18502","Crhr1","Nr5a1"
"18503","Crhr1","Pbx1"
"18504","Crhr2","Atf2"
"18505","Crhr2","Atf4"
"18506","Crhr2","Atf6b"
"18507","Crhr2","Creb1"
"18508","Crhr2","Creb3"
"18509","Crhr2","Creb3l1"
"18510","Crhr2","Creb3l2"
"18511","Crhr2","Creb3l3"
"18512","Crhr2","Creb3l4"
"18513","Crhr2","Creb5"
"18514","Crhr2","Mapk1"
"18515","Crhr2","Mapk3"
"18516","Crhr2","Sp1"
"18517","Crhr2","Nr4a1"
"18518","Crhr2","Nr5a1"
"18519","Crhr2","Pbx1"
"18520","Kmt2a","E2f1"
"18521","Kmt2a","E2f2"
"18522","Kmt2a","E2f3"
"18523","Kmt2a","Ccnd1"
"18524","Kmt2a","Rb1"
"18525","Kmt2d","E2f1"
"18526","Kmt2d","E2f2"
"18527","Kmt2d","E2f3"
"18528","Kmt2d","Ccnd1"
"18529","Kmt2d","Rb1"
"18530","Egfr,Erbb2","Nr5a1"
"18531","Egfr,Erbb2","Pbx1"
"18532","Ahr","E2f1"
"18533","Ahr","E2f2"
"18534","Ahr","E2f3"
"18535","Ahr","Rb1"
"18536","Adcy8","Junb"
"18537","Adcy8","Stat1"
"18538","Adcy8","Stat3"
"18539","Adcy8","Stat5a"
"18540","Adcy8","Stat5b"
"18541","Adcy8","Pou1f1"
"18542","Sstr1","Atf2"
"18543","Sstr1","Atf4"
"18544","Sstr1","Atf6b"
"18545","Sstr1","Junb"
"18546","Sstr1","Mapk11"
"18547","Sstr1","Mapk12"
"18548","Sstr1","Mapk13"
"18549","Sstr1","Mapk14"
"18550","Sstr1","Sos1"
"18551","Sstr1","Sos2"
"18552","Sstr1","Stat1"
"18553","Sstr1","Stat3"
"18554","Sstr1","Stat5a"
"18555","Sstr1","Stat5b"
"18556","Sstr1","Pou1f1"
"18557","Sstr2","Atf2"
"18558","Sstr2","Atf4"
"18559","Sstr2","Atf6b"
"18560","Sstr2","Junb"
"18561","Sstr2","Mapk11"
"18562","Sstr2","Mapk12"
"18563","Sstr2","Mapk13"
"18564","Sstr2","Mapk14"
"18565","Sstr2","Sos1"
"18566","Sstr2","Sos2"
"18567","Sstr2","Stat1"
"18568","Sstr2","Stat3"
"18569","Sstr2","Stat5a"
"18570","Sstr2","Stat5b"
"18571","Sstr2","Pou1f1"
"18572","Sstr3","Akt1"
"18573","Sstr3","Atf2"
"18574","Sstr3","Atf4"
"18575","Sstr3","Atf6b"
"18576","Sstr3","Creb1"
"18577","Sstr3","Creb3"
"18578","Sstr3","Creb3l1"
"18579","Sstr3","Creb3l2"
"18580","Sstr3","Creb3l3"
"18581","Sstr3","Creb3l4"
"18582","Sstr3","Creb5"
"18583","Sstr3","Fos"
"18584","Sstr3","Junb"
"18585","Sstr3","Mapk1"
"18586","Sstr3","Mapk10"
"18587","Sstr3","Mapk11"
"18588","Sstr3","Mapk12"
"18589","Sstr3","Mapk13"
"18590","Sstr3","Mapk14"
"18591","Sstr3","Mapk3"
"18592","Sstr3","Mapk8"
"18593","Sstr3","Mapk9"
"18594","Sstr3","Sos1"
"18595","Sstr3","Sos2"
"18596","Sstr3","Stat1"
"18597","Sstr3","Stat3"
"18598","Sstr3","Stat5a"
"18599","Sstr3","Stat5b"
"18600","Sstr3","Pou1f1"
"18601","Sstr3","Raf1"
"18602","Sstr5","Atf2"
"18603","Sstr5","Atf4"
"18604","Sstr5","Atf6b"
"18605","Sstr5","Junb"
"18606","Sstr5","Mapk11"
"18607","Sstr5","Mapk12"
"18608","Sstr5","Mapk13"
"18609","Sstr5","Mapk14"
"18610","Sstr5","Sos1"
"18611","Sstr5","Sos2"
"18612","Sstr5","Stat1"
"18613","Sstr5","Stat3"
"18614","Sstr5","Stat5a"
"18615","Sstr5","Stat5b"
"18616","Sstr5","Pou1f1"
"18617","Ghr","Fos"
"18618","Ghr","Junb"
"18619","Ghr","Mapk10"
"18620","Ghr","Mapk11"
"18621","Ghr","Mapk12"
"18622","Ghr","Mapk13"
"18623","Ghr","Mapk14"
"18624","Ghr","Mapk8"
"18625","Ghr","Mapk9"
"18626","Ghrhr","Akt1"
"18627","Ghrhr","Atf2"
"18628","Ghrhr","Atf4"
"18629","Ghrhr","Atf6b"
"18630","Ghrhr","Creb1"
"18631","Ghrhr","Creb3"
"18632","Ghrhr","Creb3l1"
"18633","Ghrhr","Creb3l2"
"18634","Ghrhr","Creb3l3"
"18635","Ghrhr","Creb3l4"
"18636","Ghrhr","Creb5"
"18637","Ghrhr","Fos"
"18638","Ghrhr","Junb"
"18639","Ghrhr","Mapk1"
"18640","Ghrhr","Mapk10"
"18641","Ghrhr","Mapk11"
"18642","Ghrhr","Mapk12"
"18643","Ghrhr","Mapk13"
"18644","Ghrhr","Mapk14"
"18645","Ghrhr","Mapk3"
"18646","Ghrhr","Mapk8"
"18647","Ghrhr","Mapk9"
"18648","Ghrhr","Sos1"
"18649","Ghrhr","Sos2"
"18650","Ghrhr","Stat1"
"18651","Ghrhr","Stat3"
"18652","Ghrhr","Stat5a"
"18653","Ghrhr","Stat5b"
"18654","Ghrhr","Pou1f1"
"18655","Ghrhr","Raf1"
"18656","Adcy1","Junb"
"18657","Adcy1","Stat1"
"18658","Adcy1","Stat3"
"18659","Adcy1","Stat5a"
"18660","Adcy1","Stat5b"
"18661","Adcy1","Pou1f1"
"18662","Adcy7","Junb"
"18663","Adcy7","Stat1"
"18664","Adcy7","Stat3"
"18665","Adcy7","Stat5a"
"18666","Adcy7","Stat5b"
"18667","Adcy7","Pou1f1"
"18668","Adcy9","Junb"
"18669","Adcy9","Stat1"
"18670","Adcy9","Stat3"
"18671","Adcy9","Stat5a"
"18672","Adcy9","Stat5b"
"18673","Adcy9","Pou1f1"
"18674","Gsk3b","Fos"
"18675","Gsk3b","Junb"
"18676","Gsk3b","Mapk11"
"18677","Gsk3b","Mapk12"
"18678","Gsk3b","Mapk13"
"18679","Gsk3b","Mapk14"
"18680","Gsk3b","Stat1"
"18681","Gsk3b","Stat3"
"18682","Gsk3b","Stat5a"
"18683","Gsk3b","Stat5b"
"18684","Pik3r1","Junb"
"18685","Pik3r2","Junb"
"18686","Ptk2","Mapk11"
"18687","Ptk2","Mapk12"
"18688","Ptk2","Mapk13"
"18689","Ptk2","Mapk14"
"18690","Pik3r3","Junb"
"18691","Raf1","Junb"
"18692","Raf1","Stat3"
"18693","Raf1","Stat5a"
"18694","Raf1","Stat5b"
"18695","Adcy5","Junb"
"18696","Adcy5","Stat1"
"18697","Adcy5","Stat3"
"18698","Adcy5","Stat5a"
"18699","Adcy5","Stat5b"
"18700","Adcy5","Pou1f1"
"18701","Irs1","Fos"
"18702","Irs1","Junb"
"18703","Irs1","Stat1"
"18704","Irs1","Stat3"
"18705","Irs1","Stat5a"
"18706","Irs1","Stat5b"
"18707","Avpr2","Creb1"
"18708","Avpr2","Creb3"
"18709","Avpr2","Creb3l1"
"18710","Avpr2","Creb3l2"
"18711","Avpr2","Creb3l3"
"18712","Avpr2","Creb3l4"
"18713","Avpr2","Creb5"
"18714","Rxra","Nr0b2"
"18715","Rxra","Nr1h4"
"18716","Traf2","Xbp1"
"18717","Psen1","Akt1"
"18718","Psen1","Atf4"
"18719","Psen1","Atf6"
"18720","Psen1","Ddit3"
"18721","Psen1","Mapk1"
"18722","Psen1","Mapk3"
"18723","Psen1","Raf1"
"18724","Psen1","Xbp1"
"18725","Gpr83","Akt1"
"18726","Pgr15l","Akt1"
"18727","Ager","Csf1"
"18728","Ager","Raf1"
"18729","Tnfrsf1b","Daxx"
"18730","Hdac6","Tardbp"
"18731","Map3k10","Mapk10"
"18732","Map3k10","Mapk8"
"18733","Map3k10","Mapk9"
"18734","Vldlr","Akt1"
"18735","Cav1","Atf2"
"18736","Cav1","Atf6b"
"18737","Cav1","Creb1"
"18738","Cav1","Creb3"
"18739","Cav1","Creb3l1"
"18740","Cav1","Creb3l2"
"18741","Cav1","Creb3l3"
"18742","Cav1","Creb3l4"
"18743","Cav1","Creb5"
"18744","Cav1","Egr1"
"18745","Fyn","Atf2"
"18746","Fyn","Atf6b"
"18747","Fyn","Creb3"
"18748","Fyn","Creb3l1"
"18749","Fyn","Creb3l2"
"18750","Fyn","Creb3l3"
"18751","Fyn","Creb3l4"
"18752","Fyn","Creb5"
"18753","Fyn","Egr1"
"18754","Ncam1","Atf2"
"18755","Ncam1","Atf4"
"18756","Ncam1","Atf6b"
"18757","Ncam1","Creb1"
"18758","Ncam1","Creb3"
"18759","Ncam1","Creb3l1"
"18760","Ncam1","Creb3l2"
"18761","Ncam1","Creb3l3"
"18762","Ncam1","Creb3l4"
"18763","Ncam1","Creb5"
"18764","Ncam1","Ddit3"
"18765","Ncam1","Egr1"
"18766","Ncam1","Mapk1"
"18767","Ncam1","Mapk3"
"18768","Ncam1","Notch1"
"18769","Ncam2","Atf2"
"18770","Ncam2","Atf4"
"18771","Ncam2","Atf6b"
"18772","Ncam2","Creb1"
"18773","Ncam2","Creb3"
"18774","Ncam2","Creb3l1"
"18775","Ncam2","Creb3l2"
"18776","Ncam2","Creb3l3"
"18777","Ncam2","Creb3l4"
"18778","Ncam2","Creb5"
"18779","Ncam2","Ddit3"
"18780","Ncam2","Egr1"
"18781","Ncam2","Mapk1"
"18782","Ncam2","Mapk3"
"18783","Ncam2","Notch1"
"18784","Grm3","Atf2"
"18785","Grm3","Atf4"
"18786","Grm3","Atf6b"
"18787","Grm3","Creb1"
"18788","Grm3","Creb3"
"18789","Grm3","Creb3l1"
"18790","Grm3","Creb3l2"
"18791","Grm3","Creb3l3"
"18792","Grm3","Creb3l4"
"18793","Grm3","Creb5"
"18794","Hdac1","Fos"
"18795","Hdac1","Fosb"
"18796","Hdac1","Jun"
"18797","Hdac2","Fos"
"18798","Hdac2","Fosb"
"18799","Hdac2","Jun"
"18800","Drd2","Fosb"
"18801","Adora2b","Atf2"
"18802","Adora2b","Atf4"
"18803","Adora2b","Atf6b"
"18804","Adora2b","Creb1"
"18805","Adora2b","Creb3"
"18806","Adora2b","Creb3l1"
"18807","Adora2b","Creb3l2"
"18808","Adora2b","Creb3l3"
"18809","Adora2b","Creb3l4"
"18810","Adora2b","Creb5"
"18811","Adora2b","Fosb"
"18812","Adora2b","Grin1"
"18813","Raf1","Fosb"
"18814","Adcy5","Fosb"
"18815","Adora2a","Atf2"
"18816","Adora2a","Atf4"
"18817","Adora2a","Atf6b"
"18818","Adora2a","Fosb"
"18819","Ly96","Mapk1"
"18820","Ly96","Mapk3"
"18821","Tlr9","Mapk1"
"18822","Tlr9","Mapk3"
"18823","Tlr5","Mapk1"
"18824","Tlr5","Mapk3"
"18825","Tlr6","Mapk1"
"18826","Tlr6","Mapk3"
"18827","Hsp90b1","Fos"
"18828","Hsp90b1","Jun"
"18829","Hsp90b1","Mapk10"
"18830","Hsp90b1","Mapk11"
"18831","Hsp90b1","Mapk12"
"18832","Hsp90b1","Mapk13"
"18833","Hsp90b1","Mapk14"
"18834","Hsp90b1","Mapk8"
"18835","Hsp90b1","Mapk9"
"18836","Hsp90b1","Tnf"
"18837","Hsp90b1","Map3k7"
"18838","Hsp90b1","Nfkbia"
"18839","Pak1","Fos"
"18840","Pak1","Mapk11"
"18841","Pak1","Mapk12"
"18842","Pak1","Mapk13"
"18843","Pak1","Mapk14"
"18844","Pak1","Ikbkb"
"18845","Pak1","Map3k7"
"18846","Pak1","Ikbkg"
"18847","Pak3","Fos"
"18848","Pak3","Mapk11"
"18849","Pak3","Mapk12"
"18850","Pak3","Mapk13"
"18851","Pak3","Mapk14"
"18852","Pak3","Nfkb1"
"18853","Pak3","Rela"
"18854","Pak3","Tnf"
"18855","Pak3","Ikbkb"
"18856","Pak3","Map3k7"
"18857","Pak3","Nfkbia"
"18858","Pak3","Ikbkg"
"18859","Raf1","Map3k7"
"18860","Cd14","Mapk1"
"18861","Cd14","Mapk3"
"18862","Tlr4","Il10"
"18863","Traf2","Il10"
"18864","Tlr2","Nfkbib"
"18865","Fcgr1","Elk1"
"18866","Cd3d","Nfkb1"
"18867","Cd3d","Rela"
"18868","Cd3d","Tnf"
"18869","Cd3d","Ikbkb"
"18870","Cd3d","Nfkbia"
"18871","Cd3d","Ikbkg"
"18872","Cd3g","Nfkb1"
"18873","Cd3g","Rela"
"18874","Cd3g","Tnf"
"18875","Cd3g","Ikbkb"
"18876","Cd3g","Nfkbia"
"18877","Cd3g","Ikbkg"
"18878","Fas","Mapk1"
"18879","Fas","Mapk3"
"18880","Fas","Nfkb1"
"18881","Fas","Rela"
"18882","Fas","Tnf"
"18883","Fas","Ikbkb"
"18884","Fas","Nfkbia"
"18885","Fas","Ikbkg"
"18886","Casp8","Fos"
"18887","Ly96","Nfkbib"
"18888","Ifngr1","Ciita"
"18889","Ifngr1","Il10"
"18890","Ifngr2","Ciita"
"18891","Ifngr2","Il10"
"18892","Il10rb","Ifng"
"18893","Il10rb","Ciita"
"18894","Il10rb","Il10"
"18895","Il10ra","Ifng"
"18896","Il10ra","Ciita"
"18897","Il10ra","Il10"
"18898","Hspa8","Mapk11"
"18899","Hspa8","Mapk12"
"18900","Hspa8","Mapk13"
"18901","Hspa8","Mapk14"
"18902","Hspa8","Myd88"
"18903","Hspa8","Tnf"
"18904","Hspa8","Map3k7"
"18905","Hspa8","Nfkbia"
"18906","Hspa8","Nfkbib"
"18907","Il10ra,Il10rb","Ifng"
"18908","Il10ra,Il10rb","Ciita"
"18909","Il10ra,Il10rb","Il10"
"18910","Il22ra1,Il10rb","Ifng"
"18911","Il22ra1,Il10rb","Ciita"
"18912","Il22ra1,Il10rb","Il10"
"18913","Ifngr1,Ifngr2","Ciita"
"18914","Ifngr1,Ifngr2","Il10"
"18915","Ifnlr1,Il10rb","Ifng"
"18916","Ifnlr1,Il10rb","Ciita"
"18917","Ifnlr1,Il10rb","Il10"
"18918","Il1r2","Nfkb1"
"18919","Il1r2","Rela"
"18920","Tlr2","Cebpb"
"18921","Tlr2","Cebpg"
"18922","Tlr2","Nfya"
"18923","Tlr2","Nfyb"
"18924","Tlr2","Nfyc"
"18925","Tlr2","Rfx5"
"18926","Tlr2","Rfxank"
"18927","Tlr2","Rfxap"
"18928","Tlr2","Vdr"
"18929","Tlr2","Ciita"
"18930","Tlr1","Cebpb"
"18931","Tlr1","Cebpg"
"18932","Tlr1","Creb1"
"18933","Tlr1","Mapk1"
"18934","Tlr1","Mapk3"
"18935","Tlr1","Nfya"
"18936","Tlr1","Nfyb"
"18937","Tlr1","Nfyc"
"18938","Tlr1","Rfx5"
"18939","Tlr1","Rfxank"
"18940","Tlr1","Rfxap"
"18941","Tlr1","Vdr"
"18942","Tlr1","Ciita"
"18943","Tlr4","Cebpb"
"18944","Tlr4","Cebpg"
"18945","Tlr4","Nfya"
"18946","Tlr4","Nfyb"
"18947","Tlr4","Nfyc"
"18948","Tlr4","Rfx5"
"18949","Tlr4","Rfxank"
"18950","Tlr4","Rfxap"
"18951","Tlr4","Vdr"
"18952","Tlr4","Ciita"
"18953","Tlr9","Cebpb"
"18954","Tlr9","Cebpg"
"18955","Tlr9","Creb1"
"18956","Tlr9","Nfya"
"18957","Tlr9","Nfyb"
"18958","Tlr9","Nfyc"
"18959","Tlr9","Rfx5"
"18960","Tlr9","Rfxank"
"18961","Tlr9","Rfxap"
"18962","Tlr9","Vdr"
"18963","Tlr9","Ciita"
"18964","Ifngr2","Nfya"
"18965","Ifngr2","Nfyb"
"18966","Ifngr2","Nfyc"
"18967","Ifngr2","Rfx5"
"18968","Ifngr2","Rfxank"
"18969","Ifngr2","Rfxap"
"18970","Il10rb","Creb1"
"18971","Il10rb","Nfya"
"18972","Il10rb","Nfyb"
"18973","Il10rb","Nfyc"
"18974","Il10rb","Rfx5"
"18975","Il10rb","Rfxank"
"18976","Il10rb","Rfxap"
"18977","Il10ra","Creb1"
"18978","Il10ra","Nfya"
"18979","Il10ra","Nfyb"
"18980","Il10ra","Nfyc"
"18981","Il10ra","Rfx5"
"18982","Il10ra","Rfxank"
"18983","Il10ra","Rfxap"
"18984","Pla2r1","Creb1"
"18985","Pla2r1","Nfya"
"18986","Pla2r1","Nfyb"
"18987","Pla2r1","Nfyc"
"18988","Pla2r1","Rfx5"
"18989","Pla2r1","Rfxank"
"18990","Pla2r1","Rfxap"
"18991","Pla2r1","Il10"
"18992","Pla2r1","Tgfb1"
"18993","Mrc2","Creb1"
"18994","Mrc2","Nfya"
"18995","Mrc2","Nfyb"
"18996","Mrc2","Nfyc"
"18997","Mrc2","Rfx5"
"18998","Mrc2","Rfxank"
"18999","Mrc2","Rfxap"
"19000","Mrc2","Il10"
"19001","Mrc2","Tgfb1"
"19002","Tlr6","Cebpb"
"19003","Tlr6","Cebpg"
"19004","Tlr6","Creb1"
"19005","Tlr6","Nfya"
"19006","Tlr6","Nfyb"
"19007","Tlr6","Nfyc"
"19008","Tlr6","Rfx5"
"19009","Tlr6","Rfxank"
"19010","Tlr6","Rfxap"
"19011","Tlr6","Vdr"
"19012","Tlr6","Ciita"
"19013","Src","Cebpb"
"19014","Src","Cebpg"
"19015","Src","Nfya"
"19016","Src","Nfyb"
"19017","Src","Nfyc"
"19018","Src","Rfx5"
"19019","Src","Rfxank"
"19020","Src","Rfxap"
"19021","Src","Ciita"
"19022","Raf1","Cebpb"
"19023","Raf1","Cebpg"
"19024","Raf1","Nfya"
"19025","Raf1","Nfyb"
"19026","Raf1","Nfyc"
"19027","Raf1","Rfx5"
"19028","Raf1","Rfxank"
"19029","Raf1","Rfxap"
"19030","Raf1","Ciita"
"19031","Raf1","Tgfb1"
"19032","Hspd1","Cebpb"
"19033","Hspd1","Cebpg"
"19034","Hspd1","Creb1"
"19035","Hspd1","Mapk1"
"19036","Hspd1","Mapk10"
"19037","Hspd1","Mapk11"
"19038","Hspd1","Mapk12"
"19039","Hspd1","Mapk13"
"19040","Hspd1","Mapk14"
"19041","Hspd1","Mapk3"
"19042","Hspd1","Mapk8"
"19043","Hspd1","Mapk9"
"19044","Hspd1","Myd88"
"19045","Hspd1","Nfkb1"
"19046","Hspd1","Nfya"
"19047","Hspd1","Nfyb"
"19048","Hspd1","Nfyc"
"19049","Hspd1","Rela"
"19050","Hspd1","Rfx5"
"19051","Hspd1","Rfxank"
"19052","Hspd1","Rfxap"
"19053","Hspd1","Tnf"
"19054","Hspd1","Vdr"
"19055","Hspd1","Ciita"
"19056","Hspd1","Tlr4"
"19057","Il10ra,Il10rb","Creb1"
"19058","Il10ra,Il10rb","Nfya"
"19059","Il10ra,Il10rb","Nfyb"
"19060","Il10ra,Il10rb","Nfyc"
"19061","Il10ra,Il10rb","Rfx5"
"19062","Il10ra,Il10rb","Rfxank"
"19063","Il10ra,Il10rb","Rfxap"
"19064","Il22ra1,Il10rb","Creb1"
"19065","Il22ra1,Il10rb","Nfya"
"19066","Il22ra1,Il10rb","Nfyb"
"19067","Il22ra1,Il10rb","Nfyc"
"19068","Il22ra1,Il10rb","Rfx5"
"19069","Il22ra1,Il10rb","Rfxank"
"19070","Il22ra1,Il10rb","Rfxap"
"19071","Ifngr1,Ifngr2","Nfya"
"19072","Ifngr1,Ifngr2","Nfyb"
"19073","Ifngr1,Ifngr2","Nfyc"
"19074","Ifngr1,Ifngr2","Rfx5"
"19075","Ifngr1,Ifngr2","Rfxank"
"19076","Ifngr1,Ifngr2","Rfxap"
"19077","Ifnlr1,Il10rb","Creb1"
"19078","Ifnlr1,Il10rb","Nfya"
"19079","Ifnlr1,Il10rb","Nfyb"
"19080","Ifnlr1,Il10rb","Nfyc"
"19081","Ifnlr1,Il10rb","Rfx5"
"19082","Ifnlr1,Il10rb","Rfxank"
"19083","Ifnlr1,Il10rb","Rfxap"
"19084","Mrc1","Creb1"
"19085","Mrc1","Nfya"
"19086","Mrc1","Nfyb"
"19087","Mrc1","Nfyc"
"19088","Mrc1","Rfx5"
"19089","Mrc1","Rfxank"
"19090","Mrc1","Rfxap"
"19091","Mrc1","Il10"
"19092","Mrc1","Tgfb1"
"19093","Cd209a","Cebpb"
"19094","Cd209a","Cebpg"
"19095","Cd209a","Creb1"
"19096","Cd209a","Nfya"
"19097","Cd209a","Nfyb"
"19098","Cd209a","Nfyc"
"19099","Cd209a","Rfx5"
"19100","Cd209a","Rfxank"
"19101","Cd209a","Rfxap"
"19102","Cd209a","Ciita"
"19103","Cd209a","Tgfb1"
"19104","Cd209f","Cebpb"
"19105","Cd209f","Cebpg"
"19106","Cd209f","Creb1"
"19107","Cd209f","Nfya"
"19108","Cd209f","Nfyb"
"19109","Cd209f","Nfyc"
"19110","Cd209f","Rfx5"
"19111","Cd209f","Rfxank"
"19112","Cd209f","Rfxap"
"19113","Cd209f","Ciita"
"19114","Cd209f","Tgfb1"
"19115","Clec7a","Cebpb"
"19116","Clec7a","Cebpg"
"19117","Clec7a","Creb1"
"19118","Clec7a","Nfya"
"19119","Clec7a","Nfyb"
"19120","Clec7a","Nfyc"
"19121","Clec7a","Rfx5"
"19122","Clec7a","Rfxank"
"19123","Clec7a","Rfxap"
"19124","Clec7a","Ciita"
"19125","Cd14","Cebpb"
"19126","Cd14","Cebpg"
"19127","Cd14","Creb1"
"19128","Cd14","Nfya"
"19129","Cd14","Nfyb"
"19130","Cd14","Nfyc"
"19131","Cd14","Rfx5"
"19132","Cd14","Rfxank"
"19133","Cd14","Rfxap"
"19134","Cd14","Vdr"
"19135","Cd14","Ciita"
"19136","Traf3","Ifng"
"19137","Traf3","Eif2ak2"
"19138","Ifnar1","Ifng"
"19139","Ifnar1","Irf7"
"19140","Ifnar1","Tnf"
"19141","Ifnar2","Ifng"
"19142","Ifnar2","Irf7"
"19143","Ifnar2","Tnf"
"19144","Rxra","E2f1"
"19145","Rxra","E2f2"
"19146","Rxra","E2f3"
"19147","Rxra","Rb1"
"19148","Ifnar1,Ifnar2","Ifng"
"19149","Ifnar1,Ifnar2","Irf7"
"19150","Ifnar1,Ifnar2","Tnf"
"19151","Tlr3","Ifng"
"19152","Tlr3","Stat2"
"19153","Tlr3","Eif2ak2"
"19154","Tlr3","Irf9"
"19155","Tlr2","Irf3"
"19156","Tlr2","Stat2"
"19157","Tlr2","Tlr4"
"19158","Traf3","Tlr4"
"19159","Ifnar1","Irf3"
"19160","Ifnar1","Myd88"
"19161","Ifnar1","Tlr4"
"19162","Ep300","Egr2"
"19163","Ep300","Egr3"
"19164","Chuk","Mmp9"
"19165","Ikbkb","Mmp9"
"19166","Src","E2f1"
"19167","Src","E2f2"
"19168","Src","E2f3"
"19169","Src","Smad3"
"19170","Src","Smad4"
"19171","Src","Rb1"
"19172","Crebbp","Egr2"
"19173","Crebbp","Egr3"
"19174","Mapk14","Myc"
"19175","Raf1","Smad3"
"19176","Raf1","Smad4"
"19177","Prkca","E2f1"
"19178","Prkca","E2f2"
"19179","Prkca","E2f3"
"19180","Prkca","Rb1"
"19181","Prkcb","E2f1"
"19182","Prkcb","E2f2"
"19183","Prkcb","E2f3"
"19184","Prkcb","Mmp9"
"19185","Prkcb","Rb1"
"19186","Prkcg","E2f1"
"19187","Prkcg","E2f2"
"19188","Prkcg","E2f3"
"19189","Prkcg","Smad3"
"19190","Prkcg","Smad4"
"19191","Prkcg","Mmp9"
"19192","Prkcg","Rb1"
"19193","Ifnar1,Ifnar2","Irf3"
"19194","Ifnar1,Ifnar2","Myd88"
"19195","Ifnar1,Ifnar2","Tlr4"
"19196","Tlr3","Myd88"
"19197","Tlr3","Tlr4"
"19198","Tlr2","Stat3"
"19199","Tlr2","Stat5a"
"19200","Tlr2","Stat5b"
"19201","Tlr2","Eif2ak2"
"19202","Tlr2","Irf9"
"19203","Tlr4","Stat3"
"19204","Tlr4","Stat5a"
"19205","Tlr4","Stat5b"
"19206","Tlr4","Eif2ak2"
"19207","Traf3","Stat3"
"19208","Traf3","Stat5a"
"19209","Traf3","Stat5b"
"19210","Tlr9","Stat2"
"19211","Tlr9","Stat3"
"19212","Tlr9","Stat5a"
"19213","Tlr9","Stat5b"
"19214","Tlr9","Eif2ak2"
"19215","Tlr9","Irf9"
"19216","Tlr9","Nfkbib"
"19217","Tlr7","Stat2"
"19218","Tlr7","Stat3"
"19219","Tlr7","Stat5a"
"19220","Tlr7","Stat5b"
"19221","Tlr7","Eif2ak2"
"19222","Tlr7","Irf9"
"19223","Tlr7","Nfkbib"
"19224","Il2ra","Eif2ak2"
"19225","Il2rg","Eif2ak2"
"19226","Il2rb","Eif2ak2"
"19227","Il2ra,Il2rb,Il2rg","Eif2ak2"
"19228","Il2rb,Il2rg","Eif2ak2"
"19229","Il4ra,Il2rg","Eif2ak2"
"19230","Il7r,Il2rg","Eif2ak2"
"19231","Il9r,Il2rg","Eif2ak2"
"19232","Il15ra,Il2rb,Il2rg","Eif2ak2"
"19233","Il21r,Il2rg","Eif2ak2"
"19234","Rack1","Stat1"
"19235","Rack1","Stat2"
"19236","Rack1","Stat3"
"19237","Rack1","Stat5a"
"19238","Rack1","Stat5b"
"19239","Rack1","Eif2ak2"
"19240","Rack1","Irf9"
"19241","Itgav","E2f1"
"19242","Itgav","E2f2"
"19243","Itgav","E2f3"
"19244","Itgav","Mapk11"
"19245","Itgav","Mapk12"
"19246","Itgav","Mapk13"
"19247","Itgav","Mapk14"
"19248","Itgav","Rb1"
"19249","Itgb3","E2f1"
"19250","Itgb3","E2f2"
"19251","Itgb3","E2f3"
"19252","Itgb3","Mapk11"
"19253","Itgb3","Mapk12"
"19254","Itgb3","Mapk13"
"19255","Itgb3","Mapk14"
"19256","Itgb3","Rb1"
"19257","Egfr","E2f1"
"19258","Egfr","E2f2"
"19259","Egfr","E2f3"
"19260","Egfr","Rb1"
"19261","Adcy8","E2f1"
"19262","Adcy8","E2f2"
"19263","Adcy8","E2f3"
"19264","Adcy8","Myc"
"19265","Adcy8","Ccnd1"
"19266","Adcy8","Rb1"
"19267","Cxcr4","Atf2"
"19268","Cxcr4","Atf4"
"19269","Cxcr4","Atf6b"
"19270","Cxcr4","Creb1"
"19271","Cxcr4","Creb3"
"19272","Cxcr4","Creb3l1"
"19273","Cxcr4","Creb3l2"
"19274","Cxcr4","Creb3l3"
"19275","Cxcr4","Creb3l4"
"19276","Cxcr4","Creb5"
"19277","Cxcr4","E2f1"
"19278","Cxcr4","E2f2"
"19279","Cxcr4","E2f3"
"19280","Cxcr4","Myc"
"19281","Cxcr4","Ccnd1"
"19282","Cxcr4","Rb1"
"19283","Il6ra","Ctnnb1"
"19284","Il6ra","E2f1"
"19285","Il6ra","E2f2"
"19286","Il6ra","E2f3"
"19287","Il6ra","Mapk11"
"19288","Il6ra","Mapk12"
"19289","Il6ra","Mapk13"
"19290","Il6ra","Mapk14"
"19291","Il6ra","Nfkbia"
"19292","Il6ra","Rb1"
"19293","Tnfrsf1a","Atf6b"
"19294","Tnfrsf1a","Ctnnb1"
"19295","Tnfrsf1a","E2f1"
"19296","Tnfrsf1a","E2f2"
"19297","Tnfrsf1a","E2f3"
"19298","Tnfrsf1a","Ccnd1"
"19299","Tnfrsf1a","Rb1"
"19300","Adcy1","E2f1"
"19301","Adcy1","E2f2"
"19302","Adcy1","E2f3"
"19303","Adcy1","Myc"
"19304","Adcy1","Ccnd1"
"19305","Adcy1","Rb1"
"19306","Adcy7","E2f1"
"19307","Adcy7","E2f2"
"19308","Adcy7","E2f3"
"19309","Adcy7","Myc"
"19310","Adcy7","Ccnd1"
"19311","Adcy7","Rb1"
"19312","Adcy9","E2f1"
"19313","Adcy9","E2f2"
"19314","Adcy9","E2f3"
"19315","Adcy9","Myc"
"19316","Adcy9","Ccnd1"
"19317","Adcy9","Rb1"
"19318","Traf2","Ctnnb1"
"19319","Traf2","E2f1"
"19320","Traf2","E2f2"
"19321","Traf2","E2f3"
"19322","Traf2","Ccnd1"
"19323","Traf2","Rb1"
"19324","Il10rb","Atf2"
"19325","Il10rb","Atf4"
"19326","Il10rb","Atf6b"
"19327","Il10rb","Creb3"
"19328","Il10rb","Creb3l1"
"19329","Il10rb","Creb3l2"
"19330","Il10rb","Creb3l3"
"19331","Il10rb","Creb3l4"
"19332","Il10rb","Creb5"
"19333","Il10rb","Ctnnb1"
"19334","Il10rb","E2f1"
"19335","Il10rb","E2f2"
"19336","Il10rb","E2f3"
"19337","Il10rb","Mapk11"
"19338","Il10rb","Mapk12"
"19339","Il10rb","Mapk13"
"19340","Il10rb","Mapk14"
"19341","Il10rb","Nfkb1"
"19342","Il10rb","Rela"
"19343","Il10rb","Ikbkb"
"19344","Il10rb","Nfkbia"
"19345","Il10rb","Rb1"
"19346","Il10rb","Ikbkg"
"19347","Il10ra","Atf2"
"19348","Il10ra","Atf4"
"19349","Il10ra","Atf6b"
"19350","Il10ra","Creb3"
"19351","Il10ra","Creb3l1"
"19352","Il10ra","Creb3l2"
"19353","Il10ra","Creb3l3"
"19354","Il10ra","Creb3l4"
"19355","Il10ra","Creb5"
"19356","Il10ra","Ctnnb1"
"19357","Il10ra","E2f1"
"19358","Il10ra","E2f2"
"19359","Il10ra","E2f3"
"19360","Il10ra","Mapk11"
"19361","Il10ra","Mapk12"
"19362","Il10ra","Mapk13"
"19363","Il10ra","Mapk14"
"19364","Il10ra","Nfkb1"
"19365","Il10ra","Rela"
"19366","Il10ra","Ikbkb"
"19367","Il10ra","Nfkbia"
"19368","Il10ra","Rb1"
"19369","Il10ra","Ikbkg"
"19370","Il1r1","Atf6b"
"19371","Il1r1","Creb3"
"19372","Il1r1","Creb3l1"
"19373","Il1r1","Creb3l2"
"19374","Il1r1","Creb3l3"
"19375","Il1r1","Creb3l4"
"19376","Il1r1","Creb5"
"19377","Il1r1","Ctnnb1"
"19378","Il1r1","E2f1"
"19379","Il1r1","E2f2"
"19380","Il1r1","E2f3"
"19381","Il1r1","Myc"
"19382","Il1r1","Ccnd1"
"19383","Il1r1","Rb1"
"19384","Pdgfra","E2f1"
"19385","Pdgfra","E2f2"
"19386","Pdgfra","E2f3"
"19387","Pdgfra","Sp1"
"19388","Pdgfra","Nfkbia"
"19389","Pdgfra","Rb1"
"19390","Chuk","Atf2"
"19391","Chuk","Atf4"
"19392","Chuk","Atf6b"
"19393","Chuk","Creb3"
"19394","Chuk","Creb3l1"
"19395","Chuk","Creb3l2"
"19396","Chuk","Creb3l3"
"19397","Chuk","Creb3l4"
"19398","Chuk","Creb5"
"19399","Chuk","Ctnnb1"
"19400","Chuk","E2f1"
"19401","Chuk","E2f2"
"19402","Chuk","E2f3"
"19403","Chuk","Myc"
"19404","Chuk","Rb1"
"19405","Ikbkb","Atf2"
"19406","Ikbkb","Atf4"
"19407","Ikbkb","Atf6b"
"19408","Ikbkb","Ctnnb1"
"19409","Ikbkb","E2f1"
"19410","Ikbkb","E2f2"
"19411","Ikbkb","E2f3"
"19412","Ikbkb","Myc"
"19413","Ikbkb","Rb1"
"19414","Adcy5","E2f1"
"19415","Adcy5","E2f2"
"19416","Adcy5","E2f3"
"19417","Adcy5","Myc"
"19418","Adcy5","Ccnd1"
"19419","Adcy5","Rb1"
"19420","Egfr,Erbb2","E2f1"
"19421","Egfr,Erbb2","E2f2"
"19422","Egfr,Erbb2","E2f3"
"19423","Egfr,Erbb2","Rb1"
"19424","Itgav,Itgb3","E2f1"
"19425","Itgav,Itgb3","E2f2"
"19426","Itgav,Itgb3","E2f3"
"19427","Itgav,Itgb3","Mapk11"
"19428","Itgav,Itgb3","Mapk12"
"19429","Itgav,Itgb3","Mapk13"
"19430","Itgav,Itgb3","Mapk14"
"19431","Itgav,Itgb3","Rb1"
"19432","Cd74,Cxcr4","Atf2"
"19433","Cd74,Cxcr4","Atf4"
"19434","Cd74,Cxcr4","Atf6b"
"19435","Cd74,Cxcr4","Creb1"
"19436","Cd74,Cxcr4","Creb3"
"19437","Cd74,Cxcr4","Creb3l1"
"19438","Cd74,Cxcr4","Creb3l2"
"19439","Cd74,Cxcr4","Creb3l3"
"19440","Cd74,Cxcr4","Creb3l4"
"19441","Cd74,Cxcr4","Creb5"
"19442","Cd74,Cxcr4","E2f1"
"19443","Cd74,Cxcr4","E2f2"
"19444","Cd74,Cxcr4","E2f3"
"19445","Cd74,Cxcr4","Myc"
"19446","Cd74,Cxcr4","Ccnd1"
"19447","Cd74,Cxcr4","Rb1"
"19448","Il6ra,Il6st","Ctnnb1"
"19449","Il6ra,Il6st","E2f1"
"19450","Il6ra,Il6st","E2f2"
"19451","Il6ra,Il6st","E2f3"
"19452","Il6ra,Il6st","Mapk11"
"19453","Il6ra,Il6st","Mapk12"
"19454","Il6ra,Il6st","Mapk13"
"19455","Il6ra,Il6st","Mapk14"
"19456","Il6ra,Il6st","Nfkbia"
"19457","Il6ra,Il6st","Rb1"
"19458","Il10ra,Il10rb","Atf2"
"19459","Il10ra,Il10rb","Atf4"
"19460","Il10ra,Il10rb","Atf6b"
"19461","Il10ra,Il10rb","Creb3"
"19462","Il10ra,Il10rb","Creb3l1"
"19463","Il10ra,Il10rb","Creb3l2"
"19464","Il10ra,Il10rb","Creb3l3"
"19465","Il10ra,Il10rb","Creb3l4"
"19466","Il10ra,Il10rb","Creb5"
"19467","Il10ra,Il10rb","Ctnnb1"
"19468","Il10ra,Il10rb","E2f1"
"19469","Il10ra,Il10rb","E2f2"
"19470","Il10ra,Il10rb","E2f3"
"19471","Il10ra,Il10rb","Mapk11"
"19472","Il10ra,Il10rb","Mapk12"
"19473","Il10ra,Il10rb","Mapk13"
"19474","Il10ra,Il10rb","Mapk14"
"19475","Il10ra,Il10rb","Nfkb1"
"19476","Il10ra,Il10rb","Rela"
"19477","Il10ra,Il10rb","Ikbkb"
"19478","Il10ra,Il10rb","Nfkbia"
"19479","Il10ra,Il10rb","Rb1"
"19480","Il10ra,Il10rb","Ikbkg"
"19481","Il22ra1,Il10rb","Atf2"
"19482","Il22ra1,Il10rb","Atf4"
"19483","Il22ra1,Il10rb","Atf6b"
"19484","Il22ra1,Il10rb","Creb3"
"19485","Il22ra1,Il10rb","Creb3l1"
"19486","Il22ra1,Il10rb","Creb3l2"
"19487","Il22ra1,Il10rb","Creb3l3"
"19488","Il22ra1,Il10rb","Creb3l4"
"19489","Il22ra1,Il10rb","Creb5"
"19490","Il22ra1,Il10rb","Ctnnb1"
"19491","Il22ra1,Il10rb","E2f1"
"19492","Il22ra1,Il10rb","E2f2"
"19493","Il22ra1,Il10rb","E2f3"
"19494","Il22ra1,Il10rb","Mapk11"
"19495","Il22ra1,Il10rb","Mapk12"
"19496","Il22ra1,Il10rb","Mapk13"
"19497","Il22ra1,Il10rb","Mapk14"
"19498","Il22ra1,Il10rb","Nfkb1"
"19499","Il22ra1,Il10rb","Rela"
"19500","Il22ra1,Il10rb","Ikbkb"
"19501","Il22ra1,Il10rb","Nfkbia"
"19502","Il22ra1,Il10rb","Rb1"
"19503","Il22ra1,Il10rb","Ikbkg"
"19504","Il1r1,Il1rap","Atf6b"
"19505","Il1r1,Il1rap","Creb3"
"19506","Il1r1,Il1rap","Creb3l1"
"19507","Il1r1,Il1rap","Creb3l2"
"19508","Il1r1,Il1rap","Creb3l3"
"19509","Il1r1,Il1rap","Creb3l4"
"19510","Il1r1,Il1rap","Creb5"
"19511","Il1r1,Il1rap","Ctnnb1"
"19512","Il1r1,Il1rap","E2f1"
"19513","Il1r1,Il1rap","E2f2"
"19514","Il1r1,Il1rap","E2f3"
"19515","Il1r1,Il1rap","Myc"
"19516","Il1r1,Il1rap","Ccnd1"
"19517","Il1r1,Il1rap","Rb1"
"19518","Ifnlr1,Il10rb","Atf2"
"19519","Ifnlr1,Il10rb","Atf4"
"19520","Ifnlr1,Il10rb","Atf6b"
"19521","Ifnlr1,Il10rb","Creb3"
"19522","Ifnlr1,Il10rb","Creb3l1"
"19523","Ifnlr1,Il10rb","Creb3l2"
"19524","Ifnlr1,Il10rb","Creb3l3"
"19525","Ifnlr1,Il10rb","Creb3l4"
"19526","Ifnlr1,Il10rb","Creb5"
"19527","Ifnlr1,Il10rb","Ctnnb1"
"19528","Ifnlr1,Il10rb","E2f1"
"19529","Ifnlr1,Il10rb","E2f2"
"19530","Ifnlr1,Il10rb","E2f3"
"19531","Ifnlr1,Il10rb","Mapk11"
"19532","Ifnlr1,Il10rb","Mapk12"
"19533","Ifnlr1,Il10rb","Mapk13"
"19534","Ifnlr1,Il10rb","Mapk14"
"19535","Ifnlr1,Il10rb","Nfkb1"
"19536","Ifnlr1,Il10rb","Rela"
"19537","Ifnlr1,Il10rb","Ikbkb"
"19538","Ifnlr1,Il10rb","Nfkbia"
"19539","Ifnlr1,Il10rb","Rb1"
"19540","Ifnlr1,Il10rb","Ikbkg"
"19541","Itga2b,Itgb3","E2f1"
"19542","Itga2b,Itgb3","E2f2"
"19543","Itga2b,Itgb3","E2f3"
"19544","Itga2b,Itgb3","Mapk11"
"19545","Itga2b,Itgb3","Mapk12"
"19546","Itga2b,Itgb3","Mapk13"
"19547","Itga2b,Itgb3","Mapk14"
"19548","Itga2b,Itgb3","Rb1"
"19549","Itgav,Itgb1","E2f1"
"19550","Itgav,Itgb1","E2f2"
"19551","Itgav,Itgb1","E2f3"
"19552","Itgav,Itgb1","Rb1"
"19553","Itgav,Itgb5","E2f1"
"19554","Itgav,Itgb5","E2f2"
"19555","Itgav,Itgb5","E2f3"
"19556","Itgav,Itgb5","Mapk11"
"19557","Itgav,Itgb5","Mapk12"
"19558","Itgav,Itgb5","Mapk13"
"19559","Itgav,Itgb5","Mapk14"
"19560","Itgav,Itgb5","Rb1"
"19561","Itgav,Itgb6","E2f1"
"19562","Itgav,Itgb6","E2f2"
"19563","Itgav,Itgb6","E2f3"
"19564","Itgav,Itgb6","Mapk11"
"19565","Itgav,Itgb6","Mapk12"
"19566","Itgav,Itgb6","Mapk13"
"19567","Itgav,Itgb6","Mapk14"
"19568","Itgav,Itgb6","Rb1"
"19569","Itgav,Itgb8","E2f1"
"19570","Itgav,Itgb8","E2f2"
"19571","Itgav,Itgb8","E2f3"
"19572","Itgav,Itgb8","Mapk11"
"19573","Itgav,Itgb8","Mapk12"
"19574","Itgav,Itgb8","Mapk13"
"19575","Itgav,Itgb8","Mapk14"
"19576","Itgav,Itgb8","Rb1"
"19577","Tradd","Akt1"
"19578","Tradd","Atf6b"
"19579","Tradd","Creb1"
"19580","Tradd","Creb3"
"19581","Tradd","Creb3l1"
"19582","Tradd","Creb3l2"
"19583","Tradd","Creb3l3"
"19584","Tradd","Creb3l4"
"19585","Tradd","Creb5"
"19586","Tradd","Ctnnb1"
"19587","Tradd","E2f1"
"19588","Tradd","E2f2"
"19589","Tradd","E2f3"
"19590","Tradd","Ccnd1"
"19591","Tradd","Rb1"
"19592","Ptger4","Akt1"
"19593","Ptger4","Atf2"
"19594","Ptger4","Atf4"
"19595","Ptger4","Atf6b"
"19596","Ptger4","Creb3"
"19597","Ptger4","Creb3l1"
"19598","Ptger4","Creb3l2"
"19599","Ptger4","Creb3l3"
"19600","Ptger4","Creb3l4"
"19601","Ptger4","Creb5"
"19602","Ptger4","Ctnnb1"
"19603","Ptger4","E2f1"
"19604","Ptger4","E2f2"
"19605","Ptger4","E2f3"
"19606","Ptger4","Mapk11"
"19607","Ptger4","Mapk12"
"19608","Ptger4","Mapk13"
"19609","Ptger4","Mapk14"
"19610","Ptger4","Myc"
"19611","Ptger4","Nfkb1"
"19612","Ptger4","Rela"
"19613","Ptger4","Stat3"
"19614","Ptger4","Ccnd1"
"19615","Ptger4","Ikbkb"
"19616","Ptger4","Nfkbia"
"19617","Ptger4","Rb1"
"19618","Ptger4","Ikbkg"
"19619","Ptger3","Atf2"
"19620","Ptger3","Atf4"
"19621","Ptger3","Atf6b"
"19622","Ptger3","Ctnnb1"
"19623","Ptger3","E2f1"
"19624","Ptger3","E2f2"
"19625","Ptger3","E2f3"
"19626","Ptger3","Mapk11"
"19627","Ptger3","Mapk12"
"19628","Ptger3","Mapk13"
"19629","Ptger3","Mapk14"
"19630","Ptger3","Myc"
"19631","Ptger3","Stat3"
"19632","Ptger3","Ccnd1"
"19633","Ptger3","Ikbkb"
"19634","Ptger3","Rb1"
"19635","Ptger3","Ikbkg"
"19636","Ptger2","Atf2"
"19637","Ptger2","Atf4"
"19638","Ptger2","Atf6b"
"19639","Ptger2","Ctnnb1"
"19640","Ptger2","E2f1"
"19641","Ptger2","E2f2"
"19642","Ptger2","E2f3"
"19643","Ptger2","Mapk11"
"19644","Ptger2","Mapk12"
"19645","Ptger2","Mapk13"
"19646","Ptger2","Mapk14"
"19647","Ptger2","Myc"
"19648","Ptger2","Stat3"
"19649","Ptger2","Ccnd1"
"19650","Ptger2","Ikbkb"
"19651","Ptger2","Rb1"
"19652","Ptger2","Ikbkg"
"19653","Ptger1","Akt1"
"19654","Ptger1","Atf2"
"19655","Ptger1","Atf4"
"19656","Ptger1","Atf6b"
"19657","Ptger1","Creb1"
"19658","Ptger1","Creb3"
"19659","Ptger1","Creb3l1"
"19660","Ptger1","Creb3l2"
"19661","Ptger1","Creb3l3"
"19662","Ptger1","Creb3l4"
"19663","Ptger1","Creb5"
"19664","Ptger1","Ctnnb1"
"19665","Ptger1","E2f1"
"19666","Ptger1","E2f2"
"19667","Ptger1","E2f3"
"19668","Ptger1","Mapk11"
"19669","Ptger1","Mapk12"
"19670","Ptger1","Mapk13"
"19671","Ptger1","Mapk14"
"19672","Ptger1","Myc"
"19673","Ptger1","Nfkb1"
"19674","Ptger1","Rela"
"19675","Ptger1","Stat3"
"19676","Ptger1","Ccnd1"
"19677","Ptger1","Ikbkb"
"19678","Ptger1","Nfkbia"
"19679","Ptger1","Rb1"
"19680","Ptger1","Ikbkg"
"19681","Tlr4","Pml"
"19682","Traf3","Pml"
"19683","Tlr7","Pml"
"19684","Ifnar1","Pml"
"19685","Ifnar2","Pml"
"19686","Ifngr1","Pml"
"19687","Ifngr2","Pml"
"19688","Chuk","Pml"
"19689","Ikbkb","Pml"
"19690","Ifnar1,Ifnar2","Pml"
"19691","Ifngr1,Ifngr2","Pml"
"19692","Tlr3","Pml"
"19693","Tlr3","Nfkbib"
"19694","Notch1","Hes6"
"19695","Notch1","Hes7"
"19696","Egfr","Rbl1"
"19697","Egfr","Apc"
"19698","Fzd3","E2f1"
"19699","Fzd3","Rbl1"
"19700","Fzd3","Rb1"
"19701","Fzd3","Rbl2"
"19702","Fzd5","E2f1"
"19703","Fzd5","Rbl1"
"19704","Fzd5","Rb1"
"19705","Fzd5","Rbl2"
"19706","Fzd6","E2f1"
"19707","Fzd6","Rbl1"
"19708","Fzd6","Rb1"
"19709","Fzd6","Rbl2"
"19710","Notch2","Hes6"
"19711","Notch2","Hes7"
"19712","Notch3","Hes6"
"19713","Notch3","Hes7"
"19714","Notch4","Hes6"
"19715","Notch4","Hes7"
"19716","Fzd8","E2f1"
"19717","Fzd8","Rbl1"
"19718","Fzd8","Rb1"
"19719","Fzd8","Rbl2"
"19720","Pdgfrb","E2f1"
"19721","Pdgfrb","Foxo1"
"19722","Pdgfrb","Rbl1"
"19723","Pdgfrb","Tcf7"
"19724","Pdgfrb","Tcf7l1"
"19725","Pdgfrb","Tcf7l2"
"19726","Pdgfrb","Apc"
"19727","Pdgfrb","Rb1"
"19728","Fzd1","E2f1"
"19729","Fzd1","Rbl1"
"19730","Fzd1","Rb1"
"19731","Fzd1","Rbl2"
"19732","Fzd10","E2f1"
"19733","Fzd10","Rbl1"
"19734","Fzd10","Rb1"
"19735","Fzd10","Rbl2"
"19736","Fzd4","E2f1"
"19737","Fzd4","Rbl1"
"19738","Fzd4","Rb1"
"19739","Fzd4","Rbl2"
"19740","Fzd7","E2f1"
"19741","Fzd7","Rbl1"
"19742","Fzd7","Rb1"
"19743","Fzd7","Rbl2"
"19744","Fzd2","E2f1"
"19745","Fzd2","Rbl1"
"19746","Fzd2","Rb1"
"19747","Fzd2","Rbl2"
"19748","Fzd9","E2f1"
"19749","Fzd9","Rbl1"
"19750","Fzd9","Rb1"
"19751","Fzd9","Rbl2"
"19752","Pik3r1","Tcf7"
"19753","Pik3r1","Tcf7l1"
"19754","Pik3r1","Tcf7l2"
"19755","Pik3r1","Apc"
"19756","Psen1","Hes6"
"19757","Psen1","Hes7"
"19758","Psen1","Maml1"
"19759","Psen1","Maml3"
"19760","Pik3r2","Tcf7"
"19761","Pik3r2","Tcf7l1"
"19762","Pik3r2","Tcf7l2"
"19763","Pik3r2","Apc"
"19764","Hdac1","Irf1"
"19765","Hdac1","Stat1"
"19766","Hdac1","Stat2"
"19767","Hdac1","Eif2ak2"
"19768","Hdac1","Irf9"
"19769","Hdac2","Irf1"
"19770","Hdac2","Stat1"
"19771","Hdac2","Stat2"
"19772","Hdac2","Eif2ak2"
"19773","Hdac2","Irf9"
"19774","Pik3r3","Tcf7"
"19775","Pik3r3","Tcf7l1"
"19776","Pik3r3","Tcf7l2"
"19777","Pik3r3","Apc"
"19778","Fzd1,Lrp5","E2f1"
"19779","Fzd1,Lrp5","Rbl1"
"19780","Fzd1,Lrp5","Rb1"
"19781","Fzd1,Lrp5","Rbl2"
"19782","Fzd10,Lrp5","E2f1"
"19783","Fzd10,Lrp5","Rbl1"
"19784","Fzd10,Lrp5","Rb1"
"19785","Fzd10,Lrp5","Rbl2"
"19786","Fzd2,Lrp5","E2f1"
"19787","Fzd2,Lrp5","Rbl1"
"19788","Fzd2,Lrp5","Rb1"
"19789","Fzd2,Lrp5","Rbl2"
"19790","Fzd3,Lrp5","E2f1"
"19791","Fzd3,Lrp5","Rbl1"
"19792","Fzd3,Lrp5","Rb1"
"19793","Fzd3,Lrp5","Rbl2"
"19794","Fzd4,Lrp5","E2f1"
"19795","Fzd4,Lrp5","Rbl1"
"19796","Fzd4,Lrp5","Rb1"
"19797","Fzd4,Lrp5","Rbl2"
"19798","Fzd5,Lrp5","E2f1"
"19799","Fzd5,Lrp5","Rbl1"
"19800","Fzd5,Lrp5","Rb1"
"19801","Fzd5,Lrp5","Rbl2"
"19802","Fzd6,Lrp5","E2f1"
"19803","Fzd6,Lrp5","Rbl1"
"19804","Fzd6,Lrp5","Rb1"
"19805","Fzd6,Lrp5","Rbl2"
"19806","Fzd7,Lrp5","E2f1"
"19807","Fzd7,Lrp5","Rbl1"
"19808","Fzd7,Lrp5","Rb1"
"19809","Fzd7,Lrp5","Rbl2"
"19810","Fzd8,Lrp5","E2f1"
"19811","Fzd8,Lrp5","Rbl1"
"19812","Fzd8,Lrp5","Rb1"
"19813","Fzd8,Lrp5","Rbl2"
"19814","Fzd9,Lrp5","E2f1"
"19815","Fzd9,Lrp5","Rbl1"
"19816","Fzd9,Lrp5","Rb1"
"19817","Fzd9,Lrp5","Rbl2"
"19818","Fzd1,Lrp6","E2f1"
"19819","Fzd1,Lrp6","Rbl1"
"19820","Fzd1,Lrp6","Rb1"
"19821","Fzd1,Lrp6","Rbl2"
"19822","Fzd10,Lrp6","E2f1"
"19823","Fzd10,Lrp6","Rbl1"
"19824","Fzd10,Lrp6","Rb1"
"19825","Fzd10,Lrp6","Rbl2"
"19826","Fzd2,Lrp6","E2f1"
"19827","Fzd2,Lrp6","Rbl1"
"19828","Fzd2,Lrp6","Rb1"
"19829","Fzd2,Lrp6","Rbl2"
"19830","Fzd3,Lrp6","E2f1"
"19831","Fzd3,Lrp6","Rbl1"
"19832","Fzd3,Lrp6","Rb1"
"19833","Fzd3,Lrp6","Rbl2"
"19834","Fzd4,Lrp6","E2f1"
"19835","Fzd4,Lrp6","Rbl1"
"19836","Fzd4,Lrp6","Rb1"
"19837","Fzd4,Lrp6","Rbl2"
"19838","Fzd5,Lrp6","E2f1"
"19839","Fzd5,Lrp6","Rbl1"
"19840","Fzd5,Lrp6","Rb1"
"19841","Fzd5,Lrp6","Rbl2"
"19842","Fzd6,Lrp6","E2f1"
"19843","Fzd6,Lrp6","Rbl1"
"19844","Fzd6,Lrp6","Rb1"
"19845","Fzd6,Lrp6","Rbl2"
"19846","Fzd7,Lrp6","E2f1"
"19847","Fzd7,Lrp6","Rbl1"
"19848","Fzd7,Lrp6","Rb1"
"19849","Fzd7,Lrp6","Rbl2"
"19850","Fzd8,Lrp6","E2f1"
"19851","Fzd8,Lrp6","Rbl1"
"19852","Fzd8,Lrp6","Rb1"
"19853","Fzd8,Lrp6","Rbl2"
"19854","Fzd9,Lrp6","E2f1"
"19855","Fzd9,Lrp6","Rbl1"
"19856","Fzd9,Lrp6","Rb1"
"19857","Fzd9,Lrp6","Rbl2"
"19858","Egfr,Erbb2","Rbl1"
"19859","Egfr,Erbb2","Apc"
"19860","Pard3","Akt1"
"19861","Pard3","Ctnnb1"
"19862","Pard3","E2f1"
"19863","Pard3","Foxo1"
"19864","Pard3","Nfkb1"
"19865","Pard3","Rbl1"
"19866","Pard3","Rela"
"19867","Pard3","Tcf7"
"19868","Pard3","Tcf7l1"
"19869","Pard3","Tcf7l2"
"19870","Pard3","Trp53"
"19871","Pard3","Apc"
"19872","Pard3","Ikbkb"
"19873","Pard3","Mdm2"
"19874","Pard3","Rb1"
"19875","Pard3","Rbl2"
"19876","Pard3","Ikbkg"
"19877","Jag1","Hes6"
"19878","Jag1","Hes7"
"19879","Cd3d","Nfkb2"
"19880","Cd3d","Relb"
"19881","Cd3d","Csf2"
"19882","Cd3g","Nfkb2"
"19883","Cd3g","Relb"
"19884","Cd3g","Csf2"
"19885","Cd40","Csf2"
"19886","Tnfrsf1a","Csf2"
"19887","Il1r1","Csf2"
"19888","Il1r2","Nfkb2"
"19889","Il1r2","Relb"
"19890","Il1r2","Csf2"
"19891","Il1r2","Ikbkb"
"19892","Il1r2","Nfkbia"
"19893","Il1r2","Ikbkg"
"19894","Ltbr","Csf2"
"19895","Tnfrsf13c","Csf2"
"19896","Pik3r1","Nfkb2"
"19897","Pik3r1","Relb"
"19898","Pik3r2","Nfkb2"
"19899","Pik3r2","Relb"
"19900","Pik3r3","Nfkb2"
"19901","Pik3r3","Relb"
"19902","Map3k3","Nfkb2"
"19903","Map3k3","Relb"
"19904","Map3k3","Csf2"
"19905","Map3k3","Ikbkg"
"19906","Il1r1,Il1rap","Csf2"
"19907","Traf3","Crebbp"
"19908","Traf3","Ep300"
"19909","Ifnar1","Crebbp"
"19910","Ifnar1","Ep300"
"19911","Ifnar2","Crebbp"
"19912","Ifnar2","Ep300"
"19913","Ifnar2","Irf3"
"19914","Ep300","Irf3"
"19915","Ep300","Irf7"
"19916","Ep300","Eif2ak2"
"19917","Crebbp","Irf3"
"19918","Crebbp","Irf7"
"19919","Crebbp","Eif2ak2"
"19920","Mapk14","Zfp36"
"19921","Ifnar1,Ifnar2","Crebbp"
"19922","Ifnar1,Ifnar2","Ep300"
"19923","Tlr3","Crebbp"
"19924","Tlr3","Ep300"
"19925","Itpr3","Nfatc1"
"19926","Itpr3","Nfatc2"
"19927","Itpr3","Nfatc3"
"19928","Itpr3","Nfatc4"
"19929","Itga5","Irf3"
"19930","Itga5","Stat1"
"19931","Itga5","Stat2"
"19932","Itga5","Eif2ak2"
"19933","Itga5","Irf9"
"19934","Itga5","Zfp13"
"19935","Itga5","Zfp661"
"19936","Itga5","Zfp764"
"19937","Itgb3","Irf3"
"19938","Itgb3","Stat2"
"19939","Itgb3","Eif2ak2"
"19940","Itgb3","Irf9"
"19941","Itgb3","Zfp13"
"19942","Itgb3","Zfp661"
"19943","Itgb3","Zfp764"
"19944","Tlr2","Zfp13"
"19945","Tlr2","Zfp661"
"19946","Tlr2","Zfp764"
"19947","Tnfrsf14","Ikbkb"
"19948","Tnfrsf14","Nfkbia"
"19949","Tnfrsf14","Ikbkg"
"19950","Traf3","Zfp13"
"19951","Traf3","Zfp661"
"19952","Traf3","Zfp764"
"19953","Tlr9","Zfp13"
"19954","Tlr9","Zfp661"
"19955","Tlr9","Zfp764"
"19956","Ifnar1","Zfp13"
"19957","Ifnar1","Zfp661"
"19958","Ifnar1","Zfp764"
"19959","Ifnar2","Zfp13"
"19960","Ifnar2","Zfp661"
"19961","Ifnar2","Zfp764"
"19962","Ifngr1","Zfp13"
"19963","Ifngr1","Zfp661"
"19964","Ifngr1","Zfp764"
"19965","Ifngr2","Zfp13"
"19966","Ifngr2","Zfp661"
"19967","Ifngr2","Zfp764"
"19968","Chuk","Eif2ak2"
"19969","Chuk","Zfp13"
"19970","Chuk","Zfp661"
"19971","Chuk","Zfp764"
"19972","Src","Irf3"
"19973","Src","Stat1"
"19974","Src","Stat2"
"19975","Src","Eif2ak2"
"19976","Src","Irf9"
"19977","Src","Zfp13"
"19978","Src","Zfp661"
"19979","Src","Zfp764"
"19980","Itgav,Itgb3","Irf3"
"19981","Itgav,Itgb3","Stat2"
"19982","Itgav,Itgb3","Eif2ak2"
"19983","Itgav,Itgb3","Irf9"
"19984","Itgav,Itgb3","Zfp13"
"19985","Itgav,Itgb3","Zfp661"
"19986","Itgav,Itgb3","Zfp764"
"19987","Ifnar1,Ifnar2","Zfp13"
"19988","Ifnar1,Ifnar2","Zfp661"
"19989","Ifnar1,Ifnar2","Zfp764"
"19990","Ifngr1,Ifngr2","Zfp13"
"19991","Ifngr1,Ifngr2","Zfp661"
"19992","Ifngr1,Ifngr2","Zfp764"
"19993","Itga2b,Itgb3","Irf3"
"19994","Itga2b,Itgb3","Stat2"
"19995","Itga2b,Itgb3","Eif2ak2"
"19996","Itga2b,Itgb3","Irf9"
"19997","Itga2b,Itgb3","Zfp13"
"19998","Itga2b,Itgb3","Zfp661"
"19999","Itga2b,Itgb3","Zfp764"
"20000","Itga5,Itgb1","Irf3"
"20001","Itga5,Itgb1","Stat1"
"20002","Itga5,Itgb1","Stat2"
"20003","Itga5,Itgb1","Eif2ak2"
"20004","Itga5,Itgb1","Irf9"
"20005","Itga5,Itgb1","Zfp13"
"20006","Itga5,Itgb1","Zfp661"
"20007","Itga5,Itgb1","Zfp764"
"20008","Tlr3","Zfp13"
"20009","Tlr3","Zfp661"
"20010","Tlr3","Zfp764"
"20011","Tlr2","Tnfaip3"
"20012","Traf3","Akt1"
"20013","Hdac1","Runx3"
"20014","Hdac2","Runx3"
"20015","Mapk14","Tnfaip3"
"20016","Ccr5","Fos"
"20017","Ccr5","Jun"
"20018","Ccr5","Mapk10"
"20019","Ccr5","Mapk11"
"20020","Ccr5","Mapk12"
"20021","Ccr5","Mapk13"
"20022","Ccr5","Mapk14"
"20023","Ccr5","Mapk8"
"20024","Ccr5","Mapk9"
"20025","Ccr5","Tnf"
"20026","Cxcr4","Fos"
"20027","Cxcr4","Jun"
"20028","Cxcr4","Mapk10"
"20029","Cxcr4","Mapk8"
"20030","Cxcr4","Mapk9"
"20031","Cxcr4","Tnf"
"20032","Cd74,Cxcr4","Fos"
"20033","Cd74,Cxcr4","Jun"
"20034","Cd74,Cxcr4","Mapk10"
"20035","Cd74,Cxcr4","Mapk8"
"20036","Cd74,Cxcr4","Mapk9"
"20037","Cd74,Cxcr4","Tnf"
"20038","Bdkrb2","Ctnnb1"
"20039","Bdkrb2","E2f1"
"20040","Bdkrb2","E2f2"
"20041","Bdkrb2","E2f3"
"20042","Bdkrb2","Elk1"
"20043","Bdkrb2","Esr1"
"20044","Bdkrb2","Esr2"
"20045","Bdkrb2","Ets1"
"20046","Bdkrb2","Fos"
"20047","Bdkrb2","Foxo1"
"20048","Bdkrb2","Jun"
"20049","Bdkrb2","Jup"
"20050","Bdkrb2","Lef1"
"20051","Bdkrb2","Mapk10"
"20052","Bdkrb2","Mapk8"
"20053","Bdkrb2","Mapk9"
"20054","Bdkrb2","Max"
"20055","Bdkrb2","Myc"
"20056","Bdkrb2","Nfkb1"
"20057","Bdkrb2","Nfkb2"
"20058","Bdkrb2","Ppard"
"20059","Bdkrb2","Rela"
"20060","Bdkrb2","Sp1"
"20061","Bdkrb2","Tcf7"
"20062","Bdkrb2","Tcf7l1"
"20063","Bdkrb2","Tcf7l2"
"20064","Bdkrb2","Zbtb17"
"20065","Bdkrb2","Ccnd1"
"20066","Bdkrb2","Ikbkb"
"20067","Bdkrb2","Mdm2"
"20068","Bdkrb2","Mmp9"
"20069","Bdkrb2","Ncoa1"
"20070","Bdkrb2","Ncoa3"
"20071","Bdkrb2","Nfkbia"
"20072","Bdkrb2","Rala"
"20073","Bdkrb2","Rb1"
"20074","Bdkrb2","Rps6ka5"
"20075","Bdkrb2","Ddb2"
"20076","Bdkrb2","Ikbkg"
"20077","Itgb1","E2f1"
"20078","Itgb1","E2f2"
"20079","Itgb1","E2f3"
"20080","Itgb1","Foxo1"
"20081","Itgb1","Jup"
"20082","Itgb1","Lef1"
"20083","Itgb1","Max"
"20084","Itgb1","Nfkb2"
"20085","Itgb1","Ppard"
"20086","Itgb1","Tcf7"
"20087","Itgb1","Tcf7l1"
"20088","Itgb1","Tcf7l2"
"20089","Itgb1","Zbtb17"
"20090","Itgb1","Nfkbia"
"20091","Itgb1","Rb1"
"20092","Itgb1","Ddb2"
"20093","Itgav","Jup"
"20094","Itgav","Lef1"
"20095","Itgav","Max"
"20096","Itgav","Nfkb2"
"20097","Itgav","Ppard"
"20098","Itgav","Tcf7"
"20099","Itgav","Tcf7l1"
"20100","Itgav","Tcf7l2"
"20101","Itgav","Zbtb17"
"20102","Itgav","Mmp9"
"20103","Itgav","Nfkbia"
"20104","Itgav","Ddb2"
"20105","Notch1","Akt1"
"20106","Notch1","Ctnnb1"
"20107","Notch1","E2f1"
"20108","Notch1","E2f2"
"20109","Notch1","E2f3"
"20110","Notch1","Foxo1"
"20111","Notch1","Jup"
"20112","Notch1","Lef1"
"20113","Notch1","Max"
"20114","Notch1","Myc"
"20115","Notch1","Nfkb1"
"20116","Notch1","Nfkb2"
"20117","Notch1","Ppard"
"20118","Notch1","Rela"
"20119","Notch1","Stat2"
"20120","Notch1","Stat3"
"20121","Notch1","Tcf7"
"20122","Notch1","Tcf7l1"
"20123","Notch1","Tcf7l2"
"20124","Notch1","Trp53"
"20125","Notch1","Zbtb17"
"20126","Notch1","Ccnd1"
"20127","Notch1","Ikbkb"
"20128","Notch1","Mdm2"
"20129","Notch1","Mmp9"
"20130","Notch1","Nfkbia"
"20131","Notch1","Rb1"
"20132","Notch1","Ddb2"
"20133","Notch1","Ikbkg"
"20134","Itga6","E2f1"
"20135","Itga6","E2f2"
"20136","Itga6","E2f3"
"20137","Itga6","Foxo1"
"20138","Itga6","Jup"
"20139","Itga6","Lef1"
"20140","Itga6","Max"
"20141","Itga6","Nfkb2"
"20142","Itga6","Ppard"
"20143","Itga6","Tcf7"
"20144","Itga6","Tcf7l1"
"20145","Itga6","Tcf7l2"
"20146","Itga6","Zbtb17"
"20147","Itga6","Mmp9"
"20148","Itga6","Nfkbia"
"20149","Itga6","Rb1"
"20150","Itga6","Ddb2"
"20151","Itga3","E2f1"
"20152","Itga3","E2f2"
"20153","Itga3","E2f3"
"20154","Itga3","Foxo1"
"20155","Itga3","Jup"
"20156","Itga3","Lef1"
"20157","Itga3","Max"
"20158","Itga3","Nfkb2"
"20159","Itga3","Ppard"
"20160","Itga3","Tcf7"
"20161","Itga3","Tcf7l1"
"20162","Itga3","Tcf7l2"
"20163","Itga3","Zbtb17"
"20164","Itga3","Mmp9"
"20165","Itga3","Nfkbia"
"20166","Itga3","Rb1"
"20167","Itga3","Ddb2"
"20168","Egfr","Jup"
"20169","Egfr","Max"
"20170","Egfr","Ppard"
"20171","Egfr","Zbtb17"
"20172","Egfr","Rps6ka5"
"20173","Egfr","Ddb2"
"20174","Lrp6","E2f1"
"20175","Lrp6","E2f2"
"20176","Lrp6","E2f3"
"20177","Lrp6","Jup"
"20178","Lrp6","Max"
"20179","Lrp6","Zbtb17"
"20180","Lrp6","Mmp9"
"20181","Lrp6","Rb1"
"20182","Lrp5","E2f1"
"20183","Lrp5","E2f2"
"20184","Lrp5","E2f3"
"20185","Lrp5","Jup"
"20186","Lrp5","Max"
"20187","Lrp5","Zbtb17"
"20188","Lrp5","Mmp9"
"20189","Lrp5","Rb1"
"20190","Ret","Akt1"
"20191","Ret","Ctnnb1"
"20192","Ret","E2f1"
"20193","Ret","E2f2"
"20194","Ret","E2f3"
"20195","Ret","Esr1"
"20196","Ret","Esr2"
"20197","Ret","Ets1"
"20198","Ret","Fos"
"20199","Ret","Foxo1"
"20200","Ret","Jun"
"20201","Ret","Jup"
"20202","Ret","Lef1"
"20203","Ret","Mapk1"
"20204","Ret","Mapk10"
"20205","Ret","Mapk3"
"20206","Ret","Mapk8"
"20207","Ret","Mapk9"
"20208","Ret","Max"
"20209","Ret","Myc"
"20210","Ret","Nfkb1"
"20211","Ret","Nfkb2"
"20212","Ret","Ppard"
"20213","Ret","Rela"
"20214","Ret","Sp1"
"20215","Ret","Tcf7"
"20216","Ret","Tcf7l1"
"20217","Ret","Tcf7l2"
"20218","Ret","Trp53"
"20219","Ret","Zbtb17"
"20220","Ret","Ccnd1"
"20221","Ret","Ikbkb"
"20222","Ret","Mdm2"
"20223","Ret","Mmp9"
"20224","Ret","Ncoa1"
"20225","Ret","Ncoa3"
"20226","Ret","Nfkbia"
"20227","Ret","Raf1"
"20228","Ret","Rala"
"20229","Ret","Rb1"
"20230","Ret","Rps6ka5"
"20231","Ret","Ddb2"
"20232","Ret","Ikbkg"
"20233","Erbb2","E2f1"
"20234","Erbb2","E2f2"
"20235","Erbb2","E2f3"
"20236","Erbb2","Foxo1"
"20237","Erbb2","Jup"
"20238","Erbb2","Max"
"20239","Erbb2","Ppard"
"20240","Erbb2","Stat1"
"20241","Erbb2","Stat2"
"20242","Erbb2","Stat4"
"20243","Erbb2","Stat6"
"20244","Erbb2","Zbtb17"
"20245","Erbb2","Nfkbia"
"20246","Erbb2","Rb1"
"20247","Erbb2","Ddb2"
"20248","Itga2b","E2f1"
"20249","Itga2b","E2f2"
"20250","Itga2b","E2f3"
"20251","Itga2b","Foxo1"
"20252","Itga2b","Jup"
"20253","Itga2b","Lef1"
"20254","Itga2b","Max"
"20255","Itga2b","Nfkb2"
"20256","Itga2b","Ppard"
"20257","Itga2b","Tcf7"
"20258","Itga2b","Tcf7l1"
"20259","Itga2b","Tcf7l2"
"20260","Itga2b","Zbtb17"
"20261","Itga2b","Mmp9"
"20262","Itga2b","Nfkbia"
"20263","Itga2b","Rb1"
"20264","Itga2b","Ddb2"
"20265","Igf1r","E2f1"
"20266","Igf1r","E2f2"
"20267","Igf1r","E2f3"
"20268","Igf1r","Jup"
"20269","Igf1r","Max"
"20270","Igf1r","Ppard"
"20271","Igf1r","Zbtb17"
"20272","Igf1r","Ncoa1"
"20273","Igf1r","Nfkbia"
"20274","Igf1r","Rb1"
"20275","Igf1r","Rps6ka5"
"20276","Igf1r","Ddb2"
"20277","Itga2","E2f1"
"20278","Itga2","E2f2"
"20279","Itga2","E2f3"
"20280","Itga2","Foxo1"
"20281","Itga2","Jup"
"20282","Itga2","Lef1"
"20283","Itga2","Max"
"20284","Itga2","Nfkb2"
"20285","Itga2","Ppard"
"20286","Itga2","Tcf7"
"20287","Itga2","Tcf7l1"
"20288","Itga2","Tcf7l2"
"20289","Itga2","Zbtb17"
"20290","Itga2","Mmp9"
"20291","Itga2","Nfkbia"
"20292","Itga2","Rb1"
"20293","Itga2","Ddb2"
"20294","Kit","E2f1"
"20295","Kit","E2f2"
"20296","Kit","E2f3"
"20297","Kit","Esr1"
"20298","Kit","Esr2"
"20299","Kit","Foxo1"
"20300","Kit","Jup"
"20301","Kit","Lef1"
"20302","Kit","Max"
"20303","Kit","Ppard"
"20304","Kit","Sp1"
"20305","Kit","Tcf7"
"20306","Kit","Tcf7l1"
"20307","Kit","Tcf7l2"
"20308","Kit","Zbtb17"
"20309","Kit","Mmp9"
"20310","Kit","Ncoa1"
"20311","Kit","Ncoa3"
"20312","Kit","Nfkbia"
"20313","Kit","Rb1"
"20314","Kit","Rps6ka5"
"20315","Kit","Ddb2"
"20316","Ntrk1","Ctnnb1"
"20317","Ntrk1","E2f1"
"20318","Ntrk1","E2f2"
"20319","Ntrk1","E2f3"
"20320","Ntrk1","Esr1"
"20321","Ntrk1","Esr2"
"20322","Ntrk1","Foxo1"
"20323","Ntrk1","Jup"
"20324","Ntrk1","Lef1"
"20325","Ntrk1","Max"
"20326","Ntrk1","Ppard"
"20327","Ntrk1","Sp1"
"20328","Ntrk1","Tcf7"
"20329","Ntrk1","Tcf7l1"
"20330","Ntrk1","Tcf7l2"
"20331","Ntrk1","Zbtb17"
"20332","Ntrk1","Mmp9"
"20333","Ntrk1","Ncoa1"
"20334","Ntrk1","Ncoa3"
"20335","Ntrk1","Rb1"
"20336","Ntrk1","Ddb2"
"20337","Fzd3","E2f2"
"20338","Fzd3","E2f3"
"20339","Fzd3","Jup"
"20340","Fzd3","Max"
"20341","Fzd3","Zbtb17"
"20342","Fzd3","Mmp9"
"20343","Fzd5","E2f2"
"20344","Fzd5","E2f3"
"20345","Fzd5","Jup"
"20346","Fzd5","Max"
"20347","Fzd5","Zbtb17"
"20348","Fzd5","Mmp9"
"20349","Fzd6","E2f2"
"20350","Fzd6","E2f3"
"20351","Fzd6","Jup"
"20352","Fzd6","Max"
"20353","Fzd6","Zbtb17"
"20354","Fzd6","Mmp9"
"20355","Met","E2f1"
"20356","Met","E2f2"
"20357","Met","E2f3"
"20358","Met","Esr1"
"20359","Met","Esr2"
"20360","Met","Foxo1"
"20361","Met","Jup"
"20362","Met","Max"
"20363","Met","Ppard"
"20364","Met","Sp1"
"20365","Met","Zbtb17"
"20366","Met","Mmp9"
"20367","Met","Ncoa1"
"20368","Met","Ncoa3"
"20369","Met","Nfkbia"
"20370","Met","Rb1"
"20371","Met","Rps6ka5"
"20372","Met","Ddb2"
"20373","Ptch1","Ctnnb1"
"20374","Ptch1","E2f1"
"20375","Ptch1","E2f2"
"20376","Ptch1","E2f3"
"20377","Ptch1","Jup"
"20378","Ptch1","Lef1"
"20379","Ptch1","Max"
"20380","Ptch1","Myc"
"20381","Ptch1","Ppard"
"20382","Ptch1","Tcf7"
"20383","Ptch1","Tcf7l1"
"20384","Ptch1","Tcf7l2"
"20385","Ptch1","Zbtb17"
"20386","Ptch1","Bmp4"
"20387","Ptch1","Mmp9"
"20388","Ptch1","Rb1"
"20389","Ptch1","Wnt1"
"20390","Ptch1","Wnt5a"
"20391","Notch2","Akt1"
"20392","Notch2","Ctnnb1"
"20393","Notch2","E2f1"
"20394","Notch2","E2f2"
"20395","Notch2","E2f3"
"20396","Notch2","Foxo1"
"20397","Notch2","Jup"
"20398","Notch2","Lef1"
"20399","Notch2","Max"
"20400","Notch2","Myc"
"20401","Notch2","Nfkb1"
"20402","Notch2","Nfkb2"
"20403","Notch2","Ppard"
"20404","Notch2","Rela"
"20405","Notch2","Stat2"
"20406","Notch2","Stat3"
"20407","Notch2","Tcf7"
"20408","Notch2","Tcf7l1"
"20409","Notch2","Tcf7l2"
"20410","Notch2","Trp53"
"20411","Notch2","Zbtb17"
"20412","Notch2","Ccnd1"
"20413","Notch2","Ikbkb"
"20414","Notch2","Mdm2"
"20415","Notch2","Mmp9"
"20416","Notch2","Nfkbia"
"20417","Notch2","Rb1"
"20418","Notch2","Ddb2"
"20419","Notch2","Ikbkg"
"20420","Notch3","Akt1"
"20421","Notch3","Ctnnb1"
"20422","Notch3","E2f1"
"20423","Notch3","E2f2"
"20424","Notch3","E2f3"
"20425","Notch3","Foxo1"
"20426","Notch3","Jup"
"20427","Notch3","Lef1"
"20428","Notch3","Max"
"20429","Notch3","Myc"
"20430","Notch3","Nfkb2"
"20431","Notch3","Ppard"
"20432","Notch3","Stat2"
"20433","Notch3","Stat3"
"20434","Notch3","Tcf7"
"20435","Notch3","Tcf7l1"
"20436","Notch3","Tcf7l2"
"20437","Notch3","Trp53"
"20438","Notch3","Zbtb17"
"20439","Notch3","Ikbkb"
"20440","Notch3","Mdm2"
"20441","Notch3","Mmp9"
"20442","Notch3","Rb1"
"20443","Notch3","Ddb2"
"20444","Notch3","Ikbkg"
"20445","Notch4","Akt1"
"20446","Notch4","Ctnnb1"
"20447","Notch4","E2f1"
"20448","Notch4","E2f2"
"20449","Notch4","E2f3"
"20450","Notch4","Foxo1"
"20451","Notch4","Jup"
"20452","Notch4","Lef1"
"20453","Notch4","Max"
"20454","Notch4","Myc"
"20455","Notch4","Nfkb1"
"20456","Notch4","Nfkb2"
"20457","Notch4","Ppard"
"20458","Notch4","Rela"
"20459","Notch4","Stat1"
"20460","Notch4","Stat2"
"20461","Notch4","Stat3"
"20462","Notch4","Stat4"
"20463","Notch4","Stat5a"
"20464","Notch4","Stat5b"
"20465","Notch4","Stat6"
"20466","Notch4","Tcf7"
"20467","Notch4","Tcf7l1"
"20468","Notch4","Tcf7l2"
"20469","Notch4","Trp53"
"20470","Notch4","Zbtb17"
"20471","Notch4","Ccnd1"
"20472","Notch4","Ikbkb"
"20473","Notch4","Mdm2"
"20474","Notch4","Mmp9"
"20475","Notch4","Nfkbia"
"20476","Notch4","Rb1"
"20477","Notch4","Ddb2"
"20478","Notch4","Ikbkg"
"20479","Ednra","Ctnnb1"
"20480","Ednra","E2f1"
"20481","Ednra","E2f2"
"20482","Ednra","E2f3"
"20483","Ednra","Elk1"
"20484","Ednra","Esr1"
"20485","Ednra","Esr2"
"20486","Ednra","Ets1"
"20487","Ednra","Foxo1"
"20488","Ednra","Jup"
"20489","Ednra","Lef1"
"20490","Ednra","Max"
"20491","Ednra","Myc"
"20492","Ednra","Nfkb2"
"20493","Ednra","Ppard"
"20494","Ednra","Sp1"
"20495","Ednra","Tcf7"
"20496","Ednra","Tcf7l1"
"20497","Ednra","Tcf7l2"
"20498","Ednra","Trp53"
"20499","Ednra","Zbtb17"
"20500","Ednra","Ccnd1"
"20501","Ednra","Ikbkb"
"20502","Ednra","Mdm2"
"20503","Ednra","Mmp9"
"20504","Ednra","Ncoa1"
"20505","Ednra","Ncoa3"
"20506","Ednra","Rala"
"20507","Ednra","Rb1"
"20508","Ednra","Rps6ka5"
"20509","Ednra","Ddb2"
"20510","Ednra","Ikbkg"
"20511","Ednrb","Ctnnb1"
"20512","Ednrb","E2f1"
"20513","Ednrb","E2f2"
"20514","Ednrb","E2f3"
"20515","Ednrb","Elk1"
"20516","Ednrb","Esr1"
"20517","Ednrb","Esr2"
"20518","Ednrb","Ets1"
"20519","Ednrb","Foxo1"
"20520","Ednrb","Jup"
"20521","Ednrb","Lef1"
"20522","Ednrb","Max"
"20523","Ednrb","Myc"
"20524","Ednrb","Nfkb2"
"20525","Ednrb","Ppard"
"20526","Ednrb","Sp1"
"20527","Ednrb","Tcf7"
"20528","Ednrb","Tcf7l1"
"20529","Ednrb","Tcf7l2"
"20530","Ednrb","Trp53"
"20531","Ednrb","Zbtb17"
"20532","Ednrb","Ccnd1"
"20533","Ednrb","Ikbkb"
"20534","Ednrb","Mdm2"
"20535","Ednrb","Ncoa1"
"20536","Ednrb","Ncoa3"
"20537","Ednrb","Rala"
"20538","Ednrb","Rb1"
"20539","Ednrb","Rps6ka5"
"20540","Ednrb","Ddb2"
"20541","Ednrb","Ikbkg"
"20542","Fgfr1","E2f1"
"20543","Fgfr1","E2f2"
"20544","Fgfr1","E2f3"
"20545","Fgfr1","Esr1"
"20546","Fgfr1","Esr2"
"20547","Fgfr1","Foxo1"
"20548","Fgfr1","Jup"
"20549","Fgfr1","Lef1"
"20550","Fgfr1","Max"
"20551","Fgfr1","Ppard"
"20552","Fgfr1","Sp1"
"20553","Fgfr1","Tcf7"
"20554","Fgfr1","Tcf7l1"
"20555","Fgfr1","Tcf7l2"
"20556","Fgfr1","Zbtb17"
"20557","Fgfr1","Mmp9"
"20558","Fgfr1","Ncoa1"
"20559","Fgfr1","Ncoa3"
"20560","Fgfr1","Nfkbia"
"20561","Fgfr1","Rb1"
"20562","Fgfr1","Rps6ka5"
"20563","Fgfr1","Ddb2"
"20564","Fgfr2","E2f1"
"20565","Fgfr2","E2f2"
"20566","Fgfr2","E2f3"
"20567","Fgfr2","Esr1"
"20568","Fgfr2","Esr2"
"20569","Fgfr2","Foxo1"
"20570","Fgfr2","Jup"
"20571","Fgfr2","Lef1"
"20572","Fgfr2","Max"
"20573","Fgfr2","Ppard"
"20574","Fgfr2","Sp1"
"20575","Fgfr2","Tcf7"
"20576","Fgfr2","Tcf7l1"
"20577","Fgfr2","Tcf7l2"
"20578","Fgfr2","Zbtb17"
"20579","Fgfr2","Mmp9"
"20580","Fgfr2","Ncoa1"
"20581","Fgfr2","Ncoa3"
"20582","Fgfr2","Nfkbia"
"20583","Fgfr2","Rb1"
"20584","Fgfr2","Rps6ka5"
"20585","Fgfr2","Ddb2"
"20586","Fgfr3","E2f1"
"20587","Fgfr3","E2f2"
"20588","Fgfr3","E2f3"
"20589","Fgfr3","Esr1"
"20590","Fgfr3","Esr2"
"20591","Fgfr3","Foxo1"
"20592","Fgfr3","Jup"
"20593","Fgfr3","Lef1"
"20594","Fgfr3","Max"
"20595","Fgfr3","Ppard"
"20596","Fgfr3","Sp1"
"20597","Fgfr3","Tcf7"
"20598","Fgfr3","Tcf7l1"
"20599","Fgfr3","Tcf7l2"
"20600","Fgfr3","Zbtb17"
"20601","Fgfr3","Mmp9"
"20602","Fgfr3","Ncoa1"
"20603","Fgfr3","Ncoa3"
"20604","Fgfr3","Nfkbia"
"20605","Fgfr3","Rb1"
"20606","Fgfr3","Rps6ka5"
"20607","Fgfr3","Ddb2"
"20608","Fgfr4","E2f1"
"20609","Fgfr4","E2f2"
"20610","Fgfr4","E2f3"
"20611","Fgfr4","Esr1"
"20612","Fgfr4","Esr2"
"20613","Fgfr4","Foxo1"
"20614","Fgfr4","Jup"
"20615","Fgfr4","Lef1"
"20616","Fgfr4","Max"
"20617","Fgfr4","Ppard"
"20618","Fgfr4","Sp1"
"20619","Fgfr4","Tcf7"
"20620","Fgfr4","Tcf7l1"
"20621","Fgfr4","Tcf7l2"
"20622","Fgfr4","Zbtb17"
"20623","Fgfr4","Mmp9"
"20624","Fgfr4","Ncoa1"
"20625","Fgfr4","Ncoa3"
"20626","Fgfr4","Nfkbia"
"20627","Fgfr4","Rb1"
"20628","Fgfr4","Rps6ka5"
"20629","Fgfr4","Ddb2"
"20630","Flt3","Ctnnb1"
"20631","Flt3","E2f1"
"20632","Flt3","E2f2"
"20633","Flt3","E2f3"
"20634","Flt3","Esr1"
"20635","Flt3","Esr2"
"20636","Flt3","Foxo1"
"20637","Flt3","Jup"
"20638","Flt3","Lef1"
"20639","Flt3","Max"
"20640","Flt3","Ppard"
"20641","Flt3","Sp1"
"20642","Flt3","Tcf7"
"20643","Flt3","Tcf7l1"
"20644","Flt3","Tcf7l2"
"20645","Flt3","Zbtb17"
"20646","Flt3","Mmp9"
"20647","Flt3","Ncoa1"
"20648","Flt3","Ncoa3"
"20649","Flt3","Nfkbia"
"20650","Flt3","Rb1"
"20651","Flt3","Rps6ka5"
"20652","Flt3","Ddb2"
"20653","Fzd8","E2f2"
"20654","Fzd8","E2f3"
"20655","Fzd8","Jup"
"20656","Fzd8","Max"
"20657","Fzd8","Zbtb17"
"20658","Fzd8","Mmp9"
"20659","Bdkrb1","Akt1"
"20660","Bdkrb1","Ctnnb1"
"20661","Bdkrb1","E2f1"
"20662","Bdkrb1","E2f2"
"20663","Bdkrb1","E2f3"
"20664","Bdkrb1","Elk1"
"20665","Bdkrb1","Esr1"
"20666","Bdkrb1","Esr2"
"20667","Bdkrb1","Ets1"
"20668","Bdkrb1","Fos"
"20669","Bdkrb1","Foxo1"
"20670","Bdkrb1","Jun"
"20671","Bdkrb1","Jup"
"20672","Bdkrb1","Lef1"
"20673","Bdkrb1","Mapk1"
"20674","Bdkrb1","Mapk10"
"20675","Bdkrb1","Mapk3"
"20676","Bdkrb1","Mapk8"
"20677","Bdkrb1","Mapk9"
"20678","Bdkrb1","Max"
"20679","Bdkrb1","Myc"
"20680","Bdkrb1","Nfkb1"
"20681","Bdkrb1","Nfkb2"
"20682","Bdkrb1","Ppard"
"20683","Bdkrb1","Rela"
"20684","Bdkrb1","Sp1"
"20685","Bdkrb1","Tcf7"
"20686","Bdkrb1","Tcf7l1"
"20687","Bdkrb1","Tcf7l2"
"20688","Bdkrb1","Trp53"
"20689","Bdkrb1","Zbtb17"
"20690","Bdkrb1","Ccnd1"
"20691","Bdkrb1","Ikbkb"
"20692","Bdkrb1","Mdm2"
"20693","Bdkrb1","Mmp9"
"20694","Bdkrb1","Ncoa1"
"20695","Bdkrb1","Ncoa3"
"20696","Bdkrb1","Nfkbia"
"20697","Bdkrb1","Raf1"
"20698","Bdkrb1","Rala"
"20699","Bdkrb1","Rb1"
"20700","Bdkrb1","Rps6ka5"
"20701","Bdkrb1","Ddb2"
"20702","Bdkrb1","Ikbkg"
"20703","Alk","Akt1"
"20704","Alk","Ctnnb1"
"20705","Alk","E2f1"
"20706","Alk","E2f2"
"20707","Alk","E2f3"
"20708","Alk","Elk1"
"20709","Alk","Esr1"
"20710","Alk","Esr2"
"20711","Alk","Ets1"
"20712","Alk","Fos"
"20713","Alk","Foxo1"
"20714","Alk","Jun"
"20715","Alk","Jup"
"20716","Alk","Lef1"
"20717","Alk","Mapk1"
"20718","Alk","Mapk10"
"20719","Alk","Mapk3"
"20720","Alk","Mapk8"
"20721","Alk","Mapk9"
"20722","Alk","Max"
"20723","Alk","Myc"
"20724","Alk","Nfkb1"
"20725","Alk","Nfkb2"
"20726","Alk","Ppard"
"20727","Alk","Rela"
"20728","Alk","Sp1"
"20729","Alk","Stat1"
"20730","Alk","Stat2"
"20731","Alk","Stat3"
"20732","Alk","Stat4"
"20733","Alk","Stat5a"
"20734","Alk","Stat5b"
"20735","Alk","Stat6"
"20736","Alk","Tcf7"
"20737","Alk","Tcf7l1"
"20738","Alk","Tcf7l2"
"20739","Alk","Trp53"
"20740","Alk","Zbtb17"
"20741","Alk","Ccnd1"
"20742","Alk","Ikbkb"
"20743","Alk","Mdm2"
"20744","Alk","Mmp9"
"20745","Alk","Ncoa1"
"20746","Alk","Ncoa3"
"20747","Alk","Nfkbia"
"20748","Alk","Raf1"
"20749","Alk","Rala"
"20750","Alk","Rb1"
"20751","Alk","Rps6ka5"
"20752","Alk","Ddb2"
"20753","Alk","Ikbkg"
"20754","Pdgfrb","E2f2"
"20755","Pdgfrb","E2f3"
"20756","Pdgfrb","Esr1"
"20757","Pdgfrb","Esr2"
"20758","Pdgfrb","Jup"
"20759","Pdgfrb","Lef1"
"20760","Pdgfrb","Max"
"20761","Pdgfrb","Ppard"
"20762","Pdgfrb","Sp1"
"20763","Pdgfrb","Zbtb17"
"20764","Pdgfrb","Mmp9"
"20765","Pdgfrb","Ncoa1"
"20766","Pdgfrb","Ncoa3"
"20767","Pdgfrb","Nfkbia"
"20768","Pdgfrb","Rps6ka5"
"20769","Pdgfrb","Ddb2"
"20770","Fzd1","E2f2"
"20771","Fzd1","E2f3"
"20772","Fzd1","Jup"
"20773","Fzd1","Max"
"20774","Fzd1","Zbtb17"
"20775","Fzd1","Mmp9"
"20776","Fzd10","E2f2"
"20777","Fzd10","E2f3"
"20778","Fzd10","Jup"
"20779","Fzd10","Max"
"20780","Fzd10","Zbtb17"
"20781","Fzd10","Mmp9"
"20782","Fzd4","E2f2"
"20783","Fzd4","E2f3"
"20784","Fzd4","Jup"
"20785","Fzd4","Max"
"20786","Fzd4","Zbtb17"
"20787","Fzd4","Mmp9"
"20788","Fzd7","E2f2"
"20789","Fzd7","E2f3"
"20790","Fzd7","Jup"
"20791","Fzd7","Max"
"20792","Fzd7","Zbtb17"
"20793","Fzd7","Mmp9"
"20794","Pdgfra","Esr1"
"20795","Pdgfra","Esr2"
"20796","Pdgfra","Foxo1"
"20797","Pdgfra","Jup"
"20798","Pdgfra","Lef1"
"20799","Pdgfra","Max"
"20800","Pdgfra","Ppard"
"20801","Pdgfra","Tcf7"
"20802","Pdgfra","Tcf7l1"
"20803","Pdgfra","Tcf7l2"
"20804","Pdgfra","Zbtb17"
"20805","Pdgfra","Mmp9"
"20806","Pdgfra","Ncoa1"
"20807","Pdgfra","Ncoa3"
"20808","Pdgfra","Rps6ka5"
"20809","Pdgfra","Ddb2"
"20810","Fzd2","E2f2"
"20811","Fzd2","E2f3"
"20812","Fzd2","Jup"
"20813","Fzd2","Max"
"20814","Fzd2","Zbtb17"
"20815","Fzd2","Mmp9"
"20816","Smo","Ctnnb1"
"20817","Smo","E2f1"
"20818","Smo","E2f2"
"20819","Smo","E2f3"
"20820","Smo","Jup"
"20821","Smo","Lef1"
"20822","Smo","Max"
"20823","Smo","Myc"
"20824","Smo","Ppard"
"20825","Smo","Tcf7"
"20826","Smo","Tcf7l1"
"20827","Smo","Tcf7l2"
"20828","Smo","Zbtb17"
"20829","Smo","Bmp4"
"20830","Smo","Mmp9"
"20831","Smo","Rb1"
"20832","Smo","Wnt1"
"20833","Smo","Wnt5a"
"20834","Fzd9","E2f2"
"20835","Fzd9","E2f3"
"20836","Fzd9","Jup"
"20837","Fzd9","Max"
"20838","Fzd9","Zbtb17"
"20839","Fzd9","Mmp9"
"20840","Abl1","Ctnnb1"
"20841","Abl1","Esr1"
"20842","Abl1","Esr2"
"20843","Abl1","Ets1"
"20844","Abl1","Fos"
"20845","Abl1","Foxo1"
"20846","Abl1","Jup"
"20847","Abl1","Lef1"
"20848","Abl1","Max"
"20849","Abl1","Nfkb2"
"20850","Abl1","Ppard"
"20851","Abl1","Sp1"
"20852","Abl1","Stat5a"
"20853","Abl1","Stat5b"
"20854","Abl1","Tcf7"
"20855","Abl1","Tcf7l1"
"20856","Abl1","Tcf7l2"
"20857","Abl1","Mdm2"
"20858","Abl1","Mmp9"
"20859","Abl1","Ncoa1"
"20860","Abl1","Ncoa3"
"20861","Abl1","Rala"
"20862","Abl1","Ddb2"
"20863","Abl1","Ikbkg"
"20864","Hsp90b1","Ar"
"20865","Ep300","Elk1"
"20866","Ep300","Epas1"
"20867","Ep300","Esr1"
"20868","Ep300","Esr2"
"20869","Ep300","Ets1"
"20870","Ep300","Jup"
"20871","Ep300","Max"
"20872","Ep300","Nfkb1"
"20873","Ep300","Nfkb2"
"20874","Ep300","Rela"
"20875","Ep300","Smad2"
"20876","Ep300","Smad3"
"20877","Ep300","Smad4"
"20878","Ep300","Sp1"
"20879","Ep300","Ikbkb"
"20880","Ep300","Mmp9"
"20881","Ep300","Ncoa1"
"20882","Ep300","Ncoa3"
"20883","Ep300","Nfkbia"
"20884","Ep300","Rala"
"20885","Ep300","Rps6ka5"
"20886","Ep300","Tgfb1"
"20887","Ep300","Ddb2"
"20888","Ep300","Ikbkg"
"20889","Gsk3b","Jup"
"20890","Gsk3b","Max"
"20891","Gsk3b","Mmp9"
"20892","Pik3r1","Jup"
"20893","Pik3r1","Lef1"
"20894","Pik3r1","Max"
"20895","Pik3r1","Ppard"
"20896","Pik3r1","Zbtb17"
"20897","Pik3r1","Ddb2"
"20898","Pik3r2","Jup"
"20899","Pik3r2","Lef1"
"20900","Pik3r2","Max"
"20901","Pik3r2","Ppard"
"20902","Pik3r2","Zbtb17"
"20903","Pik3r2","Ddb2"
"20904","Crebbp","Elk1"
"20905","Crebbp","Epas1"
"20906","Crebbp","Esr1"
"20907","Crebbp","Esr2"
"20908","Crebbp","Ets1"
"20909","Crebbp","Jup"
"20910","Crebbp","Max"
"20911","Crebbp","Nfkb1"
"20912","Crebbp","Nfkb2"
"20913","Crebbp","Rela"
"20914","Crebbp","Smad2"
"20915","Crebbp","Smad3"
"20916","Crebbp","Smad4"
"20917","Crebbp","Sp1"
"20918","Crebbp","Ikbkb"
"20919","Crebbp","Mmp9"
"20920","Crebbp","Ncoa1"
"20921","Crebbp","Ncoa3"
"20922","Crebbp","Nfkbia"
"20923","Crebbp","Rala"
"20924","Crebbp","Rps6ka5"
"20925","Crebbp","Tgfb1"
"20926","Crebbp","Ddb2"
"20927","Crebbp","Ikbkg"
"20928","Bcr","Akt1"
"20929","Bcr","Ctnnb1"
"20930","Bcr","E2f1"
"20931","Bcr","E2f2"
"20932","Bcr","E2f3"
"20933","Bcr","Esr1"
"20934","Bcr","Esr2"
"20935","Bcr","Ets1"
"20936","Bcr","Fos"
"20937","Bcr","Foxo1"
"20938","Bcr","Jun"
"20939","Bcr","Jup"
"20940","Bcr","Lef1"
"20941","Bcr","Mapk1"
"20942","Bcr","Mapk10"
"20943","Bcr","Mapk3"
"20944","Bcr","Mapk8"
"20945","Bcr","Mapk9"
"20946","Bcr","Max"
"20947","Bcr","Myc"
"20948","Bcr","Nfkb1"
"20949","Bcr","Nfkb2"
"20950","Bcr","Ppard"
"20951","Bcr","Rela"
"20952","Bcr","Sos1"
"20953","Bcr","Sos2"
"20954","Bcr","Sp1"
"20955","Bcr","Stat5a"
"20956","Bcr","Stat5b"
"20957","Bcr","Tcf7"
"20958","Bcr","Tcf7l1"
"20959","Bcr","Tcf7l2"
"20960","Bcr","Trp53"
"20961","Bcr","Zbtb17"
"20962","Bcr","Ccnd1"
"20963","Bcr","Ikbkb"
"20964","Bcr","Mdm2"
"20965","Bcr","Mmp9"
"20966","Bcr","Ncoa1"
"20967","Bcr","Ncoa3"
"20968","Bcr","Nfkbia"
"20969","Bcr","Raf1"
"20970","Bcr","Rala"
"20971","Bcr","Rb1"
"20972","Bcr","Rps6ka5"
"20973","Bcr","Ddb2"
"20974","Bcr","Ikbkg"
"20975","Plcb2","E2f1"
"20976","Plcb2","E2f2"
"20977","Plcb2","E2f3"
"20978","Plcb2","Ets1"
"20979","Plcb2","Jup"
"20980","Plcb2","Lef1"
"20981","Plcb2","Max"
"20982","Plcb2","Nfkb2"
"20983","Plcb2","Ppard"
"20984","Plcb2","Tcf7"
"20985","Plcb2","Tcf7l1"
"20986","Plcb2","Tcf7l2"
"20987","Plcb2","Zbtb17"
"20988","Plcb2","Rb1"
"20989","Plcb2","Ddb2"
"20990","Ptk2","E2f1"
"20991","Ptk2","E2f2"
"20992","Ptk2","E2f3"
"20993","Ptk2","Foxo1"
"20994","Ptk2","Jup"
"20995","Ptk2","Lef1"
"20996","Ptk2","Max"
"20997","Ptk2","Nfkb2"
"20998","Ptk2","Ppard"
"20999","Ptk2","Tcf7"
"21000","Ptk2","Tcf7l1"
"21001","Ptk2","Tcf7l2"
"21002","Ptk2","Zbtb17"
"21003","Ptk2","Nfkbia"
"21004","Ptk2","Rb1"
"21005","Ptk2","Ddb2"
"21006","Esr1","E2f1"
"21007","Esr1","E2f2"
"21008","Esr1","E2f3"
"21009","Esr1","Max"
"21010","Esr1","Myc"
"21011","Esr1","Ppard"
"21012","Esr1","Zbtb17"
"21013","Esr1","Ccnd1"
"21014","Esr1","Rb1"
"21015","Rara","E2f1"
"21016","Rara","E2f2"
"21017","Rara","E2f3"
"21018","Rara","Jup"
"21019","Rara","Lef1"
"21020","Rara","Max"
"21021","Rara","Myc"
"21022","Rara","Ppard"
"21023","Rara","Tcf7"
"21024","Rara","Tcf7l1"
"21025","Rara","Tcf7l2"
"21026","Rara","Zbtb17"
"21027","Rara","Ccnd1"
"21028","Rara","Mmp9"
"21029","Rara","Rb1"
"21030","Rara","Spi1"
"21031","Rxra","Pax8"
"21032","Rxra","Pparg"
"21033","Pik3r3","Jup"
"21034","Pik3r3","Lef1"
"21035","Pik3r3","Max"
"21036","Pik3r3","Ppard"
"21037","Pik3r3","Zbtb17"
"21038","Pik3r3","Ddb2"
"21039","Pparg","Rarb"
"21040","Pparg","Rxra"
"21041","Pparg","Rxrb"
"21042","Pparg","Rxrg"
"21043","Raf1","Max"
"21044","Raf1","Ppard"
"21045","Raf1","Zbtb17"
"21046","Prkca","Esr2"
"21047","Prkca","Ets1"
"21048","Prkca","Jup"
"21049","Prkca","Lef1"
"21050","Prkca","Max"
"21051","Prkca","Ppard"
"21052","Prkca","Sp1"
"21053","Prkca","Tcf7"
"21054","Prkca","Tcf7l1"
"21055","Prkca","Tcf7l2"
"21056","Prkca","Zbtb17"
"21057","Prkca","Ddb2"
"21058","Prkcb","Esr2"
"21059","Prkcb","Ets1"
"21060","Prkcb","Jup"
"21061","Prkcb","Lef1"
"21062","Prkcb","Max"
"21063","Prkcb","Ppard"
"21064","Prkcb","Sp1"
"21065","Prkcb","Tcf7"
"21066","Prkcb","Tcf7l1"
"21067","Prkcb","Tcf7l2"
"21068","Prkcb","Zbtb17"
"21069","Prkcb","Rps6ka5"
"21070","Prkcb","Ddb2"
"21071","Prkcg","Esr2"
"21072","Prkcg","Ets1"
"21073","Prkcg","Jup"
"21074","Prkcg","Lef1"
"21075","Prkcg","Max"
"21076","Prkcg","Ppard"
"21077","Prkcg","Sp1"
"21078","Prkcg","Tcf7"
"21079","Prkcg","Tcf7l1"
"21080","Prkcg","Tcf7l2"
"21081","Prkcg","Zbtb17"
"21082","Prkcg","Nfkbia"
"21083","Prkcg","Rps6ka5"
"21084","Prkcg","Ddb2"
"21085","Fn1","E2f1"
"21086","Fn1","E2f2"
"21087","Fn1","E2f3"
"21088","Fn1","Foxo1"
"21089","Fn1","Jup"
"21090","Fn1","Lef1"
"21091","Fn1","Max"
"21092","Fn1","Nfkb2"
"21093","Fn1","Ppard"
"21094","Fn1","Tcf7"
"21095","Fn1","Tcf7l1"
"21096","Fn1","Tcf7l2"
"21097","Fn1","Zbtb17"
"21098","Fn1","Mmp9"
"21099","Fn1","Nfkbia"
"21100","Fn1","Rb1"
"21101","Fn1","Ddb2"
"21102","Gfra1,Ret","Akt1"
"21103","Gfra1,Ret","Ctnnb1"
"21104","Gfra1,Ret","E2f1"
"21105","Gfra1,Ret","E2f2"
"21106","Gfra1,Ret","E2f3"
"21107","Gfra1,Ret","Esr1"
"21108","Gfra1,Ret","Esr2"
"21109","Gfra1,Ret","Ets1"
"21110","Gfra1,Ret","Fos"
"21111","Gfra1,Ret","Foxo1"
"21112","Gfra1,Ret","Jun"
"21113","Gfra1,Ret","Jup"
"21114","Gfra1,Ret","Lef1"
"21115","Gfra1,Ret","Mapk1"
"21116","Gfra1,Ret","Mapk10"
"21117","Gfra1,Ret","Mapk3"
"21118","Gfra1,Ret","Mapk8"
"21119","Gfra1,Ret","Mapk9"
"21120","Gfra1,Ret","Max"
"21121","Gfra1,Ret","Myc"
"21122","Gfra1,Ret","Nfkb1"
"21123","Gfra1,Ret","Nfkb2"
"21124","Gfra1,Ret","Ppard"
"21125","Gfra1,Ret","Rela"
"21126","Gfra1,Ret","Sp1"
"21127","Gfra1,Ret","Tcf7"
"21128","Gfra1,Ret","Tcf7l1"
"21129","Gfra1,Ret","Tcf7l2"
"21130","Gfra1,Ret","Trp53"
"21131","Gfra1,Ret","Zbtb17"
"21132","Gfra1,Ret","Ccnd1"
"21133","Gfra1,Ret","Ikbkb"
"21134","Gfra1,Ret","Mdm2"
"21135","Gfra1,Ret","Mmp9"
"21136","Gfra1,Ret","Ncoa1"
"21137","Gfra1,Ret","Ncoa3"
"21138","Gfra1,Ret","Nfkbia"
"21139","Gfra1,Ret","Raf1"
"21140","Gfra1,Ret","Rala"
"21141","Gfra1,Ret","Rb1"
"21142","Gfra1,Ret","Rps6ka5"
"21143","Gfra1,Ret","Ddb2"
"21144","Gfra1,Ret","Ikbkg"
"21145","Gfra2,Ret","Akt1"
"21146","Gfra2,Ret","Ctnnb1"
"21147","Gfra2,Ret","E2f1"
"21148","Gfra2,Ret","E2f2"
"21149","Gfra2,Ret","E2f3"
"21150","Gfra2,Ret","Esr1"
"21151","Gfra2,Ret","Esr2"
"21152","Gfra2,Ret","Ets1"
"21153","Gfra2,Ret","Fos"
"21154","Gfra2,Ret","Foxo1"
"21155","Gfra2,Ret","Jun"
"21156","Gfra2,Ret","Jup"
"21157","Gfra2,Ret","Lef1"
"21158","Gfra2,Ret","Mapk1"
"21159","Gfra2,Ret","Mapk10"
"21160","Gfra2,Ret","Mapk3"
"21161","Gfra2,Ret","Mapk8"
"21162","Gfra2,Ret","Mapk9"
"21163","Gfra2,Ret","Max"
"21164","Gfra2,Ret","Myc"
"21165","Gfra2,Ret","Nfkb1"
"21166","Gfra2,Ret","Nfkb2"
"21167","Gfra2,Ret","Ppard"
"21168","Gfra2,Ret","Rela"
"21169","Gfra2,Ret","Sp1"
"21170","Gfra2,Ret","Tcf7"
"21171","Gfra2,Ret","Tcf7l1"
"21172","Gfra2,Ret","Tcf7l2"
"21173","Gfra2,Ret","Trp53"
"21174","Gfra2,Ret","Zbtb17"
"21175","Gfra2,Ret","Ccnd1"
"21176","Gfra2,Ret","Ikbkb"
"21177","Gfra2,Ret","Mdm2"
"21178","Gfra2,Ret","Mmp9"
"21179","Gfra2,Ret","Ncoa1"
"21180","Gfra2,Ret","Ncoa3"
"21181","Gfra2,Ret","Nfkbia"
"21182","Gfra2,Ret","Raf1"
"21183","Gfra2,Ret","Rala"
"21184","Gfra2,Ret","Rb1"
"21185","Gfra2,Ret","Rps6ka5"
"21186","Gfra2,Ret","Ddb2"
"21187","Gfra2,Ret","Ikbkg"
"21188","Gfra3,Ret","Akt1"
"21189","Gfra3,Ret","Ctnnb1"
"21190","Gfra3,Ret","E2f1"
"21191","Gfra3,Ret","E2f2"
"21192","Gfra3,Ret","E2f3"
"21193","Gfra3,Ret","Esr1"
"21194","Gfra3,Ret","Esr2"
"21195","Gfra3,Ret","Ets1"
"21196","Gfra3,Ret","Fos"
"21197","Gfra3,Ret","Foxo1"
"21198","Gfra3,Ret","Jun"
"21199","Gfra3,Ret","Jup"
"21200","Gfra3,Ret","Lef1"
"21201","Gfra3,Ret","Mapk1"
"21202","Gfra3,Ret","Mapk10"
"21203","Gfra3,Ret","Mapk3"
"21204","Gfra3,Ret","Mapk8"
"21205","Gfra3,Ret","Mapk9"
"21206","Gfra3,Ret","Max"
"21207","Gfra3,Ret","Myc"
"21208","Gfra3,Ret","Nfkb1"
"21209","Gfra3,Ret","Nfkb2"
"21210","Gfra3,Ret","Ppard"
"21211","Gfra3,Ret","Rela"
"21212","Gfra3,Ret","Sp1"
"21213","Gfra3,Ret","Tcf7"
"21214","Gfra3,Ret","Tcf7l1"
"21215","Gfra3,Ret","Tcf7l2"
"21216","Gfra3,Ret","Trp53"
"21217","Gfra3,Ret","Zbtb17"
"21218","Gfra3,Ret","Ccnd1"
"21219","Gfra3,Ret","Ikbkb"
"21220","Gfra3,Ret","Mdm2"
"21221","Gfra3,Ret","Mmp9"
"21222","Gfra3,Ret","Ncoa1"
"21223","Gfra3,Ret","Ncoa3"
"21224","Gfra3,Ret","Nfkbia"
"21225","Gfra3,Ret","Raf1"
"21226","Gfra3,Ret","Rala"
"21227","Gfra3,Ret","Rb1"
"21228","Gfra3,Ret","Rps6ka5"
"21229","Gfra3,Ret","Ddb2"
"21230","Gfra3,Ret","Ikbkg"
"21231","Gfra4,Ret","Akt1"
"21232","Gfra4,Ret","Ctnnb1"
"21233","Gfra4,Ret","E2f1"
"21234","Gfra4,Ret","E2f2"
"21235","Gfra4,Ret","E2f3"
"21236","Gfra4,Ret","Esr1"
"21237","Gfra4,Ret","Esr2"
"21238","Gfra4,Ret","Ets1"
"21239","Gfra4,Ret","Fos"
"21240","Gfra4,Ret","Foxo1"
"21241","Gfra4,Ret","Jun"
"21242","Gfra4,Ret","Jup"
"21243","Gfra4,Ret","Lef1"
"21244","Gfra4,Ret","Mapk1"
"21245","Gfra4,Ret","Mapk10"
"21246","Gfra4,Ret","Mapk3"
"21247","Gfra4,Ret","Mapk8"
"21248","Gfra4,Ret","Mapk9"
"21249","Gfra4,Ret","Max"
"21250","Gfra4,Ret","Myc"
"21251","Gfra4,Ret","Nfkb1"
"21252","Gfra4,Ret","Nfkb2"
"21253","Gfra4,Ret","Ppard"
"21254","Gfra4,Ret","Rela"
"21255","Gfra4,Ret","Sp1"
"21256","Gfra4,Ret","Tcf7"
"21257","Gfra4,Ret","Tcf7l1"
"21258","Gfra4,Ret","Tcf7l2"
"21259","Gfra4,Ret","Trp53"
"21260","Gfra4,Ret","Zbtb17"
"21261","Gfra4,Ret","Ccnd1"
"21262","Gfra4,Ret","Ikbkb"
"21263","Gfra4,Ret","Mdm2"
"21264","Gfra4,Ret","Mmp9"
"21265","Gfra4,Ret","Ncoa1"
"21266","Gfra4,Ret","Ncoa3"
"21267","Gfra4,Ret","Nfkbia"
"21268","Gfra4,Ret","Raf1"
"21269","Gfra4,Ret","Rala"
"21270","Gfra4,Ret","Rb1"
"21271","Gfra4,Ret","Rps6ka5"
"21272","Gfra4,Ret","Ddb2"
"21273","Gfra4,Ret","Ikbkg"
"21274","Fzd1,Lrp5","E2f2"
"21275","Fzd1,Lrp5","E2f3"
"21276","Fzd1,Lrp5","Jup"
"21277","Fzd1,Lrp5","Max"
"21278","Fzd1,Lrp5","Zbtb17"
"21279","Fzd1,Lrp5","Mmp9"
"21280","Fzd10,Lrp5","E2f2"
"21281","Fzd10,Lrp5","E2f3"
"21282","Fzd10,Lrp5","Jup"
"21283","Fzd10,Lrp5","Max"
"21284","Fzd10,Lrp5","Zbtb17"
"21285","Fzd10,Lrp5","Mmp9"
"21286","Fzd2,Lrp5","E2f2"
"21287","Fzd2,Lrp5","E2f3"
"21288","Fzd2,Lrp5","Jup"
"21289","Fzd2,Lrp5","Max"
"21290","Fzd2,Lrp5","Zbtb17"
"21291","Fzd2,Lrp5","Mmp9"
"21292","Fzd3,Lrp5","E2f2"
"21293","Fzd3,Lrp5","E2f3"
"21294","Fzd3,Lrp5","Jup"
"21295","Fzd3,Lrp5","Max"
"21296","Fzd3,Lrp5","Zbtb17"
"21297","Fzd3,Lrp5","Mmp9"
"21298","Fzd4,Lrp5","E2f2"
"21299","Fzd4,Lrp5","E2f3"
"21300","Fzd4,Lrp5","Jup"
"21301","Fzd4,Lrp5","Max"
"21302","Fzd4,Lrp5","Zbtb17"
"21303","Fzd4,Lrp5","Mmp9"
"21304","Fzd5,Lrp5","E2f2"
"21305","Fzd5,Lrp5","E2f3"
"21306","Fzd5,Lrp5","Jup"
"21307","Fzd5,Lrp5","Max"
"21308","Fzd5,Lrp5","Zbtb17"
"21309","Fzd5,Lrp5","Mmp9"
"21310","Fzd6,Lrp5","E2f2"
"21311","Fzd6,Lrp5","E2f3"
"21312","Fzd6,Lrp5","Jup"
"21313","Fzd6,Lrp5","Max"
"21314","Fzd6,Lrp5","Zbtb17"
"21315","Fzd6,Lrp5","Mmp9"
"21316","Fzd7,Lrp5","E2f2"
"21317","Fzd7,Lrp5","E2f3"
"21318","Fzd7,Lrp5","Jup"
"21319","Fzd7,Lrp5","Max"
"21320","Fzd7,Lrp5","Zbtb17"
"21321","Fzd7,Lrp5","Mmp9"
"21322","Fzd8,Lrp5","E2f2"
"21323","Fzd8,Lrp5","E2f3"
"21324","Fzd8,Lrp5","Jup"
"21325","Fzd8,Lrp5","Max"
"21326","Fzd8,Lrp5","Zbtb17"
"21327","Fzd8,Lrp5","Mmp9"
"21328","Fzd9,Lrp5","E2f2"
"21329","Fzd9,Lrp5","E2f3"
"21330","Fzd9,Lrp5","Jup"
"21331","Fzd9,Lrp5","Max"
"21332","Fzd9,Lrp5","Zbtb17"
"21333","Fzd9,Lrp5","Mmp9"
"21334","Fzd1,Lrp6","E2f2"
"21335","Fzd1,Lrp6","E2f3"
"21336","Fzd1,Lrp6","Jup"
"21337","Fzd1,Lrp6","Max"
"21338","Fzd1,Lrp6","Zbtb17"
"21339","Fzd1,Lrp6","Mmp9"
"21340","Fzd10,Lrp6","E2f2"
"21341","Fzd10,Lrp6","E2f3"
"21342","Fzd10,Lrp6","Jup"
"21343","Fzd10,Lrp6","Max"
"21344","Fzd10,Lrp6","Zbtb17"
"21345","Fzd10,Lrp6","Mmp9"
"21346","Fzd2,Lrp6","E2f2"
"21347","Fzd2,Lrp6","E2f3"
"21348","Fzd2,Lrp6","Jup"
"21349","Fzd2,Lrp6","Max"
"21350","Fzd2,Lrp6","Zbtb17"
"21351","Fzd2,Lrp6","Mmp9"
"21352","Fzd3,Lrp6","E2f2"
"21353","Fzd3,Lrp6","E2f3"
"21354","Fzd3,Lrp6","Jup"
"21355","Fzd3,Lrp6","Max"
"21356","Fzd3,Lrp6","Zbtb17"
"21357","Fzd3,Lrp6","Mmp9"
"21358","Fzd4,Lrp6","E2f2"
"21359","Fzd4,Lrp6","E2f3"
"21360","Fzd4,Lrp6","Jup"
"21361","Fzd4,Lrp6","Max"
"21362","Fzd4,Lrp6","Zbtb17"
"21363","Fzd4,Lrp6","Mmp9"
"21364","Fzd5,Lrp6","E2f2"
"21365","Fzd5,Lrp6","E2f3"
"21366","Fzd5,Lrp6","Jup"
"21367","Fzd5,Lrp6","Max"
"21368","Fzd5,Lrp6","Zbtb17"
"21369","Fzd5,Lrp6","Mmp9"
"21370","Fzd6,Lrp6","E2f2"
"21371","Fzd6,Lrp6","E2f3"
"21372","Fzd6,Lrp6","Jup"
"21373","Fzd6,Lrp6","Max"
"21374","Fzd6,Lrp6","Zbtb17"
"21375","Fzd6,Lrp6","Mmp9"
"21376","Fzd7,Lrp6","E2f2"
"21377","Fzd7,Lrp6","E2f3"
"21378","Fzd7,Lrp6","Jup"
"21379","Fzd7,Lrp6","Max"
"21380","Fzd7,Lrp6","Zbtb17"
"21381","Fzd7,Lrp6","Mmp9"
"21382","Fzd8,Lrp6","E2f2"
"21383","Fzd8,Lrp6","E2f3"
"21384","Fzd8,Lrp6","Jup"
"21385","Fzd8,Lrp6","Max"
"21386","Fzd8,Lrp6","Zbtb17"
"21387","Fzd8,Lrp6","Mmp9"
"21388","Fzd9,Lrp6","E2f2"
"21389","Fzd9,Lrp6","E2f3"
"21390","Fzd9,Lrp6","Jup"
"21391","Fzd9,Lrp6","Max"
"21392","Fzd9,Lrp6","Zbtb17"
"21393","Fzd9,Lrp6","Mmp9"
"21394","Egfr,Erbb2","Jup"
"21395","Egfr,Erbb2","Max"
"21396","Egfr,Erbb2","Ppard"
"21397","Egfr,Erbb2","Zbtb17"
"21398","Egfr,Erbb2","Rps6ka5"
"21399","Egfr,Erbb2","Ddb2"
"21400","Erbb2,Erbb4","E2f1"
"21401","Erbb2,Erbb4","E2f2"
"21402","Erbb2,Erbb4","E2f3"
"21403","Erbb2,Erbb4","Foxo1"
"21404","Erbb2,Erbb4","Jup"
"21405","Erbb2,Erbb4","Max"
"21406","Erbb2,Erbb4","Ppard"
"21407","Erbb2,Erbb4","Stat1"
"21408","Erbb2,Erbb4","Stat2"
"21409","Erbb2,Erbb4","Stat4"
"21410","Erbb2,Erbb4","Stat6"
"21411","Erbb2,Erbb4","Zbtb17"
"21412","Erbb2,Erbb4","Nfkbia"
"21413","Erbb2,Erbb4","Rb1"
"21414","Erbb2,Erbb4","Ddb2"
"21415","Erbb2,Erbb3","E2f1"
"21416","Erbb2,Erbb3","E2f2"
"21417","Erbb2,Erbb3","E2f3"
"21418","Erbb2,Erbb3","Foxo1"
"21419","Erbb2,Erbb3","Jup"
"21420","Erbb2,Erbb3","Max"
"21421","Erbb2,Erbb3","Ppard"
"21422","Erbb2,Erbb3","Stat1"
"21423","Erbb2,Erbb3","Stat2"
"21424","Erbb2,Erbb3","Stat4"
"21425","Erbb2,Erbb3","Stat6"
"21426","Erbb2,Erbb3","Zbtb17"
"21427","Erbb2,Erbb3","Nfkbia"
"21428","Erbb2,Erbb3","Rb1"
"21429","Erbb2,Erbb3","Ddb2"
"21430","Itgav,Itgb3","Jup"
"21431","Itgav,Itgb3","Lef1"
"21432","Itgav,Itgb3","Max"
"21433","Itgav,Itgb3","Nfkb2"
"21434","Itgav,Itgb3","Ppard"
"21435","Itgav,Itgb3","Tcf7"
"21436","Itgav,Itgb3","Tcf7l1"
"21437","Itgav,Itgb3","Tcf7l2"
"21438","Itgav,Itgb3","Zbtb17"
"21439","Itgav,Itgb3","Mmp9"
"21440","Itgav,Itgb3","Nfkbia"
"21441","Itgav,Itgb3","Ddb2"
"21442","Itga6,Itgb4","E2f1"
"21443","Itga6,Itgb4","E2f2"
"21444","Itga6,Itgb4","E2f3"
"21445","Itga6,Itgb4","Foxo1"
"21446","Itga6,Itgb4","Jup"
"21447","Itga6,Itgb4","Lef1"
"21448","Itga6,Itgb4","Max"
"21449","Itga6,Itgb4","Nfkb2"
"21450","Itga6,Itgb4","Ppard"
"21451","Itga6,Itgb4","Tcf7"
"21452","Itga6,Itgb4","Tcf7l1"
"21453","Itga6,Itgb4","Tcf7l2"
"21454","Itga6,Itgb4","Zbtb17"
"21455","Itga6,Itgb4","Mmp9"
"21456","Itga6,Itgb4","Nfkbia"
"21457","Itga6,Itgb4","Rb1"
"21458","Itga6,Itgb4","Ddb2"
"21459","Ptch1,Smo","Ctnnb1"
"21460","Ptch1,Smo","E2f1"
"21461","Ptch1,Smo","E2f2"
"21462","Ptch1,Smo","E2f3"
"21463","Ptch1,Smo","Jup"
"21464","Ptch1,Smo","Lef1"
"21465","Ptch1,Smo","Max"
"21466","Ptch1,Smo","Myc"
"21467","Ptch1,Smo","Ppard"
"21468","Ptch1,Smo","Tcf7"
"21469","Ptch1,Smo","Tcf7l1"
"21470","Ptch1,Smo","Tcf7l2"
"21471","Ptch1,Smo","Zbtb17"
"21472","Ptch1,Smo","Bmp4"
"21473","Ptch1,Smo","Mmp9"
"21474","Ptch1,Smo","Rb1"
"21475","Ptch1,Smo","Wnt1"
"21476","Ptch1,Smo","Wnt5a"
"21477","Ptch2,Smo","Ctnnb1"
"21478","Ptch2,Smo","E2f1"
"21479","Ptch2,Smo","E2f2"
"21480","Ptch2,Smo","E2f3"
"21481","Ptch2,Smo","Jup"
"21482","Ptch2,Smo","Lef1"
"21483","Ptch2,Smo","Max"
"21484","Ptch2,Smo","Myc"
"21485","Ptch2,Smo","Ppard"
"21486","Ptch2,Smo","Tcf7"
"21487","Ptch2,Smo","Tcf7l1"
"21488","Ptch2,Smo","Tcf7l2"
"21489","Ptch2,Smo","Zbtb17"
"21490","Ptch2,Smo","Bmp4"
"21491","Ptch2,Smo","Mmp9"
"21492","Ptch2,Smo","Rb1"
"21493","Ptch2,Smo","Wnt1"
"21494","Ptch2,Smo","Wnt5a"
"21495","Itga2b,Itgb3","Jup"
"21496","Itga2b,Itgb3","Lef1"
"21497","Itga2b,Itgb3","Max"
"21498","Itga2b,Itgb3","Nfkb2"
"21499","Itga2b,Itgb3","Ppard"
"21500","Itga2b,Itgb3","Tcf7"
"21501","Itga2b,Itgb3","Tcf7l1"
"21502","Itga2b,Itgb3","Tcf7l2"
"21503","Itga2b,Itgb3","Zbtb17"
"21504","Itga2b,Itgb3","Mmp9"
"21505","Itga2b,Itgb3","Nfkbia"
"21506","Itga2b,Itgb3","Ddb2"
"21507","Itga5,Itgb1","E2f1"
"21508","Itga5,Itgb1","E2f2"
"21509","Itga5,Itgb1","E2f3"
"21510","Itga5,Itgb1","Foxo1"
"21511","Itga5,Itgb1","Jup"
"21512","Itga5,Itgb1","Lef1"
"21513","Itga5,Itgb1","Max"
"21514","Itga5,Itgb1","Nfkb2"
"21515","Itga5,Itgb1","Ppard"
"21516","Itga5,Itgb1","Tcf7"
"21517","Itga5,Itgb1","Tcf7l1"
"21518","Itga5,Itgb1","Tcf7l2"
"21519","Itga5,Itgb1","Zbtb17"
"21520","Itga5,Itgb1","Nfkbia"
"21521","Itga5,Itgb1","Rb1"
"21522","Itga5,Itgb1","Ddb2"
"21523","Itgav,Itgb1","Jup"
"21524","Itgav,Itgb1","Lef1"
"21525","Itgav,Itgb1","Max"
"21526","Itgav,Itgb1","Nfkb2"
"21527","Itgav,Itgb1","Ppard"
"21528","Itgav,Itgb1","Tcf7"
"21529","Itgav,Itgb1","Tcf7l1"
"21530","Itgav,Itgb1","Tcf7l2"
"21531","Itgav,Itgb1","Zbtb17"
"21532","Itgav,Itgb1","Nfkbia"
"21533","Itgav,Itgb1","Ddb2"
"21534","Itgav,Itgb5","Jup"
"21535","Itgav,Itgb5","Lef1"
"21536","Itgav,Itgb5","Max"
"21537","Itgav,Itgb5","Nfkb2"
"21538","Itgav,Itgb5","Ppard"
"21539","Itgav,Itgb5","Tcf7"
"21540","Itgav,Itgb5","Tcf7l1"
"21541","Itgav,Itgb5","Tcf7l2"
"21542","Itgav,Itgb5","Zbtb17"
"21543","Itgav,Itgb5","Mmp9"
"21544","Itgav,Itgb5","Nfkbia"
"21545","Itgav,Itgb5","Ddb2"
"21546","Itgav,Itgb6","Jup"
"21547","Itgav,Itgb6","Lef1"
"21548","Itgav,Itgb6","Max"
"21549","Itgav,Itgb6","Nfkb2"
"21550","Itgav,Itgb6","Ppard"
"21551","Itgav,Itgb6","Tcf7"
"21552","Itgav,Itgb6","Tcf7l1"
"21553","Itgav,Itgb6","Tcf7l2"
"21554","Itgav,Itgb6","Zbtb17"
"21555","Itgav,Itgb6","Mmp9"
"21556","Itgav,Itgb6","Nfkbia"
"21557","Itgav,Itgb6","Ddb2"
"21558","Itga4,Itgb1","E2f1"
"21559","Itga4,Itgb1","E2f2"
"21560","Itga4,Itgb1","E2f3"
"21561","Itga4,Itgb1","Foxo1"
"21562","Itga4,Itgb1","Jup"
"21563","Itga4,Itgb1","Lef1"
"21564","Itga4,Itgb1","Max"
"21565","Itga4,Itgb1","Nfkb2"
"21566","Itga4,Itgb1","Ppard"
"21567","Itga4,Itgb1","Tcf7"
"21568","Itga4,Itgb1","Tcf7l1"
"21569","Itga4,Itgb1","Tcf7l2"
"21570","Itga4,Itgb1","Zbtb17"
"21571","Itga4,Itgb1","Nfkbia"
"21572","Itga4,Itgb1","Rb1"
"21573","Itga4,Itgb1","Ddb2"
"21574","Itga9,Itgb1","E2f1"
"21575","Itga9,Itgb1","E2f2"
"21576","Itga9,Itgb1","E2f3"
"21577","Itga9,Itgb1","Foxo1"
"21578","Itga9,Itgb1","Jup"
"21579","Itga9,Itgb1","Lef1"
"21580","Itga9,Itgb1","Max"
"21581","Itga9,Itgb1","Nfkb2"
"21582","Itga9,Itgb1","Ppard"
"21583","Itga9,Itgb1","Tcf7"
"21584","Itga9,Itgb1","Tcf7l1"
"21585","Itga9,Itgb1","Tcf7l2"
"21586","Itga9,Itgb1","Zbtb17"
"21587","Itga9,Itgb1","Nfkbia"
"21588","Itga9,Itgb1","Rb1"
"21589","Itga9,Itgb1","Ddb2"
"21590","Itga8,Itgb1","E2f1"
"21591","Itga8,Itgb1","E2f2"
"21592","Itga8,Itgb1","E2f3"
"21593","Itga8,Itgb1","Foxo1"
"21594","Itga8,Itgb1","Jup"
"21595","Itga8,Itgb1","Lef1"
"21596","Itga8,Itgb1","Max"
"21597","Itga8,Itgb1","Nfkb2"
"21598","Itga8,Itgb1","Ppard"
"21599","Itga8,Itgb1","Tcf7"
"21600","Itga8,Itgb1","Tcf7l1"
"21601","Itga8,Itgb1","Tcf7l2"
"21602","Itga8,Itgb1","Zbtb17"
"21603","Itga8,Itgb1","Nfkbia"
"21604","Itga8,Itgb1","Rb1"
"21605","Itga8,Itgb1","Ddb2"
"21606","Itga1,Itgb1","E2f1"
"21607","Itga1,Itgb1","E2f2"
"21608","Itga1,Itgb1","E2f3"
"21609","Itga1,Itgb1","Foxo1"
"21610","Itga1,Itgb1","Jup"
"21611","Itga1,Itgb1","Lef1"
"21612","Itga1,Itgb1","Max"
"21613","Itga1,Itgb1","Nfkb2"
"21614","Itga1,Itgb1","Ppard"
"21615","Itga1,Itgb1","Tcf7"
"21616","Itga1,Itgb1","Tcf7l1"
"21617","Itga1,Itgb1","Tcf7l2"
"21618","Itga1,Itgb1","Zbtb17"
"21619","Itga1,Itgb1","Nfkbia"
"21620","Itga1,Itgb1","Rb1"
"21621","Itga1,Itgb1","Ddb2"
"21622","Itga6,Itgb1","E2f1"
"21623","Itga6,Itgb1","E2f2"
"21624","Itga6,Itgb1","E2f3"
"21625","Itga6,Itgb1","Foxo1"
"21626","Itga6,Itgb1","Jup"
"21627","Itga6,Itgb1","Lef1"
"21628","Itga6,Itgb1","Max"
"21629","Itga6,Itgb1","Nfkb2"
"21630","Itga6,Itgb1","Ppard"
"21631","Itga6,Itgb1","Tcf7"
"21632","Itga6,Itgb1","Tcf7l1"
"21633","Itga6,Itgb1","Tcf7l2"
"21634","Itga6,Itgb1","Zbtb17"
"21635","Itga6,Itgb1","Nfkbia"
"21636","Itga6,Itgb1","Rb1"
"21637","Itga6,Itgb1","Ddb2"
"21638","Itga2,Itgb1","E2f1"
"21639","Itga2,Itgb1","E2f2"
"21640","Itga2,Itgb1","E2f3"
"21641","Itga2,Itgb1","Foxo1"
"21642","Itga2,Itgb1","Jup"
"21643","Itga2,Itgb1","Lef1"
"21644","Itga2,Itgb1","Max"
"21645","Itga2,Itgb1","Nfkb2"
"21646","Itga2,Itgb1","Ppard"
"21647","Itga2,Itgb1","Tcf7"
"21648","Itga2,Itgb1","Tcf7l1"
"21649","Itga2,Itgb1","Tcf7l2"
"21650","Itga2,Itgb1","Zbtb17"
"21651","Itga2,Itgb1","Nfkbia"
"21652","Itga2,Itgb1","Rb1"
"21653","Itga2,Itgb1","Ddb2"
"21654","Itga3,Itgb1","E2f1"
"21655","Itga3,Itgb1","E2f2"
"21656","Itga3,Itgb1","E2f3"
"21657","Itga3,Itgb1","Foxo1"
"21658","Itga3,Itgb1","Jup"
"21659","Itga3,Itgb1","Lef1"
"21660","Itga3,Itgb1","Max"
"21661","Itga3,Itgb1","Nfkb2"
"21662","Itga3,Itgb1","Ppard"
"21663","Itga3,Itgb1","Tcf7"
"21664","Itga3,Itgb1","Tcf7l1"
"21665","Itga3,Itgb1","Tcf7l2"
"21666","Itga3,Itgb1","Zbtb17"
"21667","Itga3,Itgb1","Nfkbia"
"21668","Itga3,Itgb1","Rb1"
"21669","Itga3,Itgb1","Ddb2"
"21670","Itga7,Itgb1","E2f1"
"21671","Itga7,Itgb1","E2f2"
"21672","Itga7,Itgb1","E2f3"
"21673","Itga7,Itgb1","Foxo1"
"21674","Itga7,Itgb1","Jup"
"21675","Itga7,Itgb1","Lef1"
"21676","Itga7,Itgb1","Max"
"21677","Itga7,Itgb1","Nfkb2"
"21678","Itga7,Itgb1","Ppard"
"21679","Itga7,Itgb1","Tcf7"
"21680","Itga7,Itgb1","Tcf7l1"
"21681","Itga7,Itgb1","Tcf7l2"
"21682","Itga7,Itgb1","Zbtb17"
"21683","Itga7,Itgb1","Nfkbia"
"21684","Itga7,Itgb1","Rb1"
"21685","Itga7,Itgb1","Ddb2"
"21686","Itga10,Itgb1","E2f1"
"21687","Itga10,Itgb1","E2f2"
"21688","Itga10,Itgb1","E2f3"
"21689","Itga10,Itgb1","Foxo1"
"21690","Itga10,Itgb1","Jup"
"21691","Itga10,Itgb1","Lef1"
"21692","Itga10,Itgb1","Max"
"21693","Itga10,Itgb1","Nfkb2"
"21694","Itga10,Itgb1","Ppard"
"21695","Itga10,Itgb1","Tcf7"
"21696","Itga10,Itgb1","Tcf7l1"
"21697","Itga10,Itgb1","Tcf7l2"
"21698","Itga10,Itgb1","Zbtb17"
"21699","Itga10,Itgb1","Nfkbia"
"21700","Itga10,Itgb1","Rb1"
"21701","Itga10,Itgb1","Ddb2"
"21702","Itga11,Itgb1","E2f1"
"21703","Itga11,Itgb1","E2f2"
"21704","Itga11,Itgb1","E2f3"
"21705","Itga11,Itgb1","Foxo1"
"21706","Itga11,Itgb1","Jup"
"21707","Itga11,Itgb1","Lef1"
"21708","Itga11,Itgb1","Max"
"21709","Itga11,Itgb1","Nfkb2"
"21710","Itga11,Itgb1","Ppard"
"21711","Itga11,Itgb1","Tcf7"
"21712","Itga11,Itgb1","Tcf7l1"
"21713","Itga11,Itgb1","Tcf7l2"
"21714","Itga11,Itgb1","Zbtb17"
"21715","Itga11,Itgb1","Nfkbia"
"21716","Itga11,Itgb1","Rb1"
"21717","Itga11,Itgb1","Ddb2"
"21718","Itgav,Itgb8","Jup"
"21719","Itgav,Itgb8","Lef1"
"21720","Itgav,Itgb8","Max"
"21721","Itgav,Itgb8","Nfkb2"
"21722","Itgav,Itgb8","Ppard"
"21723","Itgav,Itgb8","Tcf7"
"21724","Itgav,Itgb8","Tcf7l1"
"21725","Itgav,Itgb8","Tcf7l2"
"21726","Itgav,Itgb8","Zbtb17"
"21727","Itgav,Itgb8","Mmp9"
"21728","Itgav,Itgb8","Nfkbia"
"21729","Itgav,Itgb8","Ddb2"
"21730","Jag1","Akt1"
"21731","Jag1","Ctnnb1"
"21732","Jag1","E2f1"
"21733","Jag1","E2f2"
"21734","Jag1","E2f3"
"21735","Jag1","Foxo1"
"21736","Jag1","Jup"
"21737","Jag1","Lef1"
"21738","Jag1","Max"
"21739","Jag1","Myc"
"21740","Jag1","Nfkb1"
"21741","Jag1","Nfkb2"
"21742","Jag1","Ppard"
"21743","Jag1","Rela"
"21744","Jag1","Stat2"
"21745","Jag1","Stat3"
"21746","Jag1","Tcf7"
"21747","Jag1","Tcf7l1"
"21748","Jag1","Tcf7l2"
"21749","Jag1","Trp53"
"21750","Jag1","Zbtb17"
"21751","Jag1","Ikbkb"
"21752","Jag1","Mdm2"
"21753","Jag1","Mmp9"
"21754","Jag1","Nfkbia"
"21755","Jag1","Rb1"
"21756","Jag1","Ddb2"
"21757","Jag1","Ikbkg"
"21758","Itgb1,Itga1","E2f1"
"21759","Itgb1,Itga1","E2f2"
"21760","Itgb1,Itga1","E2f3"
"21761","Itgb1,Itga1","Foxo1"
"21762","Itgb1,Itga1","Jup"
"21763","Itgb1,Itga1","Lef1"
"21764","Itgb1,Itga1","Max"
"21765","Itgb1,Itga1","Nfkb2"
"21766","Itgb1,Itga1","Ppard"
"21767","Itgb1,Itga1","Tcf7"
"21768","Itgb1,Itga1","Tcf7l1"
"21769","Itgb1,Itga1","Tcf7l2"
"21770","Itgb1,Itga1","Zbtb17"
"21771","Itgb1,Itga1","Nfkbia"
"21772","Itgb1,Itga1","Rb1"
"21773","Itgb1,Itga1","Ddb2"
"21774","Rxrg","Pax8"
"21775","Rxrg","Pparg"
"21776","Ncoa3","E2f1"
"21777","Ncoa3","E2f2"
"21778","Ncoa3","E2f3"
"21779","Ncoa3","Max"
"21780","Ncoa3","Ppard"
"21781","Ncoa3","Zbtb17"
"21782","Ncoa3","Rb1"
"21783","Esr2","E2f1"
"21784","Esr2","E2f2"
"21785","Esr2","E2f3"
"21786","Esr2","Max"
"21787","Esr2","Myc"
"21788","Esr2","Ppard"
"21789","Esr2","Zbtb17"
"21790","Esr2","Ccnd1"
"21791","Esr2","Rb1"
"21792","Pdgfa","E2f1"
"21793","Pdgfa","E2f2"
"21794","Pdgfa","E2f3"
"21795","Pdgfa","Esr1"
"21796","Pdgfa","Esr2"
"21797","Pdgfa","Foxo1"
"21798","Pdgfa","Jup"
"21799","Pdgfa","Lef1"
"21800","Pdgfa","Max"
"21801","Pdgfa","Ppard"
"21802","Pdgfa","Sp1"
"21803","Pdgfa","Tcf7"
"21804","Pdgfa","Tcf7l1"
"21805","Pdgfa","Tcf7l2"
"21806","Pdgfa","Zbtb17"
"21807","Pdgfa","Mmp9"
"21808","Pdgfa","Ncoa1"
"21809","Pdgfa","Ncoa3"
"21810","Pdgfa","Nfkbia"
"21811","Pdgfa","Rb1"
"21812","Pdgfa","Rps6ka5"
"21813","Pdgfa","Ddb2"
"21814","Ncor1","Sin3a"
"21815","Itgb1","Hcls1"
"21816","Sdc4","Mapk11"
"21817","Sdc4","Mapk12"
"21818","Sdc4","Mapk13"
"21819","Sdc4","Mapk14"
"21820","Itga5","Mapk11"
"21821","Itga5","Mapk12"
"21822","Itga5","Mapk13"
"21823","Itga5","Mapk14"
"21824","Itga5","Hcls1"
"21825","Erbb4","Ctnnb1"
"21826","Erbb4","Esr1"
"21827","Erbb4","Hif1a"
"21828","Erbb4","Stat3"
"21829","Erbb4","Tnf"
"21830","Erbb4","Ddx5"
"21831","Erbb4","Mmp9"
"21832","Erbb4","Nanog"
"21833","Erbb4","Tgfb1"
"21834","Erbb4","Tlr4"
"21835","Erbb4","Twist1"
"21836","Erbb4","Twist2"
"21837","Erbb4","Wnt1"
"21838","Erbb4","Hoxd10"
"21839","Egfr","Hif1a"
"21840","Egfr","Tnf"
"21841","Egfr","Ddx5"
"21842","Egfr","Nanog"
"21843","Egfr","Tgfb1"
"21844","Egfr","Tlr4"
"21845","Egfr","Twist1"
"21846","Egfr","Twist2"
"21847","Egfr","Wnt1"
"21848","Egfr","Hoxd10"
"21849","Sdc2","Akt1"
"21850","Sdc2","Ctnnb1"
"21851","Sdc2","Elk1"
"21852","Sdc2","Esr1"
"21853","Sdc2","Hif1a"
"21854","Sdc2","Mapk1"
"21855","Sdc2","Mapk3"
"21856","Sdc2","Myc"
"21857","Sdc2","Sos1"
"21858","Sdc2","Sos2"
"21859","Sdc2","Stat3"
"21860","Sdc2","Tnf"
"21861","Sdc2","Ccnd1"
"21862","Sdc2","Ddx5"
"21863","Sdc2","Mmp9"
"21864","Sdc2","Nanog"
"21865","Sdc2","Raf1"
"21866","Sdc2","Tgfb1"
"21867","Sdc2","Tlr4"
"21868","Sdc2","Twist1"
"21869","Sdc2","Twist2"
"21870","Sdc2","Wnt1"
"21871","Sdc2","Hoxd10"
"21872","Tlr2","Ctnnb1"
"21873","Tlr2","Elk1"
"21874","Tlr2","Esr1"
"21875","Tlr2","Hif1a"
"21876","Tlr2","Sos1"
"21877","Tlr2","Sos2"
"21878","Tlr2","Ddx5"
"21879","Tlr2","Mmp9"
"21880","Tlr2","Nanog"
"21881","Tlr2","Tgfb1"
"21882","Tlr2","Twist1"
"21883","Tlr2","Twist2"
"21884","Tlr2","Wnt1"
"21885","Tlr2","Hoxd10"
"21886","Cav1","Esr1"
"21887","Cav1","Hif1a"
"21888","Cav1","Myc"
"21889","Cav1","Stat3"
"21890","Cav1","Tnf"
"21891","Cav1","Ddx5"
"21892","Cav1","Mmp9"
"21893","Cav1","Nanog"
"21894","Cav1","Tgfb1"
"21895","Cav1","Tlr4"
"21896","Cav1","Twist1"
"21897","Cav1","Twist2"
"21898","Cav1","Wnt1"
"21899","Cav1","Hoxd10"
"21900","Gpc1","Akt1"
"21901","Gpc1","Ctnnb1"
"21902","Gpc1","Elk1"
"21903","Gpc1","Esr1"
"21904","Gpc1","Hif1a"
"21905","Gpc1","Mapk1"
"21906","Gpc1","Mapk3"
"21907","Gpc1","Myc"
"21908","Gpc1","Sos1"
"21909","Gpc1","Sos2"
"21910","Gpc1","Stat3"
"21911","Gpc1","Tnf"
"21912","Gpc1","Ccnd1"
"21913","Gpc1","Ddx5"
"21914","Gpc1","Mmp9"
"21915","Gpc1","Nanog"
"21916","Gpc1","Raf1"
"21917","Gpc1","Tgfb1"
"21918","Gpc1","Tlr4"
"21919","Gpc1","Twist1"
"21920","Gpc1","Twist2"
"21921","Gpc1","Wnt1"
"21922","Gpc1","Hoxd10"
"21923","Erbb3","Ctnnb1"
"21924","Erbb3","Esr1"
"21925","Erbb3","Hif1a"
"21926","Erbb3","Tnf"
"21927","Erbb3","Ddx5"
"21928","Erbb3","Mmp9"
"21929","Erbb3","Nanog"
"21930","Erbb3","Tgfb1"
"21931","Erbb3","Tlr4"
"21932","Erbb3","Twist1"
"21933","Erbb3","Twist2"
"21934","Erbb3","Wnt1"
"21935","Erbb3","Hoxd10"
"21936","Tlr4","Ctnnb1"
"21937","Tlr4","Elk1"
"21938","Tlr4","Esr1"
"21939","Tlr4","Sos1"
"21940","Tlr4","Sos2"
"21941","Tlr4","Ddx5"
"21942","Tlr4","Mmp9"
"21943","Tlr4","Nanog"
"21944","Tlr4","Tgfb1"
"21945","Tlr4","Twist1"
"21946","Tlr4","Twist2"
"21947","Tlr4","Wnt1"
"21948","Tlr4","Hoxd10"
"21949","Erbb2","Hif1a"
"21950","Erbb2","Tnf"
"21951","Erbb2","Ddx5"
"21952","Erbb2","Nanog"
"21953","Erbb2","Tgfb1"
"21954","Erbb2","Tlr4"
"21955","Erbb2","Twist1"
"21956","Erbb2","Twist2"
"21957","Erbb2","Wnt1"
"21958","Erbb2","Hoxd10"
"21959","Igf1r","Hif1a"
"21960","Igf1r","Tnf"
"21961","Igf1r","Ddx5"
"21962","Igf1r","Nanog"
"21963","Igf1r","Tgfb1"
"21964","Igf1r","Tlr4"
"21965","Igf1r","Twist1"
"21966","Igf1r","Twist2"
"21967","Igf1r","Wnt1"
"21968","Igf1r","Hoxd10"
"21969","Sdc1","Ctnnb1"
"21970","Sdc1","Elk1"
"21971","Sdc1","Esr1"
"21972","Sdc1","Mapk1"
"21973","Sdc1","Mapk3"
"21974","Sdc1","Ccnd1"
"21975","Sdc1","Mmp9"
"21976","Sdc1","Wnt1"
"21977","Cd44","Akt1"
"21978","Cd44","Ctnnb1"
"21979","Cd44","Elk1"
"21980","Cd44","Esr1"
"21981","Cd44","Hif1a"
"21982","Cd44","Mapk1"
"21983","Cd44","Mapk3"
"21984","Cd44","Myc"
"21985","Cd44","Sos1"
"21986","Cd44","Sos2"
"21987","Cd44","Stat3"
"21988","Cd44","Tnf"
"21989","Cd44","Ccnd1"
"21990","Cd44","Ddx5"
"21991","Cd44","Mmp9"
"21992","Cd44","Nanog"
"21993","Cd44","Raf1"
"21994","Cd44","Tgfb1"
"21995","Cd44","Tlr4"
"21996","Cd44","Twist1"
"21997","Cd44","Twist2"
"21998","Cd44","Wnt1"
"21999","Cd44","Hoxd10"
"22000","Met","Hif1a"
"22001","Met","Tnf"
"22002","Met","Ddx5"
"22003","Met","Nanog"
"22004","Met","Tgfb1"
"22005","Met","Tlr4"
"22006","Met","Twist1"
"22007","Met","Twist2"
"22008","Met","Wnt1"
"22009","Met","Hoxd10"
"22010","Ptch1","Akt1"
"22011","Ptch1","Elk1"
"22012","Ptch1","Esr1"
"22013","Ptch1","Hif1a"
"22014","Ptch1","Mapk11"
"22015","Ptch1","Mapk12"
"22016","Ptch1","Mapk13"
"22017","Ptch1","Mapk14"
"22018","Ptch1","Sos1"
"22019","Ptch1","Sos2"
"22020","Ptch1","Stat3"
"22021","Ptch1","Tnf"
"22022","Ptch1","Ddx5"
"22023","Ptch1","Hcls1"
"22024","Ptch1","Nanog"
"22025","Ptch1","Tgfb1"
"22026","Ptch1","Tlr4"
"22027","Ptch1","Twist1"
"22028","Ptch1","Twist2"
"22029","Ptch1","Hoxd10"
"22030","Fgfr1","Wnt1"
"22031","Smo","Akt1"
"22032","Smo","Elk1"
"22033","Smo","Esr1"
"22034","Smo","Hif1a"
"22035","Smo","Mapk11"
"22036","Smo","Mapk12"
"22037","Smo","Mapk13"
"22038","Smo","Mapk14"
"22039","Smo","Sos1"
"22040","Smo","Sos2"
"22041","Smo","Stat3"
"22042","Smo","Tnf"
"22043","Smo","Ddx5"
"22044","Smo","Hcls1"
"22045","Smo","Nanog"
"22046","Smo","Tgfb1"
"22047","Smo","Tlr4"
"22048","Smo","Twist1"
"22049","Smo","Twist2"
"22050","Smo","Hoxd10"
"22051","Mmp9","Ctnnb1"
"22052","Mmp9","Elk1"
"22053","Mmp9","Ccnd1"
"22054","Mmp9","Wnt1"
"22055","Pak1","Esr1"
"22056","Pak1","Hif1a"
"22057","Pak1","Myc"
"22058","Pak1","Stat3"
"22059","Pak1","Ddx5"
"22060","Pak1","Mmp9"
"22061","Pak1","Nanog"
"22062","Pak1","Tgfb1"
"22063","Pak1","Tlr4"
"22064","Pak1","Twist1"
"22065","Pak1","Twist2"
"22066","Pak1","Wnt1"
"22067","Pak1","Hoxd10"
"22068","Raf1","Wnt1"
"22069","Fn1","Esr1"
"22070","Fn1","Hif1a"
"22071","Fn1","Mapk11"
"22072","Fn1","Mapk12"
"22073","Fn1","Mapk13"
"22074","Fn1","Mapk14"
"22075","Fn1","Stat3"
"22076","Fn1","Tnf"
"22077","Fn1","Ddx5"
"22078","Fn1","Hcls1"
"22079","Fn1","Nanog"
"22080","Fn1","Tgfb1"
"22081","Fn1","Tlr4"
"22082","Fn1","Twist1"
"22083","Fn1","Twist2"
"22084","Fn1","Wnt1"
"22085","Fn1","Wnt5a"
"22086","Fn1","Hoxd10"
"22087","Egfr,Erbb2","Hif1a"
"22088","Egfr,Erbb2","Tnf"
"22089","Egfr,Erbb2","Ddx5"
"22090","Egfr,Erbb2","Nanog"
"22091","Egfr,Erbb2","Tgfb1"
"22092","Egfr,Erbb2","Tlr4"
"22093","Egfr,Erbb2","Twist1"
"22094","Egfr,Erbb2","Twist2"
"22095","Egfr,Erbb2","Wnt1"
"22096","Egfr,Erbb2","Hoxd10"
"22097","Erbb2,Erbb4","Hif1a"
"22098","Erbb2,Erbb4","Tnf"
"22099","Erbb2,Erbb4","Ddx5"
"22100","Erbb2,Erbb4","Nanog"
"22101","Erbb2,Erbb4","Tgfb1"
"22102","Erbb2,Erbb4","Tlr4"
"22103","Erbb2,Erbb4","Twist1"
"22104","Erbb2,Erbb4","Twist2"
"22105","Erbb2,Erbb4","Wnt1"
"22106","Erbb2,Erbb4","Hoxd10"
"22107","Erbb2,Erbb3","Hif1a"
"22108","Erbb2,Erbb3","Tnf"
"22109","Erbb2,Erbb3","Ddx5"
"22110","Erbb2,Erbb3","Nanog"
"22111","Erbb2,Erbb3","Tgfb1"
"22112","Erbb2,Erbb3","Tlr4"
"22113","Erbb2,Erbb3","Twist1"
"22114","Erbb2,Erbb3","Twist2"
"22115","Erbb2,Erbb3","Wnt1"
"22116","Erbb2,Erbb3","Hoxd10"
"22117","Ptch1,Smo","Akt1"
"22118","Ptch1,Smo","Elk1"
"22119","Ptch1,Smo","Esr1"
"22120","Ptch1,Smo","Hif1a"
"22121","Ptch1,Smo","Mapk11"
"22122","Ptch1,Smo","Mapk12"
"22123","Ptch1,Smo","Mapk13"
"22124","Ptch1,Smo","Mapk14"
"22125","Ptch1,Smo","Sos1"
"22126","Ptch1,Smo","Sos2"
"22127","Ptch1,Smo","Stat3"
"22128","Ptch1,Smo","Tnf"
"22129","Ptch1,Smo","Ddx5"
"22130","Ptch1,Smo","Hcls1"
"22131","Ptch1,Smo","Nanog"
"22132","Ptch1,Smo","Tgfb1"
"22133","Ptch1,Smo","Tlr4"
"22134","Ptch1,Smo","Twist1"
"22135","Ptch1,Smo","Twist2"
"22136","Ptch1,Smo","Hoxd10"
"22137","Ptch2,Smo","Akt1"
"22138","Ptch2,Smo","Elk1"
"22139","Ptch2,Smo","Esr1"
"22140","Ptch2,Smo","Hif1a"
"22141","Ptch2,Smo","Mapk11"
"22142","Ptch2,Smo","Mapk12"
"22143","Ptch2,Smo","Mapk13"
"22144","Ptch2,Smo","Mapk14"
"22145","Ptch2,Smo","Sos1"
"22146","Ptch2,Smo","Sos2"
"22147","Ptch2,Smo","Stat3"
"22148","Ptch2,Smo","Tnf"
"22149","Ptch2,Smo","Ddx5"
"22150","Ptch2,Smo","Hcls1"
"22151","Ptch2,Smo","Nanog"
"22152","Ptch2,Smo","Tgfb1"
"22153","Ptch2,Smo","Tlr4"
"22154","Ptch2,Smo","Twist1"
"22155","Ptch2,Smo","Twist2"
"22156","Ptch2,Smo","Hoxd10"
"22157","Cd74,Cd44","Akt1"
"22158","Cd74,Cd44","Ctnnb1"
"22159","Cd74,Cd44","Elk1"
"22160","Cd74,Cd44","Esr1"
"22161","Cd74,Cd44","Hif1a"
"22162","Cd74,Cd44","Mapk1"
"22163","Cd74,Cd44","Mapk3"
"22164","Cd74,Cd44","Myc"
"22165","Cd74,Cd44","Sos1"
"22166","Cd74,Cd44","Sos2"
"22167","Cd74,Cd44","Stat3"
"22168","Cd74,Cd44","Tnf"
"22169","Cd74,Cd44","Ccnd1"
"22170","Cd74,Cd44","Ddx5"
"22171","Cd74,Cd44","Mmp9"
"22172","Cd74,Cd44","Nanog"
"22173","Cd74,Cd44","Raf1"
"22174","Cd74,Cd44","Tgfb1"
"22175","Cd74,Cd44","Tlr4"
"22176","Cd74,Cd44","Twist1"
"22177","Cd74,Cd44","Twist2"
"22178","Cd74,Cd44","Wnt1"
"22179","Cd74,Cd44","Hoxd10"
"22180","Itga5,Itgb1","Hcls1"
"22181","Itgav,Itgb1","Hcls1"
"22182","Itga4,Itgb1","Hcls1"
"22183","Itga9,Itgb1","Hcls1"
"22184","Itga8,Itgb1","Hcls1"
"22185","Itga1,Itgb1","Hcls1"
"22186","Itga6,Itgb1","Hcls1"
"22187","Itga2,Itgb1","Hcls1"
"22188","Itga3,Itgb1","Hcls1"
"22189","Itga7,Itgb1","Hcls1"
"22190","Itga10,Itgb1","Hcls1"
"22191","Itga11,Itgb1","Hcls1"
"22192","Itgb1,Itga1","Hcls1"
"22193","Vtn","Mapk11"
"22194","Vtn","Mapk12"
"22195","Vtn","Mapk13"
"22196","Vtn","Mapk14"
"22197","Vtn","Hcls1"
"22198","Vtn","Wnt1"
"22199","Vtn","Wnt5a"
"22200","Itpr3","Akt1"
"22201","Itpr3","Ctnnb1"
"22202","Itpr3","Elk1"
"22203","Itpr3","Esr1"
"22204","Itpr3","Hif1a"
"22205","Itpr3","Myc"
"22206","Itpr3","Sos1"
"22207","Itpr3","Sos2"
"22208","Itpr3","Stat3"
"22209","Itpr3","Ccnd1"
"22210","Itpr3","Ddx5"
"22211","Itpr3","Mmp9"
"22212","Itpr3","Nanog"
"22213","Itpr3","Tgfb1"
"22214","Itpr3","Tlr4"
"22215","Itpr3","Twist1"
"22216","Itpr3","Twist2"
"22217","Itpr3","Wnt1"
"22218","Itpr3","Hoxd10"
"22219","Egfr","Ar"
"22220","Egfr","Crebbp"
"22221","Egfr","Ep300"
"22222","Erbb2","Ar"
"22223","Erbb2","Crebbp"
"22224","Erbb2","Ep300"
"22225","Igf1r","Ar"
"22226","Igf1r","Crebbp"
"22227","Igf1r","Ep300"
"22228","Fgfr1","Ar"
"22229","Fgfr1","Crebbp"
"22230","Fgfr1","Ep300"
"22231","Fgfr2","Ar"
"22232","Fgfr2","Crebbp"
"22233","Fgfr2","Ep300"
"22234","Pdgfrb","Ar"
"22235","Pdgfrb","Crebbp"
"22236","Pdgfrb","Ep300"
"22237","Pdgfra","Ar"
"22238","Pdgfra","Crebbp"
"22239","Pdgfra","Ep300"
"22240","Gsk3b","Atf4"
"22241","Gsk3b","Trp53"
"22242","Raf1","Ar"
"22243","Egfr,Erbb2","Ar"
"22244","Egfr,Erbb2","Crebbp"
"22245","Egfr,Erbb2","Ep300"
"22246","Erbb2,Erbb4","Ar"
"22247","Erbb2,Erbb4","Crebbp"
"22248","Erbb2,Erbb4","Ep300"
"22249","Erbb2,Erbb3","Ar"
"22250","Erbb2,Erbb3","Crebbp"
"22251","Erbb2,Erbb3","Ep300"
"22252","Insrr","Akt1"
"22253","Insrr","Ar"
"22254","Insrr","Atf4"
"22255","Insrr","Creb1"
"22256","Insrr","Creb3"
"22257","Insrr","Creb3l1"
"22258","Insrr","Creb3l2"
"22259","Insrr","Creb3l3"
"22260","Insrr","Creb3l4"
"22261","Insrr","Creb5"
"22262","Insrr","Crebbp"
"22263","Insrr","Ctnnb1"
"22264","Insrr","E2f1"
"22265","Insrr","E2f2"
"22266","Insrr","E2f3"
"22267","Insrr","Ep300"
"22268","Insrr","Foxo1"
"22269","Insrr","Lef1"
"22270","Insrr","Nfkb1"
"22271","Insrr","Rela"
"22272","Insrr","Tcf7"
"22273","Insrr","Tcf7l1"
"22274","Insrr","Tcf7l2"
"22275","Insrr","Trp53"
"22276","Insrr","Ccnd1"
"22277","Insrr","Ikbkb"
"22278","Insrr","Mdm2"
"22279","Insrr","Nfkbia"
"22280","Insrr","Rb1"
"22281","Insrr","Ikbkg"
"22282","Pdgfa","Ar"
"22283","Pdgfa","Crebbp"
"22284","Pdgfa","Ep300"
"22285","Cdh1","Myc"
"22286","Cdh1","Ccnd1"
"22287","Kit","Stat3"
"22288","Kit","Stat5a"
"22289","Kit","Stat5b"
"22290","Flt3","Cebpa"
"22291","Flt3","Stat3"
"22292","Flt3","Stat5a"
"22293","Flt3","Stat5b"
"22294","Flt3","Per2"
"22295","Flt3","Spi1"
"22296","Rara","Cebpe"
"22297","Rara","Zbtb16"
"22298","Ret","Foxo3"
"22299","Alk","Foxo3"
"22300","Gfra1,Ret","Foxo3"
"22301","Gfra2,Ret","Foxo3"
"22302","Gfra3,Ret","Foxo3"
"22303","Gfra4,Ret","Foxo3"
"22304","Notch1","Mapk1"
"22305","Notch1","Mapk3"
"22306","Notch1","Sos1"
"22307","Notch1","Sos2"
"22308","Notch1","Raf1"
"22309","Notch2","Mapk1"
"22310","Notch2","Mapk3"
"22311","Notch2","Sos1"
"22312","Notch2","Sos2"
"22313","Notch2","Raf1"
"22314","Notch3","Mapk1"
"22315","Notch3","Mapk3"
"22316","Notch3","Sos1"
"22317","Notch3","Sos2"
"22318","Notch3","Raf1"
"22319","Notch4","Mapk1"
"22320","Notch4","Mapk3"
"22321","Notch4","Sos1"
"22322","Notch4","Sos2"
"22323","Notch4","Raf1"
"22324","Jag1","Mapk1"
"22325","Jag1","Mapk3"
"22326","Jag1","Sos1"
"22327","Jag1","Sos2"
"22328","Jag1","Raf1"
"22329","Pgr","Ctnnb1"
"22330","Pgr","E2f1"
"22331","Pgr","E2f2"
"22332","Pgr","E2f3"
"22333","Pgr","Lef1"
"22334","Pgr","Myc"
"22335","Pgr","Tcf7"
"22336","Pgr","Tcf7l1"
"22337","Pgr","Tcf7l2"
"22338","Pgr","Apc"
"22339","Pgr","Ccnd1"
"22340","Pgr","Rb1"
"22341","Pgr","Wnt1"
"22342","Ncoa3","Lef1"
"22343","Ncoa3","Tcf7"
"22344","Ncoa3","Tcf7l1"
"22345","Ncoa3","Tcf7l2"
"22346","Ncoa3","Apc"
"22347","Ncoa3","Wnt1"
"22348","Smarca4","Pbrm1"
"22349","Smarca4","Smarcd1"
"22350","Smarca4","Smarce1"
"22351","Smarca4","Arid1a"
"22352","Smarca4","Phf10"
"22353","Smarca4","Smarcd2"
"22354","Smarca4","Smarcd3"
"22355","Erbb2","Apc"
"22356","Met","Apc"
"22357","Fgfr2","Apc"
"22358","Erbb2,Erbb4","Apc"
"22359","Erbb2,Erbb3","Apc"
"22360","Cdh1","Jup"
"22361","Ntrk3","Myc"
"22362","Egfr","Nfatc2"
"22363","Egfr","Batf2"
"22364","Egfr","Batf3"
"22365","Egfr","Batf"
"22366","Egfr","Nfkbib"
"22367","Tlr2","Nfatc1"
"22368","Tlr2","Nfatc2"
"22369","Tlr2","Nfatc3"
"22370","Tlr2","Batf2"
"22371","Tlr2","Batf3"
"22372","Tlr2","Batf"
"22373","Cd247","Akt1"
"22374","Cd247","Batf2"
"22375","Cd247","Batf3"
"22376","Cd247","Batf"
"22377","Tlr4","Nfatc1"
"22378","Tlr4","Nfatc2"
"22379","Tlr4","Nfatc3"
"22380","Tlr4","Batf2"
"22381","Tlr4","Batf3"
"22382","Tlr4","Batf"
"22383","Cd4","Akt1"
"22384","Cd4","Batf2"
"22385","Cd4","Batf3"
"22386","Cd4","Batf"
"22387","Tlr9","Akt1"
"22388","Tlr9","Nfatc1"
"22389","Tlr9","Nfatc2"
"22390","Tlr9","Nfatc3"
"22391","Tlr9","Batf2"
"22392","Tlr9","Batf3"
"22393","Tlr9","Raf1"
"22394","Tlr9","Batf"
"22395","Ifngr1","Nfatc2"
"22396","Ifngr1","Nfatc3"
"22397","Ifngr1","Batf2"
"22398","Ifngr1","Batf3"
"22399","Ifngr1","Batf"
"22400","Ifngr1","Ikbkg"
"22401","Ifngr1","Nfkbib"
"22402","Ifngr2","Nfatc2"
"22403","Ifngr2","Nfatc3"
"22404","Ifngr2","Batf2"
"22405","Ifngr2","Batf3"
"22406","Ifngr2","Batf"
"22407","Ifngr2","Ikbkg"
"22408","Ifngr2","Nfkbib"
"22409","Cd28","Batf2"
"22410","Cd28","Batf3"
"22411","Cd28","Batf"
"22412","Alk","Nfatc1"
"22413","Alk","Nfatc2"
"22414","Alk","Nfatc3"
"22415","Alk","Batf2"
"22416","Alk","Batf3"
"22417","Alk","Batf"
"22418","Alk","Nfkbib"
"22419","Chuk","Nfatc2"
"22420","Chuk","Nfatc3"
"22421","Chuk","Batf2"
"22422","Chuk","Batf3"
"22423","Chuk","Batf"
"22424","Ikbkb","Nfatc2"
"22425","Ikbkb","Nfatc3"
"22426","Ikbkb","Batf2"
"22427","Ikbkb","Batf3"
"22428","Ikbkb","Batf"
"22429","Pik3r1","Batf2"
"22430","Pik3r1","Batf3"
"22431","Pik3r1","Batf"
"22432","Csnk2a1","Akt1"
"22433","Csnk2a1","Fos"
"22434","Csnk2a1","Mapk1"
"22435","Csnk2a1","Mapk3"
"22436","Csnk2a1","Nfatc1"
"22437","Csnk2a1","Nfatc2"
"22438","Csnk2a1","Nfatc3"
"22439","Csnk2a1","Batf2"
"22440","Csnk2a1","Batf3"
"22441","Csnk2a1","Raf1"
"22442","Csnk2a1","Batf"
"22443","Csnk2a1","Nfkbib"
"22444","Pik3r2","Batf2"
"22445","Pik3r2","Batf3"
"22446","Pik3r2","Batf"
"22447","Lck","Batf2"
"22448","Lck","Batf3"
"22449","Lck","Batf"
"22450","Csnk2a2","Akt1"
"22451","Csnk2a2","Fos"
"22452","Csnk2a2","Mapk1"
"22453","Csnk2a2","Mapk3"
"22454","Csnk2a2","Nfatc1"
"22455","Csnk2a2","Nfatc2"
"22456","Csnk2a2","Nfatc3"
"22457","Csnk2a2","Batf2"
"22458","Csnk2a2","Batf3"
"22459","Csnk2a2","Raf1"
"22460","Csnk2a2","Batf"
"22461","Csnk2a2","Nfkbib"
"22462","Csnk2b","Akt1"
"22463","Csnk2b","Fos"
"22464","Csnk2b","Mapk1"
"22465","Csnk2b","Mapk3"
"22466","Csnk2b","Nfatc1"
"22467","Csnk2b","Nfatc2"
"22468","Csnk2b","Nfatc3"
"22469","Csnk2b","Batf2"
"22470","Csnk2b","Batf3"
"22471","Csnk2b","Raf1"
"22472","Csnk2b","Batf"
"22473","Csnk2b","Nfkbib"
"22474","Pik3r3","Batf2"
"22475","Pik3r3","Batf3"
"22476","Pik3r3","Batf"
"22477","Raf1","Nfatc1"
"22478","Raf1","Nfatc2"
"22479","Raf1","Nfatc3"
"22480","Raf1","Batf2"
"22481","Raf1","Batf3"
"22482","Raf1","Batf"
"22483","Pdcd1","Akt1"
"22484","Pdcd1","Batf2"
"22485","Pdcd1","Batf3"
"22486","Pdcd1","Batf"
"22487","Egfr,Erbb2","Nfatc2"
"22488","Egfr,Erbb2","Batf2"
"22489","Egfr,Erbb2","Batf3"
"22490","Egfr,Erbb2","Batf"
"22491","Egfr,Erbb2","Nfkbib"
"22492","Ifngr1,Ifngr2","Nfatc2"
"22493","Ifngr1,Ifngr2","Nfatc3"
"22494","Ifngr1,Ifngr2","Batf2"
"22495","Ifngr1,Ifngr2","Batf3"
"22496","Ifngr1,Ifngr2","Batf"
"22497","Ifngr1,Ifngr2","Ikbkg"
"22498","Ifngr1,Ifngr2","Nfkbib"
"22499","Cd274","Akt1"
"22500","Cd274","Fos"
"22501","Cd274","Jun"
"22502","Cd274","Mapk1"
"22503","Cd274","Mapk3"
"22504","Cd274","Nfatc1"
"22505","Cd274","Nfatc2"
"22506","Cd274","Nfatc3"
"22507","Cd274","Nfkb1"
"22508","Cd274","Rela"
"22509","Cd274","Batf2"
"22510","Cd274","Batf3"
"22511","Cd274","Ikbkb"
"22512","Cd274","Nfkbia"
"22513","Cd274","Raf1"
"22514","Cd274","Batf"
"22515","Cd274","Ikbkg"
"22516","Cd274","Nfkbib"
"22517","Tlr2","Ifng"
"22518","Tlr2","Stat4"
"22519","Tlr2","Stat6"
"22520","Tlr2","Gata3"
"22521","Tlr2","Il10"
"22522","Tlr2","Il17a"
"22523","Tlr2","Il4"
"22524","Tlr2","Rora"
"22525","Tlr2","Tbx21"
"22526","Tlr2","Rorc"
"22527","Tlr4","Ifng"
"22528","Tlr4","Stat4"
"22529","Tlr4","Stat6"
"22530","Tlr4","Gata3"
"22531","Tlr4","Il17a"
"22532","Tlr4","Il4"
"22533","Tlr4","Rora"
"22534","Tlr4","Tbx21"
"22535","Tlr4","Rorc"
"22536","Il2rg","Jun"
"22537","Il2rg","Tnf"
"22538","Il2rg","Il10"
"22539","Ifngr1","Tnf"
"22540","Ifngr2","Tnf"
"22541","Il12rb1","Jun"
"22542","Il12rb1","Nfkb1"
"22543","Il12rb1","Rela"
"22544","Il12rb1","Tnf"
"22545","Il12rb1","Il10"
"22546","Il12rb2","Jun"
"22547","Il12rb2","Nfkb1"
"22548","Il12rb2","Rela"
"22549","Il12rb2","Tnf"
"22550","Il12rb2","Il10"
"22551","Il12rb2","Il17a"
"22552","Il12rb2","Rora"
"22553","Il12rb2","Rorc"
"22554","Il18r1","Ifng"
"22555","Il18r1","Jun"
"22556","Il18r1","Nfkb1"
"22557","Il18r1","Rela"
"22558","Il18r1","Stat1"
"22559","Il18r1","Stat3"
"22560","Il18r1","Stat4"
"22561","Il18r1","Stat6"
"22562","Il18r1","Tnf"
"22563","Il18r1","Gata3"
"22564","Il18r1","Il10"
"22565","Il18r1","Il17a"
"22566","Il18r1","Il4"
"22567","Il18r1","Rora"
"22568","Il18r1","Tbx21"
"22569","Il18r1","Rorc"
"22570","Il18rap","Ifng"
"22571","Il18rap","Jun"
"22572","Il18rap","Nfkb1"
"22573","Il18rap","Rela"
"22574","Il18rap","Stat1"
"22575","Il18rap","Stat3"
"22576","Il18rap","Stat4"
"22577","Il18rap","Stat6"
"22578","Il18rap","Tnf"
"22579","Il18rap","Gata3"
"22580","Il18rap","Il10"
"22581","Il18rap","Il17a"
"22582","Il18rap","Il4"
"22583","Il18rap","Rora"
"22584","Il18rap","Tbx21"
"22585","Il18rap","Rorc"
"22586","Tlr5","Ifng"
"22587","Tlr5","Stat3"
"22588","Tlr5","Stat4"
"22589","Tlr5","Stat6"
"22590","Tlr5","Gata3"
"22591","Tlr5","Il10"
"22592","Tlr5","Il17a"
"22593","Tlr5","Il4"
"22594","Tlr5","Rora"
"22595","Tlr5","Tbx21"
"22596","Tlr5","Rorc"
"22597","Il4ra","Jun"
"22598","Il4ra","Tnf"
"22599","Il4ra","Il10"
"22600","Il2ra,Il2rb,Il2rg","Jun"
"22601","Il2ra,Il2rb,Il2rg","Tnf"
"22602","Il2ra,Il2rb,Il2rg","Il10"
"22603","Il2rb,Il2rg","Jun"
"22604","Il2rb,Il2rg","Tnf"
"22605","Il2rb,Il2rg","Il10"
"22606","Il4ra,Il2rg","Jun"
"22607","Il4ra,Il2rg","Tnf"
"22608","Il4ra,Il2rg","Il10"
"22609","Il7r,Il2rg","Jun"
"22610","Il7r,Il2rg","Tnf"
"22611","Il7r,Il2rg","Il10"
"22612","Il9r,Il2rg","Jun"
"22613","Il9r,Il2rg","Tnf"
"22614","Il9r,Il2rg","Il10"
"22615","Il15ra,Il2rb,Il2rg","Jun"
"22616","Il15ra,Il2rb,Il2rg","Tnf"
"22617","Il15ra,Il2rb,Il2rg","Il10"
"22618","Il21r,Il2rg","Jun"
"22619","Il21r,Il2rg","Tnf"
"22620","Il21r,Il2rg","Il10"
"22621","Il4ra,Il13ra1","Jun"
"22622","Il4ra,Il13ra1","Tnf"
"22623","Il4ra,Il13ra1","Il10"
"22624","Il4ra,Il13ra2","Jun"
"22625","Il4ra,Il13ra2","Tnf"
"22626","Il4ra,Il13ra2","Il10"
"22627","Il12rb1,Il12rb2","Jun"
"22628","Il12rb1,Il12rb2","Nfkb1"
"22629","Il12rb1,Il12rb2","Rela"
"22630","Il12rb1,Il12rb2","Tnf"
"22631","Il12rb1,Il12rb2","Il10"
"22632","Il23r,Il12rb1","Jun"
"22633","Il23r,Il12rb1","Nfkb1"
"22634","Il23r,Il12rb1","Rela"
"22635","Il23r,Il12rb1","Tnf"
"22636","Il23r,Il12rb1","Il10"
"22637","Il18r1,Il18rap","Ifng"
"22638","Il18r1,Il18rap","Jun"
"22639","Il18r1,Il18rap","Nfkb1"
"22640","Il18r1,Il18rap","Rela"
"22641","Il18r1,Il18rap","Stat1"
"22642","Il18r1,Il18rap","Stat3"
"22643","Il18r1,Il18rap","Stat4"
"22644","Il18r1,Il18rap","Stat6"
"22645","Il18r1,Il18rap","Tnf"
"22646","Il18r1,Il18rap","Gata3"
"22647","Il18r1,Il18rap","Il10"
"22648","Il18r1,Il18rap","Il17a"
"22649","Il18r1,Il18rap","Il4"
"22650","Il18r1,Il18rap","Rora"
"22651","Il18r1,Il18rap","Tbx21"
"22652","Il18r1,Il18rap","Rorc"
"22653","Ifngr1,Ifngr2","Tnf"
"22654","Cd55b","Abl1"
"22655","Cd55","Abl1"
"22656","Itgav","Ifng"
"22657","Itgav","Tnf"
"22658","Itgav","Edn1"
"22659","Itgav","Klf2"
"22660","Itgb3","Ifng"
"22661","Itgb3","Tnf"
"22662","Itgb3","Edn1"
"22663","Itgb3","Klf2"
"22664","Itgb3","Mmp9"
"22665","Kdr","Ifng"
"22666","Kdr","Tnf"
"22667","Kdr","Edn1"
"22668","Kdr","Klf2"
"22669","Kdr","Mmp9"
"22670","Pecam1","Akt1"
"22671","Pecam1","Ifng"
"22672","Pecam1","Nfkb1"
"22673","Pecam1","Rela"
"22674","Pecam1","Tnf"
"22675","Pecam1","Edn1"
"22676","Pecam1","Klf2"
"22677","Pecam1","Mmp9"
"22678","Tnfrsf1a","Ifng"
"22679","Tnfrsf1a","Edn1"
"22680","Tnfrsf1a","Klf2"
"22681","Tnfrsf1a","Mmp9"
"22682","Cdh5","Akt1"
"22683","Cdh5","Ifng"
"22684","Cdh5","Nfkb1"
"22685","Cdh5","Rela"
"22686","Cdh5","Tnf"
"22687","Cdh5","Edn1"
"22688","Cdh5","Klf2"
"22689","Cdh5","Mmp9"
"22690","Il1r1","Ifng"
"22691","Il1r1","Edn1"
"22692","Il1r1","Klf2"
"22693","Il1r1","Mmp9"
"22694","Il1r2","Fos"
"22695","Il1r2","Ifng"
"22696","Il1r2","Jun"
"22697","Il1r2","Mapk10"
"22698","Il1r2","Mapk11"
"22699","Il1r2","Mapk12"
"22700","Il1r2","Mapk13"
"22701","Il1r2","Mapk14"
"22702","Il1r2","Mapk8"
"22703","Il1r2","Mapk9"
"22704","Il1r2","Tnf"
"22705","Il1r2","Edn1"
"22706","Il1r2","Klf2"
"22707","Il1r2","Map3k7"
"22708","Il1r2","Mmp9"
"22709","Chuk","Edn1"
"22710","Ikbkb","Edn1"
"22711","Itgav,Itgb3","Ifng"
"22712","Itgav,Itgb3","Tnf"
"22713","Itgav,Itgb3","Edn1"
"22714","Itgav,Itgb3","Klf2"
"22715","Flt1,Kdr","Ifng"
"22716","Flt1,Kdr","Tnf"
"22717","Flt1,Kdr","Edn1"
"22718","Flt1,Kdr","Klf2"
"22719","Flt1,Kdr","Mmp9"
"22720","Flt4,Kdr","Ifng"
"22721","Flt4,Kdr","Tnf"
"22722","Flt4,Kdr","Edn1"
"22723","Flt4,Kdr","Klf2"
"22724","Flt4,Kdr","Mmp9"
"22725","Il1r1,Il1rap","Ifng"
"22726","Il1r1,Il1rap","Edn1"
"22727","Il1r1,Il1rap","Klf2"
"22728","Il1r1,Il1rap","Mmp9"
"22729","Itga2b,Itgb3","Ifng"
"22730","Itga2b,Itgb3","Tnf"
"22731","Itga2b,Itgb3","Edn1"
"22732","Itga2b,Itgb3","Klf2"
"22733","Itgav,Itgb1","Ifng"
"22734","Itgav,Itgb1","Tnf"
"22735","Itgav,Itgb1","Edn1"
"22736","Itgav,Itgb1","Klf2"
"22737","Itgav,Itgb5","Ifng"
"22738","Itgav,Itgb5","Tnf"
"22739","Itgav,Itgb5","Edn1"
"22740","Itgav,Itgb5","Klf2"
"22741","Itgav,Itgb6","Ifng"
"22742","Itgav,Itgb6","Tnf"
"22743","Itgav,Itgb6","Edn1"
"22744","Itgav,Itgb6","Klf2"
"22745","Itgav,Itgb8","Ifng"
"22746","Itgav,Itgb8","Tnf"
"22747","Itgav,Itgb8","Edn1"
"22748","Itgav,Itgb8","Klf2"
"22749","Plxna1,Kdr","Ifng"
"22750","Plxna1,Kdr","Tnf"
"22751","Plxna1,Kdr","Edn1"
"22752","Plxna1,Kdr","Klf2"
"22753","Plxna1,Kdr","Mmp9"
