"","source","target"
"1","Aatf","Bak1"
"2","Aatf","Bax"
"3","Aatf","Bbc3"
"4","Aatf","Cdkn1a"
"5","Aatf","Tpt1"
"6","Aatf","Trp53"
"7","Abl1","Trp53"
"8","Abl1","Trp73"
"9","Aebp2","Jarid2"
"10","Aebp2","Snai2"
"11","Aes","Ihh"
"12","Ahr","Abcc4"
"13","Ahr","Apaf1"
"14","Ahr","Cyp19a1"
"15","Ahr","Cyp1a1"
"16","Ahr","Cyp1a2"
"17","Ahr","Cyp1b1"
"18","Ahr","E2f2"
"19","Ahr","Gata4"
"20","Ahr","Gsta1"
"21","Ahr","Il17a"
"22","Ahr","Il6"
"23","Ahr","Lhb"
"24","Ahr","Nkx2-5"
"25","Ahr","Nqo1"
"26","Ahr","Pla2g4a"
"27","Ahr","Ptgs2"
"28","Ahr","Serpinb2"
"29","Ahr","Sim1"
"30","Ahr","Smoc2"
"31","Ahr","Snai2"
"32","Ahr","Ugt1a6a"
"33","Ahr","Vav3"
"34","Aire","Bmp2"
"35","Aire","F11"
"36","Alx4","Fgf10"
"37","Ankrd1","Myl2"
"38","Ankrd1","Nppa"
"39","Apbb1","Lrp1"
"40","Apbb1","Notch1"
"41","Apc","Ctnnb1"
"42","Apc","Myc"
"43","Apc","Spp1"
"44","Apc","Tcf4"
"45","Apc","Trp53"
"46","Apex1","Apod"
"47","Apex1","Blk"
"48","Apex1","Ccl12"
"49","Apex1","Nfkb1"
"50","Apex1","Pax5"
"51","Apex1","Ptgs2"
"52","Apex1","Rela"
"53","Apex1","Tlr4"
"54","Ar","Ccr2"
"55","Ar","Cga"
"56","Ar","Fkbp5"
"57","Ar","Foxa1"
"58","Ar","Klkb1"
"59","Ar","Nkx3-1"
"60","Ar","Nr0b1"
"61","Ar","Psat1"
"62","Ar","Runx2"
"63","Ar","Scnn1a"
"64","Ar","Sox2"
"65","Ar","Tnf"
"66","Ar","rsl"
"67","Arid3a","Cr2"
"68","Arid3a","Igh"
"69","Arid3b","Igh"
"70","Arid5b","Sox9"
"71","Arl6ip5","Parp1"
"72","Arl6ip5","Xrcc1"
"73","Arnt","Atxn3"
"74","Arnt","Cyp1a1"
"75","Arnt","Cyp1a2"
"76","Arnt","Cyp1b1"
"77","Arnt","E2f2"
"78","Arnt","Sim1"
"79","Arnt","Th"
"80","Arntl","Bhlhe40"
"81","Arntl","Bhlhe41"
"82","Arntl","Ctnnb1"
"83","Arntl","Cxcl5"
"84","Arntl","Dbp"
"85","Arntl","Maoa"
"86","Arntl","Nfe2l2"
"87","Arntl","Per1"
"88","Arntl","Per2"
"89","Arntl","Tcf3"
"90","Arntl","Vwf"
"91","Arntl","Wnt10a"
"92","Arntl2","Thbd"
"93","Arx","Kdm5c"
"94","Arx","Shh"
"95","Ascl1","Bub1"
"96","Ascl1","Cdkn2d"
"97","Ascl1","Dll3"
"98","Ascl1","Dll4"
"99","Ascl1","Hes5"
"100","Ascl1","Pdgfra"
"101","Ascl1","Phox2a"
"102","Ascl1","Rnd3"
"103","Ascl1","Tph2"
"104","Ash1l","Tgfb1"
"105","Ash1l","Timp1"
"106","Asxl1","Fabp4"
"107","Atf1","Cebpb"
"108","Atf1","Hspa5"
"109","Atf1","Nudt1"
"110","Atf1","Thbs1"
"111","Atf2","Ccnd1"
"112","Atf2","Cebpa"
"113","Atf2","Entpd1"
"114","Atf2","Fgf21"
"115","Atf2","Fos"
"116","Atf2","Gabrb3"
"117","Atf2","Il23a"
"118","Atf2","Ins2"
"119","Atf2","Per1"
"120","Atf2","Pparg"
"121","Atf2","Rela"
"122","Atf2","Rhob"
"123","Atf2","Serpinb5"
"124","Atf2","Sox9"
"125","Atf2","Tnf"
"126","Atf2","Ucp1"
"127","Atf3","Atf3"
"128","Atf3","Ccnd1"
"129","Atf3","Gck"
"130","Atf3","Il12b"
"131","Atf3","Il6"
"132","Atf3","Pdx1"
"133","Atf3","Sort1"
"134","Atf3","Tnfrsf10b"
"135","Atf4","Bglap3"
"136","Atf4","Cdkn1a"
"137","Atf4","Cdkn1b"
"138","Atf4","Ddr2"
"139","Atf4","Fgf15"
"140","Atf4","Fgf2"
"141","Atf4","Hspa5"
"142","Atf4","Ihh"
"143","Atf4","Il6"
"144","Atf4","Mcm7"
"145","Atf4","Mir106b"
"146","Atf4","Sphk2"
"147","Atf4","Trib3"
"148","Atf6","Hspa5"
"149","Atf6","Wbp1"
"150","Atm","Cdkn1a"
"151","Atm","Sp7"
"152","Atm","Trp53"
"153","Atoh1","Barhl1"
"154","Atoh1","Hes6"
"155","Atoh1","Nr2f6"
"156","Atoh1","Pou4f3"
"157","Bach1","Hbb"
"158","Bach1","Hmox1"
"159","Bach1","Mmp1a"
"160","Bach1","Trp53"
"161","Bach2","Prdm1"
"162","Barx2","Acta2"
"163","Barx2","L1cam"
"164","Barx2","Pax1"
"165","Batf2","Ccl5"
"166","Batf2","Nos2"
"167","Batf2","Tnf"
"168","Batf3","Irf8"
"169","Bcl11a","Frzb"
"170","Bcl11b","Ahr"
"171","Bcl11b","Bcl2l1"
"172","Bcl11b","Cdkn1b"
"173","Bcl11b","Foxp3"
"174","Bcl11b","Gfi1"
"175","Bcl11b","Il10"
"176","Bcl11b","Notch1"
"177","Bcl11b","Runx3"
"178","Bcl11b","Zbtb7b"
"179","Bcl3","Ccnd1"
"180","Bcl3","Ctsl"
"181","Bcl3","Cxcl10"
"182","Bcl3","Fbxo32"
"183","Bcl3","Ifng"
"184","Bcl3","Il23a"
"185","Bcl3","Nfkb1"
"186","Bcl3","Nfkb2"
"187","Bcl3","Nos1"
"188","Bcl3","Runx1"
"189","Bcl3","Tnf"
"190","Bcl3","Tnfaip3"
"191","Bcl3","Tnfrsf12a"
"192","Bcl3","Trim63"
"193","Bcl3","Ubc"
"194","Bcl6","Batf"
"195","Bcl6","Bcl6"
"196","Bcl6","Cdkn1a"
"197","Bcl6","Cdkn1b"
"198","Bcl6","Cdkn2b"
"199","Bcl6","Csf1r"
"200","Bcl6","Gadd45a"
"201","Bcl6","Gata3"
"202","Bcl6","Hdac7"
"203","Bcl6","Ifng"
"204","Bcl6","Il17a"
"205","Bcl6","Il9"
"206","Bcl6","Mir21a"
"207","Bcl6","Myc"
"208","Bcl6","Prdm1"
"209","Bcl6","Rorc"
"210","Bcl6","Socs2"
"211","Bcl6","Tbx21"
"212","Bcl6b","Rbpj"
"213","Bhlhe40","Il2ra"
"214","Bmi1","Cdk1"
"215","Bmi1","Cdkn1a"
"216","Bmi1","Cdkn2a"
"217","Bmi1","Cdkn2d"
"218","Bmi1","Dkk1"
"219","Bmi1","E4f1"
"220","Bmi1","Hmga2"
"221","Bmi1","Ikzf1"
"222","Bmi1","Nanog"
"223","Bmi1","Nfkb1"
"224","Bmi1","Pmaip1"
"225","Bmi1","Pten"
"226","Bmp4","Chst11"
"227","Bmp6","Mycn"
"228","Brca1","Akt1"
"229","Brca1","Cdkn1a"
"230","Brca1","Hmga2"
"231","Brca1","Mad2l1"
"232","Brca1","Mdm2"
"233","Brca1","Rad51"
"234","Brca1","Sirt1"
"235","Brca1","Tpt1"
"236","Brca2","Cdkn1a"
"237","Btg2","Atoh1"
"238","Btg2","Creb1"
"239","Bub3","Apod"
"240","Cbfa2t3","Epb42"
"241","Cbx6","Ccne1"
"242","Ccnd1","Cdkn2a"
"243","Cd7","Nfkb1"
"244","Cdx1","Ccl25"
"245","Cdx1","Cdx2"
"246","Cdx1","Mafb"
"247","Cdx2","Ccl25"
"248","Cdx2","Cdh17"
"249","Cdx2","Cdx1"
"250","Cdx2","Cdx4"
"251","Cdx2","Glb1"
"252","Cdx2","Heph"
"253","Cdx2","Kitl"
"254","Cdx2","Mgam"
"255","Cdx2","Nanog"
"256","Cdx2","Pou5f1"
"257","Cdx2","Shh"
"258","Cdx2","Sis"
"259","Cdx2","Xist"
"260","Cdx4","Hoxa9"
"261","Cebpa","Abca3"
"262","Cebpa","Alb"
"263","Cebpa","Aldh3a1"
"264","Cebpa","Amelx"
"265","Cebpa","Apod"
"266","Cebpa","Bcl2"
"267","Cebpa","Cflar"
"268","Cebpa","Clu"
"269","Cebpa","Crabp2"
"270","Cebpa","Elane"
"271","Cebpa","Il12b"
"272","Cebpa","Il4"
"273","Cebpa","Lpin1"
"274","Cebpa","Mstn"
"275","Cebpa","Nfkb1"
"276","Cebpa","Nos2"
"277","Cebpa","Nr1h3"
"278","Cebpa","Pck1"
"279","Cebpa","Prtn3"
"280","Cebpa","Ptgs2"
"281","Cebpa","Scgb1a1"
"282","Cebpa","Slc2a4"
"283","Cebpa","Spi1"
"284","Cebpa","Zbtb16"
"285","Cebpb","Abl1"
"286","Cebpb","Abl2"
"287","Cebpb","Alb"
"288","Cebpb","Aldh3a1"
"289","Cebpb","Atf3"
"290","Cebpb","Bcl2"
"291","Cebpb","Bglap"
"292","Cebpb","Btg2"
"293","Cebpb","Cdkn1a"
"294","Cebpb","Cebpa"
"295","Cebpb","Clu"
"296","Cebpb","Cr2"
"297","Cebpb","Csf1r"
"298","Cebpb","Csf3"
"299","Cebpb","Csn2"
"300","Cebpb","Cxcr4"
"301","Cebpb","Cyr61"
"302","Cebpb","Fos"
"303","Cebpb","Foxf1"
"304","Cebpb","Gsta2"
"305","Cebpb","H2-K1"
"306","Cebpb","Hgf"
"307","Cebpb","Id2"
"308","Cebpb","Il1b"
"309","Cebpb","Il5ra"
"310","Cebpb","Il6"
"311","Cebpb","Insr"
"312","Cebpb","Mafb"
"313","Cebpb","Myc"
"314","Cebpb","Pck1"
"315","Cebpb","Pparg"
"316","Cebpb","Ppargc1a"
"317","Cebpb","Ptgs1"
"318","Cebpb","Ptgs2"
"319","Cebpb","Runx2"
"320","Cebpb","Scgb1a1"
"321","Cebpb","Serpine1"
"322","Cebpb","Slc10a1"
"323","Cebpb","Snrpn"
"324","Cebpb","Socs3"
"325","Cebpb","Trp53"
"326","Cebpb","Ucp1"
"327","Cebpe","Mxd1"
"328","Cebpg","Cebpa"
"329","Cebpg","Cebpb"
"330","Cebpg","Il6"
"331","Cebpz","Hspa1b"
"332","Chd1","Ubtfl1"
"333","Chd4","Cd4"
"334","Chd4","Id2"
"335","Chd4","Jun"
"336","Chd4","Ngfr"
"337","Chd7","Gli3"
"338","Chd7","Jag1"
"339","Chd7","Mycn"
"340","Chd7","Sox11"
"341","Chd7","Sox4"
"342","Chd8","Brca1"
"343","Chd8","Myc"
"344","Chd8","Stat3"
"345","Chd8","Tcf4"
"346","Ciita","Col1a2"
"347","Ciita","Nfatc1"
"348","Ciita","Oscar"
"349","Cited2","Cebpa"
"350","Cited2","Fgf9"
"351","Cited2","Ldhb"
"352","Cited2","Ldhd"
"353","Cited2","Mmp9"
"354","Cited2","Nr5a1"
"355","Cited2","Pdk2"
"356","Cited2","Pdk4"
"357","Cited2","Pparg"
"358","Cited2","Smad3"
"359","Cited2","Wnt4"
"360","Clock","Bhlhe40"
"361","Clock","Bhlhe41"
"362","Clock","Cry1"
"363","Clock","Cry2"
"364","Clock","Dbp"
"365","Clock","Nr0b2"
"366","Clock","Nampt"
"367","Clock","Per1"
"368","Clock","Per2"
"369","Clock","Scnn1a"
"370","Clock","Serpine1"
"371","Clock","Serpine2"
"372","Clock","Thbd"
"373","Clock","Tpo"
"374","Clock","Vwf"
"375","Cnot3","Myc"
"376","Cnot3","Zfx"
"377","Cnot7","Tob1"
"378","Cops5","Hand2"
"379","Creb1","Acsl4"
"380","Creb1","Bcl2"
"381","Creb1","Cftr"
"382","Creb1","Cldn11"
"383","Creb1","Crtc2"
"384","Creb1","Entpd1"
"385","Creb1","Esr1"
"386","Creb1","Etv2"
"387","Creb1","Etv3"
"388","Creb1","Fos"
"389","Creb1","Hspa5"
"390","Creb1","Il10"
"391","Creb1","Ldha"
"392","Creb1","Mif"
"393","Creb1","Mitf"
"394","Creb1","Nf1"
"395","Creb1","Nfkbiz"
"396","Creb1","Nmnat2"
"397","Creb1","Noct"
"398","Creb1","Nrf1"
"399","Creb1","Pde3b"
"400","Creb1","Penk"
"401","Creb1","Ppargc1a"
"402","Creb1","Ppm1d"
"403","Creb1","Prkce"
"404","Creb1","Ptgs2"
"405","Creb1","Nectin2"
"406","Creb1","Ren1"
"407","Creb1","Slc20a1"
"408","Creb1","Slc2a3"
"409","Creb1","Twist1"
"410","Creb3","Apoa4"
"411","Creb3","Herpud1"
"412","Creb3l1","Gcm1"
"413","Creb3l1","Mmp3"
"414","Creb3l1","Slc1a4"
"415","Creb3l3","Hamp"
"416","Creb3l3","Smurf1"
"417","Creb3l4","Edem1"
"418","Crebbp","Alx1"
"419","Crebbp","Bcl2"
"420","Crebbp","Birc5"
"421","Crebbp","Tdgf1"
"422","Crebbp","Clock"
"423","Crebbp","Crebbp"
"424","Crebbp","Crx"
"425","Crebbp","Cryab"
"426","Crebbp","Cyp11a1"
"427","Crebbp","Ep300"
"428","Crebbp","Esr1"
"429","Crebbp","F7"
"430","Crebbp","Fos"
"431","Crebbp","Fosb"
"432","Crebbp","Foxp3"
"433","Crebbp","Fth1"
"434","Crebbp","Gh"
"435","Crebbp","Grip1"
"436","Crebbp","Hgf"
"437","Crebbp","Hmox1"
"438","Crebbp","Ifnb1"
"439","Crebbp","Il6"
"440","Crebbp","Krt16"
"441","Crebbp","Ldha"
"442","Crebbp","Med1"
"443","Crebbp","Hinfp"
"444","Crebbp","Mt1"
"445","Crebbp","Myh1"
"446","Crebbp","Nfkb1"
"447","Crebbp","Nfya"
"448","Crebbp","Nfyb"
"449","Crebbp","Npas2"
"450","Crebbp","Per1"
"451","Crebbp","Rs1"
"452","Crebbp","Setdb1"
"453","Crebbp","Socs3"
"454","Crebbp","Spib"
"455","Crebbp","Sst"
"456","Crebbp","Star"
"457","Crebbp","Tnf"
"458","Crebbp","Trp53"
"459","Crebzf","Adipoq"
"460","Crem","Ren1"
"461","Crtc1","Creb1"
"462","Crx","Fam161a"
"463","Crx","Kcnv2"
"464","Crx","Nr2e3"
"465","Crx","Pde6a"
"466","Crx","Pde6b"
"467","Crx","Rbp3"
"468","Crx","Rho"
"469","Crx","Rs1"
"470","Crx","Sag"
"471","Crx","Samd11"
"472","Crx","Samd7"
"473","Cry1","Per2"
"474","Csf1","Cd36"
"475","Csf2","Itgb3"
"476","Ctcf","Atxn7"
"477","Ctcf","Celsr3"
"478","Ctcf","Csf2"
"479","Ctcf","Igf2"
"480","Ctcf","Irak2"
"481","Ctcf","Mgat5b"
"482","Ctcf","Pax6"
"483","Ctcfl","Gal3st1"
"484","Ctf1","Tgfb1"
"485","Ctnnb1","Atoh1"
"486","Ctnnb1","Axin2"
"487","Ctnnb1","Bcl2l1"
"488","Ctnnb1","Bglap"
"489","Ctnnb1","Bglap2"
"490","Ctnnb1","Birc5"
"491","Ctnnb1","Bmp4"
"492","Ctnnb1","Casp3"
"493","Ctnnb1","Ccl7"
"494","Ctnnb1","Ccnd1"
"495","Ctnnb1","Ccne1"
"496","Ctnnb1","Cdh1"
"497","Ctnnb1","Cdx1"
"498","Ctnnb1","Cdx2"
"499","Ctnnb1","Cdx4"
"500","Ctnnb1","Cyp19a1"
"501","Ctnnb1","Cyp2b10"
"502","Ctnnb1","E2f1"
"503","Ctnnb1","Ephb2"
"504","Ctnnb1","Fas"
"505","Ctnnb1","Fgf8"
"506","Ctnnb1","Fgfbp1"
"507","Ctnnb1","Vegfd"
"508","Ctnnb1","Foxa2"
"509","Ctnnb1","Foxj1"
"510","Ctnnb1","Gast"
"511","Ctnnb1","Gja1"
"512","Ctnnb1","Glul"
"513","Ctnnb1","Grem2"
"514","Ctnnb1","Ihh"
"515","Ctnnb1","Inha"
"516","Ctnnb1","Isl1"
"517","Ctnnb1","Lect2"
"518","Ctnnb1","Lef1"
"519","Ctnnb1","Lhb"
"520","Ctnnb1","Met"
"521","Ctnnb1","Mitf"
"522","Ctnnb1","Mmp13"
"523","Ctnnb1","Mmp7"
"524","Ctnnb1","Myc"
"525","Ctnnb1","Mycn"
"526","Ctnnb1","Myf5"
"527","Ctnnb1","Nanog"
"528","Ctnnb1","Neurog1"
"529","Ctnnb1","Nr0b1"
"530","Ctnnb1","Otx2"
"531","Ctnnb1","Pdgfra"
"532","Ctnnb1","Pitx2"
"533","Ctnnb1","Pml"
"534","Ctnnb1","Ppard"
"535","Ctnnb1","Ptgs2"
"536","Ctnnb1","Rapsn"
"537","Ctnnb1","Runx2"
"538","Ctnnb1","Slc2a1"
"539","Ctnnb1","Smc3"
"540","Ctnnb1","Tbx3"
"541","Ctnnb1","Tcf4"
"542","Ctnnb1","Twist1"
"543","Ctnnb1","Vegfa"
"544","Ctnnb1","Wisp1"
"545","Ctnnb1","Wnt1"
"546","Ctnnb1","Wnt4"
"547","Ctr9","Il6"
"548","Cux1","Atp6v1e2"
"549","Cux1","Ccna2"
"550","Cux1","Cdkn1a"
"551","Cux1","Cdkn1b"
"552","Cux1","Dctn6"
"553","Cux1","Fam89b"
"554","Cux1","Hist2h4"
"555","Cux1","Mar1"
"556","Cux1","Myc"
"557","Cux1","Ncam1"
"558","Cux1","Pola1"
"559","Cux1","Runx2"
"560","Cux1","Sis"
"561","Cux2","Cdkn1b"
"562","Dab2","Axin1"
"563","Dach1","Ccnd1"
"564","Dach1","Cdkn1b"
"565","Dach1","Cxcl15"
"566","Dach1","Klf4"
"567","Dach1","Lin28a"
"568","Dach1","Nanog"
"569","Dach1","Sox2"
"570","Dach2","Myog"
"571","Daxx","Birc2"
"572","Daxx","Birc3"
"573","Daxx","Nr5a1"
"574","Daxx","Mapk8ip1"
"575","Daxx","Trp53"
"576","Dbp","Arnt"
"577","Dbp","Bik"
"578","Dbp","Per1"
"579","Ddit3","Bbc3"
"580","Ddit3","Nos3"
"581","Ddx5","Igf2"
"582","Ddx54","Mbp"
"583","Ddx58","Ifnb1"
"584","Deaf1","Eif4g3"
"585","Dlx1","Arx"
"586","Dlx2","Amelx"
"587","Dlx2","Arx"
"588","Dlx2","Dlx6"
"589","Dlx2","Foxj1"
"590","Dlx2","Nrp2"
"591","Dlx2","Pagr1a"
"592","Dlx3","Bglap"
"593","Dlx3","Dspp"
"594","Dlx3","Hsd3b6"
"595","Dlx3","Mmp9"
"596","Dlx3","Pgf"
"597","Dlx3","Runx2"
"598","Dlx5","Alpl"
"599","Dlx5","Dspp"
"600","Dlx5","Gbx2"
"601","Dlx5","Ibsp"
"602","Dlx5","Igfbp3"
"603","Dlx5","Myc"
"604","Dlx5","Runx2"
"605","Dlx5","Sp7"
"606","Dlx5","Wnt5a"
"607","Dmap1","Bmi1"
"608","Dmbx1","Crx"
"609","Dmbx1","Otx1"
"610","Dmbx1","Otx2"
"611","Dmp1","Trp53"
"612","Dmrt1","Sox2"
"613","Dmrt2","Myf5"
"614","Dmtf1","Areg"
"615","Dmtf1","Ccnd2"
"616","Dmtf1","Cdkn2a"
"617","Dmtf1","Egr1"
"618","Dmtf1","Ets1"
"619","Dmtf1","Ets2"
"620","Dmtf1","Junb"
"621","Dmtf1","Tsp1"
"622","Dnajc2","Id1"
"623","Dnmt1","Cdkn1a"
"624","Dnmt1","Dnmt1"
"625","Dnmt1","Mt1"
"626","Dnmt1","Epcam"
"627","Dnmt1","Trp53"
"628","Dnmt3a","Dpp6"
"629","Dnmt3a","Ifng"
"630","Dnmt3a","Mdm2"
"631","Dnmt3a","Mt1"
"632","Dnmt3a","Nanog"
"633","Dnmt3a","Pou5f1"
"634","Dnmt3a","Rb1"
"635","Dnmt3a","Vtn"
"636","Dnmt3b","Nanog"
"637","Dnmt3b","Pou5f1"
"638","Dnmt3b","Vtn"
"639","Dot1l","Scnn1a"
"640","Dtx1","Smarcc1"
"641","E2f1","Apaf1"
"642","E2f1","Atm"
"643","E2f1","Atp6v1e2"
"644","E2f1","Bcl2"
"645","E2f1","Bid"
"646","E2f1","Bin1"
"647","E2f1","Bmi1"
"648","E2f1","Ccna2"
"649","E2f1","Ccnd1"
"650","E2f1","Cdkn1a"
"651","E2f1","Cdkn2a"
"652","E2f1","Cdkn2c"
"653","E2f1","Ddb2"
"654","E2f1","Dhfr"
"655","E2f1","Dlx1"
"656","E2f1","Dlx2"
"657","E2f1","Dnmt1"
"658","E2f1","Egr1"
"659","E2f1","Fbn2"
"660","E2f1","Gins3"
"661","E2f1","Hinfp"
"662","E2f1","Hmga1"
"663","E2f1","Mcl1"
"664","E2f1","Mcm8"
"665","E2f1","Mertk"
"666","E2f1","Mxd3"
"667","E2f1","Mycn"
"668","E2f1","Myh10"
"669","E2f1","Nfe2l2"
"670","E2f1","Nfkb1"
"671","E2f1","Nos2"
"672","E2f1","Nox4"
"673","E2f1","Npat"
"674","E2f1","Nrp1"
"675","E2f1","Pcna"
"676","E2f1","Pdgfra"
"677","E2f1","Pdk4"
"678","E2f1","Pola1"
"679","E2f1","Pura"
"680","E2f1","Rb1"
"681","E2f1","Siva1"
"682","E2f1","Tapbp"
"683","E2f1","Tgfb2"
"684","E2f1","Tk1"
"685","E2f1","Tlr3"
"686","E2f1","Tpt1"
"687","E2f1","Trp53"
"688","E2f1","Trp73"
"689","E2f1","Vegfa"
"690","E2f2","Cdkn2a"
"691","E2f2","Chek1"
"692","E2f2","Ece1"
"693","E2f2","Fgfr2"
"694","E2f2","Mcm5"
"695","E2f3","Cdkn2a"
"696","E2f3","Ddb2"
"697","E2f3","Fgf2"
"698","E2f3","Igf2"
"699","E2f3","Mycn"
"700","E2f3","Pmp2"
"701","E2f3","Tfe3"
"702","E2f4","Brca1"
"703","E2f4","E2f2"
"704","E2f4","Fgf2"
"705","E2f4","Map1lc3b"
"706","E2f4","Mybl2"
"707","E2f4","Mycn"
"708","E2f4","Plk4"
"709","E2f4","Rad51"
"710","E2f4","Rb1"
"711","E2f4","Stmn1"
"712","E2f5","Mir449a"
"713","E2f8","E2f1"
"714","E4f1","Ccna2"
"715","E4f1","Ids"
"716","Ebf1","Blk"
"717","Ebf1","Cd79a"
"718","Ebf1","Igll1"
"719","Ebf1","Omp"
"720","Ebf1","Pax5"
"721","Ebf1","Pparg"
"722","Ebf1","Tac4"
"723","Ebf1","Zfp423"
"724","Ebf1","Zfp521"
"725","Edn1","Ren1"
"726","Egr1","Ache"
"727","Egr1","Bax"
"728","Egr1","Birc5"
"729","Egr1","Bnip3"
"730","Egr1","Cacna1h"
"731","Egr1","Cat"
"732","Egr1","Ccl2"
"733","Egr1","Ccnd1"
"734","Egr1","Ccnd2"
"735","Egr1","Cdk5r1"
"736","Egr1","Cdkn1c"
"737","Egr1","Cdkn2d"
"738","Egr1","Chrna7"
"739","Egr1","Crebbp"
"740","Egr1","Cxcl2"
"741","Egr1","Eno1"
"742","Egr1","Epo"
"743","Egr1","F3"
"744","Egr1","Fas"
"745","Egr1","Fgf2"
"746","Egr1","Gadd45a"
"747","Egr1","Gadd45b"
"748","Egr1","Ggps1"
"749","Egr1","Gnrh1"
"750","Egr1","Hsd11b2"
"751","Egr1","Icam1"
"752","Egr1","Id3"
"753","Egr1","Ifngr1"
"754","Egr1","Igf1r"
"755","Egr1","Il1b"
"756","Egr1","Il2"
"757","Egr1","Il4"
"758","Egr1","Itga7"
"759","Egr1","Itgb6"
"760","Egr1","Jun"
"761","Egr1","Jund"
"762","Egr1","Lhb"
"763","Egr1","Ltb"
"764","Egr1","Map1lc3b"
"765","Egr1","Mapk14"
"766","Egr1","Mapk8"
"767","Egr1","Met"
"768","Egr1","Mmp14"
"769","Egr1","Mmp9"
"770","Egr1","Ndrg1"
"771","Egr1","Ngb"
"772","Egr1","Ngfr"
"773","Egr1","Nr4a1"
"774","Egr1","Ntrk1"
"775","Egr1","Pdx1"
"776","Egr1","Pnmt"
"777","Egr1","Ppp1r1b"
"778","Egr1","Pten"
"779","Egr1","Ptges"
"780","Egr1","Ptges2"
"781","Egr1","Ptprz1"
"782","Egr1","Rcan1"
"783","Egr1","Serpine1"
"784","Egr1","Smad7"
"785","Egr1","Socs1"
"786","Egr1","Stim1"
"787","Egr1","Syn2"
"788","Egr1","Tgfbr2"
"789","Egr1","Th"
"790","Egr1","Thbs1"
"791","Egr1","Tk1"
"792","Egr1","Tnf"
"793","Egr1","Trp53"
"794","Egr1","Trp73"
"795","Egr1","Wnt4"
"796","Egr1","Il12a"
"797","Egr2","Cbl"
"798","Egr2","Cebpb"
"799","Egr2","Fasl"
"800","Egr2","Hoxa2"
"801","Egr2","Hoxb1"
"802","Egr2","Hoxb2"
"803","Egr2","Id2"
"804","Egr2","Id4"
"805","Egr2","Il2rb"
"806","Egr2","Mpz"
"807","Egr2","Nab1"
"808","Egr2","Nab2"
"809","Egr2","Ncmap"
"810","Egr2","Zbtb16"
"811","Egr3","Fasl"
"812","Egr3","Ifngr1"
"813","Egr3","Ngfr"
"814","Egr4","Nfkb1"
"815","Egr4","Slc12a5"
"816","Ehf","Tlr11"
"817","Ehmt1","Ccnd1"
"818","Ehmt2","Ccnd1"
"819","Ehmt2","Cdkn1a"
"820","Ehmt2","Fgf21"
"821","Ehmt2","Pou5f1"
"822","Ehmt2","Pparg"
"823","Ehmt2","Wnt10a"
"824","Eif2ak2","Stat1"
"825","Elf1","Cd1d1"
"826","Elf1","Csf1r"
"827","Elf1","Dntt"
"828","Elf1","Epha7"
"829","Elf1","Fcer1a"
"830","Elf1","Fcer1g"
"831","Elf1","Fli1"
"832","Elf1","Il3"
"833","Elf1","Lyl1"
"834","Elf1","Rhox5"
"835","Elf1","Tal1"
"836","Elf1","Tollip"
"837","Elf2","Cd3d"
"838","Elf3","Angpt1"
"839","Elf3","Tgfb1"
"840","Elf3","Tgfbr2"
"841","Elf3","Tlr11"
"842","Elf4","Bglap"
"843","Elf4","Dlx5"
"844","Elf4","Mab21l1"
"845","Elf4","Msx2"
"846","Elf4","Trp53"
"847","Elf5","Ccnd2"
"848","Elf5","Stat5a"
"849","Elk1","Egr1"
"850","Elk1","Fos"
"851","Elk1","Hmox1"
"852","Elk1","Il6"
"853","Elk1","Mylk"
"854","Elk1","Mylk3"
"855","Elk1","Tbp"
"856","Elk3","Nos2"
"857","Elk3","Pcyt1a"
"858","Elk3","Serpine1"
"859","Ell3","Trp53"
"860","Ell3","Zeb1"
"861","Ell3","Zeb2"
"862","Elp2","Pou5f1"
"863","Elp3","Pou5f1"
"864","Emx2","Alx1"
"865","Emx2","Pax6"
"866","En1","Elf1"
"867","En1","Gbx2"
"868","En1","Pax5"
"869","En1","Wnt7a"
"870","En2","Pax5"
"871","Eomes","Ebf1"
"872","Eomes","Il17a"
"873","Eomes","Mesp1"
"874","Eomes","Prf1"
"875","Eomes","Rorc"
"876","Eomes","Sox2"
"877","Ep300","Aldh3a1"
"878","Ep300","Axin2"
"879","Ep300","Bglap"
"880","Ep300","Birc5"
"881","Ep300","COX2"
"882","Ep300","Cav3"
"883","Ep300","Ccnb2"
"884","Ep300","Ccnd1"
"885","Ep300","Cdkn1a"
"886","Ep300","Chrne"
"887","Ep300","Clock"
"888","Ep300","Col1a2"
"889","Ep300","Col2a1"
"890","Ep300","Cpt1b"
"891","Ep300","Creb1"
"892","Ep300","Cryab"
"893","Ep300","Dnmt1"
"894","Ep300","Edn1"
"895","Ep300","F7"
"896","Ep300","Fasn"
"897","Ep300","Flt4"
"898","Ep300","Fn1"
"899","Ep300","Fos"
"900","Ep300","Gata4"
"901","Ep300","Hmox1"
"902","Ep300","Hrh4"
"903","Ep300","Il6"
"904","Ep300","Irf2"
"905","Ep300","Irs1"
"906","Ep300","Klf5"
"907","Ep300","Ldha"
"908","Ep300","Mef2c"
"909","Ep300","Hinfp"
"910","Ep300","Mmp2"
"911","Ep300","Mmp9"
"912","Ep300","Mt1"
"913","Ep300","Myb"
"914","Ep300","Myod1"
"915","Ep300","Neurod1"
"916","Ep300","Nos2"
"917","Ep300","Npas2"
"918","Ep300","Npr1"
"919","Ep300","Nr0b2"
"920","Ep300","Nr1h4"
"921","Ep300","Pou5f1"
"922","Ep300","Pparg"
"923","Ep300","Ptgs2"
"924","Ep300","Rarb"
"925","Ep300","Rs1"
"926","Ep300","Scd1"
"927","Ep300","Smad3"
"928","Ep300","Socs3"
"929","Ep300","Spp1"
"930","Ep300","Stat5a"
"931","Ep300","Tapbp"
"932","Ep300","Tff2"
"933","Ep300","Tnfsf10"
"934","Ep300","Tnfsf13b"
"935","Ep300","Txnip"
"936","Ep300","Wnt4"
"937","Epas1","Abcg2"
"938","Epas1","Cdh5"
"939","Epas1","Cited2"
"940","Epas1","Col10a1"
"941","Epas1","Efna1"
"942","Epas1","Epo"
"943","Epas1","Flt1"
"944","Epas1","Fxn"
"945","Epas1","Kdr"
"946","Epas1","Pou5f1"
"947","Epas1","Runx2"
"948","Epas1","Serpine1"
"949","Epas1","Vcam1"
"950","Epc1","Tagln"
"951","Epo","Osm"
"952","Epor","Cish"
"953","Erf","Utrn"
"954","Erg","Cdh5"
"955","Erg","Erg"
"956","Erg","Icam2"
"957","Erg","Lyl1"
"958","Erg","Snai1"
"959","Erg","Snai2"
"960","Erg","Vim"
"961","Erg","Vwf"
"962","Esr1","Bmp2"
"963","Esr1","Casp12"
"964","Esr1","Ccnd1"
"965","Esr1","Cdkn1a"
"966","Esr1","Cyp19a1"
"967","Esr1","Esrra"
"968","Esr1","F12"
"969","Esr1","Fasl"
"970","Esr1","Fos"
"971","Esr1","H19"
"972","Esr1","Igf1"
"973","Esr1","Ltf"
"974","Esr1","Myc"
"975","Esr1","Nell2"
"976","Esr1","Nr0b2"
"977","Esr1","Nrf1"
"978","Esr1","Pik3r1"
"979","Esr1","Pou3f1"
"980","Esr1","Pparg"
"981","Esr1","Ptgs1"
"982","Esr1","Slc2a4"
"983","Esr1","Slc7a1"
"984","Esr1","Srebf1"
"985","Esr1","Stat3"
"986","Esr1","Stat5a"
"987","Esr1","Tac2"
"988","Esr1","Th"
"989","Esr1","Tnfsf11"
"990","Esr1","Vegfa"
"991","Esr2","Akt1"
"992","Esr2","Ar"
"993","Esr2","Bcl2"
"994","Esr2","Bmp2"
"995","Esr2","Casp3"
"996","Esr2","Casp8"
"997","Esr2","Igf1r"
"998","Esr2","Mapk1"
"999","Esr2","Mapk3"
"1000","Esr2","Mapk8"
"1001","Esr2","Nell2"
"1002","Esr2","Pparg"
"1003","Esr2","Ptgds"
"1004","Esr2","Ptgs1"
"1005","Esr2","Slc2a4"
"1006","Esr2","Stat5a"
"1007","Esr2","Vegfa"
"1008","Esrra","Acadm"
"1009","Esrra","Apoa4"
"1010","Esrra","Nrip1"
"1011","Esrra","Ppara"
"1012","Esrra","Ppargc1a"
"1013","Esrra","Rb1cc1"
"1014","Esrra","Spp1"
"1015","Esrra","Trp53"
"1016","Esrrb","Nanog"
"1017","Esrrb","Nr0b1"
"1018","Esrrb","Usp17le"
"1019","Esrrg","Mir127"
"1020","Esrrg","Mir433"
"1021","Esrrg","Nr0b1"
"1022","Esrrg","Yy1"
"1023","Ets1","Emsy"
"1024","Ets1","Angpt2"
"1025","Ets1","Anpep"
"1026","Ets1","Bmp4"
"1027","Ets1","Ccl2"
"1028","Ets1","Cd3d"
"1029","Ets1","Cd4"
"1030","Ets1","Cdh5"
"1031","Ets1","Cdkn2a"
"1032","Ets1","Csf1r"
"1033","Ets1","Csf3r"
"1034","Ets1","Ctgf"
"1035","Ets1","Pf4"
"1036","Ets1","Ebf1"
"1037","Ets1","Egr1"
"1038","Ets1","Erg"
"1039","Ets1","Fli1"
"1040","Ets1","Fos"
"1041","Ets1","Foxp3"
"1042","Ets1","Hmox1"
"1043","Ets1","Ighm"
"1044","Ets1","Ikzf1"
"1045","Ets1","Il10"
"1046","Ets1","Il5"
"1047","Ets1","Il7r"
"1048","Ets1","Itga2b"
"1049","Ets1","Kdr"
"1050","Ets1","Krt8"
"1051","Ets1","Ltbr"
"1052","Ets1","Met"
"1053","Ets1","Mir126a"
"1054","Ets1","Mmp13"
"1055","Ets1","Mmp1a"
"1056","Ets1","Mmp3"
"1057","Ets1","Mmp9"
"1058","Ets1","Nos3"
"1059","Ets1","Npr1"
"1060","Ets1","Nr2f1"
"1061","Ets1","Nr2f2"
"1062","Ets1","Oprd1"
"1063","Ets1","Pcyt1a"
"1064","Ets1","Prdm1"
"1065","Ets1","Ptgs2"
"1066","Ets1","Retnla"
"1067","Ets1","Rnf11"
"1068","Ets1","Runx2"
"1069","Ets1","Runx3"
"1070","Ets1","Sell"
"1071","Ets1","Serpinb5"
"1072","Ets1","Sh2d1a"
"1073","Ets1","Spp1"
"1074","Ets1","Tbx21"
"1075","Ets1","Tgfbr2"
"1076","Ets1","Thbd"
"1077","Ets1","Timp1"
"1078","Ets1","Tlr4"
"1079","Ets1","Vegfa"
"1080","Ets1","Vwf"
"1081","Ets1","Zeb1"
"1082","Ets2","Bcl2l1"
"1083","Ets2","Cd4"
"1084","Ets2","Cdkn2a"
"1085","Ets2","Csf1r"
"1086","Ets2","Csf3r"
"1087","Ets2","Dusp6"
"1088","Ets2","Egr1"
"1089","Ets2","Erg"
"1090","Ets2","Etv4"
"1091","Ets2","Fli1"
"1092","Ets2","Flt4"
"1093","Ets2","Hmox1"
"1094","Ets2","Hmox2"
"1095","Ets2","Ifne"
"1096","Ets2","Jun"
"1097","Ets2","Kit"
"1098","Ets2","Krt8"
"1099","Ets2","Mdm2"
"1100","Ets2","Mir126a"
"1101","Ets2","Nab2"
"1102","Ets2","Nos2"
"1103","Ets2","Pcyt1a"
"1104","Ets2","Setdb1"
"1105","Ets2","Sh2d1a"
"1106","Ets2","Stab1"
"1107","Ets2","Tlr13"
"1108","Etv1","Ebf1"
"1109","Etv1","Fgf10"
"1110","Etv1","Nab2"
"1111","Etv1","Pomc"
"1112","Etv1","Th"
"1113","Etv2","Fli1"
"1114","Etv2","Lmo2"
"1115","Etv2","Plau"
"1116","Etv2","Sox9"
"1117","Etv2","Spi1"
"1118","Etv2","Tek"
"1119","Etv4","Ccnd2"
"1120","Etv4","Dusp6"
"1121","Etv4","Erbb2"
"1122","Etv4","Gpx5"
"1123","Etv4","Mmp3"
"1124","Etv4","Mmp7"
"1125","Etv4","Mmp9"
"1126","Etv4","Mta2"
"1127","Etv4","Plau"
"1128","Etv4","Ptgs2"
"1129","Etv4","Tert"
"1130","Etv4","Tgfbr2"
"1131","Etv4","Twist1"
"1132","Etv4","Vim"
"1133","Etv4","Zhx1"
"1134","Etv5","Cav1"
"1135","Etv5","Elmo1"
"1136","Etv5","Il17a"
"1137","Etv5","Il17f"
"1138","Etv5","Parg"
"1139","Etv5","Ptgs2"
"1140","Etv6","Fli1"
"1141","Etv6","Mmp3"
"1142","Ewsr1","Fgf10"
"1143","Ewsr1","Tert"
"1144","Ewsr1","Upp1"
"1145","Eya1","Atoh1"
"1146","Eya2","Mtor"
"1147","Ezh1","Tollip"
"1148","Ezh2","Bad"
"1149","Ezh2","Bcl2l11"
"1150","Ezh2","Ccna2"
"1151","Ezh2","Creb3l1"
"1152","Ezh2","Dkk1"
"1153","Ezh2","Hey2"
"1154","Ezh2","Il17a"
"1155","Ezh2","Il17f"
"1156","Ezh2","Il9"
"1157","Ezh2","Nanog"
"1158","Ezh2","Neurog1"
"1159","Ezh2","Tbx21"
"1160","Ezh2","Trp53"
"1161","Ezh2","Unc5b"
"1162","Fhl2","Fos"
"1163","Fli1","Ccl2"
"1164","Fli1","Cyr61"
"1165","Fli1","Erg"
"1166","Fli1","Ezh2"
"1167","Fli1","Fli1"
"1168","Fli1","Inpp5d"
"1169","Fli1","Itga2b"
"1170","Fli1","Lyl1"
"1171","Fli1","Mmp13"
"1172","Fli1","Rb1"
"1173","Fli1","Smad6"
"1174","Fli1","Tert"
"1175","Fli1","Upp1"
"1176","Fmr1","Rac1"
"1177","Fos","Acp5"
"1178","Fos","Bdnf"
"1179","Fos","Bmp2"
"1180","Fos","Ccl5"
"1181","Fos","Crh"
"1182","Fos","Csf3"
"1183","Fos","Cxcl15"
"1184","Fos","Dcstamp"
"1185","Fos","Egr1"
"1186","Fos","Fam89b"
"1187","Fos","Fos"
"1188","Fos","Gnrh1"
"1189","Fos","Gria1"
"1190","Fos","Grik2"
"1191","Fos","H2-K1"
"1192","Fos","Hmgcr"
"1193","Fos","Ifne"
"1194","Fos","Igk"
"1195","Fos","Il1rl1"
"1196","Fos","Il2"
"1197","Fos","Il27"
"1198","Fos","Il6"
"1199","Fos","Jun"
"1200","Fos","Krt18"
"1201","Fos","Mapk8"
"1202","Fos","Mmp2"
"1203","Fos","Mmp9"
"1204","Fos","Mt1"
"1205","Fos","Nacc1"
"1206","Fos","Nck2"
"1207","Fos","Nefl"
"1208","Fos","Nfatc1"
"1209","Fos","Nfe2l2"
"1210","Fos","Ngf"
"1211","Fos","Nos2"
"1212","Fos","Nr3c1"
"1213","Fos","Pdpn"
"1214","Fos","Penk"
"1215","Fos","Plau"
"1216","Fos","Pomc"
"1217","Fos","Ppp1r3b"
"1218","Fos","Spi1"
"1219","Fos","Slc10a2"
"1220","Fos","Socs3"
"1221","Fos","Src"
"1222","Fos","Srr"
"1223","Fos","Srxn1"
"1224","Fos","Star"
"1225","Fos","Stim1"
"1226","Fos","Tff2"
"1227","Fos","Tgfb1"
"1228","Fos","Tinagl1"
"1229","Fos","Tpsab1"
"1230","Fos","Trp53"
"1231","Fos","Tslp"
"1232","Fos","Wee1"
"1233","Fosb","Cdh1"
"1234","Fosb","Fos"
"1235","Fosb","Mmp2"
"1236","Fosl1","Fos"
"1237","Fosl1","Jun"
"1238","Fosl1","Mmp2"
"1239","Fosl1","Nfe2l2"
"1240","Fosl1","Prdm1"
"1241","Fosl1","Thbs1"
"1242","Fosl1","Thbs2"
"1243","Fosl2","Adipoq"
"1244","Fosl2","Relb"
"1245","Fosl2","Tcirg1"
"1246","Fosl2","Tgfb1"
"1247","Fosl2","Tgfb3"
"1248","Foxa1","Afp"
"1249","Foxa1","Cbx5"
"1250","Foxa1","Gcg"
"1251","Foxa1","Muc2"
"1252","Foxa1","Pdx1"
"1253","Foxa1","Scgb1a1"
"1254","Foxa1","Sftpa1"
"1255","Foxa1","Sftpb"
"1256","Foxa1","Sftpc"
"1257","Foxa1","Sftpd"
"1258","Foxa2","Ascl1"
"1259","Foxa2","Birc2"
"1260","Foxa2","Cbx5"
"1261","Foxa2","Ccl11"
"1262","Foxa2","Ccl20"
"1263","Foxa2","Cdc73"
"1264","Foxa2","Cpt1a"
"1265","Foxa2","Cul2"
"1266","Foxa2","Ferd3l"
"1267","Foxa2","G6pc"
"1268","Foxa2","G6pc2"
"1269","Foxa2","Gcg"
"1270","Foxa2","Gli2"
"1271","Foxa2","Hadh"
"1272","Foxa2","Hcrt"
"1273","Foxa2","Helt"
"1274","Foxa2","Hhex"
"1275","Foxa2","Hmgcs2"
"1276","Foxa2","Il13"
"1277","Foxa2","Il33"
"1278","Foxa2","Il4"
"1279","Foxa2","Lcn5"
"1280","Foxa2","Lmx1a"
"1281","Foxa2","Lmx1b"
"1282","Foxa2","Map1b"
"1283","Foxa2","Mchr1"
"1284","Foxa2","Msx1"
"1285","Foxa2","Muc2"
"1286","Foxa2","Otx1"
"1287","Foxa2","Otx2"
"1288","Foxa2","Pdx1"
"1289","Foxa2","Pgf"
"1290","Foxa2","Reg3g"
"1291","Foxa2","Sox17"
"1292","Foxa2","Sox2"
"1293","Foxa2","St18"
"1294","Foxa2","Tbx1"
"1295","Foxa2","Tle4"
"1296","Foxa2","Vtn"
"1297","Foxa2","Wnt7b"
"1298","Foxa3","Cdx2"
"1299","Foxc1","Cxcl12"
"1300","Foxc1","Cxcr4"
"1301","Foxc1","Dll4"
"1302","Foxc1","Hey2"
"1303","Foxc1","Msx2"
"1304","Foxc1","Runx2"
"1305","Foxc1","Snai1"
"1306","Foxc1","Tbx1"
"1307","Foxc2","Cxcr4"
"1308","Foxc2","Dll4"
"1309","Foxc2","Gja4"
"1310","Foxc2","Hand1"
"1311","Foxc2","Hey2"
"1312","Foxc2","Itgb3"
"1313","Foxc2","Tbx1"
"1314","Foxd1","Lhb"
"1315","Foxd1","Pgf"
"1316","Foxd3","Grb2"
"1317","Foxg1","Cdkn1a"
"1318","Foxg1","Cdkn2b"
"1319","Foxg1","Dmrt3"
"1320","Foxg1","Dmrta1"
"1321","Foxg1","Ebf2"
"1322","Foxg1","Ebf3"
"1323","Foxg1","Eya2"
"1324","Foxg1","Serpine1"
"1325","Foxh1","Gsc"
"1326","Foxh1","Mef2c"
"1327","Foxh1","Mixl1"
"1328","Foxh1","Nodal"
"1329","Foxh1","Smad2"
"1330","Foxi1","Slc4a9"
"1331","Foxj1","Amelx"
"1332","Foxj1","Foxa1"
"1333","Foxj3","Mef2c"
"1334","Foxl1","Ccnd1"
"1335","Foxl1","Wnt3a"
"1336","Foxl1","Wnt7b"
"1337","Foxl2","Fshb"
"1338","Foxl2","Mc2r"
"1339","Foxl2","Sf1"
"1340","Foxm1","Axin2"
"1341","Foxm1","Brip1"
"1342","Foxm1","Cdh1"
"1343","Foxm1","Cdkn2a"
"1344","Foxm1","Ikbkb"
"1345","Foxm1","Lama4"
"1346","Foxm1","Lif"
"1347","Foxm1","Myc"
"1348","Foxm1","Mycn"
"1349","Foxm1","Nfkb2"
"1350","Foxm1","Nr4a2"
"1351","Foxm1","Pou5f1"
"1352","Foxm1","Prrc2a"
"1353","Foxm1","Ptgs2"
"1354","Foxm1","Pttg1"
"1355","Foxm1","Scgb1a1"
"1356","Foxm1","Sftpb"
"1357","Foxm1","Sftpc"
"1358","Foxm1","Snai1"
"1359","Foxm1","Snai2"
"1360","Foxm1","Socs3"
"1361","Foxm1","Sox2"
"1362","Foxm1","Stat3"
"1363","Foxn1","Dsg4"
"1364","Foxn1","Notch1"
"1365","Foxn4","Dll4"
"1366","Foxo1","Adipoq"
"1367","Foxo1","Adipor1"
"1368","Foxo1","Akt1"
"1369","Foxo1","Alpl"
"1370","Foxo1","Angpt2"
"1371","Foxo1","Apoc3"
"1372","Foxo1","Bax"
"1373","Foxo1","Bcl2l11"
"1374","Foxo1","Bglap2"
"1375","Foxo1","Casp8"
"1376","Foxo1","Ccl2"
"1377","Foxo1","Ccl20"
"1378","Foxo1","Ccnd1"
"1379","Foxo1","Ccnd2"
"1380","Foxo1","Ccng2"
"1381","Foxo1","Ccr2"
"1382","Foxo1","Ccr7"
"1383","Foxo1","Cdkn1a"
"1384","Foxo1","Cdkn1b"
"1385","Foxo1","Edn1"
"1386","Foxo1","Egr1"
"1387","Foxo1","Fasl"
"1388","Foxo1","Foxa2"
"1389","Foxo1","Foxp3"
"1390","Foxo1","Fshb"
"1391","Foxo1","G6pc"
"1392","Foxo1","Gck"
"1393","Foxo1","Igfbp1"
"1394","Foxo1","Ikzf1"
"1395","Foxo1","Il7r"
"1396","Foxo1","Ins2"
"1397","Foxo1","Klf2"
"1398","Foxo1","Lhb"
"1399","Foxo1","Lpl"
"1400","Foxo1","Mmp13"
"1401","Foxo1","Myh7"
"1402","Foxo1","Nos3"
"1403","Foxo1","Ostn"
"1404","Foxo1","Pck1"
"1405","Foxo1","Pdk4"
"1406","Foxo1","Pdx1"
"1407","Foxo1","Pik3r1"
"1408","Foxo1","Pparg"
"1409","Foxo1","Ppargc1a"
"1410","Foxo1","Runx2"
"1411","Foxo1","Sell"
"1412","Foxo1","Srebf1"
"1413","Foxo1","Trib3"
"1414","Foxo1","Trim63"
"1415","Foxo3","Ccnd1"
"1416","Foxo3","Ccnd2"
"1417","Foxo3","Ccng2"
"1418","Foxo3","Cdkn1b"
"1419","Foxo3","Gadd45a"
"1420","Foxo3","Lcn2"
"1421","Foxo3","Nol3"
"1422","Foxo3","Sirt1"
"1423","Foxo3","Socs3"
"1424","Foxo4","Anxa8"
"1425","Foxo4","Bcl2l11"
"1426","Foxo4","Ccnd1"
"1427","Foxo4","Ccnd2"
"1428","Foxo4","Gadd45a"
"1429","Foxo4","Ppargc1a"
"1430","Foxo4","Rbl2"
"1431","Foxp1","Fgf16"
"1432","Foxp1","Fgf17"
"1433","Foxp1","Fgf20"
"1434","Foxp1","Fgf3"
"1435","Foxp1","Lhx3"
"1436","Foxp1","Scgb1a1"
"1437","Foxp2","Scgb1a1"
"1438","Foxp2","Sftpc"
"1439","Foxp2","Nkx2-1"
"1440","Foxp3","Brca1"
"1441","Foxp3","Ctla4"
"1442","Foxp3","Erbb2"
"1443","Foxp3","Ifng"
"1444","Foxp3","Il17a"
"1445","Foxp3","Il2"
"1446","Foxp3","Il22"
"1447","Foxp3","Il2ra"
"1448","Foxp3","Nfkb1"
"1449","Foxp3","Opn1sw"
"1450","Foxp3","Skp2"
"1451","Foxp3","Tnfrsf18"
"1452","Foxq1","Cdh1"
"1453","Foxq1","Mylk"
"1454","Fus","Mdm2"
"1455","Fus","Sod2"
"1456","Gabpa","Chrne"
"1457","Gabpa","Cox4i1"
"1458","Gabpa","Cyp7b1"
"1459","Gabpa","Il10"
"1460","Gabpa","Il7r"
"1461","Gabpa","Skp2"
"1462","Gabpa","Sod3"
"1463","Gabpb1","Sod3"
"1464","Gata1","Ccna1"
"1465","Gata1","Cdc6"
"1466","Gata1","Cga"
"1467","Gata1","Pf4"
"1468","Gata1","Epb42"
"1469","Gata1","Fcer1g"
"1470","Gata1","Fli1"
"1471","Gata1","Hbb-ar"
"1472","Gata1","Itga2b"
"1473","Gata1","Nfe2"
"1474","Gata1","Spi1"
"1475","Gata1","Sigmar1"
"1476","Gata1","Tal1"
"1477","Gata1","Tfdp2"
"1478","Gata1","Usp17la"
"1479","Gata1","Zbtb7a"
"1480","Gata1","Zfp26"
"1481","Gata2","Angpt2"
"1482","Gata2","Cebpa"
"1483","Gata2","Csf2"
"1484","Gata2","Lyl1"
"1485","Gata2","Nkx6-1"
"1486","Gata2","Rc3h1"
"1487","Gata2","Spi1"
"1488","Gata2","Smad6"
"1489","Gata2","Tac2"
"1490","Gata2","Tshb"
"1491","Gata3","Cdkn2c"
"1492","Gata3","Cdx2"
"1493","Gata3","Dlc1"
"1494","Gata3","Erg"
"1495","Gata3","Fgf10"
"1496","Gata3","Foxp3"
"1497","Gata3","Ifng"
"1498","Gata3","Il10"
"1499","Gata3","Il13"
"1500","Gata3","Il24"
"1501","Gata3","Il3"
"1502","Gata3","Il4"
"1503","Gata3","Il5"
"1504","Gata3","Mycn"
"1505","Gata3","Rag2"
"1506","Gata3","Runx3"
"1507","Gata3","Tbx21"
"1508","Gata4","Adora1"
"1509","Gata4","Amh"
"1510","Gata4","Ankrd1"
"1511","Gata4","Bmp4"
"1512","Gata4","Ccnd2"
"1513","Gata4","Dmrt1"
"1514","Gata4","Epor"
"1515","Gata4","Hesx1"
"1516","Gata4","Hexim1"
"1517","Gata4","Hhex"
"1518","Gata4","Hspa5"
"1519","Gata4","Id2"
"1520","Gata4","Ifi204"
"1521","Gata4","Lhx9"
"1522","Gata4","Lrrc10"
"1523","Gata4","Mef2c"
"1524","Gata4","Myog"
"1525","Gata4","Nkx2-5"
"1526","Gata4","Nppa"
"1527","Gata4","Nppb"
"1528","Gata4","Spdef"
"1529","Gata4","Star"
"1530","Gata6","Bhlha15"
"1531","Gata6","Cav1"
"1532","Gata6","Cdx2"
"1533","Gata6","Mylk"
"1534","Gata6","Nkx2-1"
"1535","Gata6","Nox1"
"1536","Gata6","Ppp1r14a"
"1537","Gata6","Rbpjl"
"1538","Gata6","Sftpa1"
"1539","Gata6","Sftpc"
"1540","Gata6","Shh"
"1541","Gata6","Spdef"
"1542","Gata6","Tnnc1"
"1543","Gata6","Ttf1"
"1544","Gata6","Wnt7b"
"1545","Gbx2","Lhx9"
"1546","Gbx2","Lmo3"
"1547","Gbx2","Otx2"
"1548","Gbx2","Robo1"
"1549","Gbx2","Shh"
"1550","Gcfc2","Egfr"
"1551","Gcgr","Crh"
"1552","Gcgr","G6pc"
"1553","Gcm2","Pth"
"1554","Gfi1","Bak1"
"1555","Gfi1","Bax"
"1556","Gfi1","Cdkn1a"
"1557","Gfi1","Cdkn2b"
"1558","Gfi1","Elane"
"1559","Gfi1","Gfi1b"
"1560","Gfi1","Id2"
"1561","Gfi1","Il7r"
"1562","Gfi1","Spi1"
"1563","Gfi1","Zbtb16"
"1564","Gfi1b","Elf4"
"1565","Gfi1b","Gfi1"
"1566","Gfi1b","Gfi1b"
"1567","Gfi1b","Meis1"
"1568","Gfi1b","Rag1"
"1569","Gfi1b","Rag2"
"1570","Gfi1b","Rcor2"
"1571","Gfi1b","Socs1"
"1572","Gfi1b","Socs3"
"1573","Gli1","Cdh1"
"1574","Gli1","Foxm1"
"1575","Gli1","Has2"
"1576","Gli1","Nhlh1"
"1577","Gli1","Pdgfra"
"1578","Gli1","Pvr"
"1579","Gli1","Runx2"
"1580","Gli1","Runx3"
"1581","Gli2","Ascl1"
"1582","Gli2","Bmp2"
"1583","Gli2","Fgf15"
"1584","Gli2","Fkbp8"
"1585","Gli2","Foxe1"
"1586","Gli2","Gli1"
"1587","Gli2","Hes1"
"1588","Gli2","Ifitm5"
"1589","Gli2","Myf5"
"1590","Gli2","Ndp"
"1591","Gli2","Pax3"
"1592","Gli2","Ptch1"
"1593","Gli2","Shh"
"1594","Gli2","Sox8"
"1595","Gli3","Fgf8"
"1596","Gli3","Gli1"
"1597","Gli3","Gli2"
"1598","Gli3","Has2"
"1599","Gli3","Myf5"
"1600","Gli3","Nkx6-1"
"1601","Gli3","Pitrm1"
"1602","Gli3","Pvr"
"1603","Gli3","Shh"
"1604","Glis2","Ins2"
"1605","Glis3","Neurog3"
"1606","Gnrh1","Lhb"
"1607","Grin1","Cox4i1"
"1608","Gsc","Foxh1"
"1609","Gsc","Gsc2"
"1610","Gsc","Mixl1"
"1611","Gsx2","Ppp1r1b"
"1612","Gtf2a1","Prm1"
"1613","Gtf2a1","Tnp1"
"1614","Gtf2a2","Bglap"
"1615","Gtf2b","Hspb1"
"1616","Gtf2h1","Keap1"
"1617","Gtf2i","Akap12"
"1618","Gtf2i","Ccl7"
"1619","Gtf2i","Ccnd1"
"1620","Gtf2i","Cfdp1"
"1621","Gtf2i","Csrp2"
"1622","Gtf2i","Dlk1"
"1623","Gtf2i","Folr1"
"1624","Gtf2i","Fos"
"1625","Gtf2i","Gsc"
"1626","Gtf2i","Hspa5"
"1627","Gtf2i","Id1"
"1628","Gtf2i","Igh"
"1629","Gtf2i","Nsd1"
"1630","Gtf2i","Sec23a"
"1631","Gtf2i","Tgfb2"
"1632","Gtf2i","Tgfbr2"
"1633","Gtf2ird1","Ccl7"
"1634","Gtf2ird1","Csrp2"
"1635","Gtf2ird1","Dlk1"
"1636","Gtf2ird1","Folr1"
"1637","Gtf2ird1","Tgfb2"
"1638","Gtf2ird1","Tgfbr2"
"1639","Gzf1","Hoxa10"
"1640","Hand2","Dbh"
"1641","Hand2","Dlx5"
"1642","Hand2","Dlx6"
"1643","Hand2","Msx1"
"1644","Hand2","Phox2b"
"1645","Hand2","Runx2"
"1646","Havcr2","Nelfcd"
"1647","Hbp1","Myod1"
"1648","Hbp1","Myog"
"1649","Hcfc1","Rb1"
"1650","Hcls1","Ighg2b"
"1651","Hdac1","Akap12"
"1652","Hdac1","Ar"
"1653","Hdac1","Bglap"
"1654","Hdac1","Ccl5"
"1655","Hdac1","Cd1d2"
"1656","Hdac1","Cdc25a"
"1657","Hdac1","Cdkn1a"
"1658","Hdac1","Cdkn1b"
"1659","Hdac1","Cebpb"
"1660","Hdac1","Comp"
"1661","Hdac1","Csn2"
"1662","Hdac1","Fas"
"1663","Hdac1","Fshr"
"1664","Hdac1","Il6"
"1665","Hdac1","Il12b"
"1666","Hdac1","Jun"
"1667","Hdac1","Nfkbia"
"1668","Hdac1","Nfya"
"1669","Hdac1","Nos2"
"1670","Hdac1","Pparg"
"1671","Hdac1","Ppp2ca"
"1672","Hdac1","Rbl2"
"1673","Hdac1","Reck"
"1674","Hdac1","Rhox5"
"1675","Hdac1","Sp1"
"1676","Hdac1","Spp1"
"1677","Hdac1","Star"
"1678","Hdac1","Epcam"
"1679","Hdac11","Il10"
"1680","Hdac2","Bmp7"
"1681","Hdac2","Ccl12"
"1682","Hdac2","Ccne1"
"1683","Hdac2","Cd1d2"
"1684","Hdac2","Cdkn1a"
"1685","Hdac2","Grm2"
"1686","Hdac2","Nfkbia"
"1687","Hdac2","Nos2"
"1688","Hdac2","Smarca4"
"1689","Hdac2","Star"
"1690","Hdac3","Bcl2l1"
"1691","Hdac3","Cdkn1b"
"1692","Hdac3","Fos"
"1693","Hdac3","Jun"
"1694","Hdac3","Nfkbia"
"1695","Hdac3","Nr4a2"
"1696","Hdac3","Phlpp1"
"1697","Hdac4","Runx2"
"1698","Hdgf","Vegfa"
"1699","Hdgf","Vegfb"
"1700","Hes1","Ascl1"
"1701","Hes1","Cdkn1b"
"1702","Hes1","Cdkn1c"
"1703","Hes1","Coro1a"
"1704","Hes1","Htr1a"
"1705","Hes1","Map2"
"1706","Hes6","Hes1"
"1707","Hes6","Htr1a"
"1708","Hes7","Lfng"
"1709","Hes7","Mesp2"
"1710","Hesx1","Cga"
"1711","Hesx1","Dnmt1"
"1712","Hesx1","Fshb"
"1713","Hesx1","Lhb"
"1714","Hesx1","Pou1f1"
"1715","Hesx1","Prop1"
"1716","Hexim1","Ccnd1"
"1717","Hexim1","Vegfa"
"1718","Hey1","Gata4"
"1719","Hey1","Gata6"
"1720","Hey1","Id1"
"1721","Hey1","Nppa"
"1722","Hey1","Olig2"
"1723","Hey1","Runx2"
"1724","Hey2","Gata4"
"1725","Hey2","Gata6"
"1726","Hey2","Mmp10"
"1727","Hey2","Nppa"
"1728","Heyl","Nppa"
"1729","Hgf","Met"
"1730","Hhex","Esm1"
"1731","Hic1","Atoh1"
"1732","Hic1","Efna1"
"1733","Hif1a","Fam162a"
"1734","Hif1a","Bace1"
"1735","Hif1a","Bsg"
"1736","Hif1a","Cited2"
"1737","Hif1a","Crebbp"
"1738","Hif1a","Ctgf"
"1739","Hif1a","Dll4"
"1740","Hif1a","Epo"
"1741","Hif1a","G6pc"
"1742","Hif1a","Hey1"
"1743","Hif1a","Hey2"
"1744","Hif1a","Hmox1"
"1745","Hif1a","Mdk"
"1746","Hif1a","Mt1"
"1747","Hif1a","Myocd"
"1748","Hif1a","Pfkfb3"
"1749","Hif1a","Ptgs2"
"1750","Hif1a","Serpine1"
"1751","Hif1a","Snai1"
"1752","Hif1a","Tuft1"
"1753","Hif1a","Vegfa"
"1754","Hivep2","Bglap2"
"1755","Hivep2","Pparg"
"1756","Hlf","Abcb1a"
"1757","Hlf","Epo"
"1758","Hltf","Scgb3a1"
"1759","Hlx","Il12a"
"1760","Hlx","Il12b"
"1761","Hmga1","Brca1"
"1762","Hmga1","Insr"
"1763","Hmga1","Rag2"
"1764","Hmga1","Rbp4"
"1765","Hmga2","Cdh1"
"1766","Hmga2","Igf2bp2"
"1767","Hmga2","Mia"
"1768","Hmga2","Nfkb1"
"1769","Hmga2","Nkx2-5"
"1770","Hmga2","Snai1"
"1771","Hmga2","Snai2"
"1772","Hmga2","Twist1"
"1773","Hmgb2","Runx2"
"1774","Hmgn3","Slc2a2"
"1775","Hnf1a","Bcl6"
"1776","Hnf1a","Cldn2"
"1777","Hnf1a","Crp"
"1778","Hnf1a","Cyp1a2"
"1779","Hnf1a","Cyp27a1"
"1780","Hnf1a","Cyp2a5"
"1781","Hnf1a","Cyp2b10"
"1782","Hnf1a","Cyp2c29"
"1783","Hnf1a","Cyp2d9"
"1784","Hnf1a","Cyp2e1"
"1785","Hnf1a","Cyp39a1"
"1786","Hnf1a","Cyp3a11"
"1787","Hnf1a","Cyp7a1"
"1788","Hnf1a","Cyp7b1"
"1789","Hnf1a","Cyp8b1"
"1790","Hnf1a","Glb1"
"1791","Hnf1a","Guca2a"
"1792","Hnf1a","Il17a"
"1793","Hnf1a","Kitl"
"1794","Hnf1a","Lct"
"1795","Hnf1a","Mgam"
"1796","Hnf1a","Pax4"
"1797","Hnf1a","Pck1"
"1798","Hnf1a","Pkhd1"
"1799","Hnf1a","Prdm1"
"1800","Hnf1a","Rorc"
"1801","Hnf1a","Slc6a19"
"1802","Hnf1a","Slco1b2"
"1803","Hnf1a","Soat2"
"1804","Hnf1b","Egr2"
"1805","Hnf1b","Kif12"
"1806","Hnf1b","Mafb"
"1807","Hnf1b","Onecut1"
"1808","Hnf1b","Pde4c"
"1809","Hnf1b","Pkhd1"
"1810","Hnf1b","Socs3"
"1811","Hnf4a","Acmsd"
"1812","Hnf4a","Apoa4"
"1813","Hnf4a","Apoc3"
"1814","Hnf4a","Cdx2"
"1815","Hnf4a","Cebpa"
"1816","Hnf4a","Cebpb"
"1817","Hnf4a","Cfb"
"1818","Hnf4a","Csn2"
"1819","Hnf4a","Cyp2a4"
"1820","Hnf4a","Cyp2b9"
"1821","Hnf4a","Cyp3a11"
"1822","Hnf4a","Cyp3a41a"
"1823","Hnf4a","Cyp4a12a"
"1824","Hnf4a","Cyp4a12b"
"1825","Hnf4a","Cyp7a1"
"1826","Hnf4a","F12"
"1827","Hnf4a","Foxa1"
"1828","Hnf4a","Foxa2"
"1829","Hnf4a","G6pc"
"1830","Hnf4a","Gck"
"1831","Hnf4a","Gstp1"
"1832","Hnf4a","Gstp2"
"1833","Hnf4a","Hmga2"
"1834","Hnf4a","Lipc"
"1835","Hnf4a","Onecut1"
"1836","Hnf4a","Pck1"
"1837","Hnf4a","Perp"
"1838","Hnf4a","Pklr"
"1839","Hnf4a","Ppara"
"1840","Hnf4a","Ppargc1a"
"1841","Hnf4a","Rare1"
"1842","Hnf4a","Rare2"
"1843","Hnf4a","Shbg"
"1844","Hnf4a","Slc10a1"
"1845","Hnf4a","Slc27a5"
"1846","Hnf4a","Slc6a19"
"1847","Hnrnpd","Cry1"
"1848","Hnrnpd","Thy1"
"1849","Hnrnpk","Slc1a2"
"1850","Hoxa1","Epha2"
"1851","Hoxa10","Dkk1"
"1852","Hoxa10","Gata1"
"1853","Hoxa10","Gfi1"
"1854","Hoxa10","Hlf"
"1855","Hoxa10","Mylk"
"1856","Hoxa10","Phgdh"
"1857","Hoxa10","Tdo2"
"1858","Hoxa11","Myod1"
"1859","Hoxa2","Meox1"
"1860","Hoxa2","Pcp4"
"1861","Hoxa2","Runx2"
"1862","Hoxa2","Six2"
"1863","Hoxa3","Hoxd3"
"1864","Hoxa4","Th"
"1865","Hoxa5","Igfbp1"
"1866","Hoxa5","Th"
"1867","Hoxa5","Trp53"
"1868","Hoxa9","Erg"
"1869","Hoxa9","Flt3"
"1870","Hoxa9","Lmo2"
"1871","Hoxa9","Myb"
"1872","Hoxa9","Sox4"
"1873","Hoxa9","Spp1"
"1874","Hoxb1","Epha2"
"1875","Hoxb1","Phox2b"
"1876","Hoxb2","Hoxb1"
"1877","Hoxb2","Phox2b"
"1878","Hoxb3","Hoxb1"
"1879","Hoxb4","Cd34"
"1880","Hoxb4","Ptprc"
"1881","Hoxb4","Rarb"
"1882","Hoxb4","Sox4"
"1883","Hoxb5","Foxd3"
"1884","Hoxb8","Acta2"
"1885","Hoxb8","Mylk"
"1886","Hoxb8","Tagln"
"1887","Hoxc13","Dsg4"
"1888","Hoxc13","Foxq1"
"1889","Hoxc13","Spi1"
"1890","Hoxc6","Ncam1"
"1891","Hoxc8","Clec10a"
"1892","Hoxc8","Llgl1"
"1893","Hoxc8","Nkd2"
"1894","Hoxc8","Pcna"
"1895","Hoxc8","Sgpp1"
"1896","Hoxc8","Smad6"
"1897","Hoxc8","Spp1"
"1898","Hoxd13","Bmp4"
"1899","Hoxd13","Runx2"
"1900","Hr","Dlx3"
"1901","Hsf1","Hspa1b"
"1902","Hsf4","Hspb1"
"1903","Hspb1","Cdkn1a"
"1904","Htatip2","Igf1"
"1905","Htatip2","Myc"
"1906","Htatip2","Wisp2"
"1907","Id1","Alpl"
"1908","Id1","Bglap2"
"1909","Id1","Cdkn1a"
"1910","Id1","Cdkn2a"
"1911","Id1","Ifng"
"1912","Id1","Myod1"
"1913","Id1","Rel"
"1914","Id1","Rorc"
"1915","Id1","Runx2"
"1916","Id1","Thbs1"
"1917","Id1","Tnf"
"1918","Id2","Alpl"
"1919","Id2","Bglap2"
"1920","Id2","Ccna2"
"1921","Id2","Col1a2"
"1922","Id2","Tcf3"
"1923","Id2","Il10"
"1924","Id2","Lipe"
"1925","Id2","Runx2"
"1926","Id2","Spi1"
"1927","Id2","Tpt1"
"1928","Id2","Zbtb16"
"1929","Id3","Adipoq"
"1930","Id3","Alpl"
"1931","Id3","Bglap2"
"1932","Id3","Col1a2"
"1933","Id3","Notch1"
"1934","Id3","Runx2"
"1935","Id3","Smarcc1"
"1936","Id3","Vcam1"
"1937","Id4","Esr1"
"1938","Id4","Foxa1"
"1939","Ifi204","Bglap2"
"1940","Ifih1","Ifnb1"
"1941","Ikbkb","Ccl19"
"1942","Ikbkb","Cxcl10"
"1943","Ikbkb","Cxcl11"
"1944","Ikbkb","Cxcl2"
"1945","Ikbkb","Cxcl9"
"1946","Ikbkb","Cxcr4"
"1947","Ikbkb","Nfkb1"
"1948","Ikbkb","Nfkbia"
"1949","Ikbkb","Ptgs2"
"1950","Ikbkb","Rps6kb1"
"1951","Ikbkb","Tnf"
"1952","Ikbkb","Trp53"
"1953","Ikzf1","Casz1"
"1954","Ikzf1","Cd4"
"1955","Ikzf1","Cd79a"
"1956","Ikzf1","Fgfr4"
"1957","Ikzf1","Igll1"
"1958","Ikzf1","Il10"
"1959","Ikzf1","Il2"
"1960","Ikzf1","Il7r"
"1961","Ikzf1","Myc"
"1962","Ikzf1","Nos2"
"1963","Ikzf1","Notch1"
"1964","Ikzf1","Oprd1"
"1965","Ikzf1","Oprk1"
"1966","Ikzf1","Osr1"
"1967","Ikzf1","Prom1"
"1968","Ikzf1","Rag1"
"1969","Ikzf2","Il2"
"1970","Ikzf2","Rc3h1"
"1971","Ikzf3","Igll1"
"1972","Ikzf3","Myc"
"1973","Il10","Foxc1"
"1974","Il17a","Il1b"
"1975","Il17a","Tnf"
"1976","Il4","Itgb3"
"1977","Ilf2","Acrv1"
"1978","Ilf3","Acrv1"
"1979","Ilf3","Ccne1"
"1980","Ilf3","Il2"
"1981","Ilk","Mmp9"
"1982","Ing1","Dgcr8"
"1983","Ing4","Trp53"
"1984","Insm1","Gata2"
"1985","Insm1","Lmx1b"
"1986","Insm1","Pet1"
"1987","Insm1","Tph2"
"1988","Irf1","Ccl5"
"1989","Irf1","Cdkn1a"
"1990","Irf1","Cfb"
"1991","Irf1","Ciita"
"1992","Irf1","Cxcl10"
"1993","Irf1","Cxcl11"
"1994","Irf1","Foxp3"
"1995","Irf1","Gbp2"
"1996","Irf1","Hist2h4"
"1997","Irf1","Ifnb1"
"1998","Irf1","Ifng"
"1999","Irf1","Il12a"
"2000","Irf1","Il12b"
"2001","Irf1","Il27"
"2002","Irf1","Il4"
"2003","Irf1","Mapk14"
"2004","Irf1","Myd88"
"2005","Irf1","Nos2"
"2006","Irf1","Pigr"
"2007","Irf1","Sell"
"2008","Irf1","Socs1"
"2009","Irf1","Tap1"
"2010","Irf1","Tap2"
"2011","Irf1","Tnf"
"2012","Irf1","Upp1"
"2013","Irf2","Cxcl11"
"2014","Irf2","Hist2h4"
"2015","Irf2","Ifnb1"
"2016","Irf3","Hist2h4"
"2017","Irf3","Ifna"
"2018","Irf3","Ifna1"
"2019","Irf3","Ifna4"
"2020","Irf3","Ifnb1"
"2021","Irf3","Il12a"
"2022","Irf3","Il23a"
"2023","Irf3","Pura"
"2024","Irf3","Pvr"
"2025","Irf3","Socs2"
"2026","Irf3","Usp18"
"2027","Irf4","Cdkn2b"
"2028","Irf4","Cxcl9"
"2029","Irf4","Il10"
"2030","Irf4","Il1b"
"2031","Irf4","Il4"
"2032","Irf4","Il9"
"2033","Irf4","Nfatc2"
"2034","Irf4","Prdm1"
"2035","Irf4","Runx3"
"2036","Irf4","Spi1"
"2037","Irf4","Zbtb20"
"2038","Irf5","Ifi202b"
"2039","Irf5","Prdm1"
"2040","Irf6","Nectin4"
"2041","Irf7","Hist2h4"
"2042","Irf7","Ifna"
"2043","Irf7","Ifna1"
"2044","Irf7","Ifna4"
"2045","Irf7","Ifnb1"
"2046","Irf7","Ifnl3"
"2047","Irf7","Nr1h4"
"2048","Irf8","Abl1"
"2049","Irf8","Bcr"
"2050","Irf8","C1qb"
"2051","Irf8","Cd8a"
"2052","Irf8","Ccl5"
"2053","Irf8","Cdkn2b"
"2054","Irf8","Cflar"
"2055","Irf8","Dab2"
"2056","Irf8","Fancc"
"2057","Irf8","Gas2"
"2058","Irf8","Ifng"
"2059","Irf8","Il12a"
"2060","Irf8","Il12b"
"2061","Irf8","Il1b"
"2062","Irf8","Il27"
"2063","Irf8","Il12"
"2064","Irf8","Jak1"
"2065","Irf8","Nf1"
"2066","Irf8","Nos2"
"2067","Irf8","Slc11a1"
"2068","Irf8","Spi1"
"2069","Irf8","Tlr11"
"2070","Irf8","Tnf"
"2071","Irf9","Ifnb1"
"2072","Irf9","Irf7"
"2073","Irf9","Mast1"
"2074","Irf9","Ptf1a"
"2075","Irx3","Gja1"
"2076","Irx5","Kcnd2"
"2077","Isl1","Arx"
"2078","Isl1","Fgf10"
"2079","Isl1","Mef2c"
"2080","Isl1","Msx1"
"2081","Isl1","Pbx1"
"2082","Isl1","Pou4f2"
"2083","Isl1","Tbx5"
"2084","Jarid2","Ccnd1"
"2085","Jarid2","Notch1"
"2086","Jazf1","Mef2c"
"2087","Jazf1","Myf6"
"2088","Jdp2","Atf3"
"2089","Jdp2","Ccna2"
"2090","Jdp2","Dctn2"
"2091","Jdp2","Trp53"
"2092","Jmjd1c","Cyp17a1"
"2093","Jun","Aldh1a1"
"2094","Jun","Aldh3a1"
"2095","Jun","Angpt2"
"2096","Jun","Aqp5"
"2097","Jun","Asah1"
"2098","Jun","B4galnt1"
"2099","Jun","Bcl3"
"2100","Jun","Bmp2"
"2101","Jun","C1qtnf3"
"2102","Jun","Cat"
"2103","Jun","Ccl12"
"2104","Jun","Ccl2"
"2105","Jun","Ccl5"
"2106","Jun","Ccnd1"
"2107","Jun","Ccnd2"
"2108","Jun","Ccnd3"
"2109","Jun","Cd14"
"2110","Jun","Cdkn2a"
"2111","Jun","Cebpd"
"2112","Jun","Col10a1"
"2113","Jun","Col3a1"
"2114","Jun","Crh"
"2115","Jun","Csf1r"
"2116","Jun","Csf2"
"2117","Jun","Ctse"
"2118","Jun","Ctsk"
"2119","Jun","Cxcl1"
"2120","Jun","Cxcl15"
"2121","Jun","Cxcl2"
"2122","Jun","Cyp11a1"
"2123","Jun","Cyp19a1"
"2124","Jun","Dcstamp"
"2125","Jun","Defb2"
"2126","Jun","Dmtf1"
"2127","Jun","Eno2"
"2128","Jun","Esr1"
"2129","Jun","Fam89b"
"2130","Jun","Fgf7"
"2131","Jun","Fos"
"2132","Jun","Fosl1"
"2133","Jun","Gast"
"2134","Jun","Gclc"
"2135","Jun","Gfap"
"2136","Jun","Slc2a1"
"2137","Jun","Gnrh1"
"2138","Jun","Gnrhr"
"2139","Jun","Hmgcr"
"2140","Jun","Hmox1"
"2141","Jun","Icam1"
"2142","Jun","Ifng"
"2143","Jun","Ifne"
"2144","Jun","Igk"
"2145","Jun","Il11"
"2146","Jun","Il12b"
"2147","Jun","Il1b"
"2148","Jun","Il2"
"2149","Jun","Il23a"
"2150","Jun","Il24"
"2151","Jun","Il27"
"2152","Jun","Il3"
"2153","Jun","Il4"
"2154","Jun","Il6"
"2155","Jun","Itga5"
"2156","Jun","Ivl"
"2157","Jun","Jdp2"
"2158","Jun","Jun"
"2159","Jun","Krt18"
"2160","Jun","Lor"
"2161","Jun","Maf"
"2162","Jun","Mapk8"
"2163","Jun","Met"
"2164","Jun","Mir18b"
"2165","Jun","Mir23a"
"2166","Jun","Mmp12"
"2167","Jun","Mmp13"
"2168","Jun","Mmp19"
"2169","Jun","Mmp2"
"2170","Jun","Mmp3"
"2171","Jun","Mmp7"
"2172","Jun","Mmp9"
"2173","Jun","Msr1"
"2174","Jun","Myod1"
"2175","Jun","Nacc1"
"2176","Jun","Nck2"
"2177","Jun","Nefl"
"2178","Jun","Nfe2l2"
"2179","Jun","Nfkb1"
"2180","Jun","Ngf"
"2181","Jun","Nos2"
"2182","Jun","Nr3c1"
"2183","Jun","Odc1"
"2184","Jun","Pdk1"
"2185","Jun","Pea15a"
"2186","Jun","Penk"
"2187","Jun","Phex"
"2188","Jun","Plau"
"2189","Jun","Plaur"
"2190","Jun","Plin2"
"2191","Jun","Ppp1r3b"
"2192","Jun","Prdm1"
"2193","Jun","Ptgs2"
"2194","Jun","Ptpn4"
"2195","Jun","Nectin2"
"2196","Jun","Rab18"
"2197","Jun","Relb"
"2198","Jun","Serpinb5"
"2199","Jun","Serpine1"
"2200","Jun","Spi1"
"2201","Jun","Sftpb"
"2202","Jun","Sirt1"
"2203","Jun","Slc8a1"
"2204","Jun","Smurf1"
"2205","Jun","Socs3"
"2206","Jun","Spp1"
"2207","Jun","Src"
"2208","Jun","Srxn1"
"2209","Jun","Star"
"2210","Jun","Tbp"
"2211","Jun","Tff2"
"2212","Jun","Tgfb1"
"2213","Jun","Tgm1"
"2214","Jun","Timp1"
"2215","Jun","Tnf"
"2216","Jun","Tnfsf11"
"2217","Jun","Tpr"
"2218","Jun","Tpsab1"
"2219","Jun","Trp53"
"2220","Jun","Trp73"
"2221","Jun","Twist1"
"2222","Jun","Wee1"
"2223","Jun","Slc39a14"
"2224","Junb","Ccnd1"
"2225","Junb","Ctsk"
"2226","Junb","Foxp3"
"2227","Junb","Il31"
"2228","Junb","Il4"
"2229","Junb","Mmp2"
"2230","Junb","Myl9"
"2231","Junb","Plau"
"2232","Junb","Serpine1"
"2233","Jund","Ccl5"
"2234","Jund","Cyr61"
"2235","Jund","Gcm2"
"2236","Jund","Il11"
"2237","Jund","Jun"
"2238","Jund","Mmp2"
"2239","Jund","Tcirg1"
"2240","Kat2b","Gata4"
"2241","Kat2b","Irs1"
"2242","Kat2b","Mef2c"
"2243","Kat2b","Myod1"
"2244","Kat2b","Npr1"
"2245","Kat5","Col2a1"
"2246","Kat5","Nppa"
"2247","Kat5","Pax6"
"2248","Kat5","Sox9"
"2249","Kat5","Tpt1"
"2250","Kat5","Trp53"
"2251","Kcnip3","Cacna1c"
"2252","Kcnip3","Fos"
"2253","Kcnip3","Grin1"
"2254","Kcnip3","Hrk"
"2255","Kcnip3","Ndor1"
"2256","Kcnip3","Pdyn"
"2257","Kcnip3","Slc8a3"
"2258","Kcnip3","Tnfaip3"
"2259","Kdm6b","Eomes"
"2260","Keap1","Nfe2l2"
"2261","Khdrbs1","Ece1"
"2262","Klf1","Dnase2a"
"2263","Klf1","Epb42"
"2264","Klf1","Hbb"
"2265","Klf1","Il12b"
"2266","Klf1","Klf8"
"2267","Klf10","Arntl"
"2268","Klf10","Mycn"
"2269","Klf10","Smad2"
"2270","Klf11","Ins2"
"2271","Klf12","Tfap2a"
"2272","Klf13","Ccl5"
"2273","Klf15","Acss1"
"2274","Klf15","Clcnkb"
"2275","Klf15","Mcm2"
"2276","Klf15","Rbp3"
"2277","Klf15","Rho"
"2278","Klf16","Drd1"
"2279","Klf16","Drd2"
"2280","Klf16","Klf16"
"2281","Klf2","Pparg"
"2282","Klf2","Reln"
"2283","Klf2","Sell"
"2284","Klf2","Thbd"
"2285","Klf3","Acta1"
"2286","Klf3","Ckm"
"2287","Klf3","Hbb-bh1"
"2288","Klf3","Hbb-y"
"2289","Klf3","Klf8"
"2290","Klf3","Six4"
"2291","Klf4","Agrp"
"2292","Klf4","Bglap2"
"2293","Klf4","Ccnd2"
"2294","Klf4","Cdh1"
"2295","Klf4","Cdkn2b"
"2296","Klf4","Cebpb"
"2297","Klf4","Dmp1"
"2298","Klf4","Dspp"
"2299","Klf4","Lefty1"
"2300","Klf4","Muc5ac"
"2301","Klf4","Nanog"
"2302","Klf4","Nos2"
"2303","Klf4","Ptgs2"
"2304","Klf4","Rlim"
"2305","Klf4","Serpine1"
"2306","Klf4","Slurp1"
"2307","Klf4","Snai2"
"2308","Klf4","Sprr2a1"
"2309","Klf4","Tsix"
"2310","Klf5","Egr1"
"2311","Klf5","Ltf"
"2312","Klf5","Mcm2"
"2313","Klf5","Nanog"
"2314","Klf5","Nos2"
"2315","Klf5","Pdgfa"
"2316","Klf5","Pou5f1"
"2317","Klf5","Runx2"
"2318","Klf5","Serpine1"
"2319","Klf5","Tcl1"
"2320","Klf5","Vegfa"
"2321","Klf6","Asah1"
"2322","Klf6","Cdkn1a"
"2323","Klf6","Pttg1"
"2324","Klf6","Serpinh1"
"2325","Klf7","Ntrk1"
"2326","Klf8","Mmp14"
"2327","Klf9","Txnrd2"
"2328","Kpna2","Klf2"
"2329","Kpna2","Klf4"
"2330","Lbx1","Lmx1a"
"2331","Lbx1","Pax3"
"2332","Lbx1","Satb2"
"2333","Ldb1","Arx"
"2334","Ldb1","Bmp7"
"2335","Ldb1","Epb42"
"2336","Ldb1","Fgf10"
"2337","Ldb1","Glp1r"
"2338","Ldb1","Igf1"
"2339","Ldb1","Lhx6"
"2340","Ldb1","Mafa"
"2341","Ldb1","Nlrp2"
"2342","Ldb1","Runx1"
"2343","Ldb1","Tcf3"
"2344","Ldb2","Fgf10"
"2345","Lef1","COX2"
"2346","Lef1","Ccl7"
"2347","Lef1","Cdh1"
"2348","Lef1","Cdx4"
"2349","Lef1","Col11a1"
"2350","Lef1","Col2a1"
"2351","Lef1","Ctnnb1"
"2352","Lef1","Dkk1"
"2353","Lef1","Dll1"
"2354","Lef1","Dsg4"
"2355","Lef1","Elane"
"2356","Lef1","Fgf18"
"2357","Lef1","Foxj1"
"2358","Lef1","Hes7"
"2359","Lef1","Il13"
"2360","Lef1","Il4"
"2361","Lef1","Il5"
"2362","Lef1","Lrp5"
"2363","Lef1","Mesp1"
"2364","Lef1","Mmp13"
"2365","Lef1","Mmp7"
"2366","Lef1","Msx2"
"2367","Lef1","Ncam1"
"2368","Lef1","Neurog1"
"2369","Lef1","Ovol1"
"2370","Lef1","Pou1f1"
"2371","Lef1","Pou5f1"
"2372","Lef1","Ptgs2"
"2373","Lef1","Rag2"
"2374","Lef1","Runx2"
"2375","Lef1","Tcf3"
"2376","Lef1","Zbtb16"
"2377","Lhx2","Cga"
"2378","Lhx2","Olfr151"
"2379","Lhx2","Rarres2"
"2380","Lhx2","Rax"
"2381","Lhx2","Rig1"
"2382","Lhx2","Robo2"
"2383","Lhx2","Tshb"
"2384","Lhx3","Cga"
"2385","Lhx9","Rig1"
"2386","Lmo2","Epb42"
"2387","Lmo2","Erg"
"2388","Lmo2","Gypa"
"2389","Lmo2","Runx1"
"2390","Lmo4","Bmp7"
"2391","Lmo7","Myf5"
"2392","Lmo7","Myod1"
"2393","Lmo7","Pax3"
"2394","Lmx1b","Fgf8"
"2395","Lmx1b","Nphs2"
"2396","Lmx1b","Pax2"
"2397","Lmx1b","Pet1"
"2398","Lmx1b","Tph2"
"2399","Lmx1b","Wnt1"
"2400","Lyl1","Erg"
"2401","Maf","Ccnd2"
"2402","Maf","Cryaa"
"2403","Maf","Cryab"
"2404","Maf","Gcg"
"2405","Maf","Il4"
"2406","Maf","Maf"
"2407","Maf","Pdx1"
"2408","Maf","Trp53"
"2409","Mafa","G6pc2"
"2410","Mafa","Glp1r"
"2411","Mafa","Ins2"
"2412","Mafa","Nkx6-1"
"2413","Mafa","Nrf1"
"2414","Mafa","Pcsk1"
"2415","Mafa","Pcx"
"2416","Mafa","Pdx1"
"2417","Mafa","Slc2a2"
"2418","Mafb","Cd5l"
"2419","Mafb","Hoxa3"
"2420","Mafb","Mmp12"
"2421","Mafb","Nrf1"
"2422","Mafb","Pth"
"2423","Mafg","Nqo1"
"2424","Mafg","Nrf1"
"2425","Mafk","Hmox1"
"2426","Mafk","Nqo1"
"2427","Mafk","Nrf1"
"2428","Map3k7","Nfkb1"
"2429","Mapk1","Egr1"
"2430","Mapk14","Egr1"
"2431","Max","Atxn3"
"2432","Max","Bax"
"2433","Max","Cad"
"2434","Max","Ccnb1"
"2435","Max","Cebpd"
"2436","Max","Odc1"
"2437","Max","Trp53"
"2438","Maz","Clcnkb"
"2439","Maz","Htr1a"
"2440","Maz","Rag2"
"2441","Maz","Sp4"
"2442","Mbd1","Fgf2"
"2443","Mbd1","Htr2c"
"2444","Mbd2","Oprd1"
"2445","Mbd3","Cdk2"
"2446","Mcm3","Il4"
"2447","Mcm6","Cd40"
"2448","Mdm2","Trp53"
"2449","Mdm4","Trp53"
"2450","Mecp2","Aff1"
"2451","Mecp2","Ddc"
"2452","Mecp2","Dlk1"
"2453","Mecp2","Eya2"
"2454","Mecp2","Fkbp5"
"2455","Mecp2","Fxyd1"
"2456","Mecp2","Igfbp3"
"2457","Mecp2","Irak1"
"2458","Mecp2","Mobp"
"2459","Mecp2","Oprm1"
"2460","Mecp2","Per1"
"2461","Mecp2","Per2"
"2462","Mecp2","Plagl1"
"2463","Mecp2","Prodh"
"2464","Mecp2","S100a9"
"2465","Mecp2","Slc2a3"
"2466","Med1","Crabp1"
"2467","Med1","Fam89b"
"2468","Med1","Pparg"
"2469","Med23","Cd52"
"2470","Med23","Egr1"
"2471","Med23","Egr2"
"2472","Med6","Fabp4"
"2473","Med8","Fabp4"
"2474","Mef2a","Cox6a1"
"2475","Mef2a","Dpf3"
"2476","Mef2a","Mef2a"
"2477","Mef2a","Mmp10"
"2478","Mef2a","Nrf1"
"2479","Mef2a","Ppargc1a"
"2480","Mef2a","Slc2a4"
"2481","Mef2c","Ampd1"
"2482","Mef2c","Bglap"
"2483","Mef2c","Bglap2"
"2484","Mef2c","Calr"
"2485","Mef2c","Capn2"
"2486","Mef2c","Ckm"
"2487","Mef2c","Des"
"2488","Mef2c","Dlx5"
"2489","Mef2c","Dlx6"
"2490","Mef2c","Frzb"
"2491","Mef2c","Hand2"
"2492","Mef2c","Hdac4"
"2493","Mef2c","Il10"
"2494","Mef2c","Il1rn"
"2495","Mef2c","Jun"
"2496","Mef2c","Myh4"
"2497","Mef2c","Myh1"
"2498","Mef2c","Myog"
"2499","Mef2c","Myom1"
"2500","Mef2c","Myom2"
"2501","Mef2c","Myom3"
"2502","Mef2c","Myoz2"
"2503","Mef2c","Rgr"
"2504","Mef2c","Rho"
"2505","Mef2c","Runx2"
"2506","Mef2c","Sfrp2"
"2507","Mef2c","Socs2"
"2508","Mef2c","Sp7"
"2509","Mef2d","Atm"
"2510","Mef2d","Myh1"
"2511","Meis1","Pf4"
"2512","Meis1","Flt3"
"2513","Meis1","Krt19"
"2514","Meis1","Myog"
"2515","Meis1","Pax6"
"2516","Meis1","Ptch1"
"2517","Meis1","Tgfbr2"
"2518","Meis2","Cdh1"
"2519","Meis2","Cdkn2b"
"2520","Meis2","Egr2"
"2521","Meis2","Krt19"
"2522","Meis2","Pax6"
"2523","Meis2","Tgfbr2"
"2524","Men1","Axin2"
"2525","Men1","Ezh2"
"2526","Men1","Gbx2"
"2527","Men1","Gli1"
"2528","Men1","Hoxa9"
"2529","Men1","Jund"
"2530","Men1","Mafa"
"2531","Men1","Suv39h1"
"2532","Men1","Yap1"
"2533","Meox1","Nkx3-2"
"2534","Meox1","Pax3"
"2535","Meox1","Tbx18"
"2536","Meox1","Uncx"
"2537","Meox2","Myf5"
"2538","Mitf","Acp5"
"2539","Mitf","Best1"
"2540","Mitf","Cd40"
"2541","Mitf","Cdkn1a"
"2542","Mitf","Clcn7"
"2543","Mitf","Ctsk"
"2544","Mitf","Dcstamp"
"2545","Mitf","Dct"
"2546","Mitf","Dkk3"
"2547","Mitf","Fgf15"
"2548","Mitf","Fos"
"2549","Mitf","Gpr143"
"2550","Mitf","Irf4"
"2551","Mitf","Itga4"
"2552","Mitf","Met"
"2553","Mitf","Ngfr"
"2554","Mitf","Ostm1"
"2555","Mitf","Pax4"
"2556","Mitf","Pax6"
"2557","Mitf","Pik3r1"
"2558","Mitf","Pmel"
"2559","Mitf","Sdc1"
"2560","Mitf","Slc2a2"
"2561","Mitf","Slc45a2"
"2562","Mitf","Tbx2"
"2563","Mitf","Trpm1"
"2564","Mitf","Tyr"
"2565","Mitf","Tyrp1"
"2566","Mixl1","Gsc"
"2567","Mixl1","Kdr"
"2568","Mixl1","Pdgfra"
"2569","Mkl1","Edn1"
"2570","Mkl1","Id3"
"2571","Mkl1","Srf"
"2572","Mkl1","Tagln"
"2573","Mkx","Myod1"
"2574","Mkx","Scx"
"2575","Mkx","Tgfb2"
"2576","Mllt3","Hoxd4"
"2577","Mllt3","Scnn1a"
"2578","Mlxipl","Acaca"
"2579","Mlxipl","Acacb"
"2580","Mlxipl","Acc"
"2581","Mlxipl","Fas"
"2582","Mlxipl","Fasn"
"2583","Mlxipl","Gck"
"2584","Mlxipl","Gpam"
"2585","Mlxipl","Ins1"
"2586","Mlxipl","Ins2"
"2587","Mlxipl","Mafa"
"2588","Mlxipl","Mstn"
"2589","Mlxipl","Pdx1"
"2590","Mlxipl","Pklr"
"2591","Mlxipl","Scd1"
"2592","Mlxipl","Txnip"
"2593","Mmp9","Fos"
"2594","Mmp9","Jun"
"2595","Mnt","Ccnd2"
"2596","Mnt","Cdk4"
"2597","Msc","Gata4"
"2598","Msc","Gjd3"
"2599","Msx1","Atoh1"
"2600","Msx1","Bmp4"
"2601","Msx1","Cga"
"2602","Msx1","Ets1"
"2603","Msx1","Fgf3"
"2604","Msx1","Myocd"
"2605","Msx1","Pax3"
"2606","Msx1","Ptch1"
"2607","Msx1","Shh"
"2608","Msx1","Srf"
"2609","Msx1","Stra8"
"2610","Msx1","Tagln"
"2611","Msx2","Alpl"
"2612","Msx2","Atoh1"
"2613","Msx2","Neurod6"
"2614","Msx2","Bglap"
"2615","Msx2","Bglap2"
"2616","Msx2","Dkk1"
"2617","Msx2","Dlx2"
"2618","Msx2","Dlx5"
"2619","Msx2","Dspp"
"2620","Msx2","Enpp1"
"2621","Msx2","Ets1"
"2622","Msx2","Ihh"
"2623","Msx2","Lss"
"2624","Msx2","Mepe"
"2625","Msx2","Myocd"
"2626","Msx2","Pparg"
"2627","Msx2","Runx2"
"2628","Msx2","Sp7"
"2629","Msx2","Srf"
"2630","Msx2","Tagln"
"2631","Mta1","Cdkn1a"
"2632","Mta1","Clock"
"2633","Mta1","Pax5"
"2634","Mta1","Pten"
"2635","Mta1","Rnf144a"
"2636","Mta1","Six3"
"2637","Mta1","Timp2"
"2638","Mta1","Rrm2b"
"2639","Mta2","Fshr"
"2640","Mtf1","Dnmt1"
"2641","Mtf1","Ep300"
"2642","Mtf1","Mt1"
"2643","Mtf1","Pgf"
"2644","Mtf1","Selenow"
"2645","Mtf1","Slc39a10"
"2646","Mtf2","Cdkn2a"
"2647","Mtf2","Shh"
"2648","Mxd1","Bcl6"
"2649","Mxi1","Ift20"
"2650","Mxi1","Igfbp3"
"2651","Mxi1","Myc"
"2652","Myb","Anpep"
"2653","Myb","Cdkn1a"
"2654","Myb","Csf1r"
"2655","Myb","Csf3r"
"2656","Myb","Gstm2"
"2657","Myb","H2afz"
"2658","Myb","Igfbp5"
"2659","Myb","Kit"
"2660","Myb","Myc"
"2661","Myb","Nol3"
"2662","Myb","Ppm1a"
"2663","Myb","Prtn3"
"2664","Myb","Ptgs2"
"2665","Myb","Rag2"
"2666","Myb","Rara"
"2667","Myb","Rfx2"
"2668","Myb","Snai2"
"2669","Mybbp1a","Per2"
"2670","Mybl1","Rfx2"
"2671","Mybl2","Adora2b"
"2672","Mybl2","Adra2b"
"2673","Mybl2","Ccna1"
"2674","Mybl2","Col5a2"
"2675","Mybl2","Eln"
"2676","Mybl2","Erbb2"
"2677","Mybl2","Igfbp5"
"2678","Mybl2","Lin9"
"2679","Mybl2","Mip"
"2680","Mybl2","Pou5f1"
"2681","Mybl2","Prrc2a"
"2682","Mybl2","Rfx2"
"2683","Mybl2","Sftpa1"
"2684","Myc","Acp5"
"2685","Myc","Bax"
"2686","Myc","Bcat1"
"2687","Myc","Bcl2"
"2688","Myc","Cad"
"2689","Myc","Car1"
"2690","Myc","Cav1"
"2691","Myc","Ccnb1"
"2692","Myc","Ccnd2"
"2693","Myc","Cdca7"
"2694","Myc","Cdh1"
"2695","Myc","Cdk4"
"2696","Myc","Cdkn1a"
"2697","Myc","Cdkn2a"
"2698","Myc","Cdkn2b"
"2699","Myc","Cebpd"
"2700","Myc","Dkk1"
"2701","Myc","Eed"
"2702","Myc","Eif4e"
"2703","Myc","Ezh2"
"2704","Myc","Fasl"
"2705","Myc","Hdac2"
"2706","Myc","Hnrnpa1"
"2707","Myc","Hnrnpa2b1"
"2708","Myc","Mir122"
"2709","Myc","Mir18b"
"2710","Myc","Mta1"
"2711","Myc","Mxi1"
"2712","Myc","Myc"
"2713","Myc","Ndrg1"
"2714","Myc","Nfia"
"2715","Myc","Nop56"
"2716","Myc","Nrgn"
"2717","Myc","Odc1"
"2718","Myc","Pdgfrb"
"2719","Myc","Ptma"
"2720","Myc","Rhoa"
"2721","Myc","Slc11a1"
"2722","Myc","Slc1a2"
"2723","Myc","Snai1"
"2724","Myc","Suz12"
"2725","Myc","Tert"
"2726","Myc","Tfam"
"2727","Myc","Timp3"
"2728","Myc","Trp53"
"2729","Myc","Trrap"
"2730","Myc","Wnt4"
"2731","Myc","Zbtb17"
"2732","Myc","Zfp36"
"2733","Mycn","Acp5"
"2734","Mycn","Hdac2"
"2735","Mycn","Igfbp2"
"2736","Mycn","Igfbp6"
"2737","Mycn","Ndrg1"
"2738","Mycn","Nrgn"
"2739","Mycn","Otx2"
"2740","Mycn","Ptdss1"
"2741","Mycn","Smad4"
"2742","Myef2","Myl2"
"2743","Myf5","Ccnd3"
"2744","Myf5","Cdkn1a"
"2745","Myf5","Des"
"2746","Myf5","Myf6"
"2747","Myf5","Myh7b"
"2748","Myf5","Myod1"
"2749","Myf5","Myog"
"2750","Myf5","Rb1"
"2751","Myf5","Sp7"
"2752","Myf5","Trp73"
"2753","Myf6","Ampd1"
"2754","Myf6","Ccnd3"
"2755","Myf6","Cdkn1a"
"2756","Myf6","Des"
"2757","Myf6","Myog"
"2758","Myf6","Rb1"
"2759","Myf6","Reck"
"2760","Myf6","Trp73"
"2761","Myocd","Acta2"
"2762","Myocd","Mylk"
"2763","Myocd","Tagln"
"2764","Myocd","Tgfb1i1"
"2765","Myod1","Acacb"
"2766","Myod1","Acta2"
"2767","Myod1","Actc1"
"2768","Myod1","Aldh1a1"
"2769","Myod1","Ankrd2"
"2770","Myod1","Arnt"
"2771","Myod1","Atp6v1e1"
"2772","Myod1","Atp9a"
"2773","Myod1","Atxn3"
"2774","Myod1","Barx2"
"2775","Myod1","Bmp5"
"2776","Myod1","Ccnd1"
"2777","Myod1","Ccnd3"
"2778","Myod1","Cdc6"
"2779","Myod1","Cdh15"
"2780","Myod1","Cdkn1a"
"2781","Myod1","Cdkn1c"
"2782","Myod1","Cdo1"
"2783","Myod1","Cdon"
"2784","Myod1","Ckm"
"2785","Myod1","Crebbp"
"2786","Myod1","Dcx"
"2787","Myod1","Des"
"2788","Myod1","Fosl1"
"2789","Myod1","Ifi204"
"2790","Myod1","Igh"
"2791","Myod1","Inpp5k"
"2792","Myod1","Itga7"
"2793","Myod1","Maf"
"2794","Myod1","Myf6"
"2795","Myod1","Myf5"
"2796","Myod1","Myh7b"
"2797","Myod1","Myl1"
"2798","Myod1","Myl2"
"2799","Myod1","Myl6"
"2800","Myod1","Myog"
"2801","Myod1","Ppargc1a"
"2802","Myod1","Rb1"
"2803","Myod1","Reck"
"2804","Myod1","Sdc1"
"2805","Myod1","Selenow"
"2806","Myod1","Sgca"
"2807","Myod1","Sgcg"
"2808","Myod1","Smad7"
"2809","Myod1","Smarca4"
"2810","Myod1","Smtnl1"
"2811","Myod1","Snai2"
"2812","Myod1","Sp7"
"2813","Myod1","Trp73"
"2814","Myod1","Zbtb18"
"2815","Myog","Art1"
"2816","Myog","Barx2"
"2817","Myog","Ccnd3"
"2818","Myog","Cdkn1a"
"2819","Myog","Des"
"2820","Myog","Itga7"
"2821","Myog","Myef2"
"2822","Myog","Myf6"
"2823","Myog","Myh7b"
"2824","Myog","Myl1"
"2825","Myog","Myod1"
"2826","Myog","Pax7"
"2827","Myog","Rb1"
"2828","Myog","Trp73"
"2829","Mzf1","Sell"
"2830","Mzf1","Sod3"
"2831","Nab1","Egr1"
"2832","Nab1","Egr2"
"2833","Nab1","Ifngr1"
"2834","Nab1","Lhb"
"2835","Nab2","Egr2"
"2836","Nab2","Id2"
"2837","Nab2","Id4"
"2838","Nab2","Tnfsf10"
"2839","Nanog","Bglap2"
"2840","Nanog","Bmi1"
"2841","Nanog","Cdx2"
"2842","Nanog","Dkk1"
"2843","Nanog","Eras"
"2844","Nanog","Esrrb"
"2845","Nanog","Gata6"
"2846","Nanog","Idh1"
"2847","Nanog","Lin28a"
"2848","Nanog","Mir290a"
"2849","Nanog","Mir295"
"2850","Nanog","Mir302a"
"2851","Nanog","Nfkb1"
"2852","Nanog","Nr0b1"
"2853","Nanog","Snai1"
"2854","Nanog","Tcf3"
"2855","Nanog","Xist"
"2856","Nanog","Zfp42"
"2857","Nanog","Zfp57"
"2858","Nanog","Zfp819"
"2859","Ncoa1","Adipoq"
"2860","Ncoa1","Ar"
"2861","Ncoa1","Cdkn1a"
"2862","Ncoa1","Esr1"
"2863","Ncoa1","Gata4"
"2864","Ncoa1","Itga5"
"2865","Ncoa1","Mef2c"
"2866","Ncoa1","Nfkbia"
"2867","Ncoa1","Psat1"
"2868","Ncoa1","Twist1"
"2869","Ncoa1","Usp17le"
"2870","Ncoa2","Adipoq"
"2871","Ncoa2","Ar"
"2872","Ncoa2","Esrra"
"2873","Ncoa2","G6pc"
"2874","Ncoa2","Nfkbia"
"2875","Ncoa3","Clock"
"2876","Ncoa3","Igfbp3"
"2877","Ncoa3","Klf4"
"2878","Ncoa3","Nanog"
"2879","Ncoa3","Nfkbia"
"2880","Ncoa3","Npas2"
"2881","Ncoa3","Nr0b1"
"2882","Ncoa3","Pparg"
"2883","Ncoa3","Tbx3"
"2884","Ncoa4","Ar"
"2885","Ncoa5","Myc"
"2886","Ncoa6","Fos"
"2887","Ncoa6","Socs1"
"2888","Ncor1","Hdac3"
"2889","Ncor1","Hes1"
"2890","Ncor1","Mybl2"
"2891","Ncor1","Nfkbia"
"2892","Ncor1","Tshb"
"2893","Ncor2","Hes1"
"2894","Ncor2","Klkb1"
"2895","Ncor2","Mybl2"
"2896","Ncor2","Nfkbia"
"2897","Ncor2","Sirt1"
"2898","Ndn","Cdk1"
"2899","Ndn","Cdkn2a"
"2900","Ndn","Dlx2"
"2901","Ndn","Myc"
"2902","Neurod1","Atoh1"
"2903","Neurod1","G6pc2"
"2904","Neurod1","Ins2"
"2905","Neurod1","Insm2"
"2906","Neurod1","Mgat5b"
"2907","Neurod1","Nnat"
"2908","Neurod1","Pax6"
"2909","Neurod1","Pdx1"
"2910","Neurod1","Rnd2"
"2911","Neurod1","Sct"
"2912","Neurod1","St18"
"2913","Neurod6","Plppr4"
"2914","Neurod6","Ybx1"
"2915","Neurog1","Atoh1"
"2916","Neurog1","Dll3"
"2917","Neurog2","Dll3"
"2918","Neurog2","Eomes"
"2919","Neurog2","Epha5"
"2920","Neurog2","Neurod1"
"2921","Neurog2","Rnd2"
"2922","Neurog2","Sema3c"
"2923","Neurog3","Atoh8"
"2924","Neurog3","Vsx2"
"2925","Neurog3","Insm1"
"2926","Neurog3","Insm2"
"2927","Neurog3","Neurod1"
"2928","Neurog3","Pax4"
"2929","Nf1","Adam8"
"2930","Nf1","Fam89b"
"2931","Nf1","Mt1"
"2932","Nfat5","Akr1b3"
"2933","Nfat5","Bax"
"2934","Nfat5","Bcl2"
"2935","Nfat5","Vegfc"
"2936","Nfatc1","Aqp2"
"2937","Nfatc1","B3gat1"
"2938","Nfatc1","Bmp7"
"2939","Nfatc1","Cx3cr1"
"2940","Nfatc1","Csf2"
"2941","Nfatc1","Dcstamp"
"2942","Nfatc1","Foxp3"
"2943","Nfatc1","Il12b"
"2944","Nfatc1","Il2"
"2945","Nfatc1","Il2ra"
"2946","Nfatc1","Il4"
"2947","Nfatc1","Itgb3"
"2948","Nfatc1","Oscar"
"2949","Nfatc1","Pag1"
"2950","Nfatc2","Acp5"
"2951","Nfatc2","Bace1"
"2952","Nfatc2","Bcl2a1a"
"2953","Nfatc2","Cx3cr1"
"2954","Nfatc2","Ccna2"
"2955","Nfatc2","Ccr9"
"2956","Nfatc2","Csf2"
"2957","Nfatc2","Egr3"
"2958","Nfatc2","Icos"
"2959","Nfatc2","Ifng"
"2960","Nfatc2","Il10"
"2961","Nfatc2","Il12b"
"2962","Nfatc2","Il13"
"2963","Nfatc2","Il2"
"2964","Nfatc2","Il21"
"2965","Nfatc2","Il2ra"
"2966","Nfatc2","Il31"
"2967","Nfatc2","Il4"
"2968","Nfatc2","Il9"
"2969","Nfatc2","Nfatc1"
"2970","Nfatc2","Tnf"
"2971","Nfatc2ip","Il2"
"2972","Nfatc3","B3gat1"
"2973","Nfatc3","Il2"
"2974","Nfatc3","Mir23a"
"2975","Nfatc4","B3gat1"
"2976","Nfatc4","Myoz1"
"2977","Nfatc4","Myoz2"
"2978","Nfatc4","Ptgs2"
"2979","Nfe2","Abcc6"
"2980","Nfe2","Epb42"
"2981","Nfe2","Gcm2"
"2982","Nfe2","Hbb"
"2983","Nfe2","Hbb-b1"
"2984","Nfe2","Hbb-bs"
"2985","Nfe2","Hmbs"
"2986","Nfe2","Il2"
"2987","Nfe2","Tnf"
"2988","Nfe2","Tyms"
"2989","Nfe2l2","Abcc2"
"2990","Nfe2l2","Abcc3"
"2991","Nfe2l2","Abcc4"
"2992","Nfe2l2","Akr1b3"
"2993","Nfe2l2","Areg"
"2994","Nfe2l2","Bcl2"
"2995","Nfe2l2","Bglap"
"2996","Nfe2l2","Bglap3"
"2997","Nfe2l2","Calcoco2"
"2998","Nfe2l2","Cd36"
"2999","Nfe2l2","Cdkn2c"
"3000","Nfe2l2","Cebpb"
"3001","Nfe2l2","Cox17"
"3002","Nfe2l2","Cyp2a5"
"3003","Nfe2l2","Fas"
"3004","Nfe2l2","Fmo3"
"3005","Nfe2l2","Fos"
"3006","Nfe2l2","Gclc"
"3007","Nfe2l2","Gsta1"
"3008","Nfe2l2","Gsta2"
"3009","Nfe2l2","Hmox1"
"3010","Nfe2l2","Il10"
"3011","Nfe2l2","Keap1"
"3012","Nfe2l2","Krt16"
"3013","Nfe2l2","Mcm7"
"3014","Nfe2l2","Mdm2"
"3015","Nfe2l2","Mgst1"
"3016","Nfe2l2","Mir106b"
"3017","Nfe2l2","Mt1"
"3018","Nfe2l2","Nfatc1"
"3019","Nfe2l2","Nfe2l2"
"3020","Nfe2l2","Nfkb1"
"3021","Nfe2l2","Nqo1"
"3022","Nfe2l2","Pparg"
"3023","Nfe2l2","Prdx1"
"3024","Nfe2l2","Prdx2"
"3025","Nfe2l2","Ptgds"
"3026","Nfe2l2","Runx2"
"3027","Nfe2l2","Scarb1"
"3028","Nfe2l2","Sdha"
"3029","Nfe2l2","Slc40a1"
"3030","Nfe2l2","Slc7a11"
"3031","Nfe2l2","Sod2"
"3032","Nfe2l2","Sp7"
"3033","Nfe2l2","Sqstm1"
"3034","Nfe2l2","Srxn1"
"3035","Nfe2l2","Sult1e1"
"3036","Nfe2l2","Tgfb1"
"3037","Nfe2l2","Tnfsf11"
"3038","Nfe2l2","Txnip"
"3039","Nfe2l2","Txnrd1"
"3040","Nfe2l2","Ugt1a6a"
"3041","Nfe2l2","Il1rn"
"3042","Nfe2l3","Pla2g7"
"3043","Nfia","Fam89b"
"3044","Nfia","Gabra6"
"3045","Nfia","Gfap"
"3046","Nfia","Hgf"
"3047","Nfia","Slc2a4"
"3048","Nfib","Col2a1"
"3049","Nfib","Fam89b"
"3050","Nfic","Ccl2"
"3051","Nfic","Col1a1"
"3052","Nfic","Dspp"
"3053","Nfic","Fam89b"
"3054","Nfic","Gfap"
"3055","Nfic","Hgf"
"3056","Nfic","Klf4"
"3057","Nfic","Mbp"
"3058","Nfic","Mt1"
"3059","Nfic","Pdgfa"
"3060","Nfic","Pdgfra"
"3061","Nfil3","Abcb1a"
"3062","Nfil3","Abcb4"
"3063","Nfil3","Arnt"
"3064","Nfil3","Bmp4"
"3065","Nfil3","Cyp7a1"
"3066","Nfil3","Eomes"
"3067","Nfil3","Fgf21"
"3068","Nfil3","Id2"
"3069","Nfil3","Per2"
"3070","Nfil3","Ptgs2"
"3071","Nfix","Ckm"
"3072","Nfix","Fam89b"
"3073","Nfkb1","Adipoq"
"3074","Nfkb1","Adora1"
"3075","Nfkb1","Adora2a"
"3076","Nfkb1","Adora2b"
"3077","Nfkb1","Ager"
"3078","Nfkb1","Agt"
"3079","Nfkb1","Akt1"
"3080","Nfkb1","Aldh3a1"
"3081","Nfkb1","Alox5"
"3082","Nfkb1","Amh"
"3083","Nfkb1","Ankrd2"
"3084","Nfkb1","Apoe"
"3085","Nfkb1","Aqp5"
"3086","Nfkb1","Atp12a"
"3087","Nfkb1","Banp"
"3088","Nfkb1","Bcl2"
"3089","Nfkb1","Bcl2a1d"
"3090","Nfkb1","Bcl2l1"
"3091","Nfkb1","Bin1"
"3092","Nfkb1","Birc2"
"3093","Nfkb1","Birc3"
"3094","Nfkb1","Xiap"
"3095","Nfkb1","Bmp2"
"3096","Nfkb1","Bmpr2"
"3097","Nfkb1","Btk"
"3098","Nfkb1","COX2"
"3099","Nfkb1","Ccl12"
"3100","Nfkb1","Ccl2"
"3101","Nfkb1","Ccl20"
"3102","Nfkb1","Ccl22"
"3103","Nfkb1","Ccl5"
"3104","Nfkb1","Ccl9"
"3105","Nfkb1","Ccnd1"
"3106","Nfkb1","Ccnd3"
"3107","Nfkb1","Cd38"
"3108","Nfkb1","Cd40"
"3109","Nfkb1","Cd7"
"3110","Nfkb1","Cd80"
"3111","Nfkb1","Cd86"
"3112","Nfkb1","Cdk4"
"3113","Nfkb1","Cdkn1a"
"3114","Nfkb1","Cebpa"
"3115","Nfkb1","Cebpb"
"3116","Nfkb1","Cenpj"
"3117","Nfkb1","Cfb"
"3118","Nfkb1","Cflar"
"3119","Nfkb1","Col1a1"
"3120","Nfkb1","Csf1"
"3121","Nfkb1","Csf2"
"3122","Nfkb1","Ctnnb1"
"3123","Nfkb1","Cxadr"
"3124","Nfkb1","Cxcl1"
"3125","Nfkb1","Cxcl10"
"3126","Nfkb1","Cxcl13"
"3127","Nfkb1","Cxcl15"
"3128","Nfkb1","Cxcl2"
"3129","Nfkb1","Cyp11a1"
"3130","Nfkb1","Dcst1"
"3131","Nfkb1","Dcst2"
"3132","Nfkb1","Dcstamp"
"3133","Nfkb1","Defb2"
"3134","Nfkb1","Dmp1"
"3135","Nfkb1","Drd2"
"3136","Nfkb1","Dusp1"
"3137","Nfkb1","Ebi3"
"3138","Nfkb1","Ebna1bp2"
"3139","Nfkb1","Edn1"
"3140","Nfkb1","Egfr"
"3141","Nfkb1","Egr2"
"3142","Nfkb1","Elf3"
"3143","Nfkb1","Epas1"
"3144","Nfkb1","Fas"
"3145","Nfkb1","Fasl"
"3146","Nfkb1","Fbp1"
"3147","Nfkb1","Kdm2a"
"3148","Nfkb1","Fn1"
"3149","Nfkb1","Fos"
"3150","Nfkb1","Foxp3"
"3151","Nfkb1","Fth1"
"3152","Nfkb1","Gadd45b"
"3153","Nfkb1","Gclm"
"3154","Nfkb1","Glrx"
"3155","Nfkb1","Hamp"
"3156","Nfkb1","Hes1"
"3157","Nfkb1","Hmgcr"
"3158","Nfkb1","Hmox1"
"3159","Nfkb1","Hsd11b2"
"3160","Nfkb1","Ifnb1"
"3161","Nfkb1","Ifng"
"3162","Nfkb1","Igf2bp2"
"3163","Nfkb1","Igk"
"3164","Nfkb1","Ikbkb"
"3165","Nfkb1","Il1"
"3166","Nfkb1","Il10"
"3167","Nfkb1","Il12a"
"3168","Nfkb1","Il12b"
"3169","Nfkb1","Il15"
"3170","Nfkb1","Il1a"
"3171","Nfkb1","Il1b"
"3172","Nfkb1","Il2"
"3173","Nfkb1","Il23a"
"3174","Nfkb1","Il2ra"
"3175","Nfkb1","Il4"
"3176","Nfkb1","Il6"
"3177","Nfkb1","Irf4"
"3178","Nfkb1","Itgam"
"3179","Nfkb1","Junb"
"3180","Nfkb1","Kcnd2"
"3181","Nfkb1","Kcnip2"
"3182","Nfkb1","Kdr"
"3183","Nfkb1","Klf5"
"3184","Nfkb1","Lcn2"
"3185","Nfkb1","Lef1"
"3186","Nfkb1","Lif"
"3187","Nfkb1","Ltc4s"
"3188","Nfkb1","Nudt1"
"3189","Nfkb1","Mapk14"
"3190","Nfkb1","Mbp"
"3191","Nfkb1","Mmp14"
"3192","Nfkb1","Mmp2"
"3193","Nfkb1","Mmp3"
"3194","Nfkb1","Mmp9"
"3195","Nfkb1","Msx1"
"3196","Nfkb1","Myb"
"3197","Nfkb1","Myc"
"3198","Nfkb1","Myoz2"
"3199","Nfkb1","Nfkb1"
"3200","Nfkb1","Nfkbia"
"3201","Nfkb1","Nfkbiz"
"3202","Nfkb1","Ngb"
"3203","Nfkb1","Nos2"
"3204","Nfkb1","Nos3"
"3205","Nfkb1","Nqo1"
"3206","Nfkb1","Nrf1"
"3207","Nfkb1","Ntn1"
"3208","Nfkb1","Pck1"
"3209","Nfkb1","Pdk4"
"3210","Nfkb1","Per1"
"3211","Nfkb1","Per2"
"3212","Nfkb1","Phex"
"3213","Nfkb1","Pirb"
"3214","Nfkb1","Pla2g4a"
"3215","Nfkb1","Plaur"
"3216","Nfkb1","Plin2"
"3217","Nfkb1","Pmaip1"
"3218","Nfkb1","Ppara"
"3219","Nfkb1","Ppargc1a"
"3220","Nfkb1","Ppm1d"
"3221","Nfkb1","Ppp1r13l"
"3222","Nfkb1","Ppp1r14a"
"3223","Nfkb1","Prodh"
"3224","Nfkb1","Psme2"
"3225","Nfkb1","Pten"
"3226","Nfkb1","Ptges"
"3227","Nfkb1","Ptgs1"
"3228","Nfkb1","Ptgs2"
"3229","Nfkb1","Ptpn4"
"3230","Nfkb1","Rel"
"3231","Nfkb1","Relb"
"3232","Nfkb1","Ripk2"
"3233","Nfkb1","Sele"
"3234","Nfkb1","Selp"
"3235","Nfkb1","Shh"
"3236","Nfkb1","Slc1a2"
"3237","Nfkb1","Slc2a1"
"3238","Nfkb1","Slc2a4"
"3239","Nfkb1","Sod2"
"3240","Nfkb1","Sox9"
"3241","Nfkb1","Src"
"3242","Nfkb1","Stat1"
"3243","Nfkb1","Stk39"
"3244","Nfkb1","Tapbp"
"3245","Nfkb1","Tcrg-C1"
"3246","Nfkb1","Tec"
"3247","Nfkb1","Tert"
"3248","Nfkb1","Tgfb1"
"3249","Nfkb1","Thrb"
"3250","Nfkb1","Timp3"
"3251","Nfkb1","Tlr2"
"3252","Nfkb1","Tlr4"
"3253","Nfkb1","Tnf"
"3254","Nfkb1","Tnfaip3"
"3255","Nfkb1","Tnfrsf25"
"3256","Nfkb1","Tnfrsf4"
"3257","Nfkb1","Tnfsf13b"
"3258","Nfkb1","Tnfsf15"
"3259","Nfkb1","Trem1"
"3260","Nfkb1","Trim63"
"3261","Nfkb1","Trp53"
"3262","Nfkb1","Twist1"
"3263","Nfkb1","Ube2h"
"3264","Nfkb1","Upp1"
"3265","Nfkb1","Vcam1"
"3266","Nfkb1","Vegfa"
"3267","Nfkb1","Vegfc"
"3268","Nfkb1","Wap"
"3269","Nfkb1","Wt1"
"3270","Nfkb1","Yy1"
"3271","Nfkb1","Cdh1"
"3272","Nfkb1","Birc5"
"3273","Nfkb2","Ccnd1"
"3274","Nfkb2","Csf2"
"3275","Nfkb2","Dmp1"
"3276","Nfkb2","Hes1"
"3277","Nfkb2","Hif1a"
"3278","Nfkb2","Il23a"
"3279","Nfkb2","Myc"
"3280","Nfkb2","Rel"
"3281","Nfkb2","Relb"
"3282","Nfkb2","Snd1"
"3283","Nfkbia","Nfkb1"
"3284","Nfkbia","Ptgs2"
"3285","Nfkbiz","Nfkb1"
"3286","Nfkbiz","Nfkbiz"
"3287","Nfya","Adipoq"
"3288","Nfya","Arntl"
"3289","Nfya","Ccnd2"
"3290","Nfya","Cdk1"
"3291","Nfya","Cldn11"
"3292","Nfya","Dspp"
"3293","Nfya","E2f1"
"3294","Nfya","H2-Ab1"
"3295","Nfya","Hspa1b"
"3296","Nfya","Hspa5"
"3297","Nfya","Hspb1"
"3298","Nfya","Mapk1"
"3299","Nfya","Ogg1"
"3300","Nfya","Srebf1"
"3301","Nfya","Trp53"
"3302","Nfyb","Ccnd2"
"3303","Nfyb","Dspp"
"3304","Nfyb","H2-Ab1"
"3305","Nfyb","Srebf1"
"3306","Nfyc","Ccnd2"
"3307","Nfyc","Dspp"
"3308","Nfyc","Srebf1"
"3309","Nhlh2","Maoa"
"3310","Nhlh2","Mc4r"
"3311","Nhlh2","Pcsk1"
"3312","Nhlh2","Pcsk2"
"3313","Nhlh2","Pkd1"
"3314","Nkx2-1","Abca3"
"3315","Nkx2-1","Foxj1"
"3316","Nkx2-1","Hcrtr2"
"3317","Nkx2-1","Pax8"
"3318","Nkx2-1","Prdm13"
"3319","Nkx2-1","Scgb1a1"
"3320","Nkx2-1","Sftpb"
"3321","Nkx2-1","Sftpc"
"3322","Nkx2-1","Shh"
"3323","Nkx2-1","Sox17"
"3324","Nkx2-1","Wnt7b"
"3325","Nkx2-2","Arx"
"3326","Nkx2-2","Neurod1"
"3327","Nkx2-2","Pdgfra"
"3328","Nkx2-2","Pdx1"
"3329","Nkx2-2","Pet1"
"3330","Nkx2-3","Madcam1"
"3331","Nkx2-5","Adora1"
"3332","Nkx2-5","Calr"
"3333","Nkx2-5","Csl"
"3334","Nkx2-5","Etv2"
"3335","Nkx2-5","Fgf10"
"3336","Nkx2-5","Gjc1"
"3337","Nkx2-5","Hand1"
"3338","Nkx2-5","Hexim1"
"3339","Nkx2-5","Id2"
"3340","Nkx2-5","Ifi204"
"3341","Nkx2-5","Jarid2"
"3342","Nkx2-5","Lrrc10"
"3343","Nkx2-5","Mef2c"
"3344","Nkx2-5","Mov10l1"
"3345","Nkx2-5","Msx2"
"3346","Nkx2-5","Mycn"
"3347","Nkx2-5","Myl2"
"3348","Nkx2-5","Myocd"
"3349","Nkx2-5","Nppa"
"3350","Nkx2-5","Nppb"
"3351","Nkx2-5","Pitx2"
"3352","Nkx2-5","Tbx5"
"3353","Nkx2-5","Tll1"
"3354","Nkx2-5","Tlx2"
"3355","Nkx2-5","Trp53"
"3356","Nkx2-9","Akip1"
"3357","Nkx3-1","Acta2"
"3358","Nkx3-1","Actg2"
"3359","Nkx3-1","Ar"
"3360","Nkx3-2","Pax3"
"3361","Nkx3-2","Runx2"
"3362","Nkx6-1","Mafa"
"3363","Nono","Col2a1"
"3364","Nono","Mia"
"3365","Notch1","Casp3"
"3366","Notch1","Ccnd1"
"3367","Notch1","Ccne1"
"3368","Notch1","Cdkn1a"
"3369","Notch1","Ctnnb1"
"3370","Notch1","Dll4"
"3371","Notch1","Dtx1"
"3372","Notch1","Efnb2"
"3373","Notch1","Gata2"
"3374","Notch1","Hes5"
"3375","Notch1","Hey1"
"3376","Notch1","Hey2"
"3377","Notch1","Nfkb1"
"3378","Notch1","Nrarp"
"3379","Notch1","Pax7"
"3380","Notch1","Rbpj"
"3381","Notch1","Runx2"
"3382","Notch1","Scgb3a2"
"3383","Notch1","Smarcc1"
"3384","Notch1","Sox9"
"3385","Notch1","Sp7"
"3386","Notch1","Spi1"
"3387","Notch1","Tcf3"
"3388","Notch2","Gzmb"
"3389","Notch2","Hes1"
"3390","Notch2","Notch3"
"3391","Notch2","Tcf3"
"3392","Notch3","Foxp3"
"3393","Notch3","Hes5"
"3394","Notch3","Nrarp"
"3395","Notch3","Ptcra"
"3396","Notch4","Dlk1"
"3397","Notch4","Hes1"
"3398","Notch4","Hey1"
"3399","Npas1","Th"
"3400","Npas2","Maoa"
"3401","Nr0b1","Cyp11a1"
"3402","Nr0b1","Cyp19a1"
"3403","Nr0b1","Esrrg"
"3404","Nr0b1","Hnf4a"
"3405","Nr0b1","Nr5a1"
"3406","Nr0b1","Pou5f1"
"3407","Nr0b1","Pparg"
"3408","Nr0b1","Rlf"
"3409","Nr0b1","Sf1"
"3410","Nr0b1","Srebf1"
"3411","Nr0b1","Star"
"3412","Nr0b2","Bglap"
"3413","Nr0b2","Bhmt"
"3414","Nr0b2","Cdkn1a"
"3415","Nr0b2","Cyp7a1"
"3416","Nr0b2","Cyp8b1"
"3417","Nr0b2","Mir127"
"3418","Nr0b2","Mir433"
"3419","Nr0b2","Mtf1"
"3420","Nr0b2","Mttp"
"3421","Nr0b2","Neurod1"
"3422","Nr0b2","Npas2"
"3423","Nr0b2","Nr5a2"
"3424","Nr0b2","Pparg"
"3425","Nr0b2","Ppargc1a"
"3426","Nr0b2","Serpine1"
"3427","Nr0b2","Slc40a1"
"3428","Nr0b2","Slc51b"
"3429","Nr0b2","Smad3"
"3430","Nr0b2","Smad7"
"3431","Nr1d1","Arntl"
"3432","Nr1d1","Gja1"
"3433","Nr1d1","Nfil3"
"3434","Nr1d1","Nr0b2"
"3435","Nr1d2","Gja1"
"3436","Nr1h2","Arg2"
"3437","Nr1h2","Csrp1"
"3438","Nr1h2","Fasn"
"3439","Nr1h2","Nos2"
"3440","Nr1h3","Abca1"
"3441","Nr1h3","Abcg1"
"3442","Nr1h3","Apoe"
"3443","Nr1h3","Arg2"
"3444","Nr1h3","Bhlhe40"
"3445","Nr1h3","Cyp7b1"
"3446","Nr1h3","Cyp7a1"
"3447","Nr1h3","F3"
"3448","Nr1h3","Lipe"
"3449","Nr1h3","Map3k8"
"3450","Nr1h3","Mlxipl"
"3451","Nr1h3","Nos2"
"3452","Nr1h3","Nr1h3"
"3453","Nr1h3","Plin1"
"3454","Nr1h3","Pltp"
"3455","Nr1h3","Srebf1"
"3456","Nr1h3","Ucp1"
"3457","Nr1h4","Abcb11"
"3458","Nr1h4","Abcc2"
"3459","Nr1h4","Abcc4"
"3460","Nr1h4","Fabp6"
"3461","Nr1h4","Hhex"
"3462","Nr1h4","Ins2"
"3463","Nr1h4","Klf11"
"3464","Nr1h4","Krt13"
"3465","Nr1h4","Nr0b2"
"3466","Nr1h4","Scarb1"
"3467","Nr1h4","Slc10a1"
"3468","Nr1i2","Akr1b7"
"3469","Nr1i2","Cd36"
"3470","Nr1i2","Cdkn1a"
"3471","Nr1i2","Cyp24a1"
"3472","Nr1i2","Cyp2b10"
"3473","Nr1i2","Cyp2c29"
"3474","Nr1i2","Cyp3a11"
"3475","Nr1i2","Cyp3a41a"
"3476","Nr1i2","E2f1"
"3477","Nr1i2","Insig1"
"3478","Nr1i2","Msx2"
"3479","Nr1i2","Ppara"
"3480","Nr1i3","Akr1b7"
"3481","Nr1i3","Atp6v1e1"
"3482","Nr1i3","Cpt1a"
"3483","Nr1i3","Cyp2b10"
"3484","Nr1i3","Cyp3a11"
"3485","Nr1i3","Cyp7a1"
"3486","Nr1i3","Mcl1"
"3487","Nr1i3","Pck1"
"3488","Nr1i3","Ppara"
"3489","Nr1i3","Ppig"
"3490","Nr1i3","Sqle"
"3491","Nr1i3","Thrsp"
"3492","Nr2c1","Esr1"
"3493","Nr2c1","Gata1"
"3494","Nr2c2","Ikbkb"
"3495","Nr2c2","Junb"
"3496","Nr2c2","Nfkb1"
"3497","Nr2e1","Atn1"
"3498","Nr2e3","Rho"
"3499","Nr2f1","Calr"
"3500","Nr2f1","Fabp7"
"3501","Nr2f1","Pou5f1"
"3502","Nr2f1","Rnd2"
"3503","Nr2f2","Ar"
"3504","Nr2f2","Atp1a1"
"3505","Nr2f2","Bglap"
"3506","Nr2f2","Cyp7a1"
"3507","Nr2f2","Dr1"
"3508","Nr2f2","Dspp"
"3509","Nr2f2","Flt1"
"3510","Nr2f2","Insl3"
"3511","Nr2f2","Mttp"
"3512","Nr2f2","Oxt"
"3513","Nr2f2","Pou5f1"
"3514","Nr2f2","Ppara"
"3515","Nr2f2","Rarb"
"3516","Nr2f2","Rare1"
"3517","Nr2f2","Rare2"
"3518","Nr2f2","Ren1"
"3519","Nr2f2","Shh"
"3520","Nr2f2","Slc2a4"
"3521","Nr2f2","Vegfa"
"3522","Nr2f6","Il17a"
"3523","Nr2f6","Oxt"
"3524","Nr2f6","Ren1"
"3525","Nr3c1","Abcc2"
"3526","Nr3c1","Brca1"
"3527","Nr3c1","Ccnd3"
"3528","Nr3c1","Cdk4"
"3529","Nr3c1","Cdk6"
"3530","Nr3c1","Ch25h"
"3531","Nr3c1","Crh"
"3532","Nr3c1","Fam89b"
"3533","Nr3c1","Hes1"
"3534","Nr3c1","Nfkbia"
"3535","Nr3c1","Npas4"
"3536","Nr3c1","Nr0b1"
"3537","Nr3c1","Pdhx"
"3538","Nr3c1","Ptgs2"
"3539","Nr3c1","Ptx3"
"3540","Nr3c1","Runx2"
"3541","Nr3c1","Slc10a1"
"3542","Nr3c1","Trim63"
"3543","Nr3c1","Vdr"
"3544","Nr3c2","Fkbp5"
"3545","Nr3c2","Mllt3"
"3546","Nr3c2","Rasl12"
"3547","Nr3c2","Scnn1a"
"3548","Nr3c2","Sgk1"
"3549","Nr3c2","Tns1"
"3550","Nr3c2","Tsc22d3"
"3551","Nr4a1","Ar"
"3552","Nr4a1","Cyp21a1"
"3553","Nr4a1","Edn1"
"3554","Nr4a1","Fasl"
"3555","Nr4a1","Hsd3b1"
"3556","Nr4a1","Kcnb1"
"3557","Nr4a1","Nkx2-5"
"3558","Nr4a1","Prl"
"3559","Nr4a1","Prmt1"
"3560","Nr4a1","Serpine1"
"3561","Nr4a2","Apom"
"3562","Nr4a2","Foxp3"
"3563","Nr4a2","Gch1"
"3564","Nr4a2","Kcnb1"
"3565","Nr4a2","Mmp1a"
"3566","Nr4a2","Nrp1"
"3567","Nr4a2","Pitx3"
"3568","Nr4a2","Ptpru"
"3569","Nr4a2","Slc18a2"
"3570","Nr4a2","Slc6a3"
"3571","Nr4a2","Spp1"
"3572","Nr4a2","Tnc"
"3573","Nr4a3","Kcnb1"
"3574","Nr4a3","Ucp1"
"3575","Nr5a1","Abcg2"
"3576","Nr5a1","Adcy4"
"3577","Nr5a1","Akr1b7"
"3578","Nr5a1","Amh"
"3579","Nr5a1","Cnr1"
"3580","Nr5a1","Cyp11a1"
"3581","Nr5a1","Cyp11b2"
"3582","Nr5a1","Cyp17a1"
"3583","Nr5a1","Cyp19a1"
"3584","Nr5a1","Cyp21a1"
"3585","Nr5a1","Fgf9"
"3586","Nr5a1","Inha"
"3587","Nr5a1","Insl3"
"3588","Nr5a1","Lhb"
"3589","Nr5a1","Mc2r"
"3590","Nr5a1","Nos1"
"3591","Nr5a1","Nr0b1"
"3592","Nr5a1","Nr5a1"
"3593","Nr5a1","Pbx1"
"3594","Nr5a1","Pou5f1"
"3595","Nr5a1","Sox9"
"3596","Nr5a1","Star"
"3597","Nr5a1","Wnt4"
"3598","Nr5a2","Apoa1"
"3599","Nr5a2","Ccnd1"
"3600","Nr5a2","Ccne1"
"3601","Nr5a2","Cyp19a1"
"3602","Nr5a2","Cyp7a1"
"3603","Nr5a2","Cyp8b1"
"3604","Nr5a2","Kiss1"
"3605","Nr5a2","Kras"
"3606","Nr5a2","Nanog"
"3607","Nr5a2","Nr0b1"
"3608","Nr5a2","Pou5f1"
"3609","Nr5a2","Ptf1a"
"3610","Nr5a2","Ptgds"
"3611","Nr5a2","Scarb1"
"3612","Nr5a2","Slc10a2"
"3613","Nr5a2","Slc51a"
"3614","Nr5a2","Slc51b"
"3615","Nr5a2","Tnf"
"3616","Nrf1","Atp1a1"
"3617","Nrf1","Atp1b1"
"3618","Nrf1","Cd47"
"3619","Nrf1","Cox17"
"3620","Nrf1","Cox4i1"
"3621","Nrf1","Fcgr3"
"3622","Nrf1","Fmr1"
"3623","Nrf1","Gria2"
"3624","Nrf1","Grin1"
"3625","Nrf1","Grin2b"
"3626","Nrf1","Hmox1"
"3627","Nrf1","Ide"
"3628","Nrf1","Il1rn"
"3629","Nrf1","Kif17"
"3630","Nrf1","Mt1"
"3631","Nrf1","Nos1"
"3632","Nrf1","Nr3c1"
"3633","Nrf1","Pvr"
"3634","Nrf1","Sdha"
"3635","Nrf1","Sirt6"
"3636","Nrf1","Sp7"
"3637","Nrf1","Tfam"
"3638","Nrip1","Cidea"
"3639","Nrip1","Pou5f1"
"3640","Nrip1","Ucp1"
"3641","Nrl","Kcnv2"
"3642","Nrl","Mef2c"
"3643","Nrl","Nr2e3"
"3644","Nrl","Pde6a"
"3645","Nrl","Pde6b"
"3646","Nrl","Ppp2r5c"
"3647","Nrl","Prph2"
"3648","Nrl","Rbp3"
"3649","Nrl","Rho"
"3650","Nrl","Sag"
"3651","Nupr1","Ccna2"
"3652","Nupr1","Ep300"
"3653","Nupr1","Gcg"
"3654","Nupr1","Hmox1"
"3655","Nupr1","Paxip1"
"3656","Nupr1","Tcf19"
"3657","Olig1","Smad3"
"3658","Olig2","Gfap"
"3659","Olig2","Pdgfra"
"3660","Olig2","Sox10"
"3661","Onecut1","Foxa2"
"3662","Onecut1","Foxf1"
"3663","Onecut1","G6pc"
"3664","Onecut1","Mafa"
"3665","Onecut1","Neurog3"
"3666","Onecut1","Onecut3"
"3667","Onecut1","Pdx1"
"3668","Onecut1","Slc2a2"
"3669","Otx2","Crx"
"3670","Otx2","Fgf15"
"3671","Otx2","Gnrh1"
"3672","Otx2","Nkx2-2"
"3673","Otx2","Tyr"
"3674","Otx2","Tyrp1"
"3675","Ovol1","Ovol2"
"3676","Parp1","Apod"
"3677","Parp1","E2f1"
"3678","Parp1","Fn1"
"3679","Parp1","Il10"
"3680","Parp1","Mmp9"
"3681","Parp1","Nfkb1"
"3682","Parp1","Nkx2-1"
"3683","Parp1","Nos2"
"3684","Parp1","Rela"
"3685","Parp1","Sh3bp2"
"3686","Parp1","Vcam1"
"3687","Pax1","Nkx3-2"
"3688","Pax1","Pdgfra"
"3689","Pax2","Ccnd1"
"3690","Pax2","Emx2"
"3691","Pax2","En2"
"3692","Pax2","Eya1"
"3693","Pax2","Gbx2"
"3694","Pax2","Gcg"
"3695","Pax2","Neurog2"
"3696","Pax2","Pax6"
"3697","Pax2","Pou3f3"
"3698","Pax2","Ret"
"3699","Pax2","Robo3"
"3700","Pax2","Sfrp2"
"3701","Pax2","Trp53"
"3702","Pax2","Wt1"
"3703","Pax3","Dct"
"3704","Pax3","Dmrt2"
"3705","Pax3","Fgfr4"
"3706","Pax3","Hes1"
"3707","Pax3","Itm2a"
"3708","Pax3","Lbx2"
"3709","Pax3","Lef1"
"3710","Pax3","Mbp"
"3711","Pax3","Met"
"3712","Pax3","Mitf"
"3713","Pax3","Msx2"
"3714","Pax3","Myf5"
"3715","Pax3","Myod1"
"3716","Pax3","Neurog2"
"3717","Pax3","Pou3f2"
"3718","Pax3","Spry1"
"3719","Pax3","St8sia2"
"3720","Pax3","Tgfb2"
"3721","Pax3","Tyrp1"
"3722","Pax3","Wnt1"
"3723","Pax4","Ins2"
"3724","Pax4","Mnx1"
"3725","Pax4","Pax6"
"3726","Pax4","Pdx1"
"3727","Pax5","Aicda"
"3728","Pax5","Blk"
"3729","Pax5","Blnk"
"3730","Pax5","Cd19"
"3731","Pax5","Cd72"
"3732","Pax5","Cd79a"
"3733","Pax5","Csf1r"
"3734","Pax5","Ebf1"
"3735","Pax5","En2"
"3736","Pax5","Flt3"
"3737","Pax5","Igh"
"3738","Pax5","Igk"
"3739","Pax5","Igll1"
"3740","Pax5","Prdx6"
"3741","Pax6","Aldh3a1"
"3742","Pax6","Atoh7"
"3743","Pax6","Bcl9"
"3744","Pax6","Bcl9l"
"3745","Pax6","Cdk6"
"3746","Pax6","Cdkn1b"
"3747","Pax6","Cryaa"
"3748","Pax6","Cryab"
"3749","Pax6","Dkk3"
"3750","Pax6","Fgf15"
"3751","Pax6","G6pc2"
"3752","Pax6","Gcg"
"3753","Pax6","Gck"
"3754","Pax6","Hoxd4"
"3755","Pax6","Mab21l2"
"3756","Pax6","Maf"
"3757","Pax6","Mafa"
"3758","Pax6","Met"
"3759","Pax6","Mmp9"
"3760","Pax6","Neurog1"
"3761","Pax6","Neurog2"
"3762","Pax6","Nr2e1"
"3763","Pax6","Odf2"
"3764","Pax6","Pax2"
"3765","Pax6","Pcsk1"
"3766","Pax6","Pcsk2"
"3767","Pax6","Pdx1"
"3768","Pax6","Plagl1"
"3769","Pax6","Rlbp1"
"3770","Pax6","Sfrp2"
"3771","Pax6","Shh"
"3772","Pax6","Shroom3"
"3773","Pax6","Six3"
"3774","Pax6","Sost"
"3775","Pax6","Sox2"
"3776","Pax6","Sp8"
"3777","Pax6","Tcf4"
"3778","Pax6","Tgfb2"
"3779","Pax6","Tlr4"
"3780","Pax6","Trim11"
"3781","Pax6","Trp53"
"3782","Pax6","Vsx2"
"3783","Pax6","Wnt7b"
"3784","Pax7","Ets1"
"3785","Pax7","Id3"
"3786","Pax7","Myf5"
"3787","Pax7","Myod1"
"3788","Pax7","Nfix"
"3789","Pax7","Pax3"
"3790","Pax8","En2"
"3791","Pax8","Ncam1"
"3792","Pax8","Ret"
"3793","Pax8","Trp53"
"3794","Pax8","Wt1"
"3795","Pax9","Bmp4"
"3796","Pbrm1","Il10"
"3797","Pbx1","Alx1"
"3798","Pbx1","Cdh1"
"3799","Pbx1","Cdkn2b"
"3800","Pbx1","Pf4"
"3801","Pbx1","Cyp17a1"
"3802","Pbx1","Dcc"
"3803","Pbx1","Fgf10"
"3804","Pbx1","Hoxb1"
"3805","Pbx1","Mc2r"
"3806","Pbx1","Myog"
"3807","Pbx1","Pax3"
"3808","Pbx1","Pax6"
"3809","Pbx1","Pbx1"
"3810","Pbx2","Pf4"
"3811","Pbx2","Pax6"
"3812","Pbx4","Pgk2"
"3813","Pcbp2","Trp53"
"3814","Pcgf2","Hif1a"
"3815","Pcgf2","Il17a"
"3816","Pcgf2","Il17f"
"3817","Pdx1","Fam3b"
"3818","Pdx1","Gcg"
"3819","Pdx1","Ins2"
"3820","Pdx1","Neurog3"
"3821","Pdx1","Nr5a2"
"3822","Pdx1","Pax4"
"3823","Pdx1","Slc2a2"
"3824","Pdx1","St18"
"3825","Pdx1","Tshz1"
"3826","Peg3","Zim1"
"3827","Pelp1","Jun"
"3828","Pelp1","Nfkb1"
"3829","Pelp1","Nr3c1"
"3830","Pelp1","Nr4a1"
"3831","Pelp1","Srf"
"3832","Per1","Arntl"
"3833","Per1","Bhlhe40"
"3834","Per1","Clock"
"3835","Per1","Crem"
"3836","Per1","Cry2"
"3837","Per1","Egr1"
"3838","Per1","Fxyd5"
"3839","Per1","Scnn1a"
"3840","Per1","Slc12a3"
"3841","Per2","Ctnnb1"
"3842","Per2","Maoa"
"3843","Per2","Ucp2"
"3844","Pgr","Adam8"
"3845","Pgr","Bcl2l1"
"3846","Pgr","Csn2"
"3847","Pgr","Cyp19a1"
"3848","Pgr","Esr1"
"3849","Pgr","Fam89b"
"3850","Pgr","Fshb"
"3851","Pgr","H19"
"3852","Pgr","Id4"
"3853","Pgr","Ihh"
"3854","Pgr","Klf5"
"3855","Pgr","Nfkbia"
"3856","Pgr","Ptger2"
"3857","Pgr","Trp63"
"3858","Phf12","Lgals4"
"3859","Phf2","Sox9"
"3860","Phox2a","Dbh"
"3861","Phox2a","Ncam1"
"3862","Phox2b","Dbh"
"3863","Phox2b","Fos"
"3864","Phox2b","Gata2"
"3865","Phox2b","Gata3"
"3866","Phox2b","Tlx2"
"3867","Pias1","Nkx2-2"
"3868","Pias2","Hoxb1"
"3869","Pias2","Nr3c1"
"3870","Pias3","Jak2"
"3871","Pias3","Mitf"
"3872","Pias3","Stat3"
"3873","Pias4","Ccl20"
"3874","Pitx1","Barx1"
"3875","Pitx1","Fshb"
"3876","Pitx1","Lhb"
"3877","Pitx1","Tbx1"
"3878","Pitx1","Tbx4"
"3879","Pitx1","Tert"
"3880","Pitx2","Amelx"
"3881","Pitx2","Bmp4"
"3882","Pitx2","Depdc1b"
"3883","Pitx2","Dlx2"
"3884","Pitx2","Foxj1"
"3885","Pitx2","Fshb"
"3886","Pitx2","Gad1"
"3887","Pitx2","Gata4"
"3888","Pitx2","Hesx1"
"3889","Pitx2","Isl1"
"3890","Pitx2","Lef1"
"3891","Pitx2","Mef2c"
"3892","Pitx2","Mga"
"3893","Pitx2","Myf5"
"3894","Pitx2","Myod1"
"3895","Pitx2","Nr5a1"
"3896","Pitx2","Plod1"
"3897","Pitx2","Tbx1"
"3898","Pitx2","Tbx15"
"3899","Pitx2","Tbx2"
"3900","Pitx2","Tbx4"
"3901","Pitx2","Tbx5"
"3902","Pitx2","Tbx6"
"3903","Pitx2","Tpt1"
"3904","Pitx3","Aldh1a1"
"3905","Pitx3","Bdnf"
"3906","Pitx3","En1"
"3907","Pitx3","Foxe3"
"3908","Pitx3","Slc18a2"
"3909","Pitx3","Slc6a3"
"3910","Pknox1","Pbx2"
"3911","Pknox1","Pgk2"
"3912","Pknox1","Ptpn6"
"3913","Pknox1","Syp"
"3914","Plag1","Egr1"
"3915","Plag1","Fas"
"3916","Plag1","Igf2"
"3917","Plag1","Nkx3-1"
"3918","Plag1","Tnfrsf10b"
"3919","Plag1","Trp53"
"3920","Plagl2","Igf2"
"3921","Plagl2","Mpl"
"3922","Plagl2","Sftpc"
"3923","Pml","Mdm2"
"3924","Pnn","Cdx2"
"3925","Pou1f1","C1qtnf3"
"3926","Pou1f1","Gh"
"3927","Pou1f1","Ghr"
"3928","Pou1f1","Neurod4"
"3929","Pou1f1","Prl"
"3930","Pou1f1","Trh"
"3931","Pou1f1","Tshb"
"3932","Pou2af1","Aldh1a7"
"3933","Pou2af1","Btk"
"3934","Pou2af1","Cd79b"
"3935","Pou2af1","Cxcr5"
"3936","Pou2af1","Id2"
"3937","Pou2af1","Id3"
"3938","Pou2af1","Igh"
"3939","Pou2af1","Igk"
"3940","Pou2af1","Lgals1"
"3941","Pou2af1","Pou2f1"
"3942","Pou2af1","Pou2f2"
"3943","Pou2af1","Slc22a1"
"3944","Pou2af1","Spi1"
"3945","Pou2af1","Spib"
"3946","Pou2f1","Aldh3a1"
"3947","Pou2f1","Atp11c"
"3948","Pou2f1","Btk"
"3949","Pou2f1","Cd79a"
"3950","Pou2f1","Cd79b"
"3951","Pou2f1","Cdx2"
"3952","Pou2f1","Csn2"
"3953","Pou2f1","Fam89b"
"3954","Pou2f1","Gadd45a"
"3955","Pou2f1","Gnrh1"
"3956","Pou2f1","Ifng"
"3957","Pou2f1","Il2"
"3958","Pou2f1","Il4"
"3959","Pou2f1","Il5"
"3960","Pou2f1","Irf3"
"3961","Pou2f1","Lpl"
"3962","Pou2f1","Mad2l1"
"3963","Pou2f1","Myh4"
"3964","Pou2f1","Nos2"
"3965","Pou2f1","Thrb"
"3966","Pou2f2","Atp11c"
"3967","Pou2f2","Btk"
"3968","Pou2f2","Cd36"
"3969","Pou2f2","Cd79a"
"3970","Pou2f2","Cd79b"
"3971","Pou2f2","Crisp3"
"3972","Pou2f2","Csf3"
"3973","Pou2f2","Cxcr5"
"3974","Pou2f2","Ifng"
"3975","Pou2f2","Il2"
"3976","Pou2f2","Il4"
"3977","Pou2f2","Il5"
"3978","Pou2f2","Il5ra"
"3979","Pou2f2","Lpl"
"3980","Pou2f2","Nos2"
"3981","Pou2f2","Pdcd1lg2"
"3982","Pou2f2","Retn"
"3983","Pou2f3","Lor"
"3984","Pou3f1","Egr2"
"3985","Pou3f1","Lor"
"3986","Pou3f1","Mbp"
"3987","Pou3f1","Mpz"
"3988","Pou3f1","Myf5"
"3989","Pou3f1","Otx2"
"3990","Pou3f2","Gnrh1"
"3991","Pou3f2","Nes"
"3992","Pou3f2","Otx2"
"3993","Pou3f2","Pax3"
"3994","Pou3f3","Otx2"
"3995","Pou3f4","Epha4"
"3996","Pou3f4","Otx2"
"3997","Pou4f1","Bax"
"3998","Pou4f1","Bcl2"
"3999","Pou4f1","Bcl2l1"
"4000","Pou4f1","Cdkn1a"
"4001","Pou4f1","Pmaip1"
"4002","Pou4f1","Pou4f2"
"4003","Pou4f1","Runx3"
"4004","Pou4f1","Syt1"
"4005","Pou4f2","Eomes"
"4006","Pou4f3","Myo6"
"4007","Pou5f1","Cdkn1a"
"4008","Pou5f1","Cdx2"
"4009","Pou5f1","Eed"
"4010","Pou5f1","Fgf4"
"4011","Pou5f1","Fgf8"
"4012","Pou5f1","Gata6"
"4013","Pou5f1","Hst1"
"4014","Pou5f1","Kif2a"
"4015","Pou5f1","Klf2"
"4016","Pou5f1","Lefty1"
"4017","Pou5f1","Mesp1"
"4018","Pou5f1","Mir302a"
"4019","Pou5f1","Myod1"
"4020","Pou5f1","Nanog"
"4021","Pou5f1","Nr0b1"
"4022","Pou5f1","Pax2"
"4023","Pou5f1","Pou5f1"
"4024","Pou5f1","Rif1"
"4025","Pou5f1","Sema6a"
"4026","Pou5f1","Sox2"
"4027","Pou5f1","Stk40"
"4028","Pou5f1","Tet2"
"4029","Pou5f1","Tpt1"
"4030","Pou5f1","Utf1"
"4031","Pou5f1","Xist"
"4032","Pou5f1","Zfp42"
"4033","Pou5f1","Zfp819"
"4034","Ppara","Abcd4"
"4035","Ppara","Acot1"
"4036","Ppara","Akr1c18"
"4037","Ppara","Aldh3a2"
"4038","Ppara","Angptl4"
"4039","Ppara","Bcl2"
"4040","Ppara","Cd36"
"4041","Ppara","Cdkn2a"
"4042","Ppara","Cebpa"
"4043","Ppara","Cebpb"
"4044","Ppara","Cebpd"
"4045","Ppara","Cidea"
"4046","Ppara","Cpt1a"
"4047","Ppara","Cyp7a1"
"4048","Ppara","Fabp1"
"4049","Ppara","Fabp4"
"4050","Ppara","Fbp2"
"4051","Ppara","Gsk3b"
"4052","Ppara","Gys2"
"4053","Ppara","Lgals4"
"4054","Ppara","Il6"
"4055","Ppara","Il6ra"
"4056","Ppara","Il6st"
"4057","Ppara","Lpl"
"4058","Ppara","Mmp12"
"4059","Ppara","Mpo"
"4060","Ppara","Nfkbia"
"4061","Ppara","Nr1i2"
"4062","Ppara","Pdk4"
"4063","Ppara","Pex11a"
"4064","Ppara","Ptgs2"
"4065","Ppara","Pxmp4"
"4066","Ppara","Rare1"
"4067","Ppara","Rare2"
"4068","Ppara","Retsat"
"4069","Ppara","Serpine1"
"4070","Ppara","Serpine2"
"4071","Ppara","Slc15a1"
"4072","Ppara","Slc25a20"
"4073","Ppara","Slc27a1"
"4074","Ppara","Spp1"
"4075","Ppara","Stat5a"
"4076","Ppara","Tbx21"
"4077","Ppara","Trib3"
"4078","Ppara","Ucp2"
"4079","Ppara","Ucp3"
"4080","Ppard","Angptl4"
"4081","Ppard","Foxo1"
"4082","Ppard","Gys2"
"4083","Ppard","Insig1"
"4084","Ppard","Lpl"
"4085","Ppard","Pdk4"
"4086","Ppard","Pparg"
"4087","Ppard","Slc25a20"
"4088","Ppard","Sp1"
"4089","Ppard","Tgfb1"
"4090","Ppard","Ucp3"
"4091","Pparg","Adipoq"
"4092","Pparg","Angptl4"
"4093","Pparg","Atp2a2"
"4094","Pparg","C1qtnf3"
"4095","Pparg","Cat"
"4096","Pparg","Cav1"
"4097","Pparg","Ccnd1"
"4098","Pparg","Cidea"
"4099","Pparg","Cidec"
"4100","Pparg","Cops5"
"4101","Pparg","Csf1"
"4102","Pparg","Csf2"
"4103","Pparg","Dbi"
"4104","Pparg","Egr1"
"4105","Pparg","Fabp4"
"4106","Pparg","Fgf1"
"4107","Pparg","Gck"
"4108","Pparg","Gys2"
"4109","Pparg","Hgf"
"4110","Pparg","Hmox1"
"4111","Pparg","Ifng"
"4112","Pparg","Il2"
"4113","Pparg","Il4"
"4114","Pparg","Insr"
"4115","Pparg","Klf5"
"4116","Pparg","Lipe"
"4117","Pparg","Maf"
"4118","Pparg","Mstn"
"4119","Pparg","Muc1"
"4120","Pparg","Paqr7"
"4121","Pparg","Pcx"
"4122","Pparg","Pdx1"
"4123","Pparg","Plin1"
"4124","Pparg","Plin2"
"4125","Pparg","Plin4"
"4126","Pparg","Plin5"
"4127","Pparg","Ptgs2"
"4128","Pparg","Retn"
"4129","Pparg","Scarb1"
"4130","Pparg","Scnn1g"
"4131","Pparg","Serpine1"
"4132","Pparg","Slc27a1"
"4133","Pparg","Slc2a2"
"4134","Pparg","Sod2"
"4135","Pparg","Sorbs1"
"4136","Pparg","Tmem159"
"4137","Pparg","Trp53"
"4138","Pparg","Ucp1"
"4139","Pparg","Ucp2"
"4140","Pparg","Ucp3"
"4141","Ppargc1a","Apoa4"
"4142","Ppargc1a","Cav3"
"4143","Ppargc1a","Cidea"
"4144","Ppargc1a","Cpt1b"
"4145","Ppargc1a","Cyp11b2"
"4146","Ppargc1a","G6pc"
"4147","Ppargc1a","Hamp"
"4148","Ppargc1a","Hnf4a"
"4149","Ppargc1a","Lhb"
"4150","Ppargc1a","Mbp"
"4151","Ppargc1a","Nr1i2"
"4152","Ppargc1a","Nrf1"
"4153","Ppargc1a","Pdhx"
"4154","Ppargc1a","Pitx3"
"4155","Ppargc1a","Ppara"
"4156","Ppargc1a","Srebf2"
"4157","Ppargc1a","Tfam"
"4158","Ppargc1a","Tfb1m"
"4159","Ppargc1a","Tfb2m"
"4160","Ppargc1a","Ucp1"
"4161","Ppargc1b","Esrra"
"4162","Ppargc1b","Foxa2"
"4163","Ppargc1b","Mfn2"
"4164","Prdm1","Bcl6"
"4165","Prdm1","Bmp5"
"4166","Prdm1","Cxcr5"
"4167","Prdm1","Id3"
"4168","Prdm1","Ifnb1"
"4169","Prdm1","Map3k5"
"4170","Prdm1","Nlrp12"
"4171","Prdm1","Pax5"
"4172","Prdm1","Pdcd1"
"4173","Prdm1","Tnfrsf17"
"4174","Prdm1","Xbp1"
"4175","Prdm13","Ascl1"
"4176","Prdm13","Tlx1"
"4177","Prdm13","Tlx3"
"4178","Prdm16","Pparg"
"4179","Prdm16","Rbl1"
"4180","Prdm5","Col1a1"
"4181","Prdm8","Cdh11"
"4182","Prl","Csn2"
"4183","Prop1","Fshb"
"4184","Prop1","Notch2"
"4185","Prox1","Calcrl"
"4186","Prox1","Ccne1"
"4187","Prox1","Crygd"
"4188","Prox1","Cyp7a1"
"4189","Prox1","Esrra"
"4190","Prox1","Flt4"
"4191","Prox1","Gfi1"
"4192","Prox1","Ifng"
"4193","Prox1","Nkx2-5"
"4194","Prox1","Notch1"
"4195","Prox1","Olig2"
"4196","Prox1","Pdpn"
"4197","Prox1","Rgs4"
"4198","Prox1","Twist1"
"4199","Prrx1","Sox9"
"4200","Prrx1","Tgfb3"
"4201","Prrx1","Tnc"
"4202","Prrx2","Serpine2"
"4203","Prrx2","Tnc"
"4204","Ptf1a","Atoh7"
"4205","Ptf1a","Neurog2"
"4206","Ptf1a","Nr5a2"
"4207","Ptf1a","Prdm13"
"4208","Pth","Ccnd1"
"4209","Pthlh","Ccnd1"
"4210","Pthlh","Cdk1"
"4211","Pttg1","Pttg1ip"
"4212","Pura","E2f1"
"4213","Pura","Mbp"
"4214","Pwp1","Stat3"
"4215","Pygo2","Pax6"
"4216","Raf1","Mapk1"
"4217","Rala","Fos"
"4218","Rara","Cebpe"
"4219","Rara","Klf5"
"4220","Rara","Lamb1"
"4221","Rara","Abcc2"
"4222","Rara","Nepn"
"4223","Rara","Pcp2"
"4224","Rara","Pitx2"
"4225","Rara","Pou5f1"
"4226","Rara","Rare1"
"4227","Rara","Rare2"
"4228","Rara","Stat1"
"4229","Rarb","Jun"
"4230","Rarb","Pitx2"
"4231","Rarb","Rdh2"
"4232","Rarg","Cnr1"
"4233","Rarg","Cyp26a1"
"4234","Rarg","Il17a"
"4235","Rarg","Pitx2"
"4236","Rax","Otx2"
"4237","Rb1","Atf2"
"4238","Rb1","Bglap2"
"4239","Rb1","Bin1"
"4240","Rb1","Birc5"
"4241","Rb1","Tdgf1"
"4242","Rb1","Ccnd1"
"4243","Rb1","Cdkn1a"
"4244","Rb1","Dnmt1"
"4245","Rb1","E2f1"
"4246","Rb1","Elf1"
"4247","Rb1","Fos"
"4248","Rb1","Fosl1"
"4249","Rb1","H2-Ea-ps"
"4250","Rb1","Ifi202b"
"4251","Rb1","Igf2"
"4252","Rb1","Jun"
"4253","Rb1","Mybl2"
"4254","Rb1","Robo3"
"4255","Rb1","Sp1"
"4256","Rb1","Spi1"
"4257","Rbl1","Alpl"
"4258","Rbl1","Fgf2"
"4259","Rbl1","Hes1"
"4260","Rbl1","Mybl2"
"4261","Rbl1","Myc"
"4262","Rbl1","Mycn"
"4263","Rbl2","Alb"
"4264","Rbl2","Birc5"
"4265","Rbl2","Brca1"
"4266","Rbl2","Ccna2"
"4267","Rbl2","Cdc25a"
"4268","Rbl2","Cdk2"
"4269","Rbl2","Pcna"
"4270","Rbl2","Rad51"
"4271","Rbl2","Sox2"
"4272","Rbl2","Stmn1"
"4273","Rbmx","Jund"
"4274","Rbpj","Ascl1"
"4275","Rbpj","Birc5"
"4276","Rbpj","Cdh2"
"4277","Rbpj","Cdkn1a"
"4278","Rbpj","Cr2"
"4279","Rbpj","Fos"
"4280","Rbpj","Hes1"
"4281","Rbpj","Hesx1"
"4282","Rbpj","Hoxd1"
"4283","Rbpj","Lfng"
"4284","Rbpj","Nfatc1"
"4285","Rbpj","Nodal"
"4286","Rbpj","Olig2"
"4287","Rbpj","Plcg2"
"4288","Rbpj","Prdm1"
"4289","Rbpj","Rlim"
"4290","Rbpj","Sox9"
"4291","Rbpj","Tyrobp"
"4292","Rel","Bcl2a1d"
"4293","Rel","Birc3"
"4294","Rel","Ccl2"
"4295","Rel","Ccl5"
"4296","Rel","Cebpd"
"4297","Rel","E2f3"
"4298","Rel","Ezh2"
"4299","Rel","Foxp3"
"4300","Rel","Ifng"
"4301","Rel","Igk"
"4302","Rel","Il12a"
"4303","Rel","Il12b"
"4304","Rel","Il1b"
"4305","Rel","Il2"
"4306","Rel","Il21"
"4307","Rel","Il23a"
"4308","Rel","Il4"
"4309","Rel","Myc"
"4310","Rel","Ngb"
"4311","Rel","Nos2"
"4312","Rel","Pthlh"
"4313","Rel","Rc3h1"
"4314","Rel","Rorc"
"4315","Rel","Sod2"
"4316","Rel","Tcrg-C1"
"4317","Rel","Tnf"
"4318","Rel","Tnfaip3"
"4319","Rel","Wt1"
"4320","Rela","Agt"
"4321","Rela","Akt1"
"4322","Rela","Apoe"
"4323","Rela","Cdkn2a"
"4324","Rela","Atp12a"
"4325","Rela","Bcl2"
"4326","Rela","Bcl2a1d"
"4327","Rela","Bcl2l1"
"4328","Rela","Birc3"
"4329","Rela","Xiap"
"4330","Rela","Bmp2"
"4331","Rela","Cacna1c"
"4332","Rela","Ccl12"
"4333","Rela","Ccl2"
"4334","Rela","Ccl20"
"4335","Rela","Ccl5"
"4336","Rela","Ccnd1"
"4337","Rela","Cd38"
"4338","Rela","Cd40"
"4339","Rela","Cd80"
"4340","Rela","Cd86"
"4341","Rela","Cdk9"
"4342","Rela","Cdkn1b"
"4343","Rela","Cdx2"
"4344","Rela","Cflar"
"4345","Rela","Cldn5"
"4346","Rela","Col1a1"
"4347","Rela","Csf1"
"4348","Rela","Cxadr"
"4349","Rela","Cxcl10"
"4350","Rela","Cxcl11"
"4351","Rela","Cxcl15"
"4352","Rela","Cxcr4"
"4353","Rela","Cyp11a1"
"4354","Rela","Dcst1"
"4355","Rela","Dcst2"
"4356","Rela","Dmp1"
"4357","Rela","Dnmt1"
"4358","Rela","Duox2"
"4359","Rela","Ebi3"
"4360","Rela","Epas1"
"4361","Rela","Fas"
"4362","Rela","Fasl"
"4363","Rela","Kdm2a"
"4364","Rela","Fn1"
"4365","Rela","Fos"
"4366","Rela","Fth1"
"4367","Rela","Gabre"
"4368","Rela","Gli1"
"4369","Rela","Hes1"
"4370","Rela","Hgf"
"4371","Rela","Hk"
"4372","Rela","Hsd11b2"
"4373","Rela","Icam1"
"4374","Rela","Ifnb1"
"4375","Rela","Ifng"
"4376","Rela","Igf2bp2"
"4377","Rela","Igk"
"4378","Rela","Il10"
"4379","Rela","Il12b"
"4380","Rela","Il2"
"4381","Rela","Il23a"
"4382","Rela","Il4"
"4383","Rela","Il6"
"4384","Rela","Il9"
"4385","Rela","Irf4"
"4386","Rela","Itch"
"4387","Rela","Klf5"
"4388","Rela","Klrb1c"
"4389","Rela","Ltc4s"
"4390","Rela","Map3k8"
"4391","Rela","Met"
"4392","Rela","Mgmt"
"4393","Rela","Mmp3"
"4394","Rela","Mmp14"
"4395","Rela","Mmp9"
"4396","Rela","Myc"
"4397","Rela","Nfkb1"
"4398","Rela","Ngb"
"4399","Rela","Nos2"
"4400","Rela","Nrf1"
"4401","Rela","Pdk4"
"4402","Rela","Pecam1"
"4403","Rela","Pgf"
"4404","Rela","Pglyrp1"
"4405","Rela","Phex"
"4406","Rela","Ppara"
"4407","Rela","Ppm1d"
"4408","Rela","Psme2"
"4409","Rela","Ptafr"
"4410","Rela","Pten"
"4411","Rela","Ptgs2"
"4412","Rela","Ptpn1"
"4413","Rela","Reg3b"
"4414","Rela","Ripk2"
"4415","Rela","Rorc"
"4416","Rela","Selp"
"4417","Rela","Serpine2"
"4418","Rela","Shh"
"4419","Rela","Slc1a2"
"4420","Rela","Slc2a4"
"4421","Rela","Sod2"
"4422","Rela","Sox9"
"4423","Rela","Stim1"
"4424","Rela","Stk39"
"4425","Rela","Tcrg-C1"
"4426","Rela","Tec"
"4427","Rela","Tlr2"
"4428","Rela","Tnf"
"4429","Rela","Tnfaip3"
"4430","Rela","Tnfrsf4"
"4431","Rela","Tnfsf13b"
"4432","Rela","Trim63"
"4433","Rela","Trp53"
"4434","Rela","Trp63"
"4435","Rela","Trp73"
"4436","Rela","Twist1"
"4437","Rela","Upp1"
"4438","Rela","Vcam1"
"4439","Rela","Wt1"
"4440","Rela","Yy1"
"4441","Relb","Birc2"
"4442","Relb","Ccnd1"
"4443","Relb","Hes1"
"4444","Relb","Myb"
"4445","Relb","Myc"
"4446","Relb","Tcrg-C1"
"4447","Rere","Rarb"
"4448","Rest","Bdnf"
"4449","Rest","Brinp1"
"4450","Rest","Bsx"
"4451","Rest","Cacna1h"
"4452","Rest","Celsr3"
"4453","Rest","Dyrk1a"
"4454","Rest","Gjd2"
"4455","Rest","Grin2b"
"4456","Rest","Kcnn4"
"4457","Rest","Npas4"
"4458","Rest","Oprm1"
"4459","Rest","Penk"
"4460","Rest","Scn8a"
"4461","Rest","Srrm4"
"4462","Rest","Tph2"
"4463","Rfx1","Fgf1"
"4464","Rfx1","Map1a"
"4465","Rfx3","Gck"
"4466","Rfx4","Msi1"
"4467","Rfx5","H2-Aa"
"4468","Rfx5","H2-Ab1"
"4469","Rfx5","H2-DMa"
"4470","Rfx5","H2-DMb1"
"4471","Rfx5","H2-Ea-ps"
"4472","Rfx5","H2-Eb1"
"4473","Rfx5","H2-Oa"
"4474","Rfx5","H2-Ob"
"4475","Rfxank","H2-Aa"
"4476","Rfxank","H2-Ab1"
"4477","Rfxank","H2-DMa"
"4478","Rfxank","H2-DMb1"
"4479","Rfxank","H2-Ea-ps"
"4480","Rfxank","H2-Eb1"
"4481","Rfxank","H2-Oa"
"4482","Rfxank","H2-Ob"
"4483","Rfxap","H2-Aa"
"4484","Rfxap","H2-Ab1"
"4485","Rfxap","H2-DMa"
"4486","Rfxap","H2-DMb1"
"4487","Rfxap","H2-Ea-ps"
"4488","Rfxap","H2-Eb1"
"4489","Rfxap","H2-Oa"
"4490","Rfxap","H2-Ob"
"4491","Rnf2","Fezf2"
"4492","Rnf2","Hoxb4"
"4493","Rnf2","Hoxb6"
"4494","Rnf2","Hoxb8"
"4495","Rnf2","Scnn1a"
"4496","Rnf2","Sox2"
"4497","Rnf2","Trp63"
"4498","Rnf2","Zfp42"
"4499","Rora","Apoa1"
"4500","Rora","Apoc3"
"4501","Rora","Arntl"
"4502","Rora","Cav3"
"4503","Rora","Cpt1b"
"4504","Rora","Cyp7b1"
"4505","Rora","E2f1"
"4506","Rora","Lamb1"
"4507","Rora","Npsr1"
"4508","Rora","Pcp2"
"4509","Rora","Ppara"
"4510","Rps6ka5","Fos"
"4511","Runx1","AI467606"
"4512","Runx1","Art1"
"4513","Runx1","Cd40"
"4514","Runx1","Cd79a"
"4515","Runx1","Cdkn2a"
"4516","Runx1","Cebpa"
"4517","Runx1","Csf1r"
"4518","Runx1","Fxyd2"
"4519","Runx1","Ifng"
"4520","Runx1","Igfbp3"
"4521","Runx1","Il2"
"4522","Runx1","Il23a"
"4523","Runx1","Mpl"
"4524","Runx1","Piezo2"
"4525","Runx1","Slc22a17"
"4526","Runx1","Smad6"
"4527","Runx1","Spi1"
"4528","Runx1t1","Bcl2"
"4529","Runx1t1","Runx1"
"4530","Runx1t1","Tcf12"
"4531","Runx2","Alpl"
"4532","Runx2","Asrgl1"
"4533","Runx2","Atf6"
"4534","Runx2","Axin2"
"4535","Runx2","Bax"
"4536","Runx2","Bglap"
"4537","Runx2","Bglap2"
"4538","Runx2","Bmp2"
"4539","Runx2","COX2"
"4540","Runx2","Col10a1"
"4541","Runx2","Col1a1"
"4542","Runx2","Col1a2"
"4543","Runx2","Col2a1"
"4544","Runx2","Crebzf"
"4545","Runx2","Csn2"
"4546","Runx2","Cyp11a1"
"4547","Runx2","Cyp19a1"
"4548","Runx2","Ddx5"
"4549","Runx2","Dkk1"
"4550","Runx2","Dspp"
"4551","Runx2","Elanee"
"4552","Runx2","Enpp1"
"4553","Runx2","Fgr18"
"4554","Runx2","Fgf18"
"4555","Runx2","Fgf3"
"4556","Runx2","Gdf10"
"4557","Runx2","Gja3"
"4558","Runx2","Hbegf"
"4559","Runx2","Hes1"
"4560","Runx2","Ibsp"
"4561","Runx2","Ifi204"
"4562","Runx2","Ihh"
"4563","Runx2","Ikzf1"
"4564","Runx2","Lef1"
"4565","Runx2","Lgals3"
"4566","Runx2","Mcm3"
"4567","Runx2","Mgp"
"4568","Runx2","Mmp13"
"4569","Runx2","Nr2f2"
"4570","Runx2","Olfr17"
"4571","Runx2","Osr1"
"4572","Runx2","Panx3"
"4573","Runx2","Pparg"
"4574","Runx2","Pttg1ip"
"4575","Runx2","Shox2"
"4576","Runx2","Smad6"
"4577","Runx2","Smurf1"
"4578","Runx2","Sox5"
"4579","Runx2","Sox6"
"4580","Runx2","Sox9"
"4581","Runx2","Sp7"
"4582","Runx2","Spp1"
"4583","Runx2","Tcf7"
"4584","Runx2","Tg"
"4585","Runx2","Thbs1"
"4586","Runx2","Tnfsf11"
"4587","Runx2","Zfp64"
"4588","Runx3","Ccr7"
"4589","Runx3","Cd4"
"4590","Runx3","Cldn7"
"4591","Runx3","Ifng"
"4592","Runx3","Itgae"
"4593","Runx3","Pirb"
"4594","Runx3","Slc22a17"
"4595","Runx3","Thbs1"
"4596","Ruvbl2","Cdkn2c"
"4597","Rxra","Abcb11"
"4598","Rxra","Amelx"
"4599","Rxra","Cyp26a1"
"4600","Rxra","Cyp2b10"
"4601","Rxra","Cyp7a1"
"4602","Rxra","Dr1"
"4603","Rxra","Lipe"
"4604","Rxra","Mpo"
"4605","Rxra","Abcc2"
"4606","Rxra","Mttp"
"4607","Rxra","Nr0b2"
"4608","Rxra","Pcx"
"4609","Rxra","Rare1"
"4610","Rxra","Rare2"
"4611","Rxra","Srebf1"
"4612","Rxrb","Pcx"
"4613","Sall1","Kif26b"
"4614","Sall2","Bax"
"4615","Sall2","Cdkn1a"
"4616","Sall4","Hoxa9"
"4617","Sall4","Pou5f1"
"4618","Sall4","Pten"
"4619","Sall4","Sall4"
"4620","Satb1","Bcl2"
"4621","Satb1","Cr2"
"4622","Satb1","Il4"
"4623","Satb1","Nanog"
"4624","Satb1","Nes"
"4625","Satb1","Spi1"
"4626","Satb2","Trp63"
"4627","Satb2","Upf3b"
"4628","Scx","Col2a1"
"4629","Sertad1","E2f1"
"4630","Sertad1","Tfdp1"
"4631","Setbp1","Hoxa10"
"4632","Sf1","Abcg2"
"4633","Sf1","Amh"
"4634","Sf1","Cga"
"4635","Sf1","Cyp11a1"
"4636","Sf1","Cyp17a1"
"4637","Sf1","Cyp26b1"
"4638","Sf1","Gnrh1"
"4639","Sf1","Hsd3b4"
"4640","Sf1","Inha"
"4641","Sf1","Lhb"
"4642","Sf1","Nr0b1"
"4643","Sf1","Pou5f1"
"4644","Sf1","Sox9"
"4645","Sf1","Star"
"4646","Sf1","Vnn1"
"4647","Sfpq","Cyp11a1"
"4648","Shh","Gli1"
"4649","Shox2","Bmp4"
"4650","Shox2","Hcn4"
"4651","Shox2","Nkx2-5"
"4652","Sim1","Pou3f2"
"4653","Sim2","Myod1"
"4654","Sim2","Otp"
"4655","Sin3a","Cebpb"
"4656","Sin3a","Map4"
"4657","Sin3a","Nos2"
"4658","Sin3a","Rest"
"4659","Sin3a","Smarca4"
"4660","Sin3a","Sp3"
"4661","Sin3a","Star"
"4662","Sin3b","Bmi1"
"4663","Sirt1","Abcb1a"
"4664","Sirt1","Bcl2l1"
"4665","Sirt1","Bclaf1"
"4666","Sirt1","Crp"
"4667","Sirt1","Dkk1"
"4668","Sirt1","Hes1"
"4669","Sirt1","Il6"
"4670","Sirt1","Mmp13"
"4671","Sirt1","Mmp9"
"4672","Sirt1","Nox1"
"4673","Sirt1","Nr0b2"
"4674","Sirt1","Nr1i2"
"4675","Sirt1","Hcrtr2"
"4676","Sirt1","Parp1"
"4677","Sirt1","Pparg"
"4678","Sirt1","Rela"
"4679","Sirt1","Retn"
"4680","Sirt1","Rictor"
"4681","Sirt1","Scnn1a"
"4682","Sirt1","Shc1"
"4683","Sirt1","Sirt6"
"4684","Sirt1","Smad3"
"4685","Sirt1","Srebf1"
"4686","Sirt1","Timp1"
"4687","Sirt1","Trp53"
"4688","Sirt1","Ucp2"
"4689","Sirt5","Hmgcs2"
"4690","Six1","Atoh1"
"4691","Six1","Ccna2"
"4692","Six1","Ccnd1"
"4693","Six1","Dusp6"
"4694","Six1","Mtor"
"4695","Six1","Myf5"
"4696","Six1","Myod1"
"4697","Six1","Myog"
"4698","Six1","Neurod1"
"4699","Six1","Neurog1"
"4700","Six1","Pax2"
"4701","Six1","Sall1"
"4702","Six1","Six2"
"4703","Six1","Vegfc"
"4704","Six2","Fgf8"
"4705","Six2","Gdnf"
"4706","Six2","Osr1"
"4707","Six2","Wnt4"
"4708","Six2","Zeb2"
"4709","Six3","Crygd"
"4710","Six3","Pax6"
"4711","Six3","Shh"
"4712","Six3","Wnt1"
"4713","Six3","Wnt8b"
"4714","Six4","Myf5"
"4715","Six5","Igfbp5"
"4716","Six6","Cdkn1b"
"4717","Ski","Cck"
"4718","Ski","Myog"
"4719","Ski","Srebf1"
"4720","Skil","Adam12"
"4721","Skil","Afp"
"4722","Skil","Itch"
"4723","Skil","Tpt1"
"4724","Skil","Trp53"
"4725","Sla2","Cd3e"
"4726","Sla2","Csf1r"
"4727","Smad1","Bmp2"
"4728","Smad1","Cdkn1a"
"4729","Smad1","Col1a1"
"4730","Smad1","Col2a1"
"4731","Smad1","Col4a1"
"4732","Smad1","Col4a2"
"4733","Smad1","Creld2"
"4734","Smad1","Dsg4"
"4735","Smad1","Hey1"
"4736","Smad1","Hhex"
"4737","Smad1","Id2"
"4738","Smad1","Id3"
"4739","Smad1","Ifi204"
"4740","Smad1","Msx2"
"4741","Smad1","Nkx2-5"
"4742","Smad1","Ovol2"
"4743","Smad1","Runx1"
"4744","Smad1","Runx2"
"4745","Smad1","Smad6"
"4746","Smad1","Spp1"
"4747","Smad1","Tbx20"
"4748","Smad1","Tlx2"
"4749","Smad1","Tnfrsf11b"
"4750","Smad1","Tnfsf11"
"4751","Smad2","Afp"
"4752","Smad2","Becn1"
"4753","Smad2","Cdkn1a"
"4754","Smad2","Dapk1"
"4755","Smad2","Fbln5"
"4756","Smad2","Foxp3"
"4757","Smad2","Fshb"
"4758","Smad2","Gadd45b"
"4759","Smad2","Gsc"
"4760","Smad2","H19"
"4761","Smad2","Hes1"
"4762","Smad2","Hoxd11"
"4763","Smad2","Il2"
"4764","Smad2","Il9"
"4765","Smad2","Nanog"
"4766","Smad2","Pparg"
"4767","Smad2","Rgcc"
"4768","Smad2","Skil"
"4769","Smad2","Acta2"
"4770","Smad3","Acta2"
"4771","Smad3","Angptl2"
"4772","Smad3","Ccl2"
"4773","Smad3","Cdh1"
"4774","Smad3","Cdkn2b"
"4775","Smad3","Cldn3"
"4776","Smad3","Col1a2"
"4777","Smad3","Col2a1"
"4778","Smad3","Ctgf"
"4779","Smad3","Cxadr"
"4780","Smad3","Dapk1"
"4781","Smad3","Enpp1"
"4782","Smad3","Fbln5"
"4783","Smad3","Fn1"
"4784","Smad3","Foxp3"
"4785","Smad3","Fshb"
"4786","Smad3","Gadd45b"
"4787","Smad3","Gast"
"4788","Smad3","Gsc"
"4789","Smad3","H19"
"4790","Smad3","Il2"
"4791","Smad3","Il23a"
"4792","Smad3","Il31"
"4793","Smad3","Il9"
"4794","Smad3","Jun"
"4795","Smad3","Lgals9"
"4796","Smad3","Mir433"
"4797","Smad3","Mmp9"
"4798","Smad3","Myc"
"4799","Smad3","Myocd"
"4800","Smad3","Nedd9"
"4801","Smad3","Nov"
"4802","Smad3","Ocln"
"4803","Smad3","Plau"
"4804","Smad3","Pparg"
"4805","Smad3","Ppargc1a"
"4806","Smad3","Psme3"
"4807","Smad3","Rif1"
"4808","Smad3","Runx2"
"4809","Smad3","Serpine1"
"4810","Smad3","Sirt1"
"4811","Smad3","Smad7"
"4812","Smad3","Snai1"
"4813","Smad3","Sstr2"
"4814","Smad3","Tagln"
"4815","Smad3","Tnfsf13b"
"4816","Smad3","Tpsab1"
"4817","Smad3","Tpt1"
"4818","Smad3","Vegfa"
"4819","Smad4","Afp"
"4820","Smad4","Bmpr1b"
"4821","Smad4","Cdh1"
"4822","Smad4","Cdkn1a"
"4823","Smad4","Cdkn2b"
"4824","Smad4","Cldn3"
"4825","Smad4","Col2a1"
"4826","Smad4","Cxadr"
"4827","Smad4","Dapk1"
"4828","Smad4","Dsg4"
"4829","Smad4","Fshb"
"4830","Smad4","Gadd45b"
"4831","Smad4","Gast"
"4832","Smad4","Gsc"
"4833","Smad4","H19"
"4834","Smad4","Hgf"
"4835","Smad4","Hhex"
"4836","Smad4","Id2"
"4837","Smad4","Id3"
"4838","Smad4","Ifi204"
"4839","Smad4","Il10"
"4840","Smad4","Il9"
"4841","Smad4","Jun"
"4842","Smad4","Mmp7"
"4843","Smad4","Muc5ac"
"4844","Smad4","Nkx2-1"
"4845","Smad4","Nkx2-5"
"4846","Smad4","Ocln"
"4847","Smad4","Pparg"
"4848","Smad4","Scnn1a"
"4849","Smad4","Skil"
"4850","Smad4","Smad7"
"4851","Smad4","Snai1"
"4852","Smad4","Sstr2"
"4853","Smad4","Tgfb1"
"4854","Smad4","Tgfbr2"
"4855","Smad4","Tlx2"
"4856","Smad4","Tnfsf13b"
"4857","Smad4","Tpsab1"
"4858","Smad4","Vegfa"
"4859","Smad5","Bmp2"
"4860","Smad5","Col2a1"
"4861","Smad5","Creld2"
"4862","Smad5","Dsg4"
"4863","Smad5","Id2"
"4864","Smad5","Id3"
"4865","Smad5","Ifi204"
"4866","Smad5","Ovol2"
"4867","Smad5","Smad6"
"4868","Smad5","Nr2e1"
"4869","Smad6","Cdk6"
"4870","Smad6","Col1a2"
"4871","Smad6","Id1"
"4872","Smad6","Runx1"
"4873","Smad6","Map3k7"
"4874","Smad7","Col1a2"
"4875","Smad7","Glb1"
"4876","Smad7","Met"
"4877","Smad7","Nfkbia"
"4878","Smad7","Smad3"
"4879","Smad7","Tgfb1"
"4880","Smad7","Tnfsf13b"
"4881","Smad7","Vegfa"
"4882","Smad9","Bmpr1b"
"4883","Smad9","Id2"
"4884","Smarca2","Calm1"
"4885","Smarca2","Ccna2"
"4886","Smarca2","Cd44"
"4887","Smarca2","Cdh1"
"4888","Smarca2","Tmem50a"
"4889","Smarca4","Adamts1"
"4890","Smarca4","Calm1"
"4891","Smarca4","Cd44"
"4892","Smarca4","Cdh1"
"4893","Smarca4","Cdkn1a"
"4894","Smarca4","Epb42"
"4895","Smarca4","Hmox1"
"4896","Smarca4","Il4"
"4897","Smarca4","Mitf"
"4898","Smarca4","Myog"
"4899","Smarca4","Nanog"
"4900","Smarca4","Nfkbia"
"4901","Smarca4","Pou5f1"
"4902","Smarca4","Rest"
"4903","Smarca4","Sall4"
"4904","Smarca4","Sftpb"
"4905","Smarca4","Sox2"
"4906","Smarca4","Sparc"
"4907","Smarca4","Tbx5"
"4908","Smarca5","Dido1"
"4909","Smarcc1","Nanog"
"4910","Smarcc1","Psat1"
"4911","Smarcd1","Arntl"
"4912","Smarcd1","G6pc"
"4913","Smarce1","Nanog"
"4914","Smurf1","Smad6"
"4915","Smurf2","Mavs"
"4916","Smurf2","Rap1b"
"4917","Smurf2","Runx2"
"4918","Smyd1","Hand2"
"4919","Snai1","Cdh1"
"4920","Snai1","Cdx2"
"4921","Snai1","Cldn3"
"4922","Snai1","Col2a1"
"4923","Snai1","Ctnnb1"
"4924","Snai1","Cxadr"
"4925","Snai1","Fn1"
"4926","Snai1","Hnf4a"
"4927","Snai1","Id1"
"4928","Snai1","Itgb4"
"4929","Snai1","Kit"
"4930","Snai1","Lin28a"
"4931","Snai1","Llgl2"
"4932","Snai1","Mir290a"
"4933","Snai1","Mir295"
"4934","Snai1","Mmp2"
"4935","Snai1","Nanog"
"4936","Snai1","Nr5a2"
"4937","Snai1","Ocln"
"4938","Snai1","Phgdh"
"4939","Snai1","Ptgs2"
"4940","Snai1","Runx2"
"4941","Snai1","Snai1"
"4942","Snai1","Tcl1"
"4943","Snai1","Tfcp2l1"
"4944","Snai1","Thbd"
"4945","Snai1","Tjp1"
"4946","Snai1","Trp53"
"4947","Snai1","Mmp15"
"4948","Snai2","Bbc3"
"4949","Snai2","Cdh1"
"4950","Snai2","Cdx2"
"4951","Snai2","Col2a1"
"4952","Snai2","Ctnnb1"
"4953","Snai2","Dsg2"
"4954","Snai2","Lpar2"
"4955","Snai2","H19"
"4956","Snai2","Ocln"
"4957","Snai2","Tjp1"
"4958","Snd1","E2f1"
"4959","Sox10","Aatk"
"4960","Sox10","Dct"
"4961","Sox10","Dhh"
"4962","Sox10","Egr2"
"4963","Sox10","Hes5"
"4964","Sox10","L1cam"
"4965","Sox10","Mitf"
"4966","Sox10","Mpz"
"4967","Sox10","Olig2"
"4968","Sox10","Ret"
"4969","Sox10","Sufu"
"4970","Sox10","Tyr"
"4971","Sox11","Gdf5"
"4972","Sox11","Tank"
"4973","Sox11","Wnt4"
"4974","Sox14","Calb2"
"4975","Sox15","Casp3"
"4976","Sox15","Hrc"
"4977","Sox17","Macc1"
"4978","Sox17","Ccnd1"
"4979","Sox17","Cer1"
"4980","Sox17","Ctnnb1"
"4981","Sox17","Foxa2"
"4982","Sox17","Foxj1"
"4983","Sox17","Lama1"
"4984","Sox17","Lef1"
"4985","Sox17","Mbp"
"4986","Sox17","Nepn"
"4987","Sox17","Sftpc"
"4988","Sox18","Oprm1"
"4989","Sox18","Prox1"
"4990","Sox2","Atoh1"
"4991","Sox2","Birc5"
"4992","Sox2","Ccnd1"
"4993","Sox2","Cdkn1b"
"4994","Sox2","Egfr"
"4995","Sox2","Fgf4"
"4996","Sox2","Gli3"
"4997","Sox2","Jag1"
"4998","Sox2","Lef1"
"4999","Sox2","Lefty1"
"5000","Sox2","Ly6a"
"5001","Sox2","Mir302a"
"5002","Sox2","Mycn"
"5003","Sox2","Nanog"
"5004","Sox2","Neurod1"
"5005","Sox2","Neurog1"
"5006","Sox2","Nkx2-1"
"5007","Sox2","Nr2e1"
"5008","Sox2","Pou1f1"
"5009","Sox2","Pou5f1"
"5010","Sox2","Sema6a"
"5011","Sox2","Shh"
"5012","Sox2","Six3"
"5013","Sox2","Sox2"
"5014","Sox2","Utf1"
"5015","Sox2","Xist"
"5016","Sox2","Zscan10"
"5017","Sox2","Zfp819"
"5018","Sox21","Hes5"
"5019","Sox4","Cald1"
"5020","Sox4","Ctnnb1"
"5021","Sox4","Ezh2"
"5022","Sox4","Mecom"
"5023","Sox4","Spi1"
"5024","Sox4","Tcf4"
"5025","Sox5","Catsper1"
"5026","Sox5","Ifi204"
"5027","Sox5","Nfkbib"
"5028","Sox5","Pthlh"
"5029","Sox5","Sox10"
"5030","Sox5","Spag6"
"5031","Sox6","Ccnd1"
"5032","Sox6","Fgf3"
"5033","Sox6","Pthlh"
"5034","Sox6","Trp53"
"5035","Sox7","Fgf3"
"5036","Sox7","Lama1"
"5037","Sox7","Sox4"
"5038","Sox8","Amh"
"5039","Sox8","Col1a1"
"5040","Sox8","Sox10"
"5041","Sox8","Sox9"
"5042","Sox9","Best1"
"5043","Sox9","Bmi1"
"5044","Sox9","Catsper1"
"5045","Sox9","Cdh1"
"5046","Sox9","Cdkn1a"
"5047","Sox9","Col2a1"
"5048","Sox9","Ctgf"
"5049","Sox9","Ctnnb1"
"5050","Sox9","Cyp26b1"
"5051","Sox9","Etv2"
"5052","Sox9","Fgf9"
"5053","Sox9","Furin"
"5054","Sox9","Lxn"
"5055","Sox9","Matn1"
"5056","Sox9","Mia"
"5057","Sox9","Neurog3"
"5058","Sox9","Nkx3-2"
"5059","Sox9","Pax3"
"5060","Sox9","Pdx1"
"5061","Sox9","Phex"
"5062","Sox9","Pik3ca"
"5063","Sox9","Pthlh"
"5064","Sox9","Ret"
"5065","Sox9","Sgca"
"5066","Sox9","Slc6a19"
"5067","Sox9","Sox10"
"5068","Sox9","Vegfa"
"5069","Sox9","Vnn1"
"5070","Sox9","Wwp2"
"5071","Sp1","Abca1"
"5072","Sp1","Abcb1a"
"5073","Sp1","Abcc1"
"5074","Sp1","Abcc6"
"5075","Sp1","Acaca"
"5076","Sp1","Acsbg1"
"5077","Sp1","Acsl4"
"5078","Sp1","Acss1"
"5079","Sp1","Acta2"
"5080","Sp1","Adcy4"
"5081","Sp1","Adcyap1r1"
"5082","Sp1","Agt"
"5083","Sp1","Ahr"
"5084","Sp1","Aldh3a1"
"5085","Sp1","Alox5"
"5086","Sp1","Alox8"
"5087","Sp1","Aplp1"
"5088","Sp1","Apoe"
"5089","Sp1","App"
"5090","Sp1","Ar"
"5091","Sp1","Arntl"
"5092","Sp1","Asah1"
"5093","Sp1","Ascl2"
"5094","Sp1","Atp12a"
"5095","Sp1","Atxn3"
"5096","Sp1","Bace1"
"5097","Sp1","Bach1"
"5098","Sp1","Bfsp1"
"5099","Sp1","Bglap"
"5100","Sp1","Bglap2"
"5101","Sp1","Bhlhe40"
"5102","Sp1","Bmp2"
"5103","Sp1","Bmp4"
"5104","Sp1","Bmp7"
"5105","Sp1","Bsg"
"5106","Sp1","Bsx"
"5107","Sp1","Btk"
"5108","Sp1","Cadm1"
"5109","Sp1","Ccl2"
"5110","Sp1","Ccna1"
"5111","Sp1","Ccnd1"
"5112","Sp1","Ccnd2"
"5113","Sp1","Ccnd3"
"5114","Sp1","Cd14"
"5115","Sp1","Cd1d2"
"5116","Sp1","Cd55"
"5117","Sp1","Cd79a"
"5118","Sp1","Cdh5"
"5119","Sp1","Cdk5r1"
"5120","Sp1","Cdk5r2"
"5121","Sp1","Cdk6"
"5122","Sp1","Cdkn1a"
"5123","Sp1","Cdkn1c"
"5124","Sp1","Cdkn2c"
"5125","Sp1","Cdkn2d"
"5126","Sp1","Cebpa"
"5127","Sp1","Cebpd"
"5128","Sp1","Cend1"
"5129","Sp1","Ces1d"
"5130","Sp1","Ces2c"
"5131","Sp1","Cirbp"
"5132","Sp1","Cldn19"
"5133","Sp1","Col1a1"
"5134","Sp1","Col1a2"
"5135","Sp1","Col2a1"
"5136","Sp1","Col5a1"
"5137","Sp1","Cops5"
"5138","Sp1","Cox17"
"5139","Sp1","Cox4i1"
"5140","Sp1","Csf1"
"5141","Sp1","Csf1r"
"5142","Sp1","Csf2"
"5143","Sp1","Csrp2"
"5144","Sp1","Ctse"
"5145","Sp1","Cxadr"
"5146","Sp1","Cyp11a1"
"5147","Sp1","Dck"
"5148","Sp1","Dmd"
"5149","Sp1","Dnm1"
"5150","Sp1","Dnmt1"
"5151","Sp1","Ecm1"
"5152","Sp1","Egfr"
"5153","Sp1","Egr1"
"5154","Sp1","Epas1"
"5155","Sp1","Epor"
"5156","Sp1","Esrra"
"5157","Sp1","Ets1"
"5158","Sp1","Fabp6"
"5159","Sp1","Fasl"
"5160","Sp1","Fbln1"
"5161","Sp1","Fmr1"
"5162","Sp1","Fos"
"5163","Sp1","Gabra6"
"5164","Sp1","Gfap"
"5165","Sp1","Gfpt2"
"5166","Sp1","Ghr"
"5167","Sp1","Slc2a1"
"5168","Sp1","Gpc4"
"5169","Sp1","Gstk1"
"5170","Sp1","Hba-x"
"5171","Sp1","Hdac7"
"5172","Sp1","Heca"
"5173","Sp1","Hgf"
"5174","Sp1","Hinfp"
"5175","Sp1","Hmga1"
"5176","Sp1","Hmga2"
"5177","Sp1","Hmgcl"
"5178","Sp1","Hmgcr"
"5179","Sp1","Hrasls5"
"5180","Sp1","Hspa1b"
"5181","Sp1","Htr1a"
"5182","Sp1","Icam1"
"5183","Sp1","Ifitm5"
"5184","Sp1","Igfbp3"
"5185","Sp1","Il10"
"5186","Sp1","Il2"
"5187","Sp1","Il5ra"
"5188","Sp1","Il6"
"5189","Sp1","Insr"
"5190","Sp1","Irs1"
"5191","Sp1","Itga5"
"5192","Sp1","Itga6"
"5193","Sp1","Ivl"
"5194","Sp1","Jak3"
"5195","Sp1","Jun"
"5196","Sp1","Jund"
"5197","Sp1","Kcna5"
"5198","Sp1","Kcnn3"
"5199","Sp1","Kctd13"
"5200","Sp1","Kdm5a"
"5201","Sp1","Kit"
"5202","Sp1","Klf16"
"5203","Sp1","Krt5"
"5204","Sp1","Lama1"
"5205","Sp1","Lgals1"
"5206","Sp1","Lhcgr"
"5207","Sp1","Lhx4"
"5208","Sp1","Lipe"
"5209","Sp1","Lmna"
"5210","Sp1","Lor"
"5211","Sp1","Lpl"
"5212","Sp1","Ltf"
"5213","Sp1","Mapk1"
"5214","Sp1","Mbp"
"5215","Sp1","Mertk"
"5216","Sp1","Met"
"5217","Sp1","Mfn2"
"5218","Sp1","Mgarp"
"5219","Sp1","Mgp"
"5220","Sp1","Mgst1"
"5221","Sp1","Mif"
"5222","Sp1","Riox2"
"5223","Sp1","Mmp2"
"5224","Sp1","Mmp28"
"5225","Sp1","Mmp9"
"5226","Sp1","Me1"
"5227","Sp1","Mrc1"
"5228","Sp1","Mta2"
"5229","Sp1","Muc5ac"
"5230","Sp1","Myb"
"5231","Sp1","Myc"
"5232","Sp1","Myh11"
"5233","Sp1","Nkx2-1"
"5234","Sp1","Nanog"
"5235","Sp1","Napepld"
"5236","Sp1","Nat2"
"5237","Sp1","Ndrg1"
"5238","Sp1","Nes"
"5239","Sp1","Nf1"
"5240","Sp1","Nfatc1"
"5241","Sp1","Ngb"
"5242","Sp1","Ngfr"
"5243","Sp1","Nos3"
"5244","Sp1","Notch1"
"5245","Sp1","Npr1"
"5246","Sp1","Nr1h2"
"5247","Sp1","Nr1h3"
"5248","Sp1","Nr5a1"
"5249","Sp1","Nrgn"
"5250","Sp1","Nrp1"
"5251","Sp1","Oprd1"
"5252","Sp1","Oprk1"
"5253","Sp1","Oprm1"
"5254","Sp1","Parg"
"5255","Sp1","Parp1"
"5256","Sp1","Pcyt1a"
"5257","Sp1","Pde6a"
"5258","Sp1","Pde6b"
"5259","Sp1","Pemt"
"5260","Sp1","Pgr"
"5261","Sp1","Phgdh"
"5262","Sp1","Pkd1"
"5263","Sp1","Pla2g16"
"5264","Sp1","Plaur"
"5265","Sp1","Pld2"
"5266","Sp1","Pou5f1"
"5267","Sp1","Ppm1a"
"5268","Sp1","Prdx6"
"5269","Sp1","Prkar2b"
"5270","Sp1","Prkra"
"5271","Sp1","Proc"
"5272","Sp1","Ptdss1"
"5273","Sp1","Ptges2"
"5274","Sp1","Ptgs1"
"5275","Sp1","Ptgs2"
"5276","Sp1","Nectin2"
"5277","Sp1","Rac2"
"5278","Sp1","Ren1"
"5279","Sp1","Rest"
"5280","Sp1","Rho"
"5281","Sp1","Rhox5"
"5282","Sp1","Rnf141"
"5283","Sp1","Rnls"
"5284","Sp1","Runx2"
"5285","Sp1","Scarb1"
"5286","Sp1","Sct"
"5287","Sp1","Sell"
"5288","Sp1","Serpine1"
"5289","Sp1","Setdb1"
"5290","Sp1","Sftpb"
"5291","Sp1","Sh3gl1"
"5292","Sp1","Sirt1"
"5293","Sp1","Skil"
"5294","Sp1","Slc11a1"
"5295","Sp1","Slc25a4"
"5296","Sp1","Slc2a3"
"5297","Sp1","Slc2a4"
"5298","Sp1","Slc3a2"
"5299","Sp1","Slc5a1"
"5300","Sp1","Slc5a2"
"5301","Sp1","Slc7a5"
"5302","Sp1","Slc9a2"
"5303","Sp1","Smad7"
"5304","Sp1","Smarcc1"
"5305","Sp1","Socs3"
"5306","Sp1","Sod2"
"5307","Sp1","Sod3"
"5308","Sp1","Sp1"
"5309","Sp1","Sp4"
"5310","Sp1","Sparc"
"5311","Sp1","Src"
"5312","Sp1","Srebf1"
"5313","Sp1","St8sia1"
"5314","Sp1","Star"
"5315","Sp1","Sult1a1"
"5316","Sp1","Syn2"
"5317","Sp1","Tal1"
"5318","Sp1","Tec"
"5319","Sp1","Tert"
"5320","Sp1","Tesc"
"5321","Sp1","Tfap2c"
"5322","Sp1","Tgfbr2"
"5323","Sp1","Tgm1"
"5324","Sp1","Thra"
"5325","Sp1","Timp3"
"5326","Sp1","Tlr2"
"5327","Sp1","Tnf"
"5328","Sp1","Tnfaip3"
"5329","Sp1","Tnfsf11"
"5330","Sp1","Tnk1"
"5331","Sp1","Tpt1"
"5332","Sp1","Trf"
"5333","Sp1","Tspo"
"5334","Sp1","Txlng"
"5335","Sp1","Tyms"
"5336","Sp1","Ucp2"
"5337","Sp1","Ucp3"
"5338","Sp1","Vegfa"
"5339","Sp1","Wnt9a"
"5340","Sp1","Zbtb14"
"5341","Sp2","Alox8"
"5342","Sp2","B4galnt1"
"5343","Sp2","Col2a1"
"5344","Sp2","Dhfr"
"5345","Sp2","Ets1"
"5346","Sp2","Id3"
"5347","Sp2","Mgp"
"5348","Sp2","Pcyt1a"
"5349","Sp2","Ucp2"
"5350","Sp3","Acaca"
"5351","Sp3","Acsbg1"
"5352","Sp3","Acta2"
"5353","Sp3","Adcy4"
"5354","Sp3","Ahr"
"5355","Sp3","Alox8"
"5356","Sp3","Ang2"
"5357","Sp3","Angpt2"
"5358","Sp3","Bmp2"
"5359","Sp3","Bsg"
"5360","Sp3","Cdh5"
"5361","Sp3","Cdk5r1"
"5362","Sp3","Cdk5r2"
"5363","Sp3","Cdkn1a"
"5364","Sp3","Cebpa"
"5365","Sp3","Ces2c"
"5366","Sp3","Col2a1"
"5367","Sp3","Csf1"
"5368","Sp3","Dck"
"5369","Sp3","Dmd"
"5370","Sp3","Dnm1"
"5371","Sp3","Dnmt1"
"5372","Sp3","Epas1"
"5373","Sp3","Fbln1"
"5374","Sp3","Gabra6"
"5375","Sp3","Ghr"
"5376","Sp3","Gpc4"
"5377","Sp3","Hgf"
"5378","Sp3","Hmga2"
"5379","Sp3","Hrasls5"
"5380","Sp3","Ifitm5"
"5381","Sp3","Il10"
"5382","Sp3","Il6"
"5383","Sp3","Itga6"
"5384","Sp3","Kcnn3"
"5385","Sp3","Lama1"
"5386","Sp3","Lipe"
"5387","Sp3","Lmna"
"5388","Sp3","Lpl"
"5389","Sp3","Mapk1"
"5390","Sp3","Mertk"
"5391","Sp3","Met"
"5392","Sp3","Mgp"
"5393","Sp3","Riox2"
"5394","Sp3","Muc5ac"
"5395","Sp3","Nanog"
"5396","Sp3","Nes"
"5397","Sp3","Nos3"
"5398","Sp3","Nrgn"
"5399","Sp3","Oas1g"
"5400","Sp3","Oprd1"
"5401","Sp3","Oprm1"
"5402","Sp3","Pcyt1a"
"5403","Sp3","Pde6b"
"5404","Sp3","Pgr"
"5405","Sp3","Pla2g16"
"5406","Sp3","Prkra"
"5407","Sp3","Proc"
"5408","Sp3","Ptdss1"
"5409","Sp3","Ptgs2"
"5410","Sp3","Rac2"
"5411","Sp3","Ren1"
"5412","Sp3","Rest"
"5413","Sp3","Rho"
"5414","Sp3","Sdc1"
"5415","Sp3","Setdb1"
"5416","Sp3","Slc2a3"
"5417","Sp3","Slc9a2"
"5418","Sp3","Socs3"
"5419","Sp3","Sod3"
"5420","Sp3","Sp1"
"5421","Sp3","Star"
"5422","Sp3","Tal1"
"5423","Sp3","Tert"
"5424","Sp3","Tesc"
"5425","Sp3","Tfap2c"
"5426","Sp3","Tnk1"
"5427","Sp3","Tspo"
"5428","Sp3","Txlng"
"5429","Sp3","Ucp2"
"5430","Sp3","Ucp3"
"5431","Sp3","Vegfa"
"5432","Sp3","Zfp143"
"5433","Sp4","Cdk5r1"
"5434","Sp4","Gria1"
"5435","Sp4","Nrgn"
"5436","Sp4","Pde6b"
"5437","Sp4","Ptdss1"
"5438","Sp4","Rho"
"5439","Sp4","Slc9a2"
"5440","Sp4","Vegfa"
"5441","Sp5","Cdkn1a"
"5442","Sp7","Bglap"
"5443","Sp7","Bglap2"
"5444","Sp7","Col5a1"
"5445","Sp7","Col5a3"
"5446","Sp7","Ctnnb1"
"5447","Sp7","Dkk1"
"5448","Sp7","Dmp1"
"5449","Sp7","Dspp"
"5450","Sp7","Gja3"
"5451","Sp7","Ibsp"
"5452","Sp7","Ifitm5"
"5453","Sp7","Mir93"
"5454","Sp7","Sp7"
"5455","Sp7","Satb2"
"5456","Sp7","Sost"
"5457","Sp7","Spp1"
"5458","Sp7","Vegfa"
"5459","Sp8","Fgf10"
"5460","Sp8","Fgf8"
"5461","Sp8","Nr2f1"
"5462","Sp9","Fgf8"
"5463","Spdef","Birc5"
"5464","Spdef","Cdkn1a"
"5465","Spdef","Foxj1"
"5466","Spdef","Scgb1a1"
"5467","Spdef","Sftpc"
"5468","Spdef","Sox17"
"5469","Spen","Col2a1"
"5470","Spi1","Acp5"
"5471","Spi1","Aif1"
"5472","Spi1","Bcl2l11"
"5473","Spi1","Ccl5"
"5474","Spi1","Cd1d1"
"5475","Spi1","Csf1r"
"5476","Spi1","Dcstamp"
"5477","Spi1","Elane"
"5478","Spi1","Elf1"
"5479","Spi1","Fcer1g"
"5480","Spi1","Fes"
"5481","Spi1","Flt3"
"5482","Spi1","H2-Ab1"
"5483","Spi1","Igh"
"5484","Spi1","Ighm"
"5485","Spi1","Igl"
"5486","Spi1","Il1b"
"5487","Spi1","Il7r"
"5488","Spi1","Il9"
"5489","Spi1","Irf8"
"5490","Spi1","Itga2b"
"5491","Spi1","Itgb3"
"5492","Spi1","Med1"
"5493","Spi1","Mef2c"
"5494","Spi1","Mmp13"
"5495","Spi1","Mrc1"
"5496","Spi1","Ncf1"
"5497","Spi1","Ncf4"
"5498","Spi1","Nfkb1"
"5499","Spi1","Oprm1"
"5500","Spi1","Pirb"
"5501","Spi1","Ptgds"
"5502","Spi1","Ptprc"
"5503","Spi1","Ptpro"
"5504","Spi1","Scn8a"
"5505","Spi1","Tal1"
"5506","Spi1","Tal2"
"5507","Spi1","Tec"
"5508","Spi1","Tlr4"
"5509","Spi1","Tnf"
"5510","Spib","Blnk"
"5511","Spib","Fcer2a"
"5512","Spib","Igl"
"5513","Spib","Nfkb1"
"5514","Spib","P2ry10"
"5515","Spic","Cd5l"
"5516","Spic","Fcer2a"
"5517","Spic","Fcgr2b"
"5518","Spic","Mmp12"
"5519","Spic","Nfkb1"
"5520","Srebf1","Abca3"
"5521","Srebf1","Abcd2"
"5522","Srebf1","Acaca"
"5523","Srebf1","Acss2"
"5524","Srebf1","Adipoq"
"5525","Srebf1","Ankrd2"
"5526","Srebf1","Cd5l"
"5527","Srebf1","Cdkn1a"
"5528","Srebf1","Cidea"
"5529","Srebf1","Clu"
"5530","Srebf1","Cyp8b1"
"5531","Srebf1","Elovl3"
"5532","Srebf1","Elovl5"
"5533","Srebf1","Fabp6"
"5534","Srebf1","Fas"
"5535","Srebf1","Fasn"
"5536","Srebf1","Fbxw7"
"5537","Srebf1","Gck"
"5538","Srebf1","Gpam"
"5539","Srebf1","Hmgcr"
"5540","Srebf1","Hmox1"
"5541","Srebf1","Il17a"
"5542","Srebf1","Kcnj3"
"5543","Srebf1","Lep"
"5544","Srebf1","Lipe"
"5545","Srebf1","Mstn"
"5546","Srebf1","Nlrp1a"
"5547","Srebf1","Npc1"
"5548","Srebf1","Nr0b2"
"5549","Srebf1","Pla2g6"
"5550","Srebf1","Ppargc1a"
"5551","Srebf1","Ptgds"
"5552","Srebf1","Retn"
"5553","Srebf1","Scd1"
"5554","Srebf1","Slc2a4"
"5555","Srebf1","Thrsp"
"5556","Srebf2","Acss2"
"5557","Srebf2","Cdkn1a"
"5558","Srebf2","Cyp3a11"
"5559","Srebf2","Fabp6"
"5560","Srebf2","Hmgcr"
"5561","Srebf2","Hmgcs1"
"5562","Srebf2","Hmox1"
"5563","Srebf2","Hnf4a"
"5564","Srebf2","Mvk"
"5565","Srebf2","Npc1"
"5566","Srebf2","Pcsk9"
"5567","Srebf2","Srd5a2"
"5568","Srf","Acta2"
"5569","Srf","Actg2"
"5570","Srf","Aqp2"
"5571","Srf","Barx2"
"5572","Srf","Ckm"
"5573","Srf","Ctgf"
"5574","Srf","Egr1"
"5575","Srf","Fos"
"5576","Srf","Hmgxb4"
"5577","Srf","Kcnmb1"
"5578","Srf","Klf3"
"5579","Srf","Mmp14"
"5580","Srf","Mmp2"
"5581","Srf","Myh11"
"5582","Srf","Mylk"
"5583","Srf","Myod1"
"5584","Srf","Nppa"
"5585","Srf","Tagln"
"5586","Srf","Tgfb1i1"
"5587","Srrt","Sox2"
"5588","Sry","Sox9"
"5589","Sry","Wt1"
"5590","Ssb","Lamb1"
"5591","Stat1","App"
"5592","Stat1","Bace1"
"5593","Stat1","Cd36"
"5594","Stat1","Cd40"
"5595","Stat1","Cebpd"
"5596","Stat1","Cfb"
"5597","Stat1","Ciita"
"5598","Stat1","Cxcl10"
"5599","Stat1","Cxcl9"
"5600","Stat1","Duox2"
"5601","Stat1","Egr1"
"5602","Stat1","Fcgr1"
"5603","Stat1","Gbp2"
"5604","Stat1","Gfi1"
"5605","Stat1","Ifnb1"
"5606","Stat1","Ifng"
"5607","Stat1","Il27"
"5608","Stat1","Il6"
"5609","Stat1","Irf1"
"5610","Stat1","Irf7"
"5611","Stat1","Irf9"
"5612","Stat1","Mdm2"
"5613","Stat1","Mt1"
"5614","Stat1","Nos2"
"5615","Stat1","Pdcd1"
"5616","Stat1","Pou3f1"
"5617","Stat1","Pparg"
"5618","Stat1","Rc3h1"
"5619","Stat1","Runx2"
"5620","Stat1","Socs1"
"5621","Stat1","Socs3"
"5622","Stat1","Tbx21"
"5623","Stat1","Trp53"
"5624","Stat1","Upp1"
"5625","Stat2","Irf7"
"5626","Stat2","Pdcd1"
"5627","Stat2","Trp53"
"5628","Stat3","Akt1"
"5629","Stat3","Bace1"
"5630","Stat3","Batf"
"5631","Stat3","Bcl2"
"5632","Stat3","Bcl2l1"
"5633","Stat3","Cav1"
"5634","Stat3","Ccl20"
"5635","Stat3","Ccnd1"
"5636","Stat3","Ccnd2"
"5637","Stat3","Ccnd3"
"5638","Stat3","Cdkn1b"
"5639","Stat3","Cdkn2d"
"5640","Stat3","Cebpd"
"5641","Stat3","Col1a1"
"5642","Stat3","Cxcl11"
"5643","Stat3","S1pr1"
"5644","Stat3","Eed"
"5645","Stat3","Egr1"
"5646","Stat3","Entpd1"
"5647","Stat3","Epor"
"5648","Stat3","Fos"
"5649","Stat3","Gfap"
"5650","Stat3","Gfi1"
"5651","Stat3","Hamp"
"5652","Stat3","Hgf"
"5653","Stat3","Hif1a"
"5654","Stat3","Igfbp5"
"5655","Stat3","Il10"
"5656","Stat3","Il12a"
"5657","Stat3","Il17f"
"5658","Stat3","Il21"
"5659","Stat3","Il23a"
"5660","Stat3","Il6"
"5661","Stat3","Jak3"
"5662","Stat3","Klf4"
"5663","Stat3","Lif"
"5664","Stat3","Ly6a"
"5665","Stat3","Maf"
"5666","Stat3","Mdc1"
"5667","Stat3","Mir21a"
"5668","Stat3","Mmp1a"
"5669","Stat3","Mmp2"
"5670","Stat3","Mmp9"
"5671","Stat3","Mt1"
"5672","Stat3","Muc1"
"5673","Stat3","Myc"
"5674","Stat3","Nhlh2"
"5675","Stat3","Nkx2-5"
"5676","Stat3","Nos2"
"5677","Stat3","Nostrin"
"5678","Stat3","Nr0b1"
"5679","Stat3","Nt5e"
"5680","Stat3","Pcsk1"
"5681","Stat3","Phb"
"5682","Stat3","Pik3r1"
"5683","Stat3","Pkd1"
"5684","Stat3","Pnp"
"5685","Stat3","Prdm1"
"5686","Stat3","Pten"
"5687","Stat3","Rc3h1"
"5688","Stat3","Reg3g"
"5689","Stat3","Rela"
"5690","Stat3","Rnls"
"5691","Stat3","Slc9a3"
"5692","Stat3","Socs3"
"5693","Stat3","Sox6"
"5694","Stat3","Spi1"
"5695","Stat3","Srebf1"
"5696","Stat3","Stat3"
"5697","Stat3","Tcf4"
"5698","Stat3","Tgfb1"
"5699","Stat3","Tnf"
"5700","Stat3","Trh"
"5701","Stat3","Trp53"
"5702","Stat3","Twist1"
"5703","Stat3","Twist2"
"5704","Stat3","Vegfa"
"5705","Stat3","Vip"
"5706","Stat3","Wnt3a"
"5707","Stat4","Ifng"
"5708","Stat4","Il18r1"
"5709","Stat4","Irf4"
"5710","Stat4","Nos2"
"5711","Stat4","Prdx3"
"5712","Stat4","Tbx21"
"5713","Stat4","Ifngas1"
"5714","Stat5a","Ar"
"5715","Stat5a","Bcl2l1"
"5716","Stat5a","Cdkn2b"
"5717","Stat5a","Clnk"
"5718","Stat5a","Csf2"
"5719","Stat5a","Csf3"
"5720","Stat5a","Csn1s1"
"5721","Stat5a","Csn2"
"5722","Stat5a","Dpagt1"
"5723","Stat5a","Dpf3"
"5724","Stat5a","Epor"
"5725","Stat5a","Fam89b"
"5726","Stat5a","Grb10"
"5727","Stat5a","Il10"
"5728","Stat5a","Il2ra"
"5729","Stat5a","Il9"
"5730","Stat5a","Mir21a"
"5731","Stat5a","Nr3c1"
"5732","Stat5a","Pck1"
"5733","Stat5a","Pdk4"
"5734","Stat5a","Prf1"
"5735","Stat5a","Psap"
"5736","Stat5a","Sftpb"
"5737","Stat5a","Socs2"
"5738","Stat5a","Socs3"
"5739","Stat5b","Ar"
"5740","Stat5b","Ccnd2"
"5741","Stat5b","Csn2"
"5742","Stat5b","Dpf3"
"5743","Stat5b","Slc10a1"
"5744","Stat6","Bcl2l1"
"5745","Stat6","Csn2"
"5746","Stat6","Egr1"
"5747","Stat6","Fcer2a"
"5748","Stat6","Foxp3"
"5749","Stat6","Gata3"
"5750","Stat6","Gfi1"
"5751","Stat6","Hand2"
"5752","Stat6","Il24"
"5753","Stat6","Il4"
"5754","Stat6","Il9"
"5755","Stat6","Itgb3"
"5756","Stat6","Ncoa3"
"5757","Stat6","Tfec"
"5758","Stat6","Tnf"
"5759","Stat6","Zfp157"
"5760","Sufu","Gli2"
"5761","Sufu","Gli3"
"5762","Suz12","Bcl2l11"
"5763","Suz12","Cdh1"
"5764","Suz12","Dkk1"
"5765","Suz12","Mir200b"
"5766","Syt1","Cdh5"
"5767","Syt1","Myc"
"5768","Taf12","Cyp24a1"
"5769","Taf4b","Zbtb16"
"5770","Taf4b","Ret"
"5771","Taf4b","Stra8"
"5772","Taf9","Trp53"
"5773","Tal1","Ccnd1"
"5774","Tal1","Epb42"
"5775","Tal1","Erg"
"5776","Tal1","Kit"
"5777","Tal1","Myog"
"5778","Tal1","Pdzk1ip1"
"5779","Tal1","Runx1"
"5780","Tal1","Smad6"
"5781","Tal1","Tcf3"
"5782","Tal1","Tfdp2"
"5783","Tardbp","Add2"
"5784","Tardbp","Ran"
"5785","Tax1bp3","Myod1"
"5786","Tbp","Csrp3"
"5787","Tbp","Fgf23"
"5788","Tbp","Fos"
"5789","Tbp","Nf1"
"5790","Tbp","Ntrk1"
"5791","Tbp","Polr2f"
"5792","Tbp","Prg2"
"5793","Tbpl1","Nf1"
"5794","Tbpl1","Prm1"
"5795","Tbpl1","Prm2"
"5796","Tbpl1","Tnp1"
"5797","Tbr1","Auts2"
"5798","Tbx1","C1qbp"
"5799","Tbx1","Fgf10"
"5800","Tbx1","Fgf8"
"5801","Tbx1","Flt4"
"5802","Tbx1","Mef2c"
"5803","Tbx1","Pitx2"
"5804","Tbx1","Ripply3"
"5805","Tbx1","Ywhae"
"5806","Tbx18","Snai2"
"5807","Tbx19","Pomc"
"5808","Tbx2","Cdkn1a"
"5809","Tbx2","Cdkn1b"
"5810","Tbx2","Cdkn2a"
"5811","Tbx2","Gja1"
"5812","Tbx2","Gja3"
"5813","Tbx2","Grem1"
"5814","Tbx2","Mycn"
"5815","Tbx2","Nppa"
"5816","Tbx2","Tyrp1"
"5817","Tbx20","Mef2c"
"5818","Tbx20","Nkx2-5"
"5819","Tbx20","Nppa"
"5820","Tbx20","Tbx2"
"5821","Tbx21","Gata3"
"5822","Tbx21","Hand2"
"5823","Tbx21","Ifng"
"5824","Tbx21","Il21"
"5825","Tbx21","Il23r"
"5826","Tbx21","Il4"
"5827","Tbx21","Il7"
"5828","Tbx21","S1pr5"
"5829","Tbx21","Spp1"
"5830","Tbx21","Ifngas1"
"5831","Tbx3","Bglap"
"5832","Tbx3","Cdkn1a"
"5833","Tbx3","Gja1"
"5834","Tbx3","Gja5"
"5835","Tbx3","Hnf1b"
"5836","Tbx3","Ibsp"
"5837","Tbx3","Nppa"
"5838","Tbx3","Onecut1"
"5839","Tbx3","Runx2"
"5840","Tbx3","Sp7"
"5841","Tbx4","Shox2"
"5842","Tbx5","Atp2a2"
"5843","Tbx5","Fgf10"
"5844","Tbx5","Id2"
"5845","Tbx5","Ifi204"
"5846","Tbx5","Nppa"
"5847","Tbx6","Dll1"
"5848","Tbx6","Hes7"
"5849","Tbx6","Mesp2"
"5850","Tbx6","Myf5"
"5851","Tcf12","Acta2"
"5852","Tcf12","Cldn4"
"5853","Tcf12","Id2"
"5854","Tcf12","Myog"
"5855","Tcf12","Ptcra"
"5856","Tcf12","Smarcc1"
"5857","Tcf12","Tcra"
"5858","Tcf19","Ccne1"
"5859","Tcf20","Mmp3"
"5860","Tcf21","Akr1b8"
"5861","Tcf21","Ar"
"5862","Tcf21","Cdkn1a"
"5863","Tcf21","Nr5a1"
"5864","Tcf21","Rhox5"
"5865","Tcf21","Sf1"
"5866","Tcf3","Acta2"
"5867","Tcf3","Adipoq"
"5868","Tcf3","Aicda"
"5869","Tcf3","Atxn3"
"5870","Tcf3","Ccl21a"
"5871","Tcf3","Ccl21b"
"5872","Tcf3","Ccl21c"
"5873","Tcf3","Ccnd3"
"5874","Tcf3","Cd19"
"5875","Tcf3","Cd5"
"5876","Tcf3","Cd7"
"5877","Tcf3","Cd79a"
"5878","Tcf3","Cdh1"
"5879","Tcf3","Cdkn1a"
"5880","Tcf3","Ckm"
"5881","Tcf3","Cldn4"
"5882","Tcf3","Col2a1"
"5883","Tcf3","Ebf1"
"5884","Tcf3","Epb42"
"5885","Tcf3","Esrrb"
"5886","Tcf3","Foxo1"
"5887","Tcf3","Foxp3"
"5888","Tcf3","Id1"
"5889","Tcf3","Igk"
"5890","Tcf3","Igll1"
"5891","Tcf3","Insm1"
"5892","Tcf3","Kit"
"5893","Tcf3","Lef1"
"5894","Tcf3","Mir302a"
"5895","Tcf3","Myl2"
"5896","Tcf3","Nanog"
"5897","Tcf3","Neurog1"
"5898","Tcf3","Notch1"
"5899","Tcf3","Nr0b2"
"5900","Tcf3","Nr5a2"
"5901","Tcf3","Pax5"
"5902","Tcf3","Ptcra"
"5903","Tcf3","Smarcc1"
"5904","Tcf3","Tcl1"
"5905","Tcf3","Tcra"
"5906","Tcf3","Tpt1"
"5907","Tcf3","Ube2i"
"5908","Tcf3","Ung"
"5909","Tcf3","Vcam1"
"5910","Tcf4","Notum"
"5911","Tcf4","Acta2"
"5912","Tcf4","Cd44"
"5913","Tcf4","Cdh1"
"5914","Tcf4","Cdx2"
"5915","Tcf4","Cops5"
"5916","Tcf4","Edn1"
"5917","Tcf4","Fgf18"
"5918","Tcf4","Fn1"
"5919","Tcf4","Hmga1"
"5920","Tcf4","Id2"
"5921","Tcf4","Id3"
"5922","Tcf4","Mitf"
"5923","Tcf4","Myc"
"5924","Tcf4","Plaur"
"5925","Tcf4","Ptgs2"
"5926","Tcf4","Smc3"
"5927","Tcf4","Sstr2"
"5928","Tcf4","Hnf1a"
"5929","Tcf7","Bcl2l1"
"5930","Tcf7","Cd4"
"5931","Tcf7","Runx2"
"5932","Tcf7l2","Cd44"
"5933","Tcf7l2","Cdx1"
"5934","Tcf7l2","Myod1"
"5935","Tcfl5","Tcfl5"
"5936","Tead2","Fgfr4"
"5937","Tead2","Pax3"
"5938","Tead2","Trp53"
"5939","Tead4","Acta2"
"5940","Tead4","Fgfr4"
"5941","Tead4","Ppp1r16a"
"5942","Tead4","Vegfb"
"5943","Tef","Bik"
"5944","Tfap2a","Apoe"
"5945","Tfap2a","Cebpa"
"5946","Tfap2a","Dmd"
"5947","Tfap2a","Hoxa7"
"5948","Tfap2a","Hoxa9"
"5949","Tfap2a","Itpr1"
"5950","Tfap2a","Kctd13"
"5951","Tfap2a","Lhcgr"
"5952","Tfap2a","Meis1"
"5953","Tfap2a","Vegfa"
"5954","Tfap2b","Adipoq"
"5955","Tfap2c","Cdk6"
"5956","Tfap2c","Cdkn1a"
"5957","Tfap2c","Dmrt1"
"5958","Tfap2c","Dnmt3b"
"5959","Tfap2c","Dnmt3l"
"5960","Tfap2c","Fgf4"
"5961","Tfap2c","Hsd3b6"
"5962","Tfap2c","Kit"
"5963","Tfap2c","Klf4"
"5964","Tfap2c","Nanos3"
"5965","Tfap2c","Sfrp1"
"5966","Tfap2d","Bhlhe23"
"5967","Tfap2d","Pou4f3"
"5968","Tfcp2","Tyms"
"5969","Tfdp1","Ccnd1"
"5970","Tfdp1","Cdkn1a"
"5971","Tfdp1","Mybl2"
"5972","Tfdp1","Tcf3"
"5973","Tfdp1","Trp53"
"5974","Tfe3","Ppargc1a"
"5975","Tfe3","Txnip"
"5976","Tgfb1","Col1a2"
"5977","Tgfb1","Foxp3"
"5978","Tgfb1","Klf6"
"5979","Tgfb1","Mycn"
"5980","Tgfb1","Tbx21"
"5981","Tgfb1i1","Ar"
"5982","Tgfb1i1","Ccl2"
"5983","Tgfb1i1","Rgcc"
"5984","Tgfb1i1","Tgfb1"
"5985","Tgfb1i1","Tpt1"
"5986","Thra","Abcd2"
"5987","Thra","Jag1"
"5988","Thrap3","Cebpa"
"5989","Thrap3","Fabp4"
"5990","Thrap3","Pparg"
"5991","Thrb","Abcd2"
"5992","Thrb","Ccnd1"
"5993","Thrb","Mlxipl"
"5994","Thrb","Tshb"
"5995","Tial1","Thy1"
"5996","Tle2","Arx"
"5997","Tle2","Hes1"
"5998","Tle2","Nkx2-2"
"5999","Tle2","Nkx6-1"
"6000","Tle3","Nanog"
"6001","Tle3","Nkx2-2"
"6002","Tlr4","Csf3"
"6003","Tlx3","Pou4f1"
"6004","Tlx3","Prrxl1"
"6005","Tlx3","Ret"
"6006","Tnf","Casp3"
"6007","Tnf","Mmp9"
"6008","Tnfaip3","Bax"
"6009","Tnfaip3","Ppara"
"6010","Tob1","Ccnd1"
"6011","Trim13","Apoa1"
"6012","Trim13","Ppig"
"6013","Trim24","Stat1"
"6014","Trim28","Hbb-y"
"6015","Trim28","Myc"
"6016","Trim28","Sox9"
"6017","Trim28","Zfx"
"6018","Trim32","Ccl20"
"6019","Trp53","Abcb1b"
"6020","Trp53","Abcc1"
"6021","Trp53","Afp"
"6022","Trp53","Agt"
"6023","Trp53","Agtr1a"
"6024","Trp53","Amelx"
"6025","Trp53","Ankrd1"
"6026","Trp53","Apaf1"
"6027","Trp53","Atf3"
"6028","Trp53","Axl"
"6029","Trp53","Adgrb1"
"6030","Trp53","Bak1"
"6031","Trp53","Bax"
"6032","Trp53","Bbc3"
"6033","Trp53","Bcl2"
"6034","Trp53","Birc5"
"6035","Trp53","Btg2"
"6036","Trp53","Casp3"
"6037","Trp53","Casp6"
"6038","Trp53","Casp7"
"6039","Trp53","Casp8"
"6040","Trp53","Ccna2"
"6041","Trp53","Ccnb1"
"6042","Trp53","Ccnb2"
"6043","Trp53","Cdc2b"
"6044","Trp53","Cdk2"
"6045","Trp53","Cdk5"
"6046","Trp53","Cdkn1a"
"6047","Trp53","Cdkn1b"
"6048","Trp53","Cdkn1c"
"6049","Trp53","Cdkn2c"
"6050","Trp53","Chek1"
"6051","Trp53","Ckap2"
"6052","Trp53","Ckm"
"6053","Trp53","Cks1b"
"6054","Trp53","Col2a1"
"6055","Trp53","Cxcr2"
"6056","Trp53","D7Ertd443e"
"6057","Trp53","Ddit4"
"6058","Trp53","Dusp1"
"6059","Trp53","Dusp2"
"6060","Trp53","Dusp4"
"6061","Trp53","Dyrk1a"
"6062","Trp53","E2f1"
"6063","Trp53","E4f1"
"6064","Trp53","Edil3"
"6065","Trp53","Egr1"
"6066","Trp53","Ei24"
"6067","Trp53","Elf4"
"6068","Trp53","Epcam"
"6069","Trp53","Uhrf1bp1"
"6070","Trp53","Fas"
"6071","Trp53","Fos"
"6072","Trp53","Foxm1"
"6073","Trp53","Foxo3"
"6074","Trp53","Foxp3"
"6075","Trp53","Fpr1"
"6076","Trp53","Gabre"
"6077","Trp53","Gadd45a"
"6078","Trp53","Gap43"
"6079","Trp53","Gdf15"
"6080","Trp53","Glipr1"
"6081","Trp53","Gsk3b"
"6082","Trp53","Gtse1"
"6083","Trp53","Hdgf"
"6084","Trp53","Hgf"
"6085","Trp53","Hipk2"
"6086","Trp53","Hmox1"
"6087","Trp53","Hras"
"6088","Trp53","Hspa1b"
"6089","Trp53","Id2"
"6090","Trp53","Ifi202b"
"6091","Trp53","Igf1r"
"6092","Trp53","Ins2"
"6093","Trp53","Insr"
"6094","Trp53","Klf2"
"6095","Trp53","Krt19"
"6096","Trp53","Lif"
"6097","Trp53","Ltf"
"6098","Trp53","Mxi1"
"6099","Trp53","Map4"
"6100","Trp53","Mapk1"
"6101","Trp53","Mcm7"
"6102","Trp53","Mcts1"
"6103","Trp53","Mdm2"
"6104","Trp53","Met"
"6105","Trp53","Mgmt"
"6106","Trp53","Mir34a"
"6107","Trp53","Mmp2"
"6108","Trp53","Mt1"
"6109","Trp53","Myc"
"6110","Trp53","Myod1"
"6111","Trp53","Myog"
"6112","Trp53","Nanog"
"6113","Trp53","Ndrg1"
"6114","Trp53","Neurod2"
"6115","Trp53","Nfkb1"
"6116","Trp53","Nkx2-5"
"6117","Trp53","Nkx3-1"
"6118","Trp53","Notch1"
"6119","Trp53","Nr0b2"
"6120","Trp53","Nr3c1"
"6121","Trp53","Nupr1"
"6122","Trp53","Olfr17"
"6123","Trp53","Pappa"
"6124","Trp53","Pax2"
"6125","Trp53","Pcbp2"
"6126","Trp53","Pcna"
"6127","Trp53","Pdgfrb"
"6128","Trp53","Per2"
"6129","Trp53","Perp"
"6130","Trp53","Pias3"
"6131","Trp53","Pkd1"
"6132","Trp53","Pla2g16"
"6133","Trp53","Plk3"
"6134","Trp53","Pmaip1"
"6135","Trp53","Pml"
"6136","Trp53","Pmp2"
"6137","Trp53","Polk"
"6138","Trp53","Prnp"
"6139","Trp53","Prox1"
"6140","Trp53","Psen1"
"6141","Trp53","Psme3"
"6142","Trp53","Psrc1"
"6143","Trp53","Pten"
"6144","Trp53","Ptgds"
"6145","Trp53","Ptgs2"
"6146","Trp53","Ptk2"
"6147","Trp53","Ptprv"
"6148","Trp53","Rap2b"
"6149","Trp53","Rchy1"
"6150","Trp53","Reep5"
"6151","Trp53","Rela"
"6152","Trp53","Rps6ka1"
"6153","Trp53","Rrm2b"
"6154","Trp53","Runx1"
"6155","Trp53","Sall2"
"6156","Trp53","Serpinb5"
"6157","Trp53","Serpine1"
"6158","Trp53","Sesn1"
"6159","Trp53","Siah1b"
"6160","Trp53","Sin3a"
"6161","Trp53","Siva1"
"6162","Trp53","Slc19a2"
"6163","Trp53","Slc2a4"
"6164","Trp53","Slc6a6"
"6165","Trp53","Smad3"
"6166","Trp53","Smurf1"
"6167","Trp53","Sod2"
"6168","Trp53","Src"
"6169","Trp53","Srebf1"
"6170","Trp53","Steap3"
"6171","Trp53","Tcf4"
"6172","Trp53","Tcf7l2"
"6173","Trp53","Tert"
"6174","Trp53","Tff2"
"6175","Trp53","Thbs1"
"6176","Trp53","Tnfrsf10b"
"6177","Trp53","Tpt1"
"6178","Trp53","Trp53"
"6179","Trp53","Trp53inp1"
"6180","Trp53","Trp73"
"6181","Trp53","Tyms"
"6182","Trp53","Uhrf1"
"6183","Trp53","Upp1"
"6184","Trp53","Zfp385a"
"6185","Trp53","Klf4"
"6186","Trp53bp1","Atm"
"6187","Trp53bp1","Brca1"
"6188","Trp53bp1","Chek2"
"6189","Trp53bp1","Hc1"
"6190","Trp63","Cdkn1a"
"6191","Trp63","Evpl"
"6192","Trp63","Irf6"
"6193","Trp63","Krt14"
"6194","Trp63","Ptk2"
"6195","Trp63","Nectin1"
"6196","Trp63","Satb1"
"6197","Trp63","Smarca4"
"6198","Trp63","Smarcd3"
"6199","Trp63","Vegfa"
"6200","Trp73","Bax"
"6201","Trp73","Bbc3"
"6202","Trp73","Casp8ap2"
"6203","Trp73","Cdkn1a"
"6204","Trp73","Cdkn1c"
"6205","Trp73","E2f1"
"6206","Trp73","Foxo3"
"6207","Trp73","Gls2"
"6208","Trp73","Hey2"
"6209","Trp73","Itch"
"6210","Trp73","Mdm2"
"6211","Trp73","Ngfr"
"6212","Trp73","Nr3c1"
"6213","Trp73","Pten"
"6214","Trp73","Pdgfrb"
"6215","Trp73","Pmaip1"
"6216","Trp73","Psrc1"
"6217","Trp73","Tpt1"
"6218","Trp73","Trp53"
"6219","Trps1","Bglap"
"6220","Trps1","Dspp"
"6221","Trps1","Runx1"
"6222","Trps1","Runx2"
"6223","Trps1","Stat3"
"6224","Trrap","Mitf"
"6225","Tsg101","Mdm2"
"6226","Tshz3","Myog"
"6227","Ttf1","Sftpc"
"6228","Ttf2","Tg"
"6229","Ttf2","Tpo"
"6230","Twist1","Abcg2"
"6231","Twist1","Alx3"
"6232","Twist1","Brd4"
"6233","Twist1","Cdh1"
"6234","Twist1","Cdkn1a"
"6235","Twist1","Ckm"
"6236","Twist1","Col2a1"
"6237","Twist1","Dkk1"
"6238","Twist1","Esr1"
"6239","Twist1","Fgf10"
"6240","Twist1","Fgf2"
"6241","Twist1","Fgfr2"
"6242","Twist1","Hoxa9"
"6243","Twist1","Il12rb2"
"6244","Twist1","Il6ra"
"6245","Twist1","Mme"
"6246","Twist1","Pdgfra"
"6247","Twist1","Postn"
"6248","Twist1","Runx3"
"6249","Twist1","Shh"
"6250","Twist1","Sox10"
"6251","Twist1","Sox9"
"6252","Twist1","Tbx20"
"6253","Twist1","Tbx21"
"6254","Twist1","Tek"
"6255","Twist1","Tnf"
"6256","Twist1","Trp53"
"6257","Twist1","Zeb1"
"6258","Twist1","Zyx"
"6259","Twist2","Add1"
"6260","Twist2","Cdkn1a"
"6261","Twist2","Ckm"
"6262","Twist2","Dkk1"
"6263","Twist2","Msx1"
"6264","Twist2","Srebf1"
"6265","Ube2k","Nfe2l2"
"6266","Usf1","Alx3"
"6267","Usf1","Apoa5"
"6268","Usf1","Bdnf"
"6269","Usf1","Ces2c"
"6270","Usf1","Ciita"
"6271","Usf1","Col1a1"
"6272","Usf1","Pf4"
"6273","Usf1","Cyp1a1"
"6274","Usf1","Fasn"
"6275","Usf1","Fmr1"
"6276","Usf1","Fshr"
"6277","Usf1","Gata5"
"6278","Usf1","Lipe"
"6279","Usf1","Mt1"
"6280","Usf1","Pdx1"
"6281","Usf1","Pigr"
"6282","Usf1","Prnd"
"6283","Usf1","Ren1"
"6284","Usf1","Spp1"
"6285","Usf1","Tnfaip3"
"6286","Usf2","Alx3"
"6287","Usf2","Apoa5"
"6288","Usf2","Bdnf"
"6289","Usf2","Col1a1"
"6290","Usf2","Pf4"
"6291","Usf2","Fasn"
"6292","Usf2","Fmr1"
"6293","Usf2","Fshr"
"6294","Usf2","Hmox1"
"6295","Usf2","Lipe"
"6296","Usf2","Mt1"
"6297","Usf2","Pigr"
"6298","Usf2","Ren1"
"6299","Usf2","Spp1"
"6300","Utf1","Tcf3"
"6301","Vax2","Pax6"
"6302","Vdr","Ctnnb1"
"6303","Vdr","Cyp3a41a"
"6304","Vdr","Igfbp3"
"6305","Vdr","Lrp5"
"6306","Vdr","Nphs1"
"6307","Vdr","Runx2"
"6308","Vdr","Spp1"
"6309","Vdr","Tnfsf11"
"6310","Vezf1","Edn1"
"6311","Vezf1","Morf4l1"
"6312","Vezf1","Mrgbp"
"6313","Vezf1","Stmn1"
"6314","Vhl","Epo"
"6315","Vhl","Hif1a"
"6316","Vhl","Tfam"
"6317","Vsx2","Mitf"
"6318","Vsx2","Nes"
"6319","Vsx2","Vsx1"
"6320","Whsc1l1","Cyp17a1"
"6321","Wnt1","Ccnd1"
"6322","Wnt1","Ccnd3"
"6323","Wnt1","Cdkn1b"
"6324","Wnt1","Coro1a"
"6325","Wnt5a","Ptx3"
"6326","Wnt5a","Ret"
"6327","Wt1","Adamts16"
"6328","Wt1","Amh"
"6329","Wt1","Amhr2"
"6330","Wt1","Coro1b"
"6331","Wt1","Csf1"
"6332","Wt1","Epo"
"6333","Wt1","Igf2"
"6334","Wt1","Il10"
"6335","Wt1","Inha"
"6336","Wt1","Nphs1"
"6337","Wt1","Nr5a1"
"6338","Wt1","Pax2"
"6339","Wt1","Pou4f2"
"6340","Wt1","Snai2"
"6341","Wt1","Stim1"
"6342","Wt1","Vegfa"
"6343","Wt1","Wnt4"
"6344","Wwp1","Trp53"
"6345","Wwtr1","Glis3"
"6346","Wwtr1","Ofd1"
"6347","Wwtr1","Tsc1"
"6348","Wwtr1","Zeb1"
"6349","Xbp1","Bhlha15"
"6350","Xbp1","Ern1"
"6351","Xbp1","Fasn"
"6352","Xbp1","Foxo1"
"6353","Xbp1","Herpud1"
"6354","Xbp1","Irf4"
"6355","Xbp1","Pax5"
"6356","Xbp1","Pou2af1"
"6357","Xbp1","Prdm1"
"6358","Xbp1","Setd7"
"6359","Xbp1","Stard5"
"6360","Xbp1","Tmbim6"
"6361","Xbp1","Vegfa"
"6362","Xpc","Cetn2"
"6363","Xrcc5","Apaf1"
"6364","Xrcc5","Il2"
"6365","Xrcc6","Apaf1"
"6366","Xrcc6","Bglap"
"6367","Xrcc6","Il2"
"6368","Ybx1","Abcb1a"
"6369","Ybx1","Avp"
"6370","Ybx1","Bmi1"
"6371","Ybx1","Egfr"
"6372","Ybx1","Mia"
"6373","Ybx1","Nono"
"6374","Ybx1","Slc2a3"
"6375","Yy1","Amelx"
"6376","Yy1","Cdh1"
"6377","Yy1","Cdkn2c"
"6378","Yy1","Col1a1"
"6379","Yy1","Cpox"
"6380","Yy1","Egf"
"6381","Yy1","Fos"
"6382","Yy1","H2-Ea-ps"
"6383","Yy1","Hspa5"
"6384","Yy1","Id4"
"6385","Yy1","Ifnb1"
"6386","Yy1","Lama1"
"6387","Yy1","Msx2"
"6388","Yy1","Nkx2-5"
"6389","Yy1","Nr3c1"
"6390","Yy1","Otx2"
"6391","Yy1","Pax2"
"6392","Yy1","Peg3"
"6393","Yy1","Rb1"
"6394","Yy1","Rgs16"
"6395","Yy1","Serpine1"
"6396","Yy1","Tcf4"
"6397","Yy1","Tnfrsf4"
"6398","Yy1","Top3a"
"6399","Yy1","Trf"
"6400","Yy1","Trp53"
"6401","Yy1","Zhx1"
"6402","Zbtb16","Cdkn1a"
"6403","Zbtb16","Ddit4"
"6404","Zbtb17","Mapk8"
"6405","Zbtb17","Slc11a1"
"6406","Zbtb2","Trp53"
"6407","Zbtb20","Sox9"
"6408","Zbtb32","Ciita"
"6409","Zbtb33","Bcl6"
"6410","Zbtb33","Ctnnb1"
"6411","Zbtb33","Mmp7"
"6412","Zbtb33","Rapsn"
"6413","Zbtb33","Wnt11"
"6414","Zbtb33","Zfp131"
"6415","Zbtb38","Myog"
"6416","Zbtb7a","Bcl2l11"
"6417","Zbtb7a","Ccna2"
"6418","Zbtb7a","Cdkn2a"
"6419","Zbtb7a","Comp"
"6420","Zbtb7a","Creb3"
"6421","Zbtb7a","Nfatc1"
"6422","Zeb1","Ccng2"
"6423","Zeb1","Cd4"
"6424","Zeb1","Cdh1"
"6425","Zeb1","Gata3"
"6426","Zeb1","Il2"
"6427","Zeb1","Itga4"
"6428","Zeb1","Itga7"
"6429","Zeb1","Mia"
"6430","Zeb1","Mitf"
"6431","Zeb1","Pkp3"
"6432","Zeb1","Rbl2"
"6433","Zeb1","St3gal5"
"6434","Zeb1","Tgfb1"
"6435","Zeb1","Trp73"
"6436","Zeb2","Cdh1"
"6437","Zeb2","Ocln"
"6438","Zfp13","Mpv17l"
"6439","Zfp143","Nanog"
"6440","Zfp143","Tcp1"
"6441","Zfp148","Cdkn1a"
"6442","Zfp148","Gata1"
"6443","Zfp148","Rnls"
"6444","Zfp148","Spi1"
"6445","Zfp148","Tal1"
"6446","Zfp148","Tph1"
"6447","Zfp263","Col11a2"
"6448","Zfp277","Cdkn2a"
"6449","Zfp281","Nanog"
"6450","Zfp335","Rest"
"6451","Zfp36","Il2"
"6452","Zfp36","Nfkb1"
"6453","Zfp384","Nfkb1"
"6454","Zfp385a","Cebpa"
"6455","Zfp385a","Trp53"
"6456","Zfp410","Mmp1a"
"6457","Zfp42","Tsix"
"6458","Zfp423","Ebf1"
"6459","Zfp423","Pparg"
"6460","Zfp423","Smad1"
"6461","Zfp423","Smad4"
"6462","Zfp488","Olig1"
"6463","Zfp513","Arr3"
"6464","Zfp513","Pax6"
"6465","Zfp513","Rbp3"
"6466","Zfp513","Sp4"
"6467","Zfp523","Tcp1"
"6468","Zfp64","Hes1"
"6469","Zfp64","Hey1"
"6470","Zfpm1","Fcer1g"
"6471","Zfpm1","Gata3"
"6472","Zfpm1","Hamp"
"6473","Zfpm1","Itga2b"
"6474","Zfpm1","Ms4a2"
"6475","Zfpm2","Gata4"
"6476","Zfpm2","Lhx9"
"6477","Zfpm2","Sox9"
"6478","Zhx3","Wt1"
"6479","Zhx3","Zhx1"
"6480","Zhx3","Zhx2"
"6481","Zic1","Abhd14a"
"6482","Zic1","Atoh1"
"6483","Zic2","Afp"
"6484","Zic2","Epha4"
"6485","Zic2","Myf5"
"6486","Zic2","Robo3"
"6487","Zic2","Slc6a4"
"6488","Zic3","Nanog"
"6489","Zscan10","Nanog"
"6490","Zscan10","Pou5f1"
