"","source","target"
"1","AATF","BAX"
"2","AATF","CDKN1A"
"3","AATF","KLK3"
"4","AATF","MYC"
"5","AATF","TP53"
"6","ABL1","BAX"
"7","ABL1","BCL2"
"8","ABL1","BCL6"
"9","ABL1","CCND2"
"10","ABL1","CDKN1A"
"11","ABL1","CSF1"
"12","ABL1","FOXO3"
"13","ABL1","JUN"
"14","ABL1","PIM1"
"15","ABL1","TP53"
"16","AES","EPHA3"
"17","AES","LEF1"
"18","AES","RND3"
"19","AHR","ABCG2"
"20","AHR","AHRR"
"21","AHR","ARNT"
"22","AHR","BRCA1"
"23","AHR","CA9"
"24","AHR","CCND1"
"25","AHR","CCNG2"
"26","AHR","CYP1A1"
"27","AHR","CYP1A2"
"28","AHR","CYP1B1"
"29","AHR","CYP2B6"
"30","AHR","FOS"
"31","AHR","IL13"
"32","AHR","IL1B"
"33","AHR","IL6"
"34","AHR","MFSD2A"
"35","AHR","MT2A"
"36","AHR","MYC"
"37","AHR","PCNA"
"38","AHR","RFC3"
"39","AHR","UGT1A1"
"40","AHR","UGT1A6"
"41","AIP","AHR"
"42","AIP","GREB1"
"43","AIP","NFKB2"
"44","AIP","RSF1"
"45","AIP","TFF1"
"46","AIRE","CHRNA1"
"47","ANKRD1","NPPA"
"48","APBB1","GMPS"
"49","APC","AKT1"
"50","APC","AMHR2"
"51","APC","BIRC5"
"52","APC","DLG1"
"53","APC","DNMT1"
"54","APC","F8"
"55","APC","KLF4"
"56","APC","MYC"
"57","APC","NOS2"
"58","APC","ODC1"
"59","APC","PTGS2"
"60","APC","SGK1"
"61","APEX1","CCL2"
"62","APEX1","CD19"
"63","APEX1","CYP11B2"
"64","APEX1","NFKB1"
"65","APEX1","PTH"
"66","APEX1","RELA"
"67","APEX1","SLC5A5"
"68","AR","ACTA1"
"69","AR","AKR1C3"
"70","AR","AKT1"
"71","AR","ALDH1A3"
"72","AR","ARG1"
"73","AR","ARG2"
"74","AR","ATAD2"
"75","AR","BSG"
"76","AR","BTG1"
"77","AR","BTG2"
"78","AR","CDK20"
"79","AR","CDC6"
"80","AR","CDH1"
"81","AR","CDH11"
"82","AR","CDH2"
"83","AR","CDK6"
"84","AR","CDKN1A"
"85","AR","CLK3"
"86","AR","CRH"
"87","AR","CRISP1"
"88","AR","CRISP3"
"89","AR","CTNNB1"
"90","AR","CYP7B1"
"91","AR","EGFR"
"92","AR","ELK4"
"93","AR","EP300"
"94","AR","ERBB2"
"95","AR","ERBB3"
"96","AR","ETV1"
"97","AR","FKBP4"
"98","AR","FN1"
"99","AR","FOLH1"
"100","AR","FOXA1"
"101","AR","GNMT"
"102","AR","GREB1"
"103","AR","GTF2F1"
"104","AR","HMMR"
"105","AR","HMOX1"
"106","AR","IFI16"
"107","AR","IGF1R"
"108","AR","IGFBP3"
"109","AR","JUN"
"110","AR","KISS1"
"111","AR","KISS1R"
"112","AR","KLF5"
"113","AR","KLK1"
"114","AR","KLK2"
"115","AR","KLK3"
"116","AR","KLK4"
"117","AR","MED1"
"118","AR","MID1"
"119","AR","MUC1"
"120","AR","MYC"
"121","AR","NAT1"
"122","AR","NDRG1"
"123","AR","NFKB1"
"124","AR","NKX3-1"
"125","AR","NOV"
"126","AR","NRAS"
"127","AR","PC"
"128","AR","PSCA"
"129","AR","PEBP1"
"130","AR","PIGR"
"131","AR","PIP"
"132","AR","PMEPA1"
"133","AR","PNRC1"
"134","AR","PTEN"
"135","AR","PTGS2"
"136","AR","PTPN1"
"137","AR","RELA"
"138","AR","REST"
"139","AR","SEPT7"
"140","AR","SERPINB5"
"141","AR","SESN1"
"142","AR","SRD5A3"
"143","AR","STIM1"
"144","AR","TBP"
"145","AR","TCF7L2"
"146","AR","TGFA"
"147","AR","TH"
"148","AR","TJP1"
"149","AR","TMPRSS2"
"150","AR","TRPS1"
"151","AR","TSC1"
"152","AR","TSC2"
"153","AR","UCN"
"154","AR","UGT2B15"
"155","AR","USP26"
"156","AR","VEGFA"
"157","AR","VIM"
"158","AR","WEE1"
"159","AR","WNT7B"
"160","AR","XIAP"
"161","ARID1A","CDKN1A"
"162","ARID1A","IGH"
"163","ARID1A","SMAD3"
"164","ARID1B","IGH"
"165","ARID3A","CDC6"
"166","ARID3A","CDK1"
"167","ARID3A","CR2"
"168","ARID3A","E2F1"
"169","ARID3A","PML"
"170","ARID3A","RBL1"
"171","ARNT","AHR"
"172","ARNT","BHLHE40"
"173","ARNT","BRCA1"
"174","ARNT","CA9"
"175","ARNT","CCNE1"
"176","ARNT","CDK2"
"177","ARNT","CTSD"
"178","ARNT","CYP1A1"
"179","ARNT","CYP1B1"
"180","ARNT","EGLN2"
"181","ARNT","EPO"
"182","ARNT","ESR1"
"183","ARNT","FOS"
"184","ARNT","GAD1"
"185","ARNT","HIF1A"
"186","ARNT","JUN"
"187","ARNT","MFSD2A"
"188","ARNT","RELB"
"189","ARNT","UGT1A6"
"190","ARNT","VEGFA"
"191","ARNTL","BHLHE40"
"192","ARNTL","CRY1"
"193","ARNTL","CRY2"
"194","ARNTL","PER1"
"195","ARNTL","PER2"
"196","ARNTL","PER3"
"197","ARNTL2","SERPINE1"
"198","ARX","KDM5C"
"199","ARX","LMO1"
"200","ARX","PAX4"
"201","ARX","SHOX2"
"202","ASCL1","CHRNA3"
"203","ASCL1","CHRNA5"
"204","ASCL1","CHRNB4"
"205","ASCL1","DKK1"
"206","ASCL1","IGF2"
"207","ASCL1","PCSK6"
"208","ASCL1","TPH1"
"209","ASH1L","TGFB1"
"210","ASH1L","TIMP1"
"211","ASXL1","FABP4"
"212","ATF1","BCL2"
"213","ATF1","CCNA1"
"214","ATF1","CFTR"
"215","ATF1","CGA"
"216","ATF1","CYP11B1"
"217","ATF1","CYP11B2"
"218","ATF1","ERBB2"
"219","ATF1","FLT1"
"220","ATF1","FTH1"
"221","ATF1","GABPA"
"222","ATF1","IL10"
"223","ATF1","LDHA"
"224","ATF1","MAP1LC3B"
"225","ATF1","MITF"
"226","ATF1","MUC2"
"227","ATF1","NTS"
"228","ATF1","PCSK1"
"229","ATF1","PLAUR"
"230","ATF1","SLC20A1"
"231","ATF1","SLC22A8"
"232","ATF1","TGFB2"
"233","ATF1","TH"
"234","ATF1","TOP2A"
"235","ATF1","USP7"
"236","ATF2","APOC3"
"237","ATF2","ATF3"
"238","ATF2","CCND1"
"239","ATF2","CDKN1A"
"240","ATF2","CYP11B1"
"241","ATF2","CYP11B2"
"242","ATF2","DUSP1"
"243","ATF2","DUSP10"
"244","ATF2","FAS"
"245","ATF2","FASLG"
"246","ATF2","FN1"
"247","ATF2","KAT5"
"248","ATF2","IFNB1"
"249","ATF2","IFNG"
"250","ATF2","IMPDH2"
"251","ATF2","INS"
"252","ATF2","ITGB8"
"253","ATF2","JUN"
"254","ATF2","MAP3K1"
"255","ATF2","MMP2"
"256","ATF2","NOS3"
"257","ATF2","PCK1"
"258","ATF2","PCK2"
"259","ATF2","PLAT"
"260","ATF2","PLAU"
"261","ATF2","POLB"
"262","ATF2","PTGS2"
"263","ATF2","RELA"
"264","ATF2","RETN"
"265","ATF2","ST3GAL5"
"266","ATF2","TGFB2"
"267","ATF2","TNF"
"268","ATF3","ADIPOR1"
"269","ATF3","ADIPOR2"
"270","ATF3","AK4"
"271","ATF3","ASNS"
"272","ATF3","CCL5"
"273","ATF3","CD82"
"274","ATF3","DDIT3"
"275","ATF3","GDF15"
"276","ATF3","ID1"
"277","ATF3","IFNG"
"278","ATF3","PCLAF"
"279","ATF3","LDLR"
"280","ATF3","MMP2"
"281","ATF3","PENK"
"282","ATF3","SELE"
"283","ATF3","TP53"
"284","ATF4","APOE"
"285","ATF4","ASNS"
"286","ATF4","ATF3"
"287","ATF4","ATG5"
"288","ATF4","BGLAP"
"289","ATF4","CA9"
"290","ATF4","CCL2"
"291","ATF4","CEBPB"
"292","ATF4","CHAC1"
"293","ATF4","CXCL8"
"294","ATF4","DDIT3"
"295","ATF4","DDIT4"
"296","ATF4","DDR2"
"297","ATF4","DISC1"
"298","ATF4","F7"
"299","ATF4","FGF19"
"300","ATF4","FGF21"
"301","ATF4","HRK"
"302","ATF4","HSPA5"
"303","ATF4","IGFBP1"
"304","ATF4","IL6"
"305","ATF4","IRF7"
"306","ATF4","MAP1LC3B"
"307","ATF4","MCL1"
"308","ATF4","NDC80"
"309","ATF4","NUPR1"
"310","ATF4","PLAU"
"311","ATF4","PTGS2"
"312","ATF4","S100P"
"313","ATF4","SIGMAR1"
"314","ATF4","SIRT1"
"315","ATF4","SIRT2"
"316","ATF4","TNFRSF10B"
"317","ATF4","TRIB3"
"318","ATF4","VEGFA"
"319","ATF5","BCL2"
"320","ATF5","CCND3"
"321","ATF5","CREB1"
"322","ATF5","CYP2B6"
"323","ATF5","DISC1"
"324","ATF5","EGR1"
"325","ATF5","ID1"
"326","ATF5","SH2D1A"
"327","ATF6","ATP2A2"
"328","ATF6","BGLAP"
"329","ATF6","DDIT3"
"330","ATF6","DNAJC3"
"331","ATF6","HSPA5"
"332","ATF6","MAFA"
"333","ATF6","NR0B2"
"334","ATF6","NUCB1"
"335","ATF6","PDX1"
"336","ATF6","RTN3"
"337","ATF6","SRF"
"338","ATF6","STARD4"
"339","ATF6","WBP1"
"340","ATF6","XBP1"
"341","ATF7","ERBB2"
"342","ATF7","TAF12"
"343","ATM","APLF"
"344","ATM","BAX"
"345","ATM","BCL2"
"346","ATM","CDKN1A"
"347","ATM","CFLAR"
"348","ATM","DUSP1"
"349","ATM","FAS"
"350","ATM","FOXM1"
"351","ATM","GADD45A"
"352","ATM","IGF1R"
"353","ATM","KLRK1"
"354","ATM","MCL1"
"355","ATM","MTF1"
"356","ATM","PBK"
"357","ATM","PCNA"
"358","ATM","PMAIP1"
"359","ATM","PVR"
"360","ATM","SLC2A1"
"361","ATM","SP1"
"362","ATM","TERF1"
"363","ATM","TNFRSF10B"
"364","ATM","VEGFA"
"365","ATOH1","HES6"
"366","ATOH1","MUC2"
"367","ATRX","HBA1"
"368","ATRX","HBA2"
"369","BACH1","HMOX1"
"370","BACH1","MMP1"
"371","BACH2","BCL2"
"372","BACH2","IL2"
"373","BACH2","XBP1"
"374","BARD1","ESR1"
"375","BARX2","ESR1"
"376","BATF","CD2"
"377","BCL11A","GATA1"
"378","BCL3","CTCF"
"379","BCL3","EGFR"
"380","BCL3","MYB"
"381","BCL3","NFKB1"
"382","BCL3","RELA"
"383","BCL6","BCL2L1"
"384","BCL6","BCL6"
"385","BCL6","CCND2"
"386","BCL6","CD80"
"387","BCL6","CDKN1A"
"388","BCL6","CDKN2B"
"389","BCL6","CHEK1"
"390","BCL6","FCER2"
"391","BCL6","HDAC7"
"392","BCL6","IRF4"
"393","BCL6","LITAF"
"394","BCL6","MYC"
"395","BCL6","NFKB1"
"396","BCL6","PDCD2"
"397","BCL6","STAT3"
"398","BCL6","SUMO1"
"399","BCL6","XBP1"
"400","BDP1","MYC"
"401","BDP1","RB1"
"402","BDP1","TP53"
"403","BHLHE41","CCND1"
"404","BHLHE41","MLH1"
"405","BIN1","MYC"
"406","BMI1","TERT"
"407","BPTF","HOXC8"
"408","BRCA1","AREG"
"409","BRCA1","ASPM"
"410","BRCA1","ATM"
"411","BRCA1","BACH1"
"412","BRCA1","BRCA2"
"413","BRCA1","CASR"
"414","BRCA1","CCNB1"
"415","BRCA1","CCND1"
"416","BRCA1","CDH3"
"417","BRCA1","CDKN1A"
"418","BRCA1","CDKN1B"
"419","BRCA1","CTSD"
"420","BRCA1","CXCL1"
"421","BRCA1","CYP19A1"
"422","BRCA1","CYP1A1"
"423","BRCA1","CYP1B1"
"424","BRCA1","DDB2"
"425","BRCA1","DDIT3"
"426","BRCA1","E2F6"
"427","BRCA1","EGFR"
"428","BRCA1","EGR1"
"429","BRCA1","EP300"
"430","BRCA1","ESR1"
"431","BRCA1","FOS"
"432","BRCA1","FOXC1"
"433","BRCA1","FOXC2"
"434","BRCA1","FST"
"435","BRCA1","GADD45A"
"436","BRCA1","HIF1A"
"437","BRCA1","HMGA2"
"438","BRCA1","HNRNPA2B1"
"439","BRCA1","HSPA5"
"440","BRCA1","IFNA1"
"441","BRCA1","IGF1"
"442","BRCA1","IGF1R"
"443","BRCA1","IRF7"
"444","BRCA1","IRF9"
"445","BRCA1","JAK1"
"446","BRCA1","JAK2"
"447","BRCA1","KHSRP"
"448","BRCA1","KRT17"
"449","BRCA1","KRT18"
"450","BRCA1","KRT5"
"451","BRCA1","MAD2L1"
"452","BRCA1","MDC1"
"453","BRCA1","MDM2"
"454","BRCA1","MYC"
"455","BRCA1","RNASEL"
"456","BRCA1","S100A2"
"457","BRCA1","SIRT1"
"458","BRCA1","STAT1"
"459","BRCA1","STAT2"
"460","BRCA1","STAT3"
"461","BRCA1","TFF1"
"462","BRCA1","TP63"
"463","BRCA1","VEGFA"
"464","BRCA1","XPC"
"465","BRCA2","DMC1"
"466","BRCA2","PSMD3"
"467","BRCA2","PSMD6"
"468","BRCA2","RAD51"
"469","BRD7","BRD2"
"470","BRD7","BRD3"
"471","BRD7","E2F3"
"472","BRIP1","BARD1"
"473","BRIP1","MLH1"
"474","BRPF1","ING5"
"475","BRPF1","MEAF6"
"476","BTAF1","DR1"
"477","BTAF1","TBP"
"478","BTF3","ABL2"
"479","BTF3","ATM"
"480","BTF3","EPHB2"
"481","BTF3","HPSE2"
"482","BTF3","MADCAM1"
"483","BTF3","MRVI1"
"484","BTF3","NFKB1"
"485","BTF3","RRAS2"
"486","BTF3","SSPN"
"487","BTG2","CCND1"
"488","BTG2","HRAS"
"489","BTG2","KLK3"
"490","BTG2","SPHK1"
"491","CBFA2T3","TCF12"
"492","CBFA2T3","ZNF652"
"493","CBFB","GATA1"
"494","CBFB","RUNX1"
"495","CBFB","RUNX2"
"496","CBFB","RUNX3"
"497","CBX7","CCNE1"
"498","CBX7","CDH1"
"499","CBX8","CDKN1A"
"500","CDC5L","PLRG1"
"501","CDCA7L","MAOB"
"502","CDX1","DSC2"
"503","CDX1","IRF2BP2"
"504","CDX1","KRT20"
"505","CDX1","PCNA"
"506","CDX1","POSTN"
"507","CDX1","PPARG"
"508","CDX1","PTGS2"
"509","CDX1","TBP"
"510","CDX2","ABCB1"
"511","CDX2","ACAT2"
"512","CDX2","APC"
"513","CDX2","AXIN2"
"514","CDX2","CDH17"
"515","CDX2","CDKN1A"
"516","CDX2","CFTR"
"517","CDX2","DSC2"
"518","CDX2","ELMO3"
"519","CDX2","FUT2"
"520","CDX2","GSK3B"
"521","CDX2","GSPT1"
"522","CDX2","GSTP1"
"523","CDX2","GUCY2C"
"524","CDX2","HEPH"
"525","CDX2","IGFBP3"
"526","CDX2","KLF4"
"527","CDX2","LCT"
"528","CDX2","MEP1A"
"529","CDX2","MUC17"
"530","CDX2","MUC2"
"531","CDX2","PTGS2"
"532","CDX2","REG4"
"533","CDX2","SLC15A1"
"534","CDX2","SLC9A2"
"535","CDX2","SP1"
"536","CDX2","TFF3"
"537","CDX2","UGT1A10"
"538","CDX2","UGT1A8"
"539","CDX2","UGT2B15"
"540","CDX2","UGT2B17"
"541","CDX2","VDR"
"542","CEBPA","AFP"
"543","CEBPA","ALB"
"544","CEBPA","BCL2"
"545","CEBPA","CCL2"
"546","CEBPA","CD163"
"547","CEBPA","CRMP1"
"548","CEBPA","CSF1"
"549","CEBPA","CSF2RA"
"550","CEBPA","CSF3R"
"551","CEBPA","CXCR2"
"552","CEBPA","CYP3A4"
"553","CEBPA","DEFA1"
"554","CEBPA","DEFA3"
"555","CEBPA","ELANE"
"556","CEBPA","F9"
"557","CEBPA","FN1"
"558","CEBPA","GAPDH"
"559","CEBPA","HAMP"
"560","CEBPA","HK3"
"561","CEBPA","HOMER3"
"562","CEBPA","HSD17B11"
"563","CEBPA","HSPA4"
"564","CEBPA","ICAM1"
"565","CEBPA","ID1"
"566","CEBPA","IGF1"
"567","CEBPA","IGF2"
"568","CEBPA","IL10"
"569","CEBPA","IL3"
"570","CEBPA","IL5"
"571","CEBPA","IL6"
"572","CEBPA","INSR"
"573","CEBPA","ITGAX"
"574","CEBPA","LEP"
"575","CEBPA","MAD1L1"
"576","CEBPA","MSR1"
"577","CEBPA","MYC"
"578","CEBPA","PCK1"
"579","CEBPA","PCK2"
"580","CEBPA","PRL"
"581","CEBPA","S100A9"
"582","CEBPA","SAA1"
"583","CEBPA","SERPINC1"
"584","CEBPA","SFTPD"
"585","CEBPA","SLC10A1"
"586","CEBPA","SOCS3"
"587","CEBPA","SPI1"
"588","CEBPA","SPP1"
"589","CEBPA","STAR"
"590","CEBPA","STAT3"
"591","CEBPA","TLR9"
"592","CEBPA","VLDLR"
"593","CEBPB","ABCB1"
"594","CEBPB","ADM"
"595","CEBPB","ALB"
"596","CEBPB","ASNS"
"597","CEBPB","BCL2L1"
"598","CEBPB","BTS1"
"599","CEBPB","CDKN1A"
"600","CEBPB","CR2"
"601","CEBPB","CRP"
"602","CEBPB","CSF3R"
"603","CEBPB","CSH1"
"604","CEBPB","CSH2"
"605","CEBPB","CSRP1"
"606","CEBPB","CXCL8"
"607","CEBPB","CYP19A1"
"608","CEBPB","DAPK1"
"609","CEBPB","DDIT3"
"610","CEBPB","F8"
"611","CEBPB","FASLG"
"612","CEBPB","FURIN"
"613","CEBPB","GADD45G"
"614","CEBPB","GDF15"
"615","CEBPB","GFER"
"616","CEBPB","GNLY"
"617","CEBPB","HBB"
"618","CEBPB","HP"
"619","CEBPB","HSF1"
"620","CEBPB","IL10"
"621","CEBPB","IL13"
"622","CEBPB","IL1B"
"623","CEBPB","IL24"
"624","CEBPB","IL3"
"625","CEBPB","IL4"
"626","CEBPB","IL5"
"627","CEBPB","IL6"
"628","CEBPB","INSR"
"629","CEBPB","IRF4"
"630","CEBPB","MAD1L1"
"631","CEBPB","MMP1"
"632","CEBPB","OXTR"
"633","CEBPB","PCK2"
"634","CEBPB","PLAC1"
"635","CEBPB","PRDM1"
"636","CEBPB","PRL"
"637","CEBPB","PRSS50"
"638","CEBPB","PTGS2"
"639","CEBPB","PTPN13"
"640","CEBPB","S100A9"
"641","CEBPB","SAA1"
"642","CEBPB","SAA2"
"643","CEBPB","SFTPD"
"644","CEBPB","SLC10A1"
"645","CEBPB","SLC19A1"
"646","CEBPB","SLC5A8"
"647","CEBPB","STAR"
"648","CEBPB","TFF3"
"649","CEBPB","TNF"
"650","CEBPB","TNFAIP6"
"651","CEBPB","TOP1"
"652","CEBPB","XBP1"
"653","CEBPD","C3"
"654","CEBPD","CASP8"
"655","CEBPD","CCL20"
"656","CEBPD","CXCL1"
"657","CEBPD","CYP19A1"
"658","CEBPD","DDIT3"
"659","CEBPD","GADD45G"
"660","CEBPD","GAPDH"
"661","CEBPD","IL23A"
"662","CEBPD","PDGFRA"
"663","CEBPD","POU5F1"
"664","CEBPD","PPARG"
"665","CEBPD","PRL"
"666","CEBPD","PTGS2"
"667","CEBPD","SOD1"
"668","CEBPD","TNF"
"669","CEBPD","TNFAIP6"
"670","CEBPE","CTSG"
"671","CEBPE","GATA1"
"672","CEBPE","LTF"
"673","CEBPE","MMP2"
"674","CEBPE","MYC"
"675","CEBPE","PRG2"
"676","CEBPE","SPI1"
"677","CEBPG","HBB"
"678","CEBPG","SFTPD"
"679","CEBPZ","APC"
"680","CEBPZ","COL11A1"
"681","CEBPZ","COL1A2"
"682","CEBPZ","GZMB"
"683","CEBPZ","MLH1"
"684","CEBPZ","SOX9"
"685","CHD4","CD79A"
"686","CHD4","RNF8"
"687","CHD8","BRCA1"
"688","CHD8","CCNE2"
"689","CHD8","HOXA2"
"690","CHD8","MYC"
"691","CHD8","TYMS"
"692","CIITA","COL1A1"
"693","CIITA","COL1A2"
"694","CIITA","CREBBP"
"695","CIITA","FASLG"
"696","CIITA","HLA-A"
"697","CIITA","HLA-B"
"698","CIITA","HLA-C"
"699","CIITA","HLA-DMA"
"700","CIITA","HLA-DMB"
"701","CIITA","HLA-DOA"
"702","CIITA","HLA-DOB"
"703","CIITA","HLA-DPB1"
"704","CIITA","HLA-DQB1"
"705","CIITA","HLA-DRA"
"706","CIITA","HLA-DRB1"
"707","CIITA","HLA-DRB3"
"708","CIITA","HLA-DRB4"
"709","CIITA","HLA-DRB5"
"710","CIITA","HLA-F"
"711","CIITA","HLA-G"
"712","CIITA","IL4"
"713","CIITA","IRF1"
"714","CIITA","IRF2"
"715","CIITA","MMP9"
"716","CIITA","PLXNA1"
"717","CIITA","PSMC5"
"718","CIITA","RAB4B"
"719","CIITA","S100A4"
"720","CIITA","SIRT1"
"721","CIITA","SLC26A3"
"722","CIITA","STAT1"
"723","CITED2","MMP1"
"724","CITED2","MMP13"
"725","CLOCK","BHLHE40"
"726","CLOCK","BHLHE41"
"727","CLOCK","CRY1"
"728","CLOCK","CRY2"
"729","CLOCK","DEC1"
"730","CLOCK","KAT5"
"731","CLOCK","NAMPT"
"732","CLOCK","NR0B2"
"733","CLOCK","NR3C1"
"734","CLOCK","PER1"
"735","CLOCK","PER2"
"736","CLOCK","PER3"
"737","CLOCK","STAR"
"738","CLOCK","TPO"
"739","CNBP","MYC"
"740","CNOT7","MSMB"
"741","CNOT7","PMP22"
"742","CNOT8","MSMB"
"743","CNOT8","PMP22"
"744","COPS5","CDKN1B"
"745","COPS5","VEGFA"
"746","CRABP2","RARA"
"747","CREB1","ACACA"
"748","CREB1","ADRA1A"
"749","CREB1","AQP3"
"750","CREB1","AR"
"751","CREB1","BCL2"
"752","CREB1","BCL2L11"
"753","CREB1","BDKRB1"
"754","CREB1","BDKRB2"
"755","CREB1","BDNF"
"756","CREB1","CASP8"
"757","CREB1","CCK"
"758","CREB1","CCL5"
"759","CREB1","CD4"
"760","CREB1","CGA"
"761","CREB1","CRTC1"
"762","CREB1","CXCR4"
"763","CREB1","CYP11A1"
"764","CREB1","CYP11B1"
"765","CREB1","CYP11B2"
"766","CREB1","CYP17A1"
"767","CREB1","CYP19A1"
"768","CREB1","ERBB2"
"769","CREB1","ETV3"
"770","CREB1","FLT1"
"771","CREB1","FOS"
"772","CREB1","FOXA1"
"773","CREB1","GABPA"
"774","CREB1","GRPR"
"775","CREB1","GSK3A"
"776","CREB1","GSK3B"
"777","CREB1","HLA-DOB"
"778","CREB1","HLA-DQB1"
"779","CREB1","HMOX1"
"780","CREB1","HPGD"
"781","CREB1","IFNG"
"782","CREB1","IL10"
"783","CREB1","IL2"
"784","CREB1","IL5RA"
"785","CREB1","IL6"
"786","CREB1","JUN"
"787","CREB1","LAPTM4B"
"788","CREB1","LYL1"
"789","CREB1","MC2R"
"790","CREB1","MITF"
"791","CREB1","MMP2"
"792","CREB1","MSMB"
"793","CREB1","MUC4"
"794","CREB1","MUC5AC"
"795","CREB1","NDC80"
"796","CREB1","NF1"
"797","CREB1","NMNAT2"
"798","CREB1","NOLC1"
"799","CREB1","NPY"
"800","CREB1","NR2F1"
"801","CREB1","NR2F6"
"802","CREB1","NR4A3"
"803","CREB1","NR5A2"
"804","CREB1","NRF1"
"805","CREB1","NTS"
"806","CREB1","ODC1"
"807","CREB1","PCSK1"
"808","CREB1","PLAT"
"809","CREB1","PLAU"
"810","CREB1","POLD2"
"811","CREB1","PPM1D"
"812","CREB1","PPP2CA"
"813","CREB1","PPP2R2B"
"814","CREB1","PRL"
"815","CREB1","PSEN1"
"816","CREB1","PTGES"
"817","CREB1","PTGS2"
"818","CREB1","RP1"
"819","CREB1","RRM2B"
"820","CREB1","SLC19A1"
"821","CREB1","SLC20A1"
"822","CREB1","SLC22A8"
"823","CREB1","SLC39A1"
"824","CREB1","SMAD6"
"825","CREB1","SNAI1"
"826","CREB1","SNAI2"
"827","CREB1","SOX9"
"828","CREB1","SPRY2"
"829","CREB1","STMN1"
"830","CREB1","TH"
"831","CREB1","TLR9"
"832","CREB1","TRH"
"833","CREB1","UXT"
"834","CREB1","VIP"
"835","CREB1","XPC"
"836","CREB1","IBSP"
"837","CREB3","CXCR4"
"838","CREB3L1","SLC1A4"
"839","CREB3L4","DNAJC12"
"840","CREB5","ATP6V0E1"
"841","CREB5","CFB"
"842","CREB5","DGKG"
"843","CREB5","LGALS3BP"
"844","CREB5","LY96"
"845","CREB5","MAPKAPK3"
"846","CREB5","MX1"
"847","CREB5","RASGRP3"
"848","CREB5","RDX"
"849","CREB5","STAT1"
"850","CREB5","TGFBR3"
"851","CREB5","TNFRSF11B"
"852","CREBBP","ALOX15"
"853","CREBBP","BRCA1"
"854","CREBBP","CCK"
"855","CREBBP","CDKN1A"
"856","CREBBP","CREB1"
"857","CREBBP","CSF2"
"858","CREBBP","EGFR"
"859","CREBBP","EP300"
"860","CREBBP","EZH2"
"861","CREBBP","HINFP"
"862","CREBBP","HOXA10"
"863","CREBBP","HOXA9"
"864","CREBBP","IL4"
"865","CREBBP","INSM1"
"866","CREBBP","IRF1"
"867","CREBBP","PCK2"
"868","CREBBP","PPARA"
"869","CREBBP","PSMC5"
"870","CREBBP","PTGS2"
"871","CREBBP","RAD51"
"872","CREBBP","RARA"
"873","CREBBP","RS1"
"874","CREBBP","S100A4"
"875","CREBBP","TP53"
"876","CREBBP","TRIM22"
"877","CREG1","HSPA4"
"878","CREM","ACE"
"879","CREM","ACR"
"880","CREM","FHL5"
"881","CREM","CCL4"
"882","CREM","CCNA1"
"883","CREM","CCNA2"
"884","CREM","CD247"
"885","CREM","CREB1"
"886","CREM","DUSP1"
"887","CREM","DUSP4"
"888","CREM","FASLG"
"889","CREM","FOS"
"890","CREM","G6PD"
"891","CREM","GPX4"
"892","CREM","IL2"
"893","CREM","IL5RA"
"894","CREM","LDHC"
"895","CREM","MC2R"
"896","CREM","PLAT"
"897","CREM","SLC5A5"
"898","CREM","STAR"
"899","CREM","TAF4"
"900","CREM","TBP"
"901","CREM","TH"
"902","CREM","ZAP70"
"903","CRTC1","PPARGC1A"
"904","CRX","BEST1"
"905","CRX","NR2E3"
"906","CRX","RBP3"
"907","CRX","RHO"
"908","CRX","RS1"
"909","CTBP1","BRCA1"
"910","CTBP1","BRCA2"
"911","CTBP1","CLDN7"
"912","CTBP1","KRT18"
"913","CTCF","ANG"
"914","CTCF","APP"
"915","CTCF","ASAP2"
"916","CTCF","ATXN7"
"917","CTCF","BBC3"
"918","CTCF","BCL6"
"919","CTCF","BRCA1"
"920","CTCF","CCND1"
"921","CTCF","CELSR3"
"922","CTCF","CSF2"
"923","CTCF","DMPK"
"924","CTCF","ETNK2"
"925","CTCF","H19"
"926","CTCF","PBXIP1"
"927","CTCF","IGF2"
"928","CTCF","IPO13"
"929","CTCF","IRAK2"
"930","CTCF","MEG3"
"931","CTCF","MYC"
"932","CTCF","NANOG"
"933","CTCF","NF1"
"934","CTCF","PAX6"
"935","CTCF","PTPRG"
"936","CTCF","RAD21"
"937","CTCF","RARRES1"
"938","CTCF","RBL2"
"939","CTCF","SIX5"
"940","CTCF","SLC6A4"
"941","CTCF","TERT"
"942","CTCF","WT1"
"943","CTCFL","BAG1"
"944","CTNNB1","AR"
"945","CTNNB1","BIRC5"
"946","CTNNB1","CCND1"
"947","CTNNB1","CD44"
"948","CTNNB1","CHGA"
"949","CTNNB1","CLDN2"
"950","CTNNB1","FST"
"951","CTNNB1","GLCE"
"952","CTNNB1","GLI2"
"953","CTNNB1","JUN"
"954","CTNNB1","MMP14"
"955","CTNNB1","MMP7"
"956","CTNNB1","MYC"
"957","CTNNB1","NCOA2"
"958","CTNNB1","NRCAM"
"959","CTNNB1","PLD1"
"960","CTNNB1","PPARD"
"961","CTNNB1","PTGS2"
"962","CTNNB1","RB1"
"963","CTNNB1","STARD7"
"964","CTNNB1","TCF7"
"965","CTNNB1","VIM"
"966","CTNNBIP1","GLI2"
"967","CTNNBIP1","MMP14"
"968","CTNNBIP1","STMN2"
"969","CUX1","CDKN1B"
"970","CUX1","CFTR"
"971","CUX1","CR2"
"972","CUX1","CYBB"
"973","CUX1","ECT2"
"974","CUX1","FTO"
"975","CUX1","RACGAP1"
"976","CUX1","WNT5A"
"977","DACH1","FOS"
"978","DACH1","PELP1"
"979","DACH1","TNFSF11"
"980","DAXX","AIRE"
"981","DBP","ACKR1"
"982","DBP","ALDOB"
"983","DBP","CYP3A4"
"984","DBP","CYP7A1"
"985","DDB1","CDKN2A"
"986","DDB2","BCL2"
"987","DDB2","SOD2"
"988","DDB2","XPA"
"989","DDIT3","ANKRD1"
"990","DDIT3","ASNS"
"991","DDIT3","ATF2"
"992","DDIT3","ATF5"
"993","DDIT3","ATG5"
"994","DDIT3","CDK2"
"995","DDIT3","CEBPA"
"996","DDIT3","CXCL8"
"997","DDIT3","IL6"
"998","DDIT3","MAP1LC3B"
"999","DDIT3","MCL1"
"1000","DDIT3","NOS3"
"1001","DDIT3","RTN3"
"1002","DDIT3","SIRT1"
"1003","DDIT3","SIRT2"
"1004","DDIT3","TF"
"1005","DDIT3","TNFRSF10B"
"1006","DDIT3","TRIB3"
"1007","DDX5","H19"
"1008","DDX5","IGF2"
"1009","DEAF1","GDF5"
"1010","DEAF1","HTR1A"
"1011","DEDD","CFLAR"
"1012","DEDD","FADD"
"1013","DEK","BCL2"
"1014","DEK","BIRC3"
"1015","DEK","CXCL8"
"1016","DEK","HLA-DQB1"
"1017","DEK","PRDX5"
"1018","DENND4A","ERBB2"
"1019","DLX3","CGA"
"1020","DLX4","BRCA1"
"1021","DLX5","IBSP"
"1022","DLX5","IGFBP3"
"1023","DLX5","IRS2"
"1024","DLX5","MYC"
"1025","DMAP1","ATM"
"1026","DMAP1","BAX"
"1027","DMAP1","CDKN1A"
"1028","DMAP1","DNMT1"
"1029","DNMT1","BAG1"
"1030","DNMT1","BIRC5"
"1031","DNMT1","BMP2"
"1032","DNMT1","CASP8"
"1033","DNMT1","CDH1"
"1034","DNMT1","CDKN2A"
"1035","DNMT1","CDKN2B"
"1036","DNMT1","CXCR4"
"1037","DNMT1","EPCAM"
"1038","DNMT1","ESR1"
"1039","DNMT1","GAD1"
"1040","DNMT1","HDAC1"
"1041","DNMT1","IL3"
"1042","DNMT1","IL32"
"1043","DNMT1","KIR2DL3"
"1044","DNMT1","MBD2"
"1045","DNMT1","MGMT"
"1046","DNMT1","MSH2"
"1047","DNMT1","PROM1"
"1048","DNMT1","RASSF1"
"1049","DNMT1","RB1"
"1050","DNMT1","RELN"
"1051","DNMT1","RGS10"
"1052","DNMT1","RUNX3"
"1053","DNMT1","SFRP1"
"1054","DNMT1","SFRP5"
"1055","DNMT1","TERT"
"1056","DNMT1","TIMP3"
"1057","DNMT1","TNFRSF10B"
"1058","DNMT1","TP53"
"1059","DNMT1","VEGFA"
"1060","DNMT3A","CDH6"
"1061","DNMT3A","CDKN1A"
"1062","DNMT3A","CDKN2A"
"1063","DNMT3A","IGFBP3"
"1064","DNMT3A","JUP"
"1065","DNMT3A","POU5F1"
"1066","DNMT3A","SETDB1"
"1067","DNMT3A","SFRP1"
"1068","DNMT3A","SFRP5"
"1069","DNMT3L","TDG"
"1070","DR1","NR1I2"
"1071","DR1","NR2C2"
"1072","DR1","PTGS2"
"1073","DR1","TBP"
"1074","DRAP1","TBP"
"1075","DUX4","HEY1"
"1076","E2F1","ABCB1"
"1077","E2F1","APAF1"
"1078","E2F1","AR"
"1079","E2F1","ASF1B"
"1080","E2F1","ATAD2"
"1081","E2F1","ATG5"
"1082","E2F1","ATM"
"1083","E2F1","AURKA"
"1084","E2F1","AURKB"
"1085","E2F1","BBC3"
"1086","E2F1","BCL2"
"1087","E2F1","BIRC5"
"1088","E2F1","BMI1"
"1089","E2F1","BRCA1"
"1090","E2F1","CASP7"
"1091","E2F1","CCL3"
"1092","E2F1","CCNB1"
"1093","E2F1","CCND1"
"1094","E2F1","CCNE1"
"1095","E2F1","CD2AP"
"1096","E2F1","CDAN1"
"1097","E2F1","CDC6"
"1098","E2F1","CDCA7"
"1099","E2F1","CDK1"
"1100","E2F1","CDKN1A"
"1101","E2F1","CDKN1C"
"1102","E2F1","CDKN2A"
"1103","E2F1","CHEK1"
"1104","E2F1","CHEK2"
"1105","E2F1","CREBBP"
"1106","E2F1","CTNNBIP1"
"1107","E2F1","CTSV"
"1108","E2F1","CUX1"
"1109","E2F1","DAPK2"
"1110","E2F1","DBF4"
"1111","E2F1","DDIT3"
"1112","E2F1","DHFR"
"1113","E2F1","DIRAS3"
"1114","E2F1","DNMT1"
"1115","E2F1","DOK1"
"1116","E2F1","DRAM1"
"1117","E2F1","DROSHA"
"1118","E2F1","DUSP1"
"1119","E2F1","E2F1"
"1120","E2F1","E2F6"
"1121","E2F1","ECT2"
"1122","E2F1","ERCC1"
"1123","E2F1","ERCC5"
"1124","E2F1","ERICD"
"1125","E2F1","ETV4"
"1126","E2F1","FANCA"
"1127","E2F1","FGFR1"
"1128","E2F1","FHIT"
"1129","E2F1","FLT1"
"1130","E2F1","FMN2"
"1131","E2F1","FOXM1"
"1132","E2F1","FSHR"
"1133","E2F1","FZD1"
"1134","E2F1","GINS3"
"1135","E2F1","H19"
"1136","E2F1","HIC1"
"1137","E2F1","HMGA1"
"1138","E2F1","HSPA5"
"1139","E2F1","IL1B"
"1140","E2F1","IL23A"
"1141","E2F1","IRF3"
"1142","E2F1","ISYNA1"
"1143","E2F1","KDR"
"1144","E2F1","KIF2C"
"1145","E2F1","KIR3DL1"
"1146","E2F1","LRBA"
"1147","E2F1","MAP1LC3A"
"1148","E2F1","MAP3K5"
"1149","E2F1","MAPK8"
"1150","E2F1","MCL1"
"1151","E2F1","MCM5"
"1152","E2F1","MCM8"
"1153","E2F1","MCPH1"
"1154","E2F1","MDM2"
"1155","E2F1","MEFV"
"1156","E2F1","MIR202"
"1157","E2F1","MT1G"
"1158","E2F1","MUC4"
"1159","E2F1","MYB"
"1160","E2F1","MYBL2"
"1161","E2F1","MYC"
"1162","E2F1","MYCN"
"1163","E2F1","MYH10"
"1164","E2F1","NELL2"
"1165","E2F1","NOX4"
"1166","E2F1","NPAT"
"1167","E2F1","NRIP1"
"1168","E2F1","PCNA"
"1169","E2F1","PCSK6"
"1170","E2F1","PDK4"
"1171","E2F1","PEG10"
"1172","E2F1","PIN1"
"1173","E2F1","PLK1"
"1174","E2F1","PNRC2"
"1175","E2F1","PPARG"
"1176","E2F1","PPP1R13B"
"1177","E2F1","PTPRO"
"1178","E2F1","RACGAP1"
"1179","E2F1","RAD51"
"1180","E2F1","RASGEF1B"
"1181","E2F1","RASGRP1"
"1182","E2F1","RB1"
"1183","E2F1","RBM38"
"1184","E2F1","RNF2"
"1185","E2F1","RPA2"
"1186","E2F1","RRM1"
"1187","E2F1","RRM2"
"1188","E2F1","RRP1B"
"1189","E2F1","SERPINB5"
"1190","E2F1","SERPINE1"
"1191","E2F1","SIVA1"
"1192","E2F1","SKP2"
"1193","E2F1","TERT"
"1194","E2F1","THBS1"
"1195","E2F1","TLR3"
"1196","E2F1","TNF"
"1197","E2F1","TNFSF11"
"1198","E2F1","TOP2A"
"1199","E2F1","TP53"
"1200","E2F1","TP53BP2"
"1201","E2F1","TP53INP1"
"1202","E2F1","TP73"
"1203","E2F1","TYMS"
"1204","E2F1","UHRF1"
"1205","E2F1","ULK1"
"1206","E2F1","VEGFA"
"1207","E2F1","WWOX"
"1208","E2F1","XRCC1"
"1209","E2F1","ZNF350"
"1210","E2F2","CUX1"
"1211","E2F2","MAP3K5"
"1212","E2F3","AURKA"
"1213","E2F3","CCNA2"
"1214","E2F3","CCNB1"
"1215","E2F3","CDC6"
"1216","E2F3","CDK1"
"1217","E2F3","CDKN1A"
"1218","E2F3","CUX1"
"1219","E2F3","ERICD"
"1220","E2F3","MAP3K5"
"1221","E2F3","MAPK8"
"1222","E2F3","PLK1"
"1223","E2F3","TFE3"
"1224","E2F3","VEGFA"
"1225","E2F4","AR"
"1226","E2F4","AURKB"
"1227","E2F4","BIRC5"
"1228","E2F4","BRCA1"
"1229","E2F4","CCNB1"
"1230","E2F4","CCND1"
"1231","E2F4","CDK2"
"1232","E2F4","CUX1"
"1233","E2F4","DIRAS3"
"1234","E2F4","HCFC1"
"1235","E2F4","PCLAF"
"1236","E2F4","LIN54"
"1237","E2F4","LTBP4"
"1238","E2F4","MAP3K5"
"1239","E2F4","MCM10"
"1240","E2F4","MYC"
"1241","E2F4","PEG10"
"1242","E2F4","PLK1"
"1243","E2F4","PLK4"
"1244","E2F4","PPARG"
"1245","E2F4","RAD51"
"1246","E2F4","TOPBP1"
"1247","E2F4","TTK"
"1248","E2F5","FSHR"
"1249","E2F5","LOXL2"
"1250","E2F5","MYC"
"1251","E2F6","APAF1"
"1252","E2F6","BRCA1"
"1253","E2F6","BRD7"
"1254","E2F6","CYC1"
"1255","E2F6","E2F1"
"1256","E2F6","IL13"
"1257","E2F6","PCLAF"
"1258","E2F7","E2F1"
"1259","E2F8","CCND1"
"1260","E2F8","E2F1"
"1261","E4F1","CCNA2"
"1262","EAF1","ELL"
"1263","EAPP","ABCB1"
"1264","EAPP","CDKN1A"
"1265","EAPP","CDKN2A"
"1266","EAPP","MAOB"
"1267","EBF1","ATF5"
"1268","EBF3","CDKN1A"
"1269","ECD","GCGR"
"1270","EED","CPEB1"
"1271","EGF","STAT1"
"1272","EGR1","ABCB1"
"1273","EGR1","ACE"
"1274","EGR1","ACHE"
"1275","EGR1","AKR1B1"
"1276","EGR1","ALOX5"
"1277","EGR1","AR"
"1278","EGR1","ATF3"
"1279","EGR1","BCAR1"
"1280","EGR1","CACNA1H"
"1281","EGR1","CCND1"
"1282","EGR1","CCND2"
"1283","EGR1","CD28"
"1284","EGR1","CDK5R1"
"1285","EGR1","CDKN1A"
"1286","EGR1","CHGA"
"1287","EGR1","CXCL8"
"1288","EGR1","CYP2B6"
"1289","EGR1","DMRT1"
"1290","EGR1","EAPP"
"1291","EGR1","EGFR"
"1292","EGR1","EP300"
"1293","EGR1","F3"
"1294","EGR1","FAP"
"1295","EGR1","FAS"
"1296","EGR1","FASLG"
"1297","EGR1","FCER2"
"1298","EGR1","FGF2"
"1299","EGR1","FLT1"
"1300","EGR1","FN1"
"1301","EGR1","GDF15"
"1302","EGR1","GDNF"
"1303","EGR1","GGPS1"
"1304","EGR1","HIF1A"
"1305","EGR1","HPSE"
"1306","EGR1","HSD11B2"
"1307","EGR1","HYAL1"
"1308","EGR1","IFNG"
"1309","EGR1","IGF2"
"1310","EGR1","IL2"
"1311","EGR1","IL2RB"
"1312","EGR1","IL3"
"1313","EGR1","IL6"
"1314","EGR1","IMPDH2"
"1315","EGR1","KLK3"
"1316","EGR1","LDLR"
"1317","EGR1","LHB"
"1318","EGR1","LMTK2"
"1319","EGR1","LTB"
"1320","EGR1","MMP14"
"1321","EGR1","MYB"
"1322","EGR1","NAB2"
"1323","EGR1","NFKB1"
"1324","EGR1","PCSK2"
"1325","EGR1","PDGFB"
"1326","EGR1","PDGFC"
"1327","EGR1","PLAU"
"1328","EGR1","PLAUR"
"1329","EGR1","POR"
"1330","EGR1","PPARG"
"1331","EGR1","PSEN2"
"1332","EGR1","PTEN"
"1333","EGR1","PTGES"
"1334","EGR1","PTGS2"
"1335","EGR1","PTP4A1"
"1336","EGR1","RBL2"
"1337","EGR1","SLC4A2"
"1338","EGR1","SLC9A3"
"1339","EGR1","SOD1"
"1340","EGR1","SOX18"
"1341","EGR1","SPRY1"
"1342","EGR1","STIM1"
"1343","EGR1","STMN1"
"1344","EGR1","SYN1"
"1345","EGR1","SYN2"
"1346","EGR1","TBXA2R"
"1347","EGR1","TCF4"
"1348","EGR1","TFPI2"
"1349","EGR1","TGFBR2"
"1350","EGR1","TH"
"1351","EGR1","TMPO"
"1352","EGR1","TNF"
"1353","EGR1","TNFSF10"
"1354","EGR1","TOE1"
"1355","EGR1","TP53"
"1356","EGR1","TP73"
"1357","EGR1","UBE2S"
"1358","EGR1","VEGFA"
"1359","EGR1","WNT4"
"1360","EGR2","FASLG"
"1361","EGR2","GJB1"
"1362","EGR2","IDO1"
"1363","EGR2","IGF2"
"1364","EGR2","IL6"
"1365","EGR2","LIF"
"1366","EGR2","MPZ"
"1367","EGR2","PTGS2"
"1368","EGR2","SCD5"
"1369","EGR3","CAT"
"1370","EGR3","NAB2"
"1371","EGR3","SPRY1"
"1372","EHF","DCDC2"
"1373","EHF","SPRR1B"
"1374","EHMT2","BIRC5"
"1375","EHMT2","CDKN1A"
"1376","EHMT2","RUNX3"
"1377","EHMT2","SIAH1"
"1378","EIF2AK2","CD4"
"1379","EIF2AK2","IRS2"
"1380","ELF1","BRCA2"
"1381","ELF1","CD68"
"1382","ELF1","CYBB"
"1383","ELF1","ERBB2"
"1384","ELF1","FCER1A"
"1385","ELF1","FLI1"
"1386","ELF1","MEIS1"
"1387","ELF1","TEK"
"1388","ELF1","TLR9"
"1389","ELF2","TEK"
"1390","ELF2","VCP"
"1391","ELF3","CLDN7"
"1392","ELF3","KRT4"
"1393","ELF3","MMP9"
"1394","ELF3","PTGS2"
"1395","ELF3","SPRR1A"
"1396","ELF3","SPRR1B"
"1397","ELF3","SPRR2A"
"1398","ELF3","SPRR3"
"1399","ELF3","TIMP3"
"1400","ELF4","CXCL8"
"1401","ELF4","HBD"
"1402","ELF4","MDM2"
"1403","ELF4","MMP9"
"1404","ELF4","TP53"
"1405","ELK1","CITED2"
"1406","ELK1","DAP3"
"1407","ELK1","EIF2AK1"
"1408","ELK1","ERBB2"
"1409","ELK1","EZH2"
"1410","ELK1","FOS"
"1411","ELK1","FOSL1"
"1412","ELK1","FUT4"
"1413","ELK1","MCL1"
"1414","ELK1","MECOM"
"1415","ELK1","MUC4"
"1416","ELK1","PDGFB"
"1417","ELK1","PSEN1"
"1418","ELK1","PTPRZ1"
"1419","ELK1","SKP2"
"1420","ELK1","SRF"
"1421","ELK1","TLR9"
"1422","ELK1","TNFRSF10B"
"1423","ELK1","WISP2"
"1424","ELK1","ZFP36"
"1425","ELK3","MYH6"
"1426","ELK4","FOS"
"1427","ELK4","MCL1"
"1428","ELK4","NR2C2"
"1429","ELL","BAX"
"1430","ELL","CDKN1A"
"1431","ELL","E2F1"
"1432","ELL","MDM2"
"1433","EN1","UTRN"
"1434","ENO1","HSD3B2"
"1435","ENO1","MYC"
"1436","ENO1","MYCN"
"1437","ENO1","PTGS2"
"1438","EOMES","IFNG"
"1439","EP300","ABCB1"
"1440","EP300","ALOX15"
"1441","EP300","BIRC5"
"1442","EP300","BRCA1"
"1443","EP300","CA9"
"1444","EP300","CCNB2"
"1445","EP300","CCND1"
"1446","EP300","CCNE1"
"1447","EP300","CDKN1A"
"1448","EP300","CDKN2B"
"1449","EP300","COL1A2"
"1450","EP300","CRABP1"
"1451","EP300","CREBBP"
"1452","EP300","CXCL8"
"1453","EP300","CYBB"
"1454","EP300","CYP1B1"
"1455","EP300","DNMT1"
"1456","EP300","EIF2AK1"
"1457","EP300","EPO"
"1458","EP300","ERBB2"
"1459","EP300","EZH2"
"1460","EP300","GFAP"
"1461","EP300","HINFP"
"1462","EP300","IFNG"
"1463","EP300","IGF1"
"1464","EP300","IGFBP3"
"1465","EP300","IL12B"
"1466","EP300","IL5"
"1467","EP300","IL6"
"1468","EP300","KLK3"
"1469","EP300","KRT16"
"1470","EP300","LAMA3"
"1471","EP300","MDM2"
"1472","EP300","MGMT"
"1473","EP300","MMP9"
"1474","EP300","MYC"
"1475","EP300","NFKB1"
"1476","EP300","NR0B2"
"1477","EP300","NR1H4"
"1478","EP300","PARP1"
"1479","EP300","PCNA"
"1480","EP300","PTGS2"
"1481","EP300","RAD51"
"1482","EP300","RELA"
"1483","EP300","RS1"
"1484","EP300","S100A4"
"1485","EP300","SLC9A2"
"1486","EP300","TBXAS1"
"1487","EP300","THBD"
"1488","EP300","TP73"
"1489","EP300","TRIM22"
"1490","EP300","VCAM1"
"1491","EP300","VEGFA"
"1492","EP300","WT1"
"1493","EP300","YY1"
"1494","EP300","ZEB1"
"1495","EPAS1","CA9"
"1496","EPAS1","CCR7"
"1497","EPAS1","COL10A1"
"1498","EPAS1","FLT1"
"1499","EPAS1","MMP14"
"1500","EPAS1","MSC"
"1501","EPAS1","PTPRZ1"
"1502","EPAS1","SERPINE1"
"1503","EPAS1","USF2"
"1504","EPAS1","VEGFA"
"1505","ERCC2","BAX"
"1506","ERCC2","BCL2"
"1507","ERCC2","CDKN1A"
"1508","ERCC2","CPD"
"1509","ERCC2","E2F1"
"1510","ERCC2","LAMTOR5"
"1511","ERCC2","TP53"
"1512","ERCC2","XPA"
"1513","ERF","ETS2"
"1514","ERF","PRL"
"1515","ERF","UTRN"
"1516","ERG","ADAMTS1"
"1517","ERG","CDH5"
"1518","ERG","CRISP3"
"1519","ERG","CXCL8"
"1520","ERG","CXCR4"
"1521","ERG","ENG"
"1522","ERG","EPB41L3"
"1523","ERG","EPB41L4B"
"1524","ERG","ERG"
"1525","ERG","FGF2"
"1526","ERG","HIST1H4L"
"1527","ERG","HMOX1"
"1528","ERG","HPGD"
"1529","ERG","ICAM1"
"1530","ERG","ICAM2"
"1531","ERG","ILK"
"1532","ERG","KCNN2"
"1533","ERG","PIM1"
"1534","ERG","SOX4"
"1535","ERG","SPP1"
"1536","ERG","TDRD1"
"1537","ERG","TFF3"
"1538","ERG","TMPRSS2"
"1539","ERG","VIM"
"1540","ERG","VWF"
"1541","ERG","WNT11"
"1542","ERG","ZEB1"
"1543","ESR1","ABCG2"
"1544","ESR1","AHR"
"1545","ESR1","AMH"
"1546","ESR1","AR"
"1547","ESR1","AVP"
"1548","ESR1","BCL2"
"1549","ESR1","BLM"
"1550","ESR1","BRCA1"
"1551","ESR1","BTG2"
"1552","ESR1","CCNA2"
"1553","ESR1","CCND1"
"1554","ESR1","CD24"
"1555","ESR1","CDH1"
"1556","ESR1","CDK4"
"1557","ESR1","CDKN1A"
"1558","ESR1","CDKN1B"
"1559","ESR1","CEBPB"
"1560","ESR1","CHAT"
"1561","ESR1","CRH"
"1562","ESR1","CRHBP"
"1563","ESR1","CTNNB1"
"1564","ESR1","CTSD"
"1565","ESR1","CXCL12"
"1566","ESR1","CYP19A1"
"1567","ESR1","CYP1A1"
"1568","ESR1","CYP1B1"
"1569","ESR1","CYP2C19"
"1570","ESR1","DCT"
"1571","ESR1","E2F1"
"1572","ESR1","EGFR"
"1573","ESR1","ESR1"
"1574","ESR1","ESRRA"
"1575","ESR1","F12"
"1576","ESR1","FLT1"
"1577","ESR1","FOS"
"1578","ESR1","FOXP1"
"1579","ESR1","GREB1"
"1580","ESR1","HSPB1"
"1581","ESR1","HTRA2"
"1582","ESR1","JAK2"
"1583","ESR1","JUN"
"1584","ESR1","JUNB"
"1585","ESR1","KDR"
"1586","ESR1","KRT19"
"1587","ESR1","MDM2"
"1588","ESR1","MICB"
"1589","ESR1","MMP13"
"1590","ESR1","MTA3"
"1591","ESR1","MYC"
"1592","ESR1","NQO1"
"1593","ESR1","NR5A2"
"1594","ESR1","NRF1"
"1595","ESR1","OXT"
"1596","ESR1","PELP1"
"1597","ESR1","PGR"
"1598","ESR1","PLAC1"
"1599","ESR1","PMAIP1"
"1600","ESR1","PTMA"
"1601","ESR1","RARA"
"1602","ESR1","RET"
"1603","ESR1","RUNX2"
"1604","ESR1","SERPINB9"
"1605","ESR1","SERPINE1"
"1606","ESR1","SP1"
"1607","ESR1","TAC3"
"1608","ESR1","TERT"
"1609","ESR1","TFF1"
"1610","ESR1","TGFA"
"1611","ESR1","TP53"
"1612","ESR1","TYMS"
"1613","ESR1","UGT1A4"
"1614","ESR1","UGT2B15"
"1615","ESR1","VEGFA"
"1616","ESR1","YWHAQ"
"1617","ESR1","ZEB1"
"1618","ESR1","ZFHX3"
"1619","ESR2","AVP"
"1620","ESR2","BRCA2"
"1621","ESR2","CD68"
"1622","ESR2","CDKN1A"
"1623","ESR2","CHAT"
"1624","ESR2","CRH"
"1625","ESR2","CTSD"
"1626","ESR2","FOS"
"1627","ESR2","INSR"
"1628","ESR2","JUN"
"1629","ESR2","MKNK2"
"1630","ESR2","OXT"
"1631","ESR2","PELP1"
"1632","ESR2","PTPRC"
"1633","ESR2","SERPINE1"
"1634","ESR2","TERT"
"1635","ESR2","TFF1"
"1636","ESR2","TGFA"
"1637","ESR2","VEGFA"
"1638","ESRRA","AHR"
"1639","ESRRA","CYP19A1"
"1640","ESRRA","DAP3"
"1641","ESRRA","NR2F1"
"1642","ESRRA","NR2F6"
"1643","ESRRA","NRIP1"
"1644","ESRRA","PNRC1"
"1645","ESRRA","SNAI1"
"1646","ESRRA","SNAI2"
"1647","ESRRB","BCAS2"
"1648","ESRRG","NR0B1"
"1649","ETS1","ABCB1"
"1650","ETS1","ANGPT2"
"1651","ETS1","ANPEP"
"1652","ETS1","ATXN2"
"1653","ETS1","BAX"
"1654","ETS1","BMP4"
"1655","ETS1","EMSY"
"1656","ETS1","CA9"
"1657","ETS1","CASP1"
"1658","ETS1","CD6"
"1659","ETS1","CD8A"
"1660","ETS1","CDKN1A"
"1661","ETS1","CDKN2A"
"1662","ETS1","CHUK"
"1663","ETS1","COL1A1"
"1664","ETS1","CR1"
"1665","ETS1","CSF2"
"1666","ETS1","CSF3R"
"1667","ETS1","CSNK2A1"
"1668","ETS1","CSNK2B"
"1669","ETS1","CTGF"
"1670","ETS1","CTSB"
"1671","ETS1","CXCR4"
"1672","ETS1","DUSP6"
"1673","ETS1","ECE1"
"1674","ETS1","EGR1"
"1675","ETS1","ERG"
"1676","ETS1","F13A1"
"1677","ETS1","FGFBP1"
"1678","ETS1","FLI1"
"1679","ETS1","FLT1"
"1680","ETS1","FOXD1"
"1681","ETS1","GP6"
"1682","ETS1","GRPR"
"1683","ETS1","HMOX1"
"1684","ETS1","HPGD"
"1685","ETS1","IGFBP1"
"1686","ETS1","IL2"
"1687","ETS1","IL2RB"
"1688","ETS1","IL3"
"1689","ETS1","IL5"
"1690","ETS1","ITGB3"
"1691","ETS1","CIP2A"
"1692","ETS1","LCK"
"1693","ETS1","MDM2"
"1694","ETS1","MGAT5"
"1695","ETS1","MMP1"
"1696","ETS1","MMP10"
"1697","ETS1","MMP13"
"1698","ETS1","MMP3"
"1699","ETS1","MMP9"
"1700","ETS1","MUC4"
"1701","ETS1","MYB"
"1702","ETS1","NDRG1"
"1703","ETS1","NKX3-1"
"1704","ETS1","PARP1"
"1705","ETS1","PF4"
"1706","ETS1","PLAU"
"1707","ETS1","PRL"
"1708","ETS1","PTHLH"
"1709","ETS1","RHOC"
"1710","ETS1","SLC26A3"
"1711","ETS1","SPRY2"
"1712","ETS1","SQSTM1"
"1713","ETS1","TAF12"
"1714","ETS1","TBXA2R"
"1715","ETS1","TBXAS1"
"1716","ETS1","TERT"
"1717","ETS1","TFAP2A"
"1718","ETS1","TGFBR2"
"1719","ETS1","TMEM158"
"1720","ETS1","TNC"
"1721","ETS1","TNFSF14"
"1722","ETS1","TP53"
"1723","ETS1","TRA"
"1724","ETS1","TRB"
"1725","ETS1","VWF"
"1726","ETS1","WAS"
"1727","ETS1","WT1"
"1728","ETS2","ANGPT2"
"1729","ETS2","ANPEP"
"1730","ETS2","APP"
"1731","ETS2","CD163"
"1732","ETS2","CDK1"
"1733","ETS2","CDKN1A"
"1734","ETS2","CDKN2A"
"1735","ETS2","CGA"
"1736","ETS2","CHRNE"
"1737","ETS2","CSF2"
"1738","ETS2","CSF3R"
"1739","ETS2","CXCL8"
"1740","ETS2","EGR1"
"1741","ETS2","ERG"
"1742","ETS2","FLI1"
"1743","ETS2","ICAM1"
"1744","ETS2","IL12B"
"1745","ETS2","IL5"
"1746","ETS2","LCK"
"1747","ETS2","MDM2"
"1748","ETS2","MMP1"
"1749","ETS2","MMP2"
"1750","ETS2","MMP3"
"1751","ETS2","MMP9"
"1752","ETS2","MSR1"
"1753","ETS2","MYC"
"1754","ETS2","PDE7A"
"1755","ETS2","TERT"
"1756","ETS2","TLR9"
"1757","ETS2","TNC"
"1758","ETS2","TP53"
"1759","ETS2","VWF"
"1760","ETV1","AR"
"1761","ETV1","CAT"
"1762","ETV3","MMP1"
"1763","ETV3","NFKB1"
"1764","ETV3","RELA"
"1765","ETV4","AGTR1"
"1766","ETV4","BDKRB1"
"1767","ETV4","BTS1"
"1768","ETV4","CCND2"
"1769","ETV4","CCND3"
"1770","ETV4","EGLN1"
"1771","ETV4","ERBB2"
"1772","ETV4","ETS1"
"1773","ETV4","GBA"
"1774","ETV4","MMP1"
"1775","ETV4","MMP14"
"1776","ETV4","MMP2"
"1777","ETV4","MMP7"
"1778","ETV4","MUC4"
"1779","ETV4","PLAUR"
"1780","ETV4","PTGS2"
"1781","ETV4","SYN2"
"1782","ETV4","TERT"
"1783","ETV4","TGFBR2"
"1784","ETV4","TIMP2"
"1785","ETV4","TNF"
"1786","ETV4","VIM"
"1787","ETV5","ICAM1"
"1788","ETV5","MMP2"
"1789","ETV6","BBC3"
"1790","ETV6","CDKN1A"
"1791","ETV6","GAS2"
"1792","ETV6","IGFBP5"
"1793","ETV6","MAD2L1"
"1794","ETV7","ETS1"
"1795","ETV7","ETS2"
"1796","ETV7","ETV6"
"1797","EVX1","GSC"
"1798","EWSR1","ATF1"
"1799","EWSR1","CCK"
"1800","EWSR1","EGR2"
"1801","EWSR1","MITF"
"1802","EWSR1","NR0B1"
"1803","EWSR1","PHLDA1"
"1804","EWSR1","POU4F1"
"1805","EWSR1","TERT"
"1806","EWSR1","TGFBR2"
"1807","EZH2","ADAMTS1"
"1808","EZH2","ADRB2"
"1809","EZH2","ALDH1A1"
"1810","EZH2","APC"
"1811","EZH2","AXL"
"1812","EZH2","BRCA1"
"1813","EZH2","CCND1"
"1814","EZH2","CCNE1"
"1815","EZH2","CDH1"
"1816","EZH2","CDKN1A"
"1817","EZH2","CDKN2A"
"1818","EZH2","CDKN2B"
"1819","EZH2","CIITA"
"1820","EZH2","CPEB1"
"1821","EZH2","DACT3"
"1822","EZH2","FBXO32"
"1823","EZH2","FOXC1"
"1824","EZH2","HDAC1"
"1825","EZH2","HOXB13"
"1826","EZH2","IGFBP1"
"1827","EZH2","KPNB1"
"1828","EZH2","MMP2"
"1829","EZH2","MST1"
"1830","EZH2","MYC"
"1831","EZH2","PAX8"
"1832","EZH2","PCNA"
"1833","EZH2","PEBP1"
"1834","EZH2","PIP5K1C"
"1835","EZH2","POLR3D"
"1836","EZH2","PRL"
"1837","EZH2","PTEN"
"1838","EZH2","RPLP0"
"1839","EZH2","RUNX3"
"1840","EZH2","SATB1"
"1841","EZH2","SFRP1"
"1842","EZH2","SNAI2"
"1843","EZH2","SSTR1"
"1844","EZH2","TP53"
"1845","EZH2","TWIST1"
"1846","EZH2","VDR"
"1847","FHL2","CCND1"
"1848","FHL2","CDKN1A"
"1849","FHL2","CDKN1B"
"1850","FHL2","NFKB1"
"1851","FHL2","RELA"
"1852","FIGLA","TCF3"
"1853","FLI1","CCK"
"1854","FLI1","COL1A2"
"1855","FLI1","CTGF"
"1856","FLI1","EP300"
"1857","FLI1","ERG"
"1858","FLI1","EYA3"
"1859","FLI1","FLI1"
"1860","FLI1","FOXM1"
"1861","FLI1","GATA1"
"1862","FLI1","GP6"
"1863","FLI1","GP9"
"1864","FLI1","HDAC1"
"1865","FLI1","HMOX1"
"1866","FLI1","ID2"
"1867","FLI1","IGFBP3"
"1868","FLI1","IL10"
"1869","FLI1","ITGA2B"
"1870","FLI1","MIR708"
"1871","FLI1","MMP1"
"1872","FLI1","MPL"
"1873","FLI1","PF4"
"1874","FLI1","PHLDA1"
"1875","FLI1","TERT"
"1876","FLI1","TGFBR2"
"1877","FOS","ACTA1"
"1878","FOS","BATF3"
"1879","FOS","BCL2L1"
"1880","FOS","CASP9"
"1881","FOS","CCK"
"1882","FOS","CCND1"
"1883","FOS","CD40LG"
"1884","FOS","CLU"
"1885","FOS","CREM"
"1886","FOS","CRP"
"1887","FOS","CSTA"
"1888","FOS","CXCL8"
"1889","FOS","CYP1A2"
"1890","FOS","DDIT3"
"1891","FOS","ERCC4"
"1892","FOS","EZR"
"1893","FOS","FAS"
"1894","FOS","FGFBP1"
"1895","FOS","VEGFD"
"1896","FOS","FMO4"
"1897","FOS","FOS"
"1898","FOS","FOXA1"
"1899","FOS","GSTP1"
"1900","FOS","HSPH1"
"1901","FOS","IL1A"
"1902","FOS","LRIG2"
"1903","FOS","MELTF"
"1904","FOS","MMP1"
"1905","FOS","MMP3"
"1906","FOS","MMP7"
"1907","FOS","MMP9"
"1908","FOS","MYC"
"1909","FOS","NEFL"
"1910","FOS","NFKB1"
"1911","FOS","NGF"
"1912","FOS","NOS2"
"1913","FOS","NPPA"
"1914","FOS","NPY"
"1915","FOS","NQO1"
"1916","FOS","NTF3"
"1917","FOS","NTS"
"1918","FOS","OXTR"
"1919","FOS","PCK2"
"1920","FOS","PDHA1"
"1921","FOS","PGR"
"1922","FOS","PLAU"
"1923","FOS","PLAUR"
"1924","FOS","PTGS2"
"1925","FOS","SLC10A2"
"1926","FOS","SMAD4"
"1927","FOS","SMAD7"
"1928","FOS","SOX7"
"1929","FOS","SPI1"
"1930","FOS","SPRR3"
"1931","FOS","SRR"
"1932","FOS","STAR"
"1933","FOS","TP53"
"1934","FOSB","CXCL8"
"1935","FOSB","TGFB1"
"1936","FOSB","TIMP1"
"1937","FOSL1","CLU"
"1938","FOSL1","EZH2"
"1939","FOSL1","GCLC"
"1940","FOSL1","ITGAV"
"1941","FOSL1","ITGB3"
"1942","FOSL1","IVL"
"1943","FOSL1","MMP1"
"1944","FOSL1","PLAUR"
"1945","FOSL1","SFTPD"
"1946","FOSL2","BCL6"
"1947","FOSL2","BRCA1"
"1948","FOSL2","CCR4"
"1949","FOSL2","CLU"
"1950","FOSL2","FOSL1"
"1951","FOSL2","IBSP"
"1952","FOSL2","IL5"
"1953","FOSL2","IVL"
"1954","FOSL2","MDM2"
"1955","FOSL2","MYB"
"1956","FOSL2","NOS2"
"1957","FOSL2","PLAUR"
"1958","FOSL2","TGFB1"
"1959","FOSL2","TIMP1"
"1960","FOSL2","UGT2B15"
"1961","FOXA1","ABCA1"
"1962","FOXA1","AGR2"
"1963","FOXA1","APOB"
"1964","FOXA1","BCL2"
"1965","FOXA1","BRCA1"
"1966","FOXA1","CCNG2"
"1967","FOXA1","CFTR"
"1968","FOXA1","ESR1"
"1969","FOXA1","GCG"
"1970","FOXA1","HSPA1A"
"1971","FOXA1","KRT7"
"1972","FOXA1","MYC"
"1973","FOXA1","NF1"
"1974","FOXA1","NKX2-1"
"1975","FOXA1","RET"
"1976","FOXA1","RPRM"
"1977","FOXA1","SERPINC1"
"1978","FOXA1","SFTPB"
"1979","FOXA1","TFF1"
"1980","FOXA1","UGT2B15"
"1981","FOXA1","UGT2B17"
"1982","FOXA2","ABCA1"
"1983","FOXA2","AGR2"
"1984","FOXA2","APOA1"
"1985","FOXA2","CDH1"
"1986","FOXA2","CFTR"
"1987","FOXA2","COL18A1"
"1988","FOXA2","GCG"
"1989","FOXA2","GFER"
"1990","FOXA2","MMP7"
"1991","FOXA2","NKX2-1"
"1992","FOXA2","NR5A2"
"1993","FOXA2","PAX6"
"1994","FOXA2","SERPINC1"
"1995","FOXA2","SLCO1B3"
"1996","FOXA2","SOX14"
"1997","FOXA2","TCF7L2"
"1998","FOXA2","TFF1"
"1999","FOXA2","TPO"
"2000","FOXA3","CYP3A4"
"2001","FOXA3","CYP3A7"
"2002","FOXC1","FGF19"
"2003","FOXC1","FOXO1"
"2004","FOXC2","ANGPT2"
"2005","FOXD3","CAPN6"
"2006","FOXD3","CYFIP2"
"2007","FOXD3","MITF"
"2008","FOXD3","NDRG1"
"2009","FOXD3","RARB"
"2010","FOXD3","RND3"
"2011","FOXD3","SPP1"
"2012","FOXD3","ZNF175"
"2013","FOXE1","MSX1"
"2014","FOXE1","TPO"
"2015","FOXF1","CDH1"
"2016","FOXF1","GH2"
"2017","FOXF2","BAMBI"
"2018","FOXF2","CXCL12"
"2019","FOXF2","ITGB1"
"2020","FOXF2","MT1E"
"2021","FOXF2","MT1F"
"2022","FOXF2","PDGFA"
"2023","FOXF2","PSG7"
"2024","FOXF2","WASF2"
"2025","FOXG1","CDKN1A"
"2026","FOXH1","AR"
"2027","FOXH1","CTCF"
"2028","FOXI1","CFTR"
"2029","FOXI1","SLC26A4"
"2030","FOXJ1","ASPM"
"2031","FOXK2","IL2"
"2032","FOXK2","SIN3A"
"2033","FOXL1","BMP4"
"2034","FOXL2","CCND2"
"2035","FOXL2","CYP11A1"
"2036","FOXL2","CYP19A1"
"2037","FOXL2","SIRT1"
"2038","FOXL2","STAR"
"2039","FOXM1","APOE"
"2040","FOXM1","AR"
"2041","FOXM1","BRIP1"
"2042","FOXM1","BTG2"
"2043","FOXM1","CCNB1"
"2044","FOXM1","CDC25A"
"2045","FOXM1","CDC25B"
"2046","FOXM1","CDC6"
"2047","FOXM1","CDH1"
"2048","FOXM1","CDKN2A"
"2049","FOXM1","CYP3A4"
"2050","FOXM1","FGB"
"2051","FOXM1","KRT15"
"2052","FOXM1","MYC"
"2053","FOXM1","SFTPB"
"2054","FOXM1","VEGFA"
"2055","FOXM1","VEGFB"
"2056","FOXN1","DSG4"
"2057","FOXN4","PANK2"
"2058","FOXO1","ADIPOR1"
"2059","FOXO1","ANGPT2"
"2060","FOXO1","AR"
"2061","FOXO1","CDKN1B"
"2062","FOXO1","CXCR4"
"2063","FOXO1","EDN1"
"2064","FOXO1","EGR1"
"2065","FOXO1","FABP4"
"2066","FOXO1","FSHB"
"2067","FOXO1","HYOU1"
"2068","FOXO1","IGFBP1"
"2069","FOXO1","IL6"
"2070","FOXO1","IRS2"
"2071","FOXO1","KLF2"
"2072","FOXO1","LHB"
"2073","FOXO1","NEUROG3"
"2074","FOXO1","NKX6-1"
"2075","FOXO1","NLK"
"2076","FOXO1","PDGFA"
"2077","FOXO1","PDGFB"
"2078","FOXO1","PRL"
"2079","FOXO1","RAG1"
"2080","FOXO1","TNFSF10"
"2081","FOXO1","TXNIP"
"2082","FOXO3","AR"
"2083","FOXO3","BBC3"
"2084","FOXO3","BCL2L11"
"2085","FOXO3","BCL6"
"2086","FOXO3","BIRC5"
"2087","FOXO3","CCND2"
"2088","FOXO3","CDKN2B"
"2089","FOXO3","FASLG"
"2090","FOXO3","FOXM1"
"2091","FOXO3","GALT"
"2092","FOXO3","MYOCD"
"2093","FOXO3","PIK3CA"
"2094","FOXO3","SIRT1"
"2095","FOXO3","SIRT6"
"2096","FOXO3","TNFSF10"
"2097","FOXO3","TXNIP"
"2098","FOXO3","VEGFA"
"2099","FOXO3","VEGFB"
"2100","FOXO4","BCL6"
"2101","FOXO4","CREB1"
"2102","FOXO4","HIF1A"
"2103","FOXO4","PSMD11"
"2104","FOXO4","SOD2"
"2105","FOXO4","TNFSF10"
"2106","FOXP1","HIP1R"
"2107","FOXP1","KLK3"
"2108","FOXP1","RAG1"
"2109","FOXP2","CNTNAP2"
"2110","FOXP2","MET"
"2111","FOXP2","NKX2-1"
"2112","FOXP2","PLAUR"
"2113","FOXP2","SRPX"
"2114","FOXP2","SRPX2"
"2115","FOXP3","BRCA1"
"2116","FOXP3","CCR4"
"2117","FOXP3","CDKN1A"
"2118","FOXP3","ERBB2"
"2119","FOXP3","IL10"
"2120","FOXP3","IL2"
"2121","FOXP3","IL2RA"
"2122","FOXP3","SATB1"
"2123","FOXP3","TLR10"
"2124","FOXP3","USP21"
"2125","FOXP3","ZNF205"
"2126","FOXQ1","BCL11A"
"2127","FOXQ1","CDH1"
"2128","FOXQ1","RSPO2"
"2129","FOXQ1","TWIST1"
"2130","FOXQ1","VEGFA"
"2131","FOXQ1","WNT3A"
"2132","FUBP1","CDKN1A"
"2133","FUBP1","MYC"
"2134","FUBP3","FGF9"
"2135","FUS","AR"
"2136","FUS","DDIT3"
"2137","FUS","KLK3"
"2138","FUS","MDM2"
"2139","GABPA","ERBB2"
"2140","GABPA","OXTR"
"2141","GABPA","RPS3A"
"2142","GABPA","TOMM70"
"2143","GABPA","ZNF205"
"2144","GABPB1","OXTR"
"2145","GABPB2","RPS3A"
"2146","GATA1","AGGF1"
"2147","GATA1","ALAS2"
"2148","GATA1","BACE1"
"2149","GATA1","BACH1"
"2150","GATA1","BDKRB1"
"2151","GATA1","BST2"
"2152","GATA1","CBFB"
"2153","GATA1","CCR3"
"2154","GATA1","CDA"
"2155","GATA1","CDC6"
"2156","GATA1","CEBPA"
"2157","GATA1","COPS5"
"2158","GATA1","CYBB"
"2159","GATA1","DACH1"
"2160","GATA1","DICER1"
"2161","GATA1","DPYSL2"
"2162","GATA1","EPO"
"2163","GATA1","EPOR"
"2164","GATA1","F13A1"
"2165","GATA1","FCER1A"
"2166","GATA1","FLI1"
"2167","GATA1","FURIN"
"2168","GATA1","GATA1"
"2169","GATA1","GFI1B"
"2170","GATA1","GNAS"
"2171","GATA1","GP1BB"
"2172","GATA1","GP6"
"2173","GATA1","GP9"
"2174","GATA1","GYPB"
"2175","GATA1","HBA1"
"2176","GATA1","HBA2"
"2177","GATA1","HBB"
"2178","GATA1","HBE1"
"2179","GATA1","HBG1"
"2180","GATA1","HEMGN"
"2181","GATA1","PBXIP1"
"2182","GATA1","IFNG"
"2183","GATA1","IL1RL1"
"2184","GATA1","ITGA2B"
"2185","GATA1","KLF1"
"2186","GATA1","LTBP4"
"2187","GATA1","MPL"
"2188","GATA1","MUC1"
"2189","GATA1","NFE2"
"2190","GATA1","PF4"
"2191","GATA1","PPOX"
"2192","GATA1","PRG2"
"2193","GATA1","PTGFR"
"2194","GATA1","RUNX1"
"2195","GATA1","SEMG1"
"2196","GATA1","SMAD1"
"2197","GATA1","SPI1"
"2198","GATA1","ST2"
"2199","GATA1","TAL1"
"2200","GATA1","TBXA2R"
"2201","GATA1","WT1"
"2202","GATA1","ZNF268"
"2203","GATA2","ADH1A"
"2204","GATA2","ANGPT2"
"2205","GATA2","AR"
"2206","GATA2","CYBB"
"2207","GATA2","DPYSL2"
"2208","GATA2","EPO"
"2209","GATA2","ERVW-1"
"2210","GATA2","FCER1A"
"2211","GATA2","GATA1"
"2212","GATA2","IL1RL1"
"2213","GATA2","MS4A2"
"2214","GATA2","NOS3"
"2215","GATA2","PECAM1"
"2216","GATA2","PPARG"
"2217","GATA2","PRG2"
"2218","GATA2","SPI1"
"2219","GATA2","ST2"
"2220","GATA2","TSHB"
"2221","GATA2","WT1"
"2222","GATA3","ALDH1A2"
"2223","GATA3","CD40LG"
"2224","GATA3","CD8A"
"2225","GATA3","CD8B"
"2226","GATA3","CDH1"
"2227","GATA3","CDH3"
"2228","GATA3","CDX2"
"2229","GATA3","CHST4"
"2230","GATA3","CXCL1"
"2231","GATA3","EPO"
"2232","GATA3","EPOR"
"2233","GATA3","ERG"
"2234","GATA3","ERVW-1"
"2235","GATA3","ESR1"
"2236","GATA3","FOXC1"
"2237","GATA3","FOXC2"
"2238","GATA3","FUT7"
"2239","GATA3","GATA3"
"2240","GATA3","HSD17B1"
"2241","GATA3","IFNG"
"2242","GATA3","IL10"
"2243","GATA3","IL12RB2"
"2244","GATA3","IL4"
"2245","GATA3","IL5"
"2246","GATA3","KLK1"
"2247","GATA3","LOX"
"2248","GATA3","MMP1"
"2249","GATA3","MUC1"
"2250","GATA3","NFKB1"
"2251","GATA3","PAEP"
"2252","GATA3","RELA"
"2253","GATA3","SLCO4C1"
"2254","GATA3","STAT4"
"2255","GATA3","TCF7L2"
"2256","GATA3","TEK"
"2257","GATA3","TGFBR3"
"2258","GATA3","TRA"
"2259","GATA3","ZEB1"
"2260","GATA4","AMH"
"2261","GATA4","CCND2"
"2262","GATA4","CYP17A1"
"2263","GATA4","ERBB2"
"2264","GATA4","FABP2"
"2265","GATA4","FCGR2B"
"2266","GATA4","FCGR3B"
"2267","GATA4","FGF10"
"2268","GATA4","HAMP"
"2269","GATA4","HDAC9"
"2270","GATA4","IAPP"
"2271","GATA4","IL5"
"2272","GATA4","NOS3"
"2273","GATA4","NPPA"
"2274","GATA4","NPPB"
"2275","GATA4","SGPL1"
"2276","GATA4","SI"
"2277","GATA4","STAR"
"2278","GATA4","SUMO1"
"2279","GATA5","SLC5A1"
"2280","GATA6","APOA1"
"2281","GATA6","CAV1"
"2282","GATA6","CYP11A1"
"2283","GATA6","CYP17A1"
"2284","GATA6","DAB2"
"2285","GATA6","DKK1"
"2286","GATA6","PLAU"
"2287","GATA6","SULT2A1"
"2288","GATA6","VWF"
"2289","GBX2","IL6"
"2290","GCM1","ERVFRD-1"
"2291","GCM1","ERVW-1"
"2292","GCM1","MFSD2A"
"2293","GCM1","PGF"
"2294","GCM2","CASR"
"2295","GCM2","PTH"
"2296","GFI1","BAX"
"2297","GFI1","CDKN1A"
"2298","GFI1","CYP27B1"
"2299","GFI1","ELANE"
"2300","GFI1","GUCY1B1"
"2301","GFI1","NF1"
"2302","GFI1B","MEF2C"
"2303","GLI1","AKT1"
"2304","GLI1","BCL2"
"2305","GLI1","BHLHE41"
"2306","GLI1","CDK2"
"2307","GLI1","CYR61"
"2308","GLI1","EGR2"
"2309","GLI1","FAS"
"2310","GLI1","H2AFX"
"2311","GLI1","IL1R2"
"2312","GLI1","JUN"
"2313","GLI1","MUC5AC"
"2314","GLI1","PDGFRA"
"2315","GLI1","S100A7"
"2316","GLI1","S100A9"
"2317","GLI1","SFRP1"
"2318","GLI1","SMAD4"
"2319","GLI1","SOCS1"
"2320","GLI1","SOX9"
"2321","GLI1","TNFRSF10B"
"2322","GLI2","BCL2"
"2323","GLI2","BHLHE41"
"2324","GLI2","CDH1"
"2325","GLI2","FAS"
"2326","GLI2","FOXA2"
"2327","GLI2","FOXC2"
"2328","GLI2","FOXE1"
"2329","GLI2","FOXF1"
"2330","GLI2","FOXL1"
"2331","GLI2","FST"
"2332","GLI2","H2AFX"
"2333","GLI2","IFITM5"
"2334","GLI2","JUN"
"2335","GLI2","MUC5AC"
"2336","GLI2","PDGFRA"
"2337","GLI2","SOCS1"
"2338","GLI2","TNFRSF10B"
"2339","GLI2","WNT2B"
"2340","GLI3","HLA-G"
"2341","GLI3","SMO"
"2342","GLI3","VMP1"
"2343","GLIS3","INS"
"2344","GRHL1","CYP11A1"
"2345","GSC","GSC2"
"2346","GTF2A1","TBP"
"2347","GTF2B","BDKRB1"
"2348","GTF2F1","BGLAP"
"2349","GTF2I","DNAAF4"
"2350","GTF2I","HSPA5"
"2351","GTF2I","SIRT1"
"2352","GTF3A","ADM"
"2353","GTF3A","BAG3"
"2354","GTF3A","FUS"
"2355","GTF3A","RAD51B"
"2356","GTF3A","STAT1"
"2357","GZF1","HOXA10"
"2358","HAND2","DBH"
"2359","HAND2","GATA4"
"2360","HAND2","NPPA"
"2361","HAND2","PHOX2A"
"2362","HAX1","ATP2A2"
"2363","HBP1","CDKN1A"
"2364","HBP1","DNMT1"
"2365","HBP1","MIF"
"2366","HBP1","NCF1"
"2367","HCFC1","E2F1"
"2368","HCFC1","E2F4"
"2369","HCFC1","MMACHC"
"2370","HDAC1","ABCB1"
"2371","HDAC1","ALOX15"
"2372","HDAC1","APOC3"
"2373","HDAC1","AR"
"2374","HDAC1","BAMBI"
"2375","HDAC1","BCL2A1"
"2376","HDAC1","BIRC3"
"2377","HDAC1","BIRC5"
"2378","HDAC1","BRCA2"
"2379","HDAC1","CCND1"
"2380","HDAC1","CCND2"
"2381","HDAC1","CD1D"
"2382","HDAC1","CD44"
"2383","HDAC1","CD82"
"2384","HDAC1","CDH1"
"2385","HDAC1","CDKN1A"
"2386","HDAC1","CDKN2A"
"2387","HDAC1","CLDN7"
"2388","HDAC1","COL1A2"
"2389","HDAC1","CXCL8"
"2390","HDAC1","CYP3A4"
"2391","HDAC1","DEFB1"
"2392","HDAC1","DNMT1"
"2393","HDAC1","E2F1"
"2394","HDAC1","EGFR"
"2395","HDAC1","EGR1"
"2396","HDAC1","EIF2AK1"
"2397","HDAC1","EPCAM"
"2398","HDAC1","ESR1"
"2399","HDAC1","FOS"
"2400","HDAC1","GAD1"
"2401","HDAC1","GRIN2B"
"2402","HDAC1","HLA-DRA"
"2403","HDAC1","HMGCS1"
"2404","HDAC1","HSPA5"
"2405","HDAC1","ICAM1"
"2406","HDAC1","IGFBP3"
"2407","HDAC1","IL2"
"2408","HDAC1","KLF4"
"2409","HDAC1","MGMT"
"2410","HDAC1","MICA"
"2411","HDAC1","MICB"
"2412","HDAC1","MMP28"
"2413","HDAC1","MMP9"
"2414","HDAC1","NFKB1"
"2415","HDAC1","NOS3"
"2416","HDAC1","PCNA"
"2417","HDAC1","PHB"
"2418","HDAC1","POU5F1"
"2419","HDAC1","PSIP1"
"2420","HDAC1","PTGS2"
"2421","HDAC1","RARB"
"2422","HDAC1","RECK"
"2423","HDAC1","RECQL4"
"2424","HDAC1","RELN"
"2425","HDAC1","RGS10"
"2426","HDAC1","RHOB"
"2427","HDAC1","RUNX3"
"2428","HDAC1","SERPINB5"
"2429","HDAC1","SFRP1"
"2430","HDAC1","SMAD7"
"2431","HDAC1","SNAI2"
"2432","HDAC1","SP1"
"2433","HDAC1","SPP1"
"2434","HDAC1","STAT3"
"2435","HDAC1","TERT"
"2436","HDAC1","TFF1"
"2437","HDAC1","TJP1"
"2438","HDAC1","TNFRSF10A"
"2439","HDAC1","TP53"
"2440","HDAC1","TXNIP"
"2441","HDAC10","TXNIP"
"2442","HDAC11","IL10"
"2443","HDAC11","IL17A"
"2444","HDAC11","MYC"
"2445","HDAC11","TNF"
"2446","HDAC11","TNFSF4"
"2447","HDAC2","ALOX5"
"2448","HDAC2","APAF1"
"2449","HDAC2","BMP7"
"2450","HDAC2","CAD"
"2451","HDAC2","CCL2"
"2452","HDAC2","CCNE1"
"2453","HDAC2","CD1D"
"2454","HDAC2","CDH1"
"2455","HDAC2","CDKN1A"
"2456","HDAC2","COL1A2"
"2457","HDAC2","CXCL8"
"2458","HDAC2","DEC1"
"2459","HDAC2","DNMT1"
"2460","HDAC2","GRM2"
"2461","HDAC2","IGF1"
"2462","HDAC2","KLF4"
"2463","HDAC2","MUC5AC"
"2464","HDAC2","MYC"
"2465","HDAC2","MYCN"
"2466","HDAC2","PHB"
"2467","HDAC2","SNAI2"
"2468","HDAC2","SP1"
"2469","HDAC2","TGFBR2"
"2470","HDAC2","TNFSF10"
"2471","HDAC2","TP63"
"2472","HDAC2","TWIST1"
"2473","HDAC2","VEGFA"
"2474","HDAC3","ALOX5"
"2475","HDAC3","APOC3"
"2476","HDAC3","CDH1"
"2477","HDAC3","CDKN2A"
"2478","HDAC3","CXCR4"
"2479","HDAC3","EGFR"
"2480","HDAC3","GAS2"
"2481","HDAC3","GATA2"
"2482","HDAC3","GCM1"
"2483","HDAC3","GRHL1"
"2484","HDAC3","GTF2I"
"2485","HDAC3","IFNA1"
"2486","HDAC3","JUN"
"2487","HDAC3","LGALS9"
"2488","HDAC3","LSS"
"2489","HDAC3","MBD1"
"2490","HDAC3","MMP2"
"2491","HDAC3","MYC"
"2492","HDAC3","PCK2"
"2493","HDAC3","PRAM1"
"2494","HDAC3","TLR9"
"2495","HDAC3","TNF"
"2496","HDAC3","ULBP1"
"2497","HDAC3","VEGFA"
"2498","HDAC4","ATF4"
"2499","HDAC4","CA9"
"2500","HDAC4","CDKN1A"
"2501","HDAC4","CDKN2A"
"2502","HDAC4","HDAC3"
"2503","HDAC4","HOXB13"
"2504","HDAC4","IL10"
"2505","HDAC4","IL5"
"2506","HDAC4","JUN"
"2507","HDAC4","KLF4"
"2508","HDAC4","MEF2A"
"2509","HDAC4","MMP13"
"2510","HDAC4","PTPA"
"2511","HDAC4","PTGES"
"2512","HDAC4","PTGS2"
"2513","HDAC4","RECK"
"2514","HDAC4","RUNX2"
"2515","HDAC4","SLC2A4"
"2516","HDAC4","SMAD4"
"2517","HDAC4","TGIF1"
"2518","HDAC4","TGIF2"
"2519","HDAC4","VCAM1"
"2520","HDAC4","VEGFA"
"2521","HDAC4","WT1"
"2522","HDAC5","FGF2"
"2523","HDAC5","IGF2"
"2524","HDAC5","MEF2A"
"2525","HDAC5","SLC2A1"
"2526","HDAC5","SLC2A4"
"2527","HDAC5","SLIT2"
"2528","HDAC5","WT1"
"2529","HDAC5","YY1"
"2530","HDAC7","ACTN4"
"2531","HDAC7","AKAP12"
"2532","HDAC7","CDKN1A"
"2533","HDAC7","CYP7A1"
"2534","HDAC7","ESR1"
"2535","HDAC7","HDC"
"2536","HDAC7","HIF1A"
"2537","HDAC7","MAML1"
"2538","HDAC7","MEF2A"
"2539","HDAC7","MEF2C"
"2540","HDAC7","MEF2D"
"2541","HDAC7","MMP10"
"2542","HDAC7","NR4A1"
"2543","HDAC9","APP"
"2544","HDAC9","CDKN2A"
"2545","HDAC9","CFLAR"
"2546","HDAC9","CITED2"
"2547","HDAC9","DIRAS3"
"2548","HDAC9","ESR1"
"2549","HDAC9","HSPA5"
"2550","HDAC9","IGFBP1"
"2551","HDAC9","IL18"
"2552","HDAC9","MEF2A"
"2553","HDAC9","MMP13"
"2554","HDAC9","MYEF2"
"2555","HDAC9","NFKB1"
"2556","HDAC9","PRL"
"2557","HDAC9","RELA"
"2558","HDAC9","STAT6"
"2559","HDAC9","TNFRSF10B"
"2560","HDAC9","TP53"
"2561","HDGF","CDH1"
"2562","HDGF","FAS"
"2563","HDGF","SMYD1"
"2564","HDGF","VEGFA"
"2565","HDGF","VEGFB"
"2566","HDGF","VIM"
"2567","HES1","ASCL1"
"2568","HES1","CD4"
"2569","HES1","DBF4"
"2570","HES1","E2F1"
"2571","HES1","HTR1A"
"2572","HES1","MAP2"
"2573","HES1","PTEN"
"2574","HES1","PTGDS"
"2575","HES6","ASCL1"
"2576","HES6","HTR1A"
"2577","HEXIM1","CCND1"
"2578","HEXIM1","VEGFA"
"2579","HEY1","ACTA2"
"2580","HEY1","BMP2"
"2581","HEY1","GATA4"
"2582","HEY1","GATA6"
"2583","HEY1","KDR"
"2584","HEY1","OCLN"
"2585","HEY1","PROX1"
"2586","HEY2","ACTA2"
"2587","HEY2","GATA4"
"2588","HEY2","GATA6"
"2589","HEYL","AR"
"2590","HHEX","HNF4A"
"2591","HHEX","SLC5A5"
"2592","HHEX","TLE1"
"2593","HIC1","ACKR3"
"2594","HIC1","E2F1"
"2595","HIC1","EPHA2"
"2596","HIC1","LRP8"
"2597","HIC1","MYC"
"2598","HIC1","SIRT1"
"2599","HIC1","STAT3"
"2600","HIC1","VEGFA"
"2601","HIC1","VLDLR"
"2602","HIF1A","ABCB1"
"2603","HIF1A","ACE"
"2604","HIF1A","ACE2"
"2605","HIF1A","AGTR1"
"2606","HIF1A","ALAS2"
"2607","HIF1A","ALDOA"
"2608","HIF1A","ALOX5AP"
"2609","HIF1A","APEX1"
"2610","HIF1A","AR"
"2611","HIF1A","ARNT"
"2612","HIF1A","ARNT2"
"2613","HIF1A","ASS1"
"2614","HIF1A","BAX"
"2615","HIF1A","BID"
"2616","HIF1A","BNIP3"
"2617","HIF1A","CA9"
"2618","HIF1A","CCND1"
"2619","HIF1A","CCR7"
"2620","HIF1A","CDH1"
"2621","HIF1A","CTGF"
"2622","HIF1A","CXCL12"
"2623","HIF1A","CXCR4"
"2624","HIF1A","E2F3"
"2625","HIF1A","EDN1"
"2626","HIF1A","EDNRB"
"2627","HIF1A","EGLN1"
"2628","HIF1A","EGLN3"
"2629","HIF1A","ENO1"
"2630","HIF1A","EPO"
"2631","HIF1A","ERCC2"
"2632","HIF1A","FAM162A"
"2633","HIF1A","FGF2"
"2634","HIF1A","GAPDH"
"2635","HIF1A","GCK"
"2636","HIF1A","HBEGF"
"2637","HIF1A","HIF1A"
"2638","HIF1A","ITGB2"
"2639","HIF1A","KLK3"
"2640","HIF1A","LDHA"
"2641","HIF1A","LEP"
"2642","HIF1A","LOX"
"2643","HIF1A","MET"
"2644","HIF1A","MICA"
"2645","HIF1A","MIF"
"2646","HIF1A","MMP2"
"2647","HIF1A","MUC1"
"2648","HIF1A","MUC3A"
"2649","HIF1A","NR3C1"
"2650","HIF1A","NR4A1"
"2651","HIF1A","NT5E"
"2652","HIF1A","PFKFB3"
"2653","HIF1A","PFKFB4"
"2654","HIF1A","PGK1"
"2655","HIF1A","PIK3CA"
"2656","HIF1A","PLAU"
"2657","HIF1A","PPARA"
"2658","HIF1A","PPP1R3C"
"2659","HIF1A","PTGES"
"2660","HIF1A","RECK"
"2661","HIF1A","RORA"
"2662","HIF1A","SDHB"
"2663","HIF1A","SERPINE1"
"2664","HIF1A","SETD2"
"2665","HIF1A","SLC29A1"
"2666","HIF1A","SLC2A1"
"2667","HIF1A","SOCS1"
"2668","HIF1A","STAT3"
"2669","HIF1A","TERT"
"2670","HIF1A","TFRC"
"2671","HIF1A","TGFB3"
"2672","HIF1A","TIMP2"
"2673","HIF1A","TLR2"
"2674","HIF1A","TLR6"
"2675","HIF1A","TUBB3"
"2676","HIF1A","TWIST1"
"2677","HIF1A","TWIST2"
"2678","HIF1A","VEGFA"
"2679","HIF1A","VEGFB"
"2680","HIF1A","VHL"
"2681","HIF1A","VIM"
"2682","HIF1A","WASF3"
"2683","HIF1A","XPC"
"2684","HIF1A","ZNF217"
"2685","HIF3A","EPAS1"
"2686","HIF3A","HIF1A"
"2687","HINFP","MBD2"
"2688","HIPK2","ABCB1"
"2689","HIPK2","CDKN1A"
"2690","HIPK2","CTBP2"
"2691","HIPK2","HIF1A"
"2692","HIPK2","MEF2C"
"2693","HIPK2","NOX1"
"2694","HIPK2","TP53"
"2695","HIPK2","VEGFA"
"2696","HIPK2","VIM"
"2697","HIRA","PLB1"
"2698","HIVEP2","HLA-A"
"2699","HIVEP2","HLA-B"
"2700","HIVEP2","HLA-C"
"2701","HIVEP2","HLA-E"
"2702","HIVEP2","HLA-F"
"2703","HIVEP2","HLA-G"
"2704","HLF","DBP"
"2705","HLF","RUNX1"
"2706","HLTF","HERC2"
"2707","HLTF","OCA2"
"2708","HLX","BTG1"
"2709","HLX","PAK1"
"2710","HMG20B","BRCA2"
"2711","HMGA1","BRCA1"
"2712","HMGA1","CD44"
"2713","HMGA1","CDC25A"
"2714","HMGA1","CDH1"
"2715","HMGA1","CRYAB"
"2716","HMGA1","CXCL1"
"2717","HMGA1","IL1B"
"2718","HMGA1","INSR"
"2719","HMGA1","KL"
"2720","HMGA1","POU1F1"
"2721","HMGA1","PTGS2"
"2722","HMGA1","RAG2"
"2723","HMGA1","SLC2A3"
"2724","HMGA1","SP1"
"2725","HMGA1","TP53"
"2726","HMGA1","TWIST1"
"2727","HMGA1","XPA"
"2728","HMGA2","CDH1"
"2729","HMGA2","COL11A2"
"2730","HMGA2","IGF2BP2"
"2731","HMGA2","POU1F1"
"2732","HMGA2","SNAI1"
"2733","HMGB2","GFI1B"
"2734","HMGB2","TNF"
"2735","HMGN1","FOS"
"2736","HMGN1","PCNA"
"2737","HMGN1","TFF1"
"2738","HNF1A","ACAT2"
"2739","HNF1A","AKR1C4"
"2740","HNF1A","ALB"
"2741","HNF1A","APOM"
"2742","HNF1A","CDH17"
"2743","HNF1A","CRP"
"2744","HNF1A","CSRP1"
"2745","HNF1A","CYP1A2"
"2746","HNF1A","FABP1"
"2747","HNF1A","GPR39"
"2748","HNF1A","IGFBP1"
"2749","HNF1A","LCT"
"2750","HNF1A","MTTP"
"2751","HNF1A","NT5E"
"2752","HNF1A","SLC22A10"
"2753","HNF1A","SLC22A9"
"2754","HNF1A","SLCO1B3"
"2755","HNF1A","TM4SF1"
"2756","HNF1A","UGT1A1"
"2757","HNF1A","UGT1A10"
"2758","HNF1A","UGT1A7"
"2759","HNF1A","UGT1A8"
"2760","HNF1A","UGT1A9"
"2761","HNF1A","UGT2B17"
"2762","HNF1A","UGT2B7"
"2763","HNF1A","VEGFA"
"2764","HNF1B","FXYD2"
"2765","HNF1B","UMOD"
"2766","HNF4A","ABCC6"
"2767","HNF4A","ABCG5"
"2768","HNF4A","ABCG8"
"2769","HNF4A","ACAT2"
"2770","HNF4A","AFP"
"2771","HNF4A","AKR1C4"
"2772","HNF4A","APOA1"
"2773","HNF4A","APOA2"
"2774","HNF4A","APOB"
"2775","HNF4A","APOC3"
"2776","HNF4A","C1QTNF5"
"2777","HNF4A","CDKN1A"
"2778","HNF4A","CEACAM1"
"2779","HNF4A","CYP27A1"
"2780","HNF4A","CYP2B6"
"2781","HNF4A","CYP2C8"
"2782","HNF4A","CYP2C9"
"2783","HNF4A","CYP2D6"
"2784","HNF4A","CYP3A4"
"2785","HNF4A","CYP7A1"
"2786","HNF4A","FABP2"
"2787","HNF4A","GCK"
"2788","HNF4A","GFER"
"2789","HNF4A","GH1"
"2790","HNF4A","GPR39"
"2791","HNF4A","HNF1A"
"2792","HNF4A","KCNJ11"
"2793","HNF4A","LDLR"
"2794","HNF4A","LIPC"
"2795","HNF4A","MMP7"
"2796","HNF4A","MTTP"
"2797","HNF4A","MYC"
"2798","HNF4A","NPC1L1"
"2799","HNF4A","NR1I2"
"2800","HNF4A","PCSK9"
"2801","HNF4A","PPARA"
"2802","HNF4A","RNASE2"
"2803","HNF4A","SERPINC1"
"2804","HNF4A","SHBG"
"2805","HNF4A","SLC22A6"
"2806","HNF4A","SLC26A3"
"2807","HNF4A","TBP"
"2808","HNF4A","TCF7L2"
"2809","HNF4A","UGT1A7"
"2810","HNF4A","UGT2B7"
"2811","HNF4G","AFP"
"2812","HNF4G","AKR1C4"
"2813","HNF4G","CYP2D6"
"2814","HNRNPD","KLF2"
"2815","HNRNPR","ASCL1"
"2816","HOPX","FLG"
"2817","HOPX","FOS"
"2818","HOPX","LOR"
"2819","HOXA1","BCL2"
"2820","HOXA1","CCND1"
"2821","HOXA1","EPAS1"
"2822","HOXA1","IER3"
"2823","HOXA1","LYL1"
"2824","HOXA1","MYC"
"2825","HOXA1","PCNA"
"2826","HOXA10","BHLHE22"
"2827","HOXA10","CDKN1C"
"2828","HOXA10","EMX2"
"2829","HOXA10","ID2"
"2830","HOXA10","IGFBP1"
"2831","HOXA10","IL11"
"2832","HOXA10","IL15"
"2833","HOXA10","ITGB3"
"2834","HOXA10","KLF9"
"2835","HOXA10","LYL1"
"2836","HOXA10","MYCN"
"2837","HOXA10","PHGDH"
"2838","HOXA10","SNAI1"
"2839","HOXA10","TP53"
"2840","HOXA10","WT1"
"2841","HOXA11","HOXA10"
"2842","HOXA4","TH"
"2843","HOXA5","ARHGEF1"
"2844","HOXA5","PGR"
"2845","HOXA5","PTN"
"2846","HOXA5","TH"
"2847","HOXA7","CDH1"
"2848","HOXA7","IVL"
"2849","HOXA7","KRT10"
"2850","HOXA7","TERT"
"2851","HOXA7","VIM"
"2852","HOXA9","ARHGEF1"
"2853","HOXA9","CDH3"
"2854","HOXA9","ID2"
"2855","HOXA9","MYCN"
"2856","HOXA9","NFKB1"
"2857","HOXA9","RELA"
"2858","HOXA9","SELE"
"2859","HOXA9","SHOX"
"2860","HOXA9","VCAM1"
"2861","HOXB1","TCF4"
"2862","HOXB13","TCF4"
"2863","HOXB4","PROM1"
"2864","HOXB7","CCND1"
"2865","HOXB7","CDKN1B"
"2866","HOXB7","DAPK1"
"2867","HOXB7","EGFR"
"2868","HOXB7","FGF2"
"2869","HOXB7","MMP2"
"2870","HOXB7","PDGFA"
"2871","HOXB7","THBS2"
"2872","HOXB7","VEGFA"
"2873","HOXB7","WNT5A"
"2874","HOXC10","HOXB8"
"2875","HOXC11","LCT"
"2876","HOXC11","S100B"
"2877","HOXC13","DSG4"
"2878","HOXC13","SPI1"
"2879","HOXC6","IGFBP3"
"2880","HOXC6","MME"
"2881","HOXC8","TNFRSF11B"
"2882","HOXC9","HOXB8"
"2883","HOXD1","ITGB1"
"2884","HOXD13","FHL1"
"2885","HOXD3","ITGA5"
"2886","HOXD3","ITGAV"
"2887","HOXD3","ITGB1"
"2888","HOXD3","ITGB3"
"2889","HOXD3","PLAU"
"2890","HOXD9","HOXD9"
"2891","HR","OLR1"
"2892","HSF1","ABCB1"
"2893","HSF1","ATG7"
"2894","HSF1","BAG3"
"2895","HSF1","CDKN1A"
"2896","HSF1","CRYGA"
"2897","HSF1","CRYGB"
"2898","HSF1","FKBP4"
"2899","HSF1","FUT4"
"2900","HSF1","GUCA2B"
"2901","HSF1","HLA-G"
"2902","HSF1","HOPX"
"2903","HSF1","HSD17B6"
"2904","HSF1","HSP90B2P"
"2905","HSF1","HSPA1A"
"2906","HSF1","HSPA1B"
"2907","HSF1","HSPA4"
"2908","HSF1","IL1B"
"2909","HSF1","JUN"
"2910","HSF1","LDHA"
"2911","HSF1","MAP3K14"
"2912","HSF1","MICA"
"2913","HSF1","MICB"
"2914","HSF1","NAT1"
"2915","HSF1","NFKB1"
"2916","HSF1","POLK"
"2917","HSF1","RELA"
"2918","HSF1","SERPINE1"
"2919","HSF1","SESN3"
"2920","HSF1","STIP1"
"2921","HSF1","TNF"
"2922","HSF1","UBB"
"2923","HSF2","FOS"
"2924","HSF2","HIF1A"
"2925","HSF2","HSPA4"
"2926","HSF2","MAP2K4"
"2927","HSF2","MAPK8"
"2928","HSF2","TNFSF11"
"2929","HSF2","TXN"
"2930","HSF4","CRYGC"
"2931","HSF4","DNASE2B"
"2932","HSF4","HIF1A"
"2933","HSF4","RAD51"
"2934","HTATIP2","MMP2"
"2935","HTATIP2","SPP1"
"2936","HTATIP2","VEGFA"
"2937","ID1","ZNF148"
"2938","ID2","SNAI1"
"2939","ID2","TERT"
"2940","ID3","TCF3"
"2941","ID3","VEGFA"
"2942","ID4","BRCA1"
"2943","ID4","SOX2"
"2944","IFI16","BRCA1"
"2945","IFI16","ICAM1"
"2946","IFI16","MYC"
"2947","IFI16","TP53"
"2948","IFI16","WT1"
"2949","IKBKB","CD44"
"2950","IKBKB","CXCL8"
"2951","IKBKB","MMP9"
"2952","IKBKB","NOS2"
"2953","IKBKB","TP53"
"2954","IKBKB","VCAM1"
"2955","IKZF1","FGFR4"
"2956","ILF2","ACRV1"
"2957","ILF2","IL2"
"2958","ILF2","ILF3"
"2959","ILF3","ACRV1"
"2960","ILF3","BIRC5"
"2961","ILF3","HLA-DQA1"
"2962","ILF3","HLA-DRA"
"2963","ILF3","HLA-DRB1"
"2964","ILF3","IL2"
"2965","ILF3","PLAU"
"2966","ING1","AFP"
"2967","ING1","BAX"
"2968","ING1","CASP3"
"2969","ING1","CDKN1A"
"2970","ING1","FAT1"
"2971","ING1","PCNA"
"2972","ING1","TP53"
"2973","ING2","BCL2"
"2974","ING2","MMP13"
"2975","ING2","TMEM71"
"2976","ING4","ANGPT1"
"2977","ING4","ARL6IP5"
"2978","ING4","BAX"
"2979","ING4","BCL2"
"2980","ING4","CASP3"
"2981","ING4","CCND1"
"2982","ING4","CDKN1A"
"2983","ING4","CDKN1B"
"2984","ING4","CXCL8"
"2985","ING4","NGF"
"2986","ING4","NTRK1"
"2987","ING4","PTGS2"
"2988","ING4","SKP2"
"2989","ING4","SPP1"
"2990","ING4","TP53"
"2991","IRF1","BCL2"
"2992","IRF1","CASP7"
"2993","IRF1","CCL5"
"2994","IRF1","CCNB1"
"2995","IRF1","CCNE1"
"2996","IRF1","CD40"
"2997","IRF1","CDK1"
"2998","IRF1","CDK2"
"2999","IRF1","CDK4"
"3000","IRF1","CDKN1A"
"3001","IRF1","CEACAM1"
"3002","IRF1","CIITA"
"3003","IRF1","CXCL10"
"3004","IRF1","CYBB"
"3005","IRF1","DDX58"
"3006","IRF1","DST"
"3007","IRF1","E2F1"
"3008","IRF1","EIF2AK2"
"3009","IRF1","ERAP2"
"3010","IRF1","FASLG"
"3011","IRF1","FOXP3"
"3012","IRF1","HLA-A"
"3013","IRF1","HLA-G"
"3014","IRF1","IFIT3"
"3015","IRF1","IFNA1"
"3016","IRF1","IFNA13"
"3017","IRF1","IFNB1"
"3018","IRF1","IFNG"
"3019","IRF1","IL10"
"3020","IRF1","IL12A"
"3021","IRF1","IL12B"
"3022","IRF1","IL27"
"3023","IRF1","IRF2"
"3024","IRF1","MMP9"
"3025","IRF1","MYB"
"3026","IRF1","NCF2"
"3027","IRF1","OGN"
"3028","IRF1","PIGR"
"3029","IRF1","POLH"
"3030","IRF1","PSMB10"
"3031","IRF1","PSMB9"
"3032","IRF1","SLPI"
"3033","IRF1","SOCS1"
"3034","IRF1","SOCS2"
"3035","IRF1","TAP1"
"3036","IRF1","TAP2"
"3037","IRF1","TAPBP"
"3038","IRF1","TNFSF10"
"3039","IRF1","TP53"
"3040","IRF1","TRIM22"
"3041","IRF1","VCAM1"
"3042","IRF2","CIITA"
"3043","IRF2","CXCR4"
"3044","IRF2","DST"
"3045","IRF2","ERAP2"
"3046","IRF2","IFNB1"
"3047","IRF2","IFNGR1"
"3048","IRF2","IL4"
"3049","IRF2","TAP1"
"3050","IRF3","ABCC2"
"3051","IRF3","CCL2"
"3052","IRF3","CCL5"
"3053","IRF3","CXCL10"
"3054","IRF3","IFNA1"
"3055","IRF3","IFNB1"
"3056","IRF3","IFNL1"
"3057","IRF3","IRF5"
"3058","IRF3","IRF7"
"3059","IRF3","MAVS"
"3060","IRF3","PURA"
"3061","IRF3","SOCS2"
"3062","IRF3","TLR3"
"3063","IRF3","TLR4"
"3064","IRF3","TNPO1"
"3065","IRF4","BCL6"
"3066","IRF4","CD68"
"3067","IRF4","FCER2"
"3068","IRF4","IRF3"
"3069","IRF4","MS4A1"
"3070","IRF5","IFNA1"
"3071","IRF5","PDLIM7"
"3072","IRF5","TNF"
"3073","IRF6","NR1H4"
"3074","IRF7","ATF4"
"3075","IRF7","CCL5"
"3076","IRF7","CD80"
"3077","IRF7","CXCL10"
"3078","IRF7","IFNA1"
"3079","IRF7","IFNA13"
"3080","IRF7","IFNA2"
"3081","IRF7","IFNB1"
"3082","IRF7","IFNL1"
"3083","IRF7","IFNL2"
"3084","IRF7","IFNL3"
"3085","IRF7","NR1H4"
"3086","IRF8","CD68"
"3087","IRF8","CFLAR"
"3088","IRF8","CYBB"
"3089","IRF8","GAS2"
"3090","IRF8","IL10"
"3091","IRF8","IL12A"
"3092","IRF8","IL1B"
"3093","IRF8","NCF2"
"3094","IRF8","NF1"
"3095","IRF8","TLR3"
"3096","IRF8","TLR4"
"3097","IRF9","CCND2"
"3098","IRF9","CDKN1A"
"3099","IRF9","CDKN1B"
"3100","IRF9","IFIT3"
"3101","IRF9","IL27"
"3102","IRF9","NCAM1"
"3103","IRF9","PML"
"3104","IRF9","SP100"
"3105","ISL1","FGF10"
"3106","ISL1","GCG"
"3107","ISL1","MEF2C"
"3108","JARID2","MYH6"
"3109","JARID2","MYL7"
"3110","JARID2","NPPA"
"3111","JDP2","ATF3"
"3112","JDP2","DDIT3"
"3113","JUN","ABCB1"
"3114","JUN","ACTA1"
"3115","JUN","ALOX12"
"3116","JUN","APOC3"
"3117","JUN","APOM"
"3118","JUN","APP"
"3119","JUN","AR"
"3120","JUN","ATF3"
"3121","JUN","BATF3"
"3122","JUN","BCL2L1"
"3123","JUN","BECN1"
"3124","JUN","BEX2"
"3125","JUN","BRCA1"
"3126","JUN","CA2"
"3127","JUN","CCK"
"3128","JUN","CCL2"
"3129","JUN","CCL5"
"3130","JUN","CCND1"
"3131","JUN","CD82"
"3132","JUN","CDK5R1"
"3133","JUN","CDKN1A"
"3134","JUN","CREM"
"3135","JUN","CSF1"
"3136","JUN","CSF2"
"3137","JUN","CSTA"
"3138","JUN","CTGF"
"3139","JUN","CTSL"
"3140","JUN","CXCL8"
"3141","JUN","CYP11A1"
"3142","JUN","CYP19A1"
"3143","JUN","CYP1A2"
"3144","JUN","CYP2J2"
"3145","JUN","DCN"
"3146","JUN","DDIT3"
"3147","JUN","DDX21"
"3148","JUN","EDN1"
"3149","JUN","EGFR"
"3150","JUN","ELN"
"3151","JUN","ETS1"
"3152","JUN","ETS2"
"3153","JUN","EZH2"
"3154","JUN","EZR"
"3155","JUN","F3"
"3156","JUN","FAS"
"3157","JUN","FASLG"
"3158","JUN","FGF7"
"3159","JUN","VEGFD"
"3160","JUN","FOSL1"
"3161","JUN","GCLC"
"3162","JUN","GJA1"
"3163","JUN","GSTP1"
"3164","JUN","HEY1"
"3165","JUN","IBSP"
"3166","JUN","IFNB1"
"3167","JUN","IFNG"
"3168","JUN","IL12A"
"3169","JUN","IL12B"
"3170","JUN","IL1A"
"3171","JUN","IL1B"
"3172","JUN","IL2"
"3173","JUN","IL23A"
"3174","JUN","IL24"
"3175","JUN","IL3"
"3176","JUN","IL5RA"
"3177","JUN","IL6"
"3178","JUN","ITGAX"
"3179","JUN","ITGB8"
"3180","JUN","JUN"
"3181","JUN","KRT16"
"3182","JUN","LBP"
"3183","JUN","LDHA"
"3184","JUN","LGALS3"
"3185","JUN","LOR"
"3186","JUN","MAP3K1"
"3187","JUN","MAPK8"
"3188","JUN","MAT2A"
"3189","JUN","MEF2D"
"3190","JUN","MELTF"
"3191","JUN","MGMT"
"3192","JUN","MGP"
"3193","JUN","MMP1"
"3194","JUN","MMP12"
"3195","JUN","MMP13"
"3196","JUN","MMP2"
"3197","JUN","MMP20"
"3198","JUN","MMP3"
"3199","JUN","MMP7"
"3200","JUN","MMP9"
"3201","JUN","MSR1"
"3202","JUN","MYB"
"3203","JUN","MYC"
"3204","JUN","NAMPT"
"3205","JUN","NEFL"
"3206","JUN","NEIL1"
"3207","JUN","NFKB2"
"3208","JUN","NGF"
"3209","JUN","NOS2"
"3210","JUN","NOS3"
"3211","JUN","NOX5"
"3212","JUN","NPY"
"3213","JUN","NQO1"
"3214","JUN","NTS"
"3215","JUN","OPRM1"
"3216","JUN","OXTR"
"3217","JUN","PCK2"
"3218","JUN","PDHA1"
"3219","JUN","PDK1"
"3220","JUN","PENK"
"3221","JUN","PGR"
"3222","JUN","PLAT"
"3223","JUN","PLAU"
"3224","JUN","PLAUR"
"3225","JUN","POLD2"
"3226","JUN","PPARA"
"3227","JUN","PPARD"
"3228","JUN","PTGS2"
"3229","JUN","PTN"
"3230","JUN","RARA"
"3231","JUN","RARB"
"3232","JUN","RARG"
"3233","JUN","RELB"
"3234","JUN","REN"
"3235","JUN","RHOB"
"3236","JUN","RUNX2"
"3237","JUN","SLC19A1"
"3238","JUN","SMAD7"
"3239","JUN","SMN1"
"3240","JUN","SOD2"
"3241","JUN","SOX7"
"3242","JUN","SPI1"
"3243","JUN","SPRR1B"
"3244","JUN","SPRR3"
"3245","JUN","STAR"
"3246","JUN","STMN1"
"3247","JUN","SYK"
"3248","JUN","TERT"
"3249","JUN","TFF1"
"3250","JUN","TIMP2"
"3251","JUN","TNC"
"3252","JUN","TNF"
"3253","JUN","TNFRSF10A"
"3254","JUN","TNFRSF1B"
"3255","JUN","TP53"
"3256","JUN","TP73"
"3257","JUN","TXN"
"3258","JUN","UGT2B15"
"3259","JUN","VCAM1"
"3260","JUN","VDR"
"3261","JUN","VEGFA"
"3262","JUNB","APOM"
"3263","JUNB","CD82"
"3264","JUNB","CDKN1A"
"3265","JUNB","CDKN2A"
"3266","JUNB","CLU"
"3267","JUNB","EGFR"
"3268","JUNB","IL1B"
"3269","JUNB","IL3"
"3270","JUNB","IL4"
"3271","JUNB","IVL"
"3272","JUNB","LOR"
"3273","JUNB","NQO1"
"3274","JUNB","PTGS2"
"3275","JUNB","SFTPD"
"3276","JUNB","SMAD4"
"3277","JUND","BCL6"
"3278","JUND","CCL5"
"3279","JUND","CCND1"
"3280","JUND","CCR4"
"3281","JUND","CD40LG"
"3282","JUND","CDKN1A"
"3283","JUND","CLU"
"3284","JUND","CSTA"
"3285","JUND","ERBB2"
"3286","JUND","F3"
"3287","JUND","FGFBP1"
"3288","JUND","FOSL1"
"3289","JUND","GADD45A"
"3290","JUND","GAST"
"3291","JUND","GCLC"
"3292","JUND","IL3"
"3293","JUND","IL5"
"3294","JUND","IL6"
"3295","JUND","ITGAV"
"3296","JUND","ITGB3"
"3297","JUND","IVL"
"3298","JUND","MDM2"
"3299","JUND","MYB"
"3300","JUND","NOS2"
"3301","JUND","NQO1"
"3302","JUND","NQO2"
"3303","JUND","NTS"
"3304","JUND","PLAT"
"3305","JUND","PLAUR"
"3306","JUND","PTGS2"
"3307","JUND","SFTPD"
"3308","JUND","SOX4"
"3309","JUND","TGFB1"
"3310","JUND","TIMP1"
"3311","KAT2B","CDK2"
"3312","KAT2B","CDKN1A"
"3313","KAT2B","CDKN1B"
"3314","KAT2B","CLOCK"
"3315","KAT2B","CYP1B1"
"3316","KAT2B","IRF7"
"3317","KAT2B","LIN28A"
"3318","KAT2B","NPAS2"
"3319","KAT2B","RB1"
"3320","KAT2B","SMAD4"
"3321","KAT2B","TP73"
"3322","KAT2B","YY1"
"3323","KAT2B","ZEB1"
"3324","KAT5","ERCC1"
"3325","KAT5","GMPS"
"3326","KAT5","HDC"
"3327","KAT5","IL2"
"3328","KAT5","STAT3"
"3329","KAT6A","HOXA9"
"3330","KCNIP3","GCM1"
"3331","KCNIP3","SLC8A3"
"3332","KCNIP3","TG"
"3333","KDM2A","EREG"
"3334","KDM2A","NANOG"
"3335","KDM2A","SOX2"
"3336","KDM4B","AR"
"3337","KDM4B","CCNA1"
"3338","KDM4B","CCND1"
"3339","KDM4B","ESR1"
"3340","KDM4B","WEE1"
"3341","KDM4C","JAG1"
"3342","KHDRBS1","AR"
"3343","KHDRBS1","IGF2"
"3344","KHDRBS1","LEP"
"3345","KHSRP","RPL3"
"3346","KLF1","HBB"
"3347","KLF1","IL12B"
"3348","KLF10","CDKN1A"
"3349","KLF10","EGFR"
"3350","KLF10","FGFR1"
"3351","KLF10","ITGAD"
"3352","KLF10","PTGS1"
"3353","KLF10","SERPINE1"
"3354","KLF10","STMN1"
"3355","KLF11","COL1A2"
"3356","KLF11","INS"
"3357","KLF11","PDX1"
"3358","KLF12","PRL"
"3359","KLF12","TFAP2A"
"3360","KLF13","CCL5"
"3361","KLF13","LDLR"
"3362","KLF14","TGFBR2"
"3363","KLF15","CLCNKA"
"3364","KLF15","LRP5"
"3365","KLF15","RBP3"
"3366","KLF15","RHO"
"3367","KLF16","CDKN1A"
"3368","KLF2","CCR5"
"3369","KLF2","CCR7"
"3370","KLF2","CDKN1A"
"3371","KLF2","CXCR4"
"3372","KLF2","FABP5"
"3373","KLF2","IL2"
"3374","KLF2","NOS3"
"3375","KLF2","PPARG"
"3376","KLF2","SELL"
"3377","KLF2","THBD"
"3378","KLF2","WEE1"
"3379","KLF3","HBE1"
"3380","KLF3","HBG1"
"3381","KLF3","CKM"
"3382","KLF4","ALPI"
"3383","KLF4","ATF3"
"3384","KLF4","BDKRB2"
"3385","KLF4","BIRC5"
"3386","KLF4","CCNB1"
"3387","KLF4","CCND1"
"3388","KLF4","CD14"
"3389","KLF4","CDH1"
"3390","KLF4","CDH5"
"3391","KLF4","CDKN1A"
"3392","KLF4","CDKN1B"
"3393","KLF4","CDKN1C"
"3394","KLF4","CDX2"
"3395","KLF4","CYP1A1"
"3396","KLF4","GDF15"
"3397","KLF4","GPA33"
"3398","KLF4","HBA1"
"3399","KLF4","HBA2"
"3400","KLF4","HDC"
"3401","KLF4","HSPA8"
"3402","KLF4","IFITM3"
"3403","KLF4","IL1B"
"3404","KLF4","IL6"
"3405","KLF4","IVL"
"3406","KLF4","KRT19"
"3407","KLF4","LAMA1"
"3408","KLF4","LAMA3"
"3409","KLF4","LXN"
"3410","KLF4","MMP2"
"3411","KLF4","NANOG"
"3412","KLF4","ODC1"
"3413","KLF4","PFKP"
"3414","KLF4","RARA"
"3415","KLF4","SOD1"
"3416","KLF4","TAGLN"
"3417","KLF4","THBD"
"3418","KLF4","TP53"
"3419","KLF4","VDR"
"3420","KLF4","VEGFA"
"3421","KLF4","ZNF750"
"3422","KLF5","BIRC5"
"3423","KLF5","CCNB1"
"3424","KLF5","CCND1"
"3425","KLF5","CDKN2B"
"3426","KLF5","CXCR4"
"3427","KLF5","FASN"
"3428","KLF5","FGFBP1"
"3429","KLF5","FOXO1"
"3430","KLF5","HIF1A"
"3431","KLF5","ITGB2"
"3432","KLF5","MMP9"
"3433","KLF5","MYH11"
"3434","KLF5","NOTCH1"
"3435","KLF6","ASAH1"
"3436","KLF6","ATF3"
"3437","KLF6","CCND1"
"3438","KLF6","CDH1"
"3439","KLF6","CDKN1A"
"3440","KLF6","CERS2"
"3441","KLF6","CGB5"
"3442","KLF6","DAPK2"
"3443","KLF6","IGF1R"
"3444","KLF6","KRT12"
"3445","KLF6","LAMA1"
"3446","KLF6","LTC4S"
"3447","KLF6","MMP9"
"3448","KLF6","NOS2"
"3449","KLF6","PMAIP1"
"3450","KLF6","PSG3"
"3451","KLF6","PSG5"
"3452","KLF6","PTTG1"
"3453","KLF6","TFPI2"
"3454","KLF6","TXNIP"
"3455","KLF7","SLC13A4"
"3456","KLF8","CDH1"
"3457","KLF8","CDH2"
"3458","KLF8","EPSTI1"
"3459","KLF8","FN1"
"3460","KLF8","MMP14"
"3461","KLF8","MMP9"
"3462","KLF8","SLC22A3"
"3463","KLF8","VIM"
"3464","KLF9","PDCD5"
"3465","KLF9","PGR"
"3466","KLF9","PMAIP1"
"3467","L3MBTL1","MYC"
"3468","L3MBTL1","RUNX1"
"3469","LCOR","CDH1"
"3470","LCOR","CDKN1A"
"3471","LDB1","BMP7"
"3472","LDB1","TCF3"
"3473","LEF1","AR"
"3474","LEF1","BIRC5"
"3475","LEF1","CCL7"
"3476","LEF1","CCND1"
"3477","LEF1","CD1D"
"3478","LEF1","CEBPA"
"3479","LEF1","CHGA"
"3480","LEF1","CLDN2"
"3481","LEF1","CTLA4"
"3482","LEF1","CTNNB1"
"3483","LEF1","CYLD"
"3484","LEF1","DSG4"
"3485","LEF1","EDA"
"3486","LEF1","ELANE"
"3487","LEF1","ESR1"
"3488","LEF1","HERC2"
"3489","LEF1","MITF"
"3490","LEF1","MMP7"
"3491","LEF1","MYC"
"3492","LEF1","MYCBP"
"3493","LEF1","NRCAM"
"3494","LEF1","NT5E"
"3495","LEF1","OCA2"
"3496","LEF1","PRL"
"3497","LEF1","RAG2"
"3498","LEF1","SKP2"
"3499","LEF1","SNAI2"
"3500","LEF1","TCF3"
"3501","LEF1","TCF4"
"3502","LHX2","POU1F1"
"3503","LHX2","PRL"
"3504","LHX2","TSHB"
"3505","LHX3","FSHB"
"3506","LHX4","POU1F1"
"3507","LIMD1","HIF1A"
"3508","LIN28A","CCND1"
"3509","LIN28A","CDC25A"
"3510","LMO2","ANGPT2"
"3511","LMO2","CDH1"
"3512","LMO2","ELK1"
"3513","LMO2","ERG"
"3514","LMO2","FGF2"
"3515","LMO2","GYPA"
"3516","LMO2","LEF1"
"3517","LMO2","LYL1"
"3518","LMO2","NFATC1"
"3519","LMO2","ZEB1"
"3520","LMO3","ASCL1"
"3521","LMO3","HES1"
"3522","LMO4","BMP7"
"3523","LMO4","BRCA1"
"3524","LMO4","DLG4"
"3525","LMO4","ESR1"
"3526","LMO4","MTA1"
"3527","LMX1B","CD2AP"
"3528","LMX1B","COL4A1"
"3529","LMX1B","COL4A4"
"3530","LMX1B","NLRP2"
"3531","LMX1B","NPHS2"
"3532","LMX1B","TCF3"
"3533","LRF","COMP"
"3534","LRRFIP1","EGFR"
"3535","LRRFIP1","TNF"
"3536","LYL1","ANGPT2"
"3537","LYL1","ERG"
"3538","LYL1","NFKB1"
"3539","LYL1","STMN1"
"3540","MAF","CCND2"
"3541","MAF","GCLC"
"3542","MAF","IL4"
"3543","MAF","IL5"
"3544","MAF","ITGB7"
"3545","MAF","MMP13"
"3546","MAFA","INS"
"3547","MAFA","PC"
"3548","MAFB","CCND2"
"3549","MAFF","OXTR"
"3550","MAFG","MLH1"
"3551","MAFG","NQO1"
"3552","MAFK","NQO1"
"3553","MAL","MMP9"
"3554","MAL","MYL9"
"3555","MAML1","EGR1"
"3556","MAML1","HEY1"
"3557","MAML1","TNFRSF12A"
"3558","MAX","BRD7"
"3559","MAX","FASLG"
"3560","MAX","MYC"
"3561","MAX","ODC1"
"3562","MAX","TERT"
"3563","MAZ","CD4"
"3564","MAZ","CLCNKA"
"3565","MAZ","HRAS"
"3566","MAZ","HTR1A"
"3567","MAZ","MMP1"
"3568","MAZ","MMP14"
"3569","MAZ","MMP9"
"3570","MAZ","TSG101"
"3571","MBD1","ABCB1"
"3572","MBD1","ALOX5"
"3573","MBD1","IGF2"
"3574","MBD1","IRF8"
"3575","MBD1","MGMT"
"3576","MBD1","SETDB1"
"3577","MBD2","ALOX5"
"3578","MBD2","ADGRB1"
"3579","MBD2","CHD4"
"3580","MBD2","DAPK1"
"3581","MBD2","GSTP1"
"3582","MBD2","KLK10"
"3583","MBD2","MSH2"
"3584","MBD2","MYOG"
"3585","MBD2","NANOG"
"3586","MBD2","POU5F1"
"3587","MCM2","SNF8"
"3588","MCM5","STAT1"
"3589","MDM2","DNMT3A"
"3590","MDM4","TP53"
"3591","MECP2","ABCB1"
"3592","MECP2","ALOX5"
"3593","MECP2","CCND1"
"3594","MECP2","CDKL5"
"3595","MECP2","DLX5"
"3596","MECP2","ESR1"
"3597","MECP2","GAD1"
"3598","MECP2","IGFBP3"
"3599","MECP2","MGMT"
"3600","MECP2","RELN"
"3601","MECP2","TFF1"
"3602","MED1","AR"
"3603","MED1","AURKA"
"3604","MED1","SULT2A1"
"3605","MED1","UBE2C"
"3606","MED1","VDR"
"3607","MED15","NCF2"
"3608","MED23","KISS1"
"3609","MED23","TXNIP"
"3610","MEF2A","COX6A1"
"3611","MEF2A","JUN"
"3612","MEF2A","MAPK14"
"3613","MEF2A","MAPK7"
"3614","MEF2A","MEF2A"
"3615","MEF2A","MMP10"
"3616","MEF2A","NRF1"
"3617","MEF2A","PPARGC1A"
"3618","MEF2A","SLC2A4"
"3619","MEF2A","SOST"
"3620","MEF2A","TNNI3"
"3621","MEF2B","BCL6"
"3622","MEF2C","CDKL5"
"3623","MEF2C","CPT1B"
"3624","MEF2C","JUN"
"3625","MEF2C","MAPK7"
"3626","MEF2C","MECP2"
"3627","MEF2C","NR4A1"
"3628","MEF2C","SOST"
"3629","MEF2C","VEGFA"
"3630","MEF2D","ATF3"
"3631","MEF2D","ATM"
"3632","MEF2D","CD14"
"3633","MEF2D","HDAC7"
"3634","MEF2D","JUN"
"3635","MEF2D","SOST"
"3636","MEIS1","AR"
"3637","MEIS1","ITGA9"
"3638","MEIS1","PF4"
"3639","MEIS1","SOX3"
"3640","MEIS2","IL17RB"
"3641","MEN1","BRCA1"
"3642","MEN1","CASP8"
"3643","MEN1","CDKN1B"
"3644","MEN1","CDKN2C"
"3645","MEN1","GAST"
"3646","MEN1","GATA3"
"3647","MEN1","JUND"
"3648","MEN1","PRL"
"3649","MEN1","RAD51"
"3650","MEN1","RAD51AP1"
"3651","MEN1","TERT"
"3652","MITF","ACP5"
"3653","MITF","BCL2A1"
"3654","MITF","BEST1"
"3655","MITF","BIRC7"
"3656","MITF","CDK2"
"3657","MITF","CTSK"
"3658","MITF","DCT"
"3659","MITF","FOS"
"3660","MITF","GPNMB"
"3661","MITF","HERC2"
"3662","MITF","HIF1A"
"3663","MITF","HOXB4"
"3664","MITF","KCNMA1"
"3665","MITF","KIT"
"3666","MITF","MC1R"
"3667","MITF","MET"
"3668","MITF","MLANA"
"3669","MITF","OCA2"
"3670","MITF","PMEL"
"3671","MITF","PPARGC1A"
"3672","MITF","PRKCB"
"3673","MITF","SERPINF1"
"3674","MITF","TRAP"
"3675","MITF","TRPM1"
"3676","MITF","TYR"
"3677","MITF","TYRP1"
"3678","MKL1","COL1A1"
"3679","MKL1","SCAI"
"3680","MKL1","SRF"
"3681","MKL1","TAGLN"
"3682","MLL2","HOXC6"
"3683","MLL3","HOXC6"
"3684","MLL4","COX1"
"3685","MLLT10","BAX"
"3686","MLLT10","CDKN1A"
"3687","MLLT10","MDM2"
"3688","MLLT3","BAX"
"3689","MLLT3","CDKN1A"
"3690","MLLT3","MDM2"
"3691","MLLT3","SCNN1A"
"3692","MLX","ODC1"
"3693","MLXIPL","TXNIP"
"3694","MSC","CDC25A"
"3695","MSC","CDC6"
"3696","MSC","CTLA4"
"3697","MSC","DKK1"
"3698","MSC","FOXP3"
"3699","MSC","IFNG"
"3700","MSC","IL10"
"3701","MSC","IL2RA"
"3702","MSC","LTA"
"3703","MSC","MCM7"
"3704","MSC","MMP2"
"3705","MSX1","CGA"
"3706","MSX1","DKK1"
"3707","MSX1","DLK1"
"3708","MSX1","HEY1"
"3709","MSX1","NOTCH3"
"3710","MSX1","ZHX2"
"3711","MSX2","ABCG2"
"3712","MSX2","BCL2"
"3713","MSX2","BGLAP"
"3714","MSX2","CDH2"
"3715","MSX2","IBSP"
"3716","MSX2","NKX3-1"
"3717","MSX2","SOD1"
"3718","MTA1","ALOX15"
"3719","MTA1","ARNTL"
"3720","MTA1","BCAS3"
"3721","MTA1","BCL2L1"
"3722","MTA1","BRCA1"
"3723","MTA1","CDH1"
"3724","MTA1","CDKN2A"
"3725","MTA1","EGFR"
"3726","MTA1","EPHA2"
"3727","MTA1","ESR1"
"3728","MTA1","HDAC1"
"3729","MTA1","ITGB3BP"
"3730","MTA1","MMP9"
"3731","MTA1","MNAT1"
"3732","MTA1","MTA3"
"3733","MTA1","MYC"
"3734","MTA1","NOS2"
"3735","MTA1","PTEN"
"3736","MTA1","RNF144A"
"3737","MTA1","SMAD7"
"3738","MTA1","SNAI1"
"3739","MTA1","SNAI2"
"3740","MTA1","SUMO2"
"3741","MTA1","TFF1"
"3742","MTA2","CDH1"
"3743","MTA2","FSHR"
"3744","MTA3","CGB5"
"3745","MTA3","SNAI1"
"3746","MTF1","ACO1"
"3747","MTF1","GCLC"
"3748","MTF1","MCAT"
"3749","MTF1","PGF"
"3750","MTF1","PRNP"
"3751","MTF1","SNCB"
"3752","MTF1","SOD1"
"3753","MXD1","ODC1"
"3754","MXD1","PTEN"
"3755","MXD1","TERT"
"3756","MXD4","ODC1"
"3757","MZF1","PADI1"
"3758","MZF1","BLMH"
"3759","MZF1","CD34"
"3760","MZF1","CDH2"
"3761","MZF1","MMP2"
"3762","MZF1","PIK3R3"
"3763","MZF1","TERT"
"3764","MXI1","MYC"
"3765","MXI1","MYCN"
"3766","MYB","ANPEP"
"3767","MYB","BCL2"
"3768","MYB","CCNA1"
"3769","MYB","CD34"
"3770","MYB","CD4"
"3771","MYB","CDO1"
"3772","MYB","CEBPA"
"3773","MYB","CLEC4G"
"3774","MYB","COL1A1"
"3775","MYB","COL1A2"
"3776","MYB","CSF3R"
"3777","MYB","CTSG"
"3778","MYB","DHRS2"
"3779","MYB","ELANE"
"3780","MYB","ERBB2"
"3781","MYB","GATA3"
"3782","MYB","GSTM1"
"3783","MYB","HRH1"
"3784","MYB","ICAM1"
"3785","MYB","IL15"
"3786","MYB","IL7"
"3787","MYB","KLF1"
"3788","MYB","LCK"
"3789","MYB","LMO2"
"3790","MYB","MAT2A"
"3791","MYB","MYB"
"3792","MYB","MYC"
"3793","MYB","MZF1"
"3794","MYB","NMU"
"3795","MYB","NR3C1"
"3796","MYB","PDCD4"
"3797","MYB","RAG2"
"3798","MYB","SIM2"
"3799","MYB","SP3"
"3800","MYB","TK1"
"3801","MYB","WAS"
"3802","MYB","WT1"
"3803","MYBBP1A","SFTPB"
"3804","MYBL1","DHRS2"
"3805","MYBL1","NCL"
"3806","MYBL2","CCNA1"
"3807","MYBL2","CCND1"
"3808","MYBL2","COL1A1"
"3809","MYBL2","MYBL2"
"3810","MYBL2","MYC"
"3811","MYBL2","NCL"
"3812","MYBL2","PSG1"
"3813","MYBL2","SP1"
"3814","MYC","ASS1"
"3815","MYC","ATF3"
"3816","MYC","AXIN2"
"3817","MYC","BAG2"
"3818","MYC","BCL2"
"3819","MYC","BMI1"
"3820","MYC","BRD7"
"3821","MYC","CAD"
"3822","MYC","CBFB"
"3823","MYC","CCNA2"
"3824","MYC","CCNB1"
"3825","MYC","CCND1"
"3826","MYC","CCND2"
"3827","MYC","CCNE1"
"3828","MYC","PROM1"
"3829","MYC","CD33"
"3830","MYC","CD38"
"3831","MYC","CDC25C"
"3832","MYC","CDC34"
"3833","MYC","CDCA7"
"3834","MYC","CDH3"
"3835","MYC","CDK2"
"3836","MYC","CDK4"
"3837","MYC","CDK6"
"3838","MYC","CDKN1A"
"3839","MYC","CEBPA"
"3840","MYC","CFLAR"
"3841","MYC","CHEK1"
"3842","MYC","CHEK2"
"3843","MYC","CREBBP"
"3844","MYC","CXCR4"
"3845","MYC","CYP3A4"
"3846","MYC","DDX18"
"3847","MYC","DKK1"
"3848","MYC","EBNA1BP2"
"3849","MYC","EP300"
"3850","MYC","FASLG"
"3851","MYC","FMR1"
"3852","MYC","FOXM1"
"3853","MYC","FTH1P18"
"3854","MYC","FUT3"
"3855","MYC","GATA1"
"3856","MYC","GATA4"
"3857","MYC","HDAC2"
"3858","MYC","HLA-A"
"3859","MYC","HLA-B"
"3860","MYC","HLA-C"
"3861","MYC","HLA-E"
"3862","MYC","HLA-F"
"3863","MYC","HLA-G"
"3864","MYC","HNRNPA1"
"3865","MYC","HNRNPA2B1"
"3866","MYC","HSPA4"
"3867","MYC","ID2"
"3868","MYC","IER3"
"3869","MYC","IFNA1"
"3870","MYC","IGF2BP1"
"3871","MYC","IGK"
"3872","MYC","IL6"
"3873","MYC","IPO7"
"3874","MYC","JUNB"
"3875","MYC","KRAS"
"3876","MYC","LDHA"
"3877","MYC","MAPK1"
"3878","MYC","MME"
"3879","MYC","MST1"
"3880","MYC","MTDH"
"3881","MYC","NDRG1"
"3882","MYC","NFE2"
"3883","MYC","NOL7"
"3884","MYC","ODC1"
"3885","MYC","PCNA"
"3886","MYC","PGK1"
"3887","MYC","PMAIP1"
"3888","MYC","PRDX3"
"3889","MYC","PRODH"
"3890","MYC","PTBP1"
"3891","MYC","RCC1"
"3892","MYC","SART3"
"3893","MYC","SFRP1"
"3894","MYC","SHMT1"
"3895","MYC","SRSF1"
"3896","MYC","ST3GAL1"
"3897","MYC","ST3GAL3"
"3898","MYC","ST3GAL4"
"3899","MYC","SURF1"
"3900","MYC","SURF2"
"3901","MYC","TERT"
"3902","MYC","TFAM"
"3903","MYC","TFAP4"
"3904","MYC","TFRC"
"3905","MYC","TLX1"
"3906","MYC","TNFRSF10B"
"3907","MYC","TOP1MT"
"3908","MYC","TP53"
"3909","MYC","TP73"
"3910","MYC","UBE2C"
"3911","MYC","VEGFA"
"3912","MYC","WRN"
"3913","MYC","XPO1"
"3914","MYCN","ABCB1"
"3915","MYCN","ABCC1"
"3916","MYCN","BAX"
"3917","MYCN","BIRC5"
"3918","MYCN","BMI1"
"3919","MYCN","CD44"
"3920","MYCN","CDKN1A"
"3921","MYCN","CDKN1B"
"3922","MYCN","CIITA"
"3923","MYCN","CLU"
"3924","MYCN","CTSD"
"3925","MYCN","DDB1"
"3926","MYCN","DKK3"
"3927","MYCN","EFNB3"
"3928","MYCN","GRHL1"
"3929","MYCN","HDAC2"
"3930","MYCN","HLA-A"
"3931","MYCN","HLA-B"
"3932","MYCN","HLA-C"
"3933","MYCN","HLA-E"
"3934","MYCN","HLA-F"
"3935","MYCN","HLA-G"
"3936","MYCN","HMGA1"
"3937","MYCN","ID2"
"3938","MYCN","IFNG"
"3939","MYCN","LRRN3"
"3940","MYCN","MCM10"
"3941","MYCN","MCM2"
"3942","MYCN","MCM3"
"3943","MYCN","MCM4"
"3944","MYCN","MCM5"
"3945","MYCN","MCM6"
"3946","MYCN","MCM7"
"3947","MYCN","MCM8"
"3948","MYCN","MDM2"
"3949","MYCN","MIR202"
"3950","MYCN","MXI1"
"3951","MYCN","MYBL2"
"3952","MYCN","NDRG1"
"3953","MYCN","NES"
"3954","MYCN","NGFR"
"3955","MYCN","NTRK1"
"3956","MYCN","SKP2"
"3957","MYCN","TP53"
"3958","MYCN","TP53INP1"
"3959","MYF6","ACACB"
"3960","MYOCD","ACTG2"
"3961","MYOD1","ACACB"
"3962","MYOD1","HBEGF"
"3963","MYOD1","SLC9A2"
"3964","MYOG","ACACB"
"3965","MYOG","MYEF2"
"3966","NAB1","MSLN"
"3967","NAB2","BCAR1"
"3968","NAB2","RBL2"
"3969","NANOG","AFP"
"3970","NANOG","CCND1"
"3971","NANOG","CDC25A"
"3972","NANOG","CDK6"
"3973","NANOG","CDX2"
"3974","NANOG","CGA"
"3975","NANOG","DKK1"
"3976","NANOG","FGF4"
"3977","NANOG","KDR"
"3978","NANOG","GATA2"
"3979","NANOG","GATA4"
"3980","NANOG","GATA6"
"3981","NANOG","GDF3"
"3982","NANOG","KLF2"
"3983","NANOG","L1TD1"
"3984","NANOG","LAMB1"
"3985","NANOG","LXN"
"3986","NANOG","MTF2"
"3987","NANOG","NODAL"
"3988","NANOG","POU5F1"
"3989","NANOG","SEMA6A"
"3990","NANOG","SOX1"
"3991","NANOG","YES1"
"3992","NCOA1","CDKN1A"
"3993","NCOA1","EPO"
"3994","NCOA2","AR"
"3995","NCOA3","BCL2"
"3996","NCOA3","BRCA1"
"3997","NCOA3","EPO"
"3998","NCOA3","ERBB2"
"3999","NCOA3","MMP10"
"4000","NCOA3","MMP7"
"4001","NCOA3","PLAC1"
"4002","NCOA4","AR"
"4003","NCOA4","KLK3"
"4004","NCOA4","TFF1"
"4005","NCOA6","CYP2C9"
"4006","NCOA6","CYP3A4"
"4007","NCOA6","FOS"
"4008","NCOA6","HSF1"
"4009","NCOR1","AR"
"4010","NCOR1","ESR1"
"4011","NCOR1","G0S2"
"4012","NCOR1","IGF1"
"4013","NCOR1","IGFBP3"
"4014","NCOR1","PPARG"
"4015","NCOR1","SNAI2"
"4016","NCOR2","AR"
"4017","NCOR2","IGF1"
"4018","NCOR2","MYCN"
"4019","NCOR2","NR1I2"
"4020","NCOR2","PCK2"
"4021","NEAT1","CXCL8"
"4022","NELFB","TFF1"
"4023","NELFCD","CCND1"
"4024","NELFCD","CDKN1A"
"4025","NELFCD","CTNNB1"
"4026","NEUROD1","INS"
"4027","NEUROG3","NEUROD1"
"4028","NEUROG3","VSX2"
"4029","NF1","AFP"
"4030","NF1","DDB1"
"4031","NF1","DDB2"
"4032","NF1","FOS"
"4033","NF1","GNRH1"
"4034","NF1","HSD11B2"
"4035","NF1","MBP"
"4036","NF1","MSH2"
"4037","NF1","MYC"
"4038","NF1","PLAT"
"4039","NF1","PPP2R2D"
"4040","NF1","SFTPB"
"4041","NF1","SP3"
"4042","NF1","TP53"
"4043","NFAT5","CCL2"
"4044","NFAT5","CYP3A7"
"4045","NFAT5","LTB"
"4046","NFAT5","TNF"
"4047","NFATC1","CD3G"
"4048","NFATC1","CYP2E1"
"4049","NFATC1","EGR3"
"4050","NFATC1","ICAM1"
"4051","NFATC1","IFNG"
"4052","NFATC1","IL2"
"4053","NFATC1","SP1"
"4054","NFATC2","CD3G"
"4055","NFATC2","EGR3"
"4056","NFATC2","ENPP2"
"4057","NFATC2","FOXP3"
"4058","NFATC2","IFNG"
"4059","NFATC2","MDM2"
"4060","NFATC2","TERT"
"4061","NFATC3","CTSD"
"4062","NFATC3","TFF1"
"4063","NFE2","GCLC"
"4064","NFE2","GSS"
"4065","NFE2","HBE1"
"4066","NFE2","TBXA2R"
"4067","NFE2L1","CDK11B"
"4068","NFE2L1","NQO1"
"4069","NFE2L2","BRCA1"
"4070","NFE2L2","CAT"
"4071","NFE2L2","CFTR"
"4072","NFE2L2","CXCL8"
"4073","NFE2L2","GCLC"
"4074","NFE2L2","GSS"
"4075","NFE2L2","GSTA1"
"4076","NFE2L2","HBB"
"4077","NFE2L2","HMOX1"
"4078","NFE2L2","KRT16"
"4079","NFE2L2","MTHFR"
"4080","NFE2L2","NQO1"
"4081","NFE2L2","SDHB"
"4082","NFE2L2","SOD1"
"4083","NFE2L2","SOD2"
"4084","NFE2L2","UGT2B7"
"4085","NFIA","CDKN1A"
"4086","NFIA","PCK2"
"4087","NFIB","CDKN1A"
"4088","NFIB","MBP"
"4089","NFIB","WFDC2"
"4090","NFIC","FHL5"
"4091","NFIC","ALAS1"
"4092","NFIC","C4BPB"
"4093","NFIC","CCL2"
"4094","NFIC","COL18A1"
"4095","NFIC","COL1A1"
"4096","NFIC","CSH1"
"4097","NFIC","CYP17A1"
"4098","NFIC","CYP1A1"
"4099","NFIC","FABP7"
"4100","NFIC","GFAP"
"4101","NFIC","GTF3C1"
"4102","NFIC","GTF3C2"
"4103","NFIC","GUCY1B1"
"4104","NFIC","HGF"
"4105","NFIC","HMGB1"
"4106","NFIC","HSD11B2"
"4107","NFIC","IRS2"
"4108","NFIC","ITGA5"
"4109","NFIC","JUN"
"4110","NFIC","MATN1"
"4111","NFIC","POLD2"
"4112","NFIC","POLE2"
"4113","NFIC","SLC34A2"
"4114","NFIC","SMUG1"
"4115","NFIC","TFPI2"
"4116","NFIC","VWF"
"4117","NFIL3","APP"
"4118","NFIL3","AREG"
"4119","NFIL3","EREG"
"4120","NFIL3","HPGD"
"4121","NFIL3","IFNG"
"4122","NFIL3","IL1B"
"4123","NFIL3","PGR"
"4124","NFIL3","PTGS2"
"4125","NFIL3","TNFSF10"
"4126","NFIL3","VWF"
"4127","NFIX","CDKN1A"
"4128","NFIX","CHI3L1"
"4129","NFKB1","A2M"
"4130","NFKB1","ABCA1"
"4131","NFKB1","ABCB1"
"4132","NFKB1","ABCG2"
"4133","NFKB1","ADORA1"
"4134","NFKB1","ADORA2A"
"4135","NFKB1","ADORA3"
"4136","NFKB1","AGER"
"4137","NFKB1","AGT"
"4138","NFKB1","AKT1"
"4139","NFKB1","AKT2"
"4140","NFKB1","ALOX5"
"4141","NFKB1","ALOX5AP"
"4142","NFKB1","AMH"
"4143","NFKB1","AR"
"4144","NFKB1","ATF3"
"4145","NFKB1","B2M"
"4146","NFKB1","BACE1"
"4147","NFKB1","BAX"
"4148","NFKB1","BCL2"
"4149","NFKB1","BCL2A1"
"4150","NFKB1","BCL2L1"
"4151","NFKB1","BCL2L11"
"4152","NFKB1","BCL3"
"4153","NFKB1","BDKRB1"
"4154","NFKB1","BGN"
"4155","NFKB1","BHMT"
"4156","NFKB1","BIRC2"
"4157","NFKB1","BIRC3"
"4158","NFKB1","BIRC5"
"4159","NFKB1","BMP2"
"4160","NFKB1","BRCA2"
"4161","NFKB1","BST1"
"4162","NFKB1","BTG2"
"4163","NFKB1","CARD8"
"4164","NFKB1","CARM1"
"4165","NFKB1","CASP3"
"4166","NFKB1","CASP9"
"4167","NFKB1","CCK"
"4168","NFKB1","CCL11"
"4169","NFKB1","CCL13"
"4170","NFKB1","CCL19"
"4171","NFKB1","CCL2"
"4172","NFKB1","CCL20"
"4173","NFKB1","CCL22"
"4174","NFKB1","CCL3"
"4175","NFKB1","CCL4"
"4176","NFKB1","CCL5"
"4177","NFKB1","CCNB1"
"4178","NFKB1","CCND1"
"4179","NFKB1","CCND2"
"4180","NFKB1","CCR2"
"4181","NFKB1","CCR3"
"4182","NFKB1","CCR5"
"4183","NFKB1","CCR7"
"4184","NFKB1","CD28"
"4185","NFKB1","CD38"
"4186","NFKB1","CD3G"
"4187","NFKB1","CD40"
"4188","NFKB1","CD40LG"
"4189","NFKB1","CD58"
"4190","NFKB1","CD69"
"4191","NFKB1","CD74"
"4192","NFKB1","CD80"
"4193","NFKB1","CD83"
"4194","NFKB1","CD86"
"4195","NFKB1","CDH1"
"4196","NFKB1","CDK4"
"4197","NFKB1","CDKN1A"
"4198","NFKB1","CEACAM1"
"4199","NFKB1","CFI"
"4200","NFKB1","CFLAR"
"4201","NFKB1","CFTR"
"4202","NFKB1","COL1A1"
"4203","NFKB1","COL1A2"
"4204","NFKB1","COL2A1"
"4205","NFKB1","COL7A1"
"4206","NFKB1","COX1"
"4207","NFKB1","CR2"
"4208","NFKB1","CREB3"
"4209","NFKB1","CRHR1"
"4210","NFKB1","CRMP1"
"4211","NFKB1","CRP"
"4212","NFKB1","CSF1"
"4213","NFKB1","CSF2"
"4214","NFKB1","CSNK2A1"
"4215","NFKB1","CTCF"
"4216","NFKB1","CTSB"
"4217","NFKB1","CXCL1"
"4218","NFKB1","CXCL10"
"4219","NFKB1","CXCL12"
"4220","NFKB1","CXCL2"
"4221","NFKB1","CXCL5"
"4222","NFKB1","CXCL8"
"4223","NFKB1","CXCR2"
"4224","NFKB1","CXCR4"
"4225","NFKB1","CYP19A1"
"4226","NFKB1","CYP1A1"
"4227","NFKB1","CYP27B1"
"4228","NFKB1","CYP2E1"
"4229","NFKB1","CYP3A7"
"4230","NFKB1","DEFB4A"
"4231","NFKB1","DRD2"
"4232","NFKB1","E2F1"
"4233","NFKB1","EBI3"
"4234","NFKB1","EDN1"
"4235","NFKB1","EGFR"
"4236","NFKB1","EGR1"
"4237","NFKB1","ELF3"
"4238","NFKB1","EPCAM"
"4239","NFKB1","ERAP1"
"4240","NFKB1","ERAP2"
"4241","NFKB1","F3"
"4242","NFKB1","F8"
"4243","NFKB1","FAF1"
"4244","NFKB1","FAS"
"4245","NFKB1","FASLG"
"4246","NFKB1","FBP1"
"4247","NFKB1","FGF7"
"4248","NFKB1","FGF8"
"4249","NFKB1","VEGFD"
"4250","NFKB1","FLT4"
"4251","NFKB1","FN1"
"4252","NFKB1","FOXO3"
"4253","NFKB1","FOXP3"
"4254","NFKB1","GADD45G"
"4255","NFKB1","GATA3"
"4256","NFKB1","GCLC"
"4257","NFKB1","GDNF"
"4258","NFKB1","GFAP"
"4259","NFKB1","GKN2"
"4260","NFKB1","GRIN1"
"4261","NFKB1","GSK3A"
"4262","NFKB1","GSK3B"
"4263","NFKB1","GSTP1"
"4264","NFKB1","HAX1"
"4265","NFKB1","HBEGF"
"4266","NFKB1","HDAC1"
"4267","NFKB1","HDAC7"
"4268","NFKB1","HES1"
"4269","NFKB1","HIF1A"
"4270","NFKB1","HLA-F"
"4271","NFKB1","HMOX1"
"4272","NFKB1","HOXA9"
"4273","NFKB1","HPSE"
"4274","NFKB1","HSD11B2"
"4275","NFKB1","HYAL1"
"4276","NFKB1","ICAM1"
"4277","NFKB1","IER3"
"4278","NFKB1","IFNA1"
"4279","NFKB1","IFNB1"
"4280","NFKB1","IFNG"
"4281","NFKB1","IGF2BP2"
"4282","NFKB1","IL10"
"4283","NFKB1","IL12A"
"4284","NFKB1","IL12B"
"4285","NFKB1","IL17A"
"4286","NFKB1","IL17C"
"4287","NFKB1","IL18"
"4288","NFKB1","IL1A"
"4289","NFKB1","IL1B"
"4290","NFKB1","IL1RN"
"4291","NFKB1","IL2"
"4292","NFKB1","IL21"
"4293","NFKB1","IL23A"
"4294","NFKB1","IL2RA"
"4295","NFKB1","IL4"
"4296","NFKB1","IL6"
"4297","NFKB1","IRF1"
"4298","NFKB1","IRF4"
"4299","NFKB1","IRF7"
"4300","NFKB1","ITGAX"
"4301","NFKB1","JUNB"
"4302","NFKB1","KDM2A"
"4303","NFKB1","KLK3"
"4304","NFKB1","LCN2"
"4305","NFKB1","LIPE"
"4306","NFKB1","LPL"
"4307","NFKB1","LTC4S"
"4308","NFKB1","MADCAM1"
"4309","NFKB1","MAT2A"
"4310","NFKB1","MCL1"
"4311","NFKB1","MGMT"
"4312","NFKB1","MICA"
"4313","NFKB1","MIF"
"4314","NFKB1","MMP1"
"4315","NFKB1","MMP13"
"4316","NFKB1","MMP14"
"4317","NFKB1","MMP2"
"4318","NFKB1","MMP3"
"4319","NFKB1","MMP9"
"4320","NFKB1","MUC17"
"4321","NFKB1","MUC2"
"4322","NFKB1","MUC5AC"
"4323","NFKB1","MUC5B"
"4324","NFKB1","MUC6"
"4325","NFKB1","MYC"
"4326","NFKB1","NAMPT"
"4327","NFKB1","NCAM1"
"4328","NFKB1","NCOR1"
"4329","NFKB1","NCOR2"
"4330","NFKB1","NFKB1"
"4331","NFKB1","NFKBIA"
"4332","NFKB1","NFKBIZ"
"4333","NFKB1","NLRP2"
"4334","NFKB1","NOD2"
"4335","NFKB1","NOLC1"
"4336","NFKB1","NOS1"
"4337","NFKB1","NOS2"
"4338","NFKB1","NOS3"
"4339","NFKB1","NOX4"
"4340","NFKB1","NOX5"
"4341","NFKB1","NPPB"
"4342","NFKB1","NRF1"
"4343","NFKB1","OLFM4"
"4344","NFKB1","OLR1"
"4345","NFKB1","OPRM1"
"4346","NFKB1","OPTN"
"4347","NFKB1","PCYT2"
"4348","NFKB1","PDE7A"
"4349","NFKB1","PDK4"
"4350","NFKB1","PGLYRP2"
"4351","NFKB1","PIGR"
"4352","NFKB1","PLA2G2A"
"4353","NFKB1","PLAU"
"4354","NFKB1","PLAUR"
"4355","NFKB1","PLIN1"
"4356","NFKB1","POU2F2"
"4357","NFKB1","PPIG"
"4358","NFKB1","PROX1"
"4359","NFKB1","PSMB10"
"4360","NFKB1","PSMB9"
"4361","NFKB1","PTAFR"
"4362","NFKB1","PTEN"
"4363","NFKB1","PTGDS"
"4364","NFKB1","PTGER4"
"4365","NFKB1","PTGES"
"4366","NFKB1","PTGFR"
"4367","NFKB1","PTGS2"
"4368","NFKB1","PTHLH"
"4369","NFKB1","PTPN13"
"4370","NFKB1","PTPN6"
"4371","NFKB1","REPS2"
"4372","NFKB1","RGS4"
"4373","NFKB1","RIPK2"
"4374","NFKB1","RRM2B"
"4375","NFKB1","S100A6"
"4376","NFKB1","SAA1"
"4377","NFKB1","SDC1"
"4378","NFKB1","SELE"
"4379","NFKB1","SERPINA3"
"4380","NFKB1","SERPINB1"
"4381","NFKB1","SERPINE1"
"4382","NFKB1","SFTPA1"
"4383","NFKB1","SLC25A27"
"4384","NFKB1","SLC9A2"
"4385","NFKB1","SNAI1"
"4386","NFKB1","SOCS3"
"4387","NFKB1","SOD2"
"4388","NFKB1","SQSTM1"
"4389","NFKB1","STAT4"
"4390","NFKB1","STK39"
"4391","NFKB1","TAP1"
"4392","NFKB1","TAP2"
"4393","NFKB1","TAPBP"
"4394","NFKB1","TBP"
"4395","NFKB1","TBX21"
"4396","NFKB1","TERT"
"4397","NFKB1","TF"
"4398","NFKB1","TFF1"
"4399","NFKB1","TFF3"
"4400","NFKB1","TFPI2"
"4401","NFKB1","TGFB1"
"4402","NFKB1","THBD"
"4403","NFKB1","TIMP1"
"4404","NFKB1","TLR2"
"4405","NFKB1","TLR3"
"4406","NFKB1","TLR7"
"4407","NFKB1","TLR9"
"4408","NFKB1","TNC"
"4409","NFKB1","TNF"
"4410","NFKB1","TNFAIP3"
"4411","NFKB1","TNFRSF10A"
"4412","NFKB1","TNFRSF10B"
"4413","NFKB1","TNFRSF13C"
"4414","NFKB1","TNFRSF9"
"4415","NFKB1","TNFSF10"
"4416","NFKB1","TNFSF13B"
"4417","NFKB1","TNFSF14"
"4418","NFKB1","TNIP3"
"4419","NFKB1","TP53"
"4420","NFKB1","TRAF1"
"4421","NFKB1","TRAF2"
"4422","NFKB1","TRIM21"
"4423","NFKB1","TRPC1"
"4424","NFKB1","TSLP"
"4425","NFKB1","UPP1"
"4426","NFKB1","VCAM1"
"4427","NFKB1","VEGFA"
"4428","NFKB1","VWF"
"4429","NFKB1","WT1"
"4430","NFKB1","XIAP"
"4431","NFKB1","YY1"
"4432","NFKB2","CCL21"
"4433","NFKB2","CCND2"
"4434","NFKB2","CDK6"
"4435","NFKB2","HIF1A"
"4436","NFKB2","SELP"
"4437","NFKB2","SND1"
"4438","NFKBIA","CCL5"
"4439","NFKBIA","CD40"
"4440","NFKBIA","CD58"
"4441","NFKBIA","CXCL8"
"4442","NFKBIA","EBI3"
"4443","NFKBIA","FAS"
"4444","NFKBIA","ICAM1"
"4445","NFKBIA","IFNB1"
"4446","NFKBIA","IL1B"
"4447","NFKBIA","MMP1"
"4448","NFKBIA","MMP3"
"4449","NFKBIA","MMP9"
"4450","NFKBIA","NFKB1"
"4451","NFKBIA","NOS2"
"4452","NFKBIA","PON2"
"4453","NFKBIA","RELA"
"4454","NFKBIA","S100A6"
"4455","NFKBIA","TNFSF10"
"4456","NFKBIA","TRAF1"
"4457","NFKBIB","IFNB1"
"4458","NFKBIZ","DEFB4A"
"4459","NFRKB","JUN"
"4460","NFYA","ABCB1"
"4461","NFYA","CBS"
"4462","NFYA","CCND2"
"4463","NFYA","CDKN1B"
"4464","NFYA","CYP2A6"
"4465","NFYA","DDIT3"
"4466","NFYA","FAS"
"4467","NFYA","FXR2"
"4468","NFYA","GADD45A"
"4469","NFYA","GFI1B"
"4470","NFYA","HBB"
"4471","NFYA","HOXB4"
"4472","NFYA","HOXB7"
"4473","NFYA","HSPA5"
"4474","NFYA","LPIN1"
"4475","NFYA","OGG1"
"4476","NFYA","SOX18"
"4477","NFYA","SOX3"
"4478","NFYA","SP3"
"4479","NFYA","STK11"
"4480","NFYB","ABCB1"
"4481","NFYB","CCND2"
"4482","NFYB","CDKN1B"
"4483","NFYB","FAS"
"4484","NFYB","FOS"
"4485","NFYB","FXR2"
"4486","NFYB","GFI1B"
"4487","NFYB","HBB"
"4488","NFYB","HOXB7"
"4489","NFYB","LPIN1"
"4490","NFYB","SOX18"
"4491","NFYB","SOX3"
"4492","NFYB","STK11"
"4493","NFYB","TPH1"
"4494","NFYC","ABCB1"
"4495","NFYC","CCND2"
"4496","NFYC","CDKN1B"
"4497","NFYC","FAS"
"4498","NFYC","FDPS"
"4499","NFYC","FOS"
"4500","NFYC","FXR2"
"4501","NFYC","GFI1B"
"4502","NFYC","HBB"
"4503","NFYC","HOXB7"
"4504","NFYC","LPIN1"
"4505","NFYC","SOX18"
"4506","NFYC","SOX3"
"4507","NHLH2","ASCL1"
"4508","NHLH2","HES1"
"4509","NHLH2","MAOA"
"4510","NKX2-1","LMO3"
"4511","NKX2-1","RET"
"4512","NKX2-1","SFTPA1"
"4513","NKX2-1","SFTPB"
"4514","NKX2-1","SP1"
"4515","NKX2-1","STK11"
"4516","NKX2-2","NPPA"
"4517","NKX2-3","EGR1"
"4518","NKX2-5","CTNNB1"
"4519","NKX2-5","DACT1"
"4520","NKX2-5","DACT2"
"4521","NKX2-5","DACT3"
"4522","NKX2-5","GATA4"
"4523","NKX2-5","LYL1"
"4524","NKX2-5","MEF2C"
"4525","NKX2-5","NPPB"
"4526","NKX2-5","TBX5"
"4527","NKX3-1","ACTG2"
"4528","NKX3-1","AR"
"4529","NKX3-1","CCND1"
"4530","NKX3-1","ESR1"
"4531","NKX3-1","FOS"
"4532","NKX3-1","IGF1R"
"4533","NKX3-1","KLK3"
"4534","NKX3-1","SIX6"
"4535","NKX3-1","TMPRSS2"
"4536","NKX3-1","VEGFA"
"4537","NONO","MIA"
"4538","NOTCH3","APOD"
"4539","NOTCH3","ASPH"
"4540","NOTCH3","HES1"
"4541","NPAS2","CRY1"
"4542","NPAS2","CRY2"
"4543","NPAS2","PER1"
"4544","NPAS2","PER2"
"4545","NPAS3","VGF"
"4546","NPM1","ATF5"
"4547","NPM1","BRD4"
"4548","NPM1","CCND1"
"4549","NPM1","CDKN1A"
"4550","NPM1","DNMT1"
"4551","NPM1","ELF4"
"4552","NPM1","MDM2"
"4553","NPM1","PTPN6"
"4554","NPM1","RPL3"
"4555","NPM1","TAF1A"
"4556","NPM1","USP7"
"4557","NR0B1","AMH"
"4558","NR0B1","CAMP"
"4559","NR0B1","CYP17A1"
"4560","NR0B1","CYP19A1"
"4561","NR0B1","ESRRG"
"4562","NR0B1","NOS1"
"4563","NR0B1","NR1H4"
"4564","NR0B1","NR5A1"
"4565","NR0B1","PBX1"
"4566","NR0B1","STAR"
"4567","NR0B2","APOC3"
"4568","NR0B2","CYP27A1"
"4569","NR0B2","CYP7A1"
"4570","NR0B2","CYP8B1"
"4571","NR0B2","E2F1"
"4572","NR0B2","G6PC"
"4573","NR0B2","PCK2"
"4574","NR0B2","PTGS2"
"4575","NR1D1","ARNTL"
"4576","NR1H2","ABCA1"
"4577","NR1H2","ABCG1"
"4578","NR1H2","ABCG4"
"4579","NR1H3","ABCA1"
"4580","NR1H3","ABCG1"
"4581","NR1H3","ABCG4"
"4582","NR1H3","BHLHE40"
"4583","NR1H3","CETP"
"4584","NR1H4","ABCB11"
"4585","NR1H4","ABCB4"
"4586","NR1H4","ABCC4"
"4587","NR1H4","CYP7A1"
"4588","NR1H4","DCN"
"4589","NR1H4","EDN1"
"4590","NR1H4","FABP6"
"4591","NR1H4","HSD3B2"
"4592","NR1H4","INS"
"4593","NR1H4","KLF11"
"4594","NR1H4","KRT13"
"4595","NR1H4","NFKB1"
"4596","NR1H4","NR1I2"
"4597","NR1H4","PLTP"
"4598","NR1H4","RELA"
"4599","NR1H4","SCARB1"
"4600","NR1H4","SLCO1B3"
"4601","NR1H4","STK11"
"4602","NR1H4","UGT2B4"
"4603","NR1H4","VEGFA"
"4604","NR1I2","ABCB1"
"4605","NR1I2","BCL2"
"4606","NR1I2","BCL2L1"
"4607","NR1I2","CCL2"
"4608","NR1I2","CORO1C"
"4609","NR1I2","CYP2B6"
"4610","NR1I2","CYP2C8"
"4611","NR1I2","CYP2C9"
"4612","NR1I2","CYP3A4"
"4613","NR1I2","CYP4F12"
"4614","NR1I2","FGF19"
"4615","NR1I2","FOSL1"
"4616","NR1I2","HP"
"4617","NR1I2","IL10"
"4618","NR1I2","KLF6"
"4619","NR1I2","NFKB1"
"4620","NR1I2","NOD1"
"4621","NR1I2","NOD2"
"4622","NR1I2","PTAFR"
"4623","NR1I2","RAB3A"
"4624","NR1I2","RELA"
"4625","NR1I2","RXRA"
"4626","NR1I2","THBS1"
"4627","NR1I2","THRSP"
"4628","NR1I2","TNFRSF12A"
"4629","NR1I2","UGT1A1"
"4630","NR1I3","CYP2B6"
"4631","NR1I3","CYP2C9"
"4632","NR1I3","UGT1A1"
"4633","NR2C2","LHCGR"
"4634","NR2C2","OXT"
"4635","NR2E3","ESR1"
"4636","NR2E3","RHO"
"4637","NR2F1","APOA2"
"4638","NR2F1","APOB"
"4639","NR2F1","APOC3"
"4640","NR2F1","CYP17A1"
"4641","NR2F1","CYP19A1"
"4642","NR2F1","DR1"
"4643","NR2F1","LHCGR"
"4644","NR2F1","MTTP"
"4645","NR2F1","SERPINC1"
"4646","NR2F2","E2F1"
"4647","NR2F2","HEY1"
"4648","NR2F2","HEY2"
"4649","NR2F2","NTS"
"4650","NR2F2","POU5F1"
"4651","NR2F2","PPARA"
"4652","NR2F2","TFAP2A"
"4653","NR2F6","APOA2"
"4654","NR2F6","APOB"
"4655","NR2F6","APOC3"
"4656","NR2F6","CYP19A1"
"4657","NR2F6","LHCGR"
"4658","NR3C1","ATF2"
"4659","NR3C1","ATP1B1"
"4660","NR3C1","BAD"
"4661","NR3C1","BAX"
"4662","NR3C1","BGLAP"
"4663","NR3C1","BRCA1"
"4664","NR3C1","CALD1"
"4665","NR3C1","CCND1"
"4666","NR3C1","CCND3"
"4667","NR3C1","CDK4"
"4668","NR3C1","CDK6"
"4669","NR3C1","CDKN1A"
"4670","NR3C1","COX1"
"4671","NR3C1","CSF1R"
"4672","NR3C1","CYP19A1"
"4673","NR3C1","ELK1"
"4674","NR3C1","ETS1"
"4675","NR3C1","HRH1"
"4676","NR3C1","HSD11B2"
"4677","NR3C1","MAOA"
"4678","NR3C1","MUC4"
"4679","NR3C1","NFKB1"
"4680","NR3C1","NR1I2"
"4681","NR3C1","NR3C1"
"4682","NR3C1","PNRC1"
"4683","NR3C1","PPIG"
"4684","NR3C1","RLN1"
"4685","NR3C1","RLN2"
"4686","NR3C1","RPS6KA3"
"4687","NR3C1","S100P"
"4688","NR3C1","SCNN1A"
"4689","NR3C1","SLC10A2"
"4690","NR3C1","SPP1"
"4691","NR3C1","SRF"
"4692","NR3C1","STAT1"
"4693","NR3C1","TAT"
"4694","NR3C1","TP53"
"4695","NR3C1","UGT1A1"
"4696","NR3C2","ATP1B1"
"4697","NR3C2","CABIN1"
"4698","NR3C2","CCR5"
"4699","NR3C2","CCR6"
"4700","NR3C2","CD40"
"4701","NR3C2","EGFR"
"4702","NR3C2","LCN2"
"4703","NR4A1","BABAM2"
"4704","NR4A1","CCNA2"
"4705","NR4A1","CDKN1B"
"4706","NR4A1","CYP11A1"
"4707","NR4A1","CYP17A1"
"4708","NR4A1","E2F1"
"4709","NR4A1","FASLG"
"4710","NR4A1","HSD3B2"
"4711","NR4A1","MDM2"
"4712","NR4A1","MMP2"
"4713","NR4A1","RNF7"
"4714","NR4A1","SERPINE1"
"4715","NR4A1","STAR"
"4716","NR4A1","TIMP2"
"4717","NR4A1","TNF"
"4718","NR4A2","APOM"
"4719","NR4A2","CRH"
"4720","NR4A2","CXCL8"
"4721","NR4A2","MMP1"
"4722","NR4A2","SLC6A3"
"4723","NR4A3","PPARG"
"4724","NR5A1","AMH"
"4725","NR5A1","CITED2"
"4726","NR5A1","CYP11A1"
"4727","NR5A1","CYP11B1"
"4728","NR5A1","CYP11B2"
"4729","NR5A1","CYP17A1"
"4730","NR5A1","CYP19A1"
"4731","NR5A1","CYP2B6"
"4732","NR5A1","FSHR"
"4733","NR5A1","HSD3B1"
"4734","NR5A1","HSD3B2"
"4735","NR5A1","INSL3"
"4736","NR5A1","LHB"
"4737","NR5A1","MC2R"
"4738","NR5A1","NOV"
"4739","NR5A1","NR0B1"
"4740","NR5A1","PBX1"
"4741","NR5A1","PNRC1"
"4742","NR5A1","POU5F1"
"4743","NR5A1","SRY"
"4744","NR5A1","STAR"
"4745","NR5A1","STARD7"
"4746","NR5A2","ABCB11"
"4747","NR5A2","ABCG5"
"4748","NR5A2","ABCG8"
"4749","NR5A2","CCNE1"
"4750","NR5A2","CETP"
"4751","NR5A2","CYP11A1"
"4752","NR5A2","CYP11B1"
"4753","NR5A2","CYP19A1"
"4754","NR5A2","HSD3B2"
"4755","NR5A2","NR5A2"
"4756","NR5A2","SLC10A2"
"4757","NR5A2","STAR"
"4758","NRF1","CAPNS1"
"4759","NRF1","COX6A1"
"4760","NRF1","CXCR4"
"4761","NRF1","FMR1"
"4762","NRF1","FXR2"
"4763","NRF1","GALNT3"
"4764","NRF1","IDE"
"4765","NRF1","NQO1"
"4766","NRF1","PRDX3"
"4767","NRF1","PRDX5"
"4768","NRF1","SDHB"
"4769","NRF1","SLC46A1"
"4770","NRF1","SNRPN"
"4771","NRF1","SPAST"
"4772","NRF1","TOMM34"
"4773","NRIP1","SLC7A1"
"4774","NRL","NR2E3"
"4775","NRL","PDE6B"
"4776","NRL","RBP3"
"4777","NRL","RHO"
"4778","NUPR1","BCL2L1"
"4779","NUPR1","CDKN1A"
"4780","NUPR1","EP300"
"4781","NUPR1","MSL1"
"4782","NUPR1","TP53"
"4783","OLIG2","LGR5"
"4784","ONECUT1","MITF"
"4785","ONECUT1","PROC"
"4786","ONECUT2","MITF"
"4787","ONECUT2","SYTL4"
"4788","OTX1","BEST1"
"4789","OTX2","AURKA"
"4790","OTX2","BEST1"
"4791","OTX2","CCNG2"
"4792","OTX2","CDC25C"
"4793","OTX2","DCT"
"4794","OTX2","HESX1"
"4795","OTX2","IGF1"
"4796","OTX2","IL6"
"4797","OTX2","PAX6"
"4798","OTX2","POU1F1"
"4799","OTX2","RBP3"
"4800","OTX2","TYR"
"4801","PA2G4","AGR2"
"4802","PA2G4","AR"
"4803","PA2G4","E2F1"
"4804","PA2G4","KLK3"
"4805","PARP1","BCL2"
"4806","PARP1","BRCA2"
"4807","PARP1","CDH1"
"4808","PARP1","CDKN1A"
"4809","PARP1","CXCL1"
"4810","PARP1","DNAAF4"
"4811","PARP1","E2F1"
"4812","PARP1","FBN1"
"4813","PARP1","FN1"
"4814","PARP1","FOXO1"
"4815","PARP1","HFE"
"4816","PARP1","HTR1A"
"4817","PARP1","IFNAR1"
"4818","PARP1","IFNG"
"4819","PARP1","IL10"
"4820","PARP1","JUN"
"4821","PARP1","NFKB1"
"4822","PARP1","RELA"
"4823","PARP1","SERPINE1"
"4824","PARP1","SERPINF1"
"4825","PARP1","SH3BP2"
"4826","PARP1","SMARCB1"
"4827","PARP1","SNAI1"
"4828","PARP1","THBD"
"4829","PARP1","VIM"
"4830","PAWR","BCL2"
"4831","PAWR","NOV"
"4832","PAX1","PDGFRA"
"4833","PAX2","ADAM10"
"4834","PAX2","ERBB2"
"4835","PAX2","L1CAM"
"4836","PAX2","NCAM1"
"4837","PAX2","TP53"
"4838","PAX2","WT1"
"4839","PAX3","BCL2L1"
"4840","PAX3","CXCR4"
"4841","PAX3","DPYSL2"
"4842","PAX3","MET"
"4843","PAX3","MITF"
"4844","PAX3","SHH"
"4845","PAX4","GCG"
"4846","PAX4","INS"
"4847","PAX4","ISL1"
"4848","PAX5","BAX"
"4849","PAX5","BCL2"
"4850","PAX5","BLK"
"4851","PAX5","CCND1"
"4852","PAX5","CD19"
"4853","PAX5","CD79A"
"4854","PAX5","CDKN1A"
"4855","PAX5","FCER2"
"4856","PAX5","FHL2"
"4857","PAX5","LEF1"
"4858","PAX5","MET"
"4859","PAX5","MMP1"
"4860","PAX5","MYCN"
"4861","PAX5","PRDM1"
"4862","PAX5","PRKCE"
"4863","PAX5","RAG2"
"4864","PAX5","RB1"
"4865","PAX5","TERT"
"4866","PAX5","TIMP1"
"4867","PAX5","TP53"
"4868","PAX5","XBP1"
"4869","PAX6","FABP7"
"4870","PAX6","GCG"
"4871","PAX6","ITGA5"
"4872","PAX6","ITGB1"
"4873","PAX6","KRT12"
"4874","PAX6","MET"
"4875","PAX6","MMP2"
"4876","PAX6","PCSK1"
"4877","PAX6","PDHX"
"4878","PAX6","PROX1"
"4879","PAX6","SIX3"
"4880","PAX8","E2F1"
"4881","PAX8","NCAM1"
"4882","PAX8","SLC3A1"
"4883","PAX8","SLC5A5"
"4884","PAX8","TG"
"4885","PAX8","TP53"
"4886","PAX8","TSHR"
"4887","PAX8","WT1"
"4888","PBX1","HOXB1"
"4889","PBX1","NANOG"
"4890","PBX1","PF4"
"4891","PBX1","SOX3"
"4892","PBX1","VCP"
"4893","PBX2","EMX2"
"4894","PBX2","FMO3"
"4895","PBX2","MEIS1"
"4896","PBX2","PF4"
"4897","PBX2","UGT2B17"
"4898","PBX2","VCP"
"4899","PCBD1","FXYD2"
"4900","PCGF2","HOXA7"
"4901","PCGF2","ZEB1"
"4902","PCGF2","ZEB2"
"4903","PDCD11","FASLG"
"4904","PDX1","GCK"
"4905","PDX1","INS"
"4906","PER1","BAX"
"4907","PER1","BCL2"
"4908","PER1","SLC5A1"
"4909","PER2","SNAI2"
"4910","PER2","TWIST1"
"4911","PGR","ABCG2"
"4912","PGR","ATP1B1"
"4913","PGR","BCL2"
"4914","PGR","CCND1"
"4915","PGR","CYP19A1"
"4916","PGR","DUSP1"
"4917","PGR","E2F1"
"4918","PGR","EGFR"
"4919","PGR","ERBB2"
"4920","PGR","ESR1"
"4921","PGR","FOXP3"
"4922","PGR","HLTF"
"4923","PGR","IGFBP1"
"4924","PGR","IL10"
"4925","PGR","IRS2"
"4926","PGR","KLK3"
"4927","PGR","KLK4"
"4928","PGR","MYC"
"4929","PGR","PLD1"
"4930","PGR","PTGS2"
"4931","PGR","RELA"
"4932","PGR","RLN1"
"4933","PGR","RLN2"
"4934","PGR","VEGFA"
"4935","PGR","YWHAQ"
"4936","PHB2","ARNT"
"4937","PHB2","BTG2"
"4938","PHF10","CASP3"
"4939","PHF8","CDC20"
"4940","PHOX2A","DBH"
"4941","PHOX2A","TLX2"
"4942","PHOX2B","ALK"
"4943","PHOX2B","DBH"
"4944","PHOX2B","MSX1"
"4945","PHOX2B","PHOX2A"
"4946","PHOX2B","TLX2"
"4947","PIAS1","CYP17A1"
"4948","PIAS1","FABP2"
"4949","PIAS1","MUC1"
"4950","PIAS1","PRMT1"
"4951","PIAS1","SI"
"4952","PIAS1","STAT1"
"4953","PIAS2","AR"
"4954","PIAS2","LRRN3"
"4955","PIAS2","MUC1"
"4956","PIAS2","MYCN"
"4957","PIAS3","ATF1"
"4958","PIAS3","ESR1"
"4959","PIAS3","MUC1"
"4960","PIAS3","STAT3"
"4961","PIAS4","MUC1"
"4962","PIAS4","VDR"
"4963","PIR","NFKB1"
"4964","PITX1","DUX4"
"4965","PITX1","FSHB"
"4966","PITX1","GNRH1"
"4967","PITX1","HES1"
"4968","PITX1","IFNA1"
"4969","PITX1","IRF2"
"4970","PITX1","IRF7"
"4971","PITX1","JUN"
"4972","PITX1","LHB"
"4973","PITX1","NKX3-1"
"4974","PITX1","PRL"
"4975","PITX1","RUNX1"
"4976","PITX1","RUNX2"
"4977","PITX1","TBX4"
"4978","PITX1","TERT"
"4979","PITX1","TRIB2"
"4980","PITX2","ABCB1"
"4981","PITX2","FGF16"
"4982","PITX2","FSHB"
"4983","PITX2","GNRH1"
"4984","PITX2","LEF1"
"4985","PITX2","LHX6"
"4986","PITX2","PLOD1"
"4987","PITX2","PRL"
"4988","PITX2","SLC13A3"
"4989","PITX2","WNT2"
"4990","PITX2","WNT5A"
"4991","PITX3","MIP"
"4992","PITX3","TH"
"4993","PKNOX1","MEIS1"
"4994","PKNOX1","PF4"
"4995","PKNOX1","PTPN6"
"4996","PKNOX1","SYP"
"4997","PLAG1","ABCC6"
"4998","PLAG1","CRLF1"
"4999","PLAG1","IGF2"
"5000","PLAG1","XRCC1"
"5001","PLAGL1","ABCC6"
"5002","PLAGL1","SDHB"
"5003","PLAGL2","IGF2"
"5004","PLAGL2","METAP2"
"5005","PLAGL2","NCF2"
"5006","PLAGL2","SFTPC"
"5007","PML","BAX"
"5008","PML","CASP3"
"5009","PML","CCND1"
"5010","PML","CCNT1"
"5011","PML","CDKN1A"
"5012","PML","EAF2"
"5013","PML","EGFR"
"5014","PML","EP300"
"5015","PML","FLT3"
"5016","PML","GRIP1"
"5017","PML","HCK"
"5018","PML","HIPK2"
"5019","PML","IFNB1"
"5020","PML","NR4A1"
"5021","PML","PML"
"5022","PML","TNFAIP3"
"5023","PML","TNFSF10"
"5024","PML","TP53"
"5025","PML","UBA7"
"5026","POLR1A","E2F1"
"5027","POU1F1","BDKRB1"
"5028","POU1F1","CGA"
"5029","POU1F1","GH1"
"5030","POU1F1","GH2"
"5031","POU1F1","GHR"
"5032","POU1F1","INSM1"
"5033","POU1F1","POU1F1"
"5034","POU1F1","PRL"
"5035","POU1F1","REN"
"5036","POU1F1","TSHB"
"5037","POU1F1","VDR"
"5038","POU2AF1","ID2"
"5039","POU2AF1","IGH"
"5040","POU2AF1","SPIB"
"5041","POU2AF1","TK1"
"5042","POU2AF1","TNFRSF17"
"5043","POU2F1","AR"
"5044","POU2F1","BDKRB1"
"5045","POU2F1","CAPN6"
"5046","POU2F1","CCND1"
"5047","POU2F1","CDX2"
"5048","POU2F1","GADD45A"
"5049","POU2F1","GATA1"
"5050","POU2F1","GCM1"
"5051","POU2F1","GFI1B"
"5052","POU2F1","GNRH1"
"5053","POU2F1","HBG1"
"5054","POU2F1","HIST2H2BE"
"5055","POU2F1","HPGDS"
"5056","POU2F1","ID1"
"5057","POU2F1","IL2"
"5058","POU2F1","IL2RA"
"5059","POU2F1","IL4"
"5060","POU2F1","IL5"
"5061","POU2F1","LCT"
"5062","POU2F1","LGALS4"
"5063","POU2F1","MAD2L1"
"5064","POU2F1","PLAU"
"5065","POU2F1","POU2AF1"
"5066","POU2F1","PTGIR"
"5067","POU2F1","RPTOR"
"5068","POU2F1","RRM2B"
"5069","POU2F1","SDC4"
"5070","POU2F1","SNAI2"
"5071","POU2F1","SNAPC1"
"5072","POU2F1","SPP1"
"5073","POU2F1","ST6GAL1"
"5074","POU2F1","TK1"
"5075","POU2F1","TRA"
"5076","POU2F1","TWIST1"
"5077","POU2F1","TXNRD1"
"5078","POU2F1","UGT2B7"
"5079","POU2F1","VCAM1"
"5080","POU2F1","VWF"
"5081","POU2F2","HBB"
"5082","POU2F2","HLA-DOB"
"5083","POU2F2","HLA-DRA"
"5084","POU2F2","ID2"
"5085","POU2F2","IL5"
"5086","POU2F2","SPI1"
"5087","POU2F2","SPIB"
"5088","POU2F2","SPP1"
"5089","POU2F2","TK1"
"5090","POU2F2","TRA"
"5091","POU2F3","SPRR2A"
"5092","POU3F1","GNRH1"
"5093","POU3F2","CDH13"
"5094","POU3F2","DDC"
"5095","POU3F2","FABP7"
"5096","POU3F2","FOXP2"
"5097","POU3F2","GNRH1"
"5098","POU3F2","MITF"
"5099","POU3F2","NKX2-1"
"5100","POU3F2","PAX3"
"5101","POU3F2","PDE5A"
"5102","POU3F4","GCG"
"5103","POU4F1","HPSE"
"5104","POU4F1","HSP90AA1"
"5105","POU4F2","CCND1"
"5106","POU4F2","HSP90AA1"
"5107","POU5F1","BMP4"
"5108","POU5F1","CDKN1A"
"5109","POU5F1","CDX2"
"5110","POU5F1","DDC"
"5111","POU5F1","DKK1"
"5112","POU5F1","DLX5"
"5113","POU5F1","EOMES"
"5114","POU5F1","FGF4"
"5115","POU5F1","GADD45A"
"5116","POU5F1","GATA6"
"5117","POU5F1","HLX"
"5118","POU5F1","ID2"
"5119","POU5F1","ITGA6"
"5120","POU5F1","L1TD1"
"5121","POU5F1","LEFTY1"
"5122","POU5F1","NANOG"
"5123","POU5F1","SEMA6A"
"5124","POU5F1","SOX2"
"5125","POU5F1","SPP1"
"5126","POU5F1","TBXT"
"5127","POU5F1","TBX18"
"5128","POU5F1","TDGF1"
"5129","POU5F1","THY1"
"5130","POU5F1","ZFP42"
"5131","PPARA","ACADL"
"5132","PPARA","ACOX1"
"5133","PPARA","ACSL1"
"5134","PPARA","ANGPTL4"
"5135","PPARA","APOA4"
"5136","PPARA","APOA5"
"5137","PPARA","APOB"
"5138","PPARA","APOBR"
"5139","PPARA","APOC3"
"5140","PPARA","CD36"
"5141","PPARA","CETP"
"5142","PPARA","CGB5"
"5143","PPARA","CPT1A"
"5144","PPARA","CYP1A1"
"5145","PPARA","CYP2C9"
"5146","PPARA","FABP4"
"5147","PPARA","G0S2"
"5148","PPARA","HMOX1"
"5149","PPARA","IGFBP1"
"5150","PPARA","IL6"
"5151","PPARA","IL6R"
"5152","PPARA","LPL"
"5153","PPARA","MLYCD"
"5154","PPARA","MMP9"
"5155","PPARA","NFKBIA"
"5156","PPARA","PDK4"
"5157","PPARA","PLIN2"
"5158","PPARA","PTGS2"
"5159","PPARA","SERPINE1"
"5160","PPARA","SLC25A20"
"5161","PPARA","SLC9A1"
"5162","PPARA","SOD2"
"5163","PPARA","SREBF2"
"5164","PPARA","STAT5A"
"5165","PPARA","SULT2A1"
"5166","PPARA","TUBA1B"
"5167","PPARA","TXNIP"
"5168","PPARA","UCP1"
"5169","PPARA","UGT1A9"
"5170","PPARD","ANG"
"5171","PPARD","ANGPTL4"
"5172","PPARD","CAT"
"5173","PPARD","HSD11B2"
"5174","PPARD","LPL"
"5175","PPARD","PDK4"
"5176","PPARD","SAT1"
"5177","PPARD","SOD1"
"5178","PPARD","TIMP1"
"5179","PPARD","TXN"
"5180","PPARG","ABCG2"
"5181","PPARG","ACAT1"
"5182","PPARG","ADIPOQ"
"5183","PPARG","AGER"
"5184","PPARG","ANGPTL4"
"5185","PPARG","APOB"
"5186","PPARG","APOBR"
"5187","PPARG","ATP2A2"
"5188","PPARG","BAD"
"5189","PPARG","BCL2"
"5190","PPARG","BCL2L1"
"5191","PPARG","BRS3"
"5192","PPARG","CAT"
"5193","PPARG","CAV1"
"5194","PPARG","CCND1"
"5195","PPARG","CCNE1"
"5196","PPARG","CD36"
"5197","PPARG","CD83"
"5198","PPARG","CDKN1A"
"5199","PPARG","CEBPA"
"5200","PPARG","CFLAR"
"5201","PPARG","CIITA"
"5202","PPARG","CLDN2"
"5203","PPARG","CPT1B"
"5204","PPARG","CSF1"
"5205","PPARG","DBI"
"5206","PPARG","DEFB103A"
"5207","PPARG","EGFR"
"5208","PPARG","ERO1A"
"5209","PPARG","ERP44"
"5210","PPARG","FABP4"
"5211","PPARG","FASLG"
"5212","PPARG","FGF1"
"5213","PPARG","GDF15"
"5214","PPARG","GK"
"5215","PPARG","HMOX1"
"5216","PPARG","ICAM1"
"5217","PPARG","JAG1"
"5218","PPARG","KLF4"
"5219","PPARG","LIPE"
"5220","PPARG","MMP1"
"5221","PPARG","MMP9"
"5222","PPARG","MYC"
"5223","PPARG","NOTCH4"
"5224","PPARG","NR1H3"
"5225","PPARG","PDK2"
"5226","PPARG","PLIN2"
"5227","PPARG","POU2F1"
"5228","PPARG","PTEN"
"5229","PPARG","PTGS2"
"5230","PPARG","RARB"
"5231","PPARG","REN"
"5232","PPARG","RETN"
"5233","PPARG","SAT1"
"5234","PPARG","SERPINE1"
"5235","PPARG","SLC2A4"
"5236","PPARG","SLC5A5"
"5237","PPARG","SLC9A1"
"5238","PPARG","SOCS7"
"5239","PPARG","TG"
"5240","PPARG","TNFRSF11B"
"5241","PPARG","TP53"
"5242","PPARG","TSHR"
"5243","PPARG","TXNIP"
"5244","PPARG","UGT1A9"
"5245","PPARG","VLDLR"
"5246","PPARGC1A","ALDOB"
"5247","PPARGC1A","APOA5"
"5248","PPARGC1A","APOC3"
"5249","PPARGC1A","CYP2C9"
"5250","PPARGC1A","CYP7A1"
"5251","PPARGC1A","MFN2"
"5252","PPARGC1A","MLYCD"
"5253","PPARGC1A","OTC"
"5254","PPARGC1A","PCK2"
"5255","PRDM1","CIITA"
"5256","PRDM1","GCSAM"
"5257","PRDM1","LMO2"
"5258","PRDM1","MKI67"
"5259","PRDM1","MYC"
"5260","PRDM1","PCNA"
"5261","PRDM14","POU5F1"
"5262","PRDM2","KMT5A"
"5263","PREB","CCL2"
"5264","PREB","PRL"
"5265","PROX1","AKT2"
"5266","PROX1","CCNE1"
"5267","PROX1","CDKN1B"
"5268","PROX1","CDKN1C"
"5269","PROX1","CYP7A1"
"5270","PROX1","IFNG"
"5271","PROX1","NR1I2"
"5272","PROX1","NR5A2"
"5273","PROX1","RGS4"
"5274","PROX1","SIX3"
"5275","PROX1","TWIST1"
"5276","PTF1A","CEL"
"5277","PTMA","CDKN1A"
"5278","PTMA","IDO1"
"5279","PTMA","IDO2"
"5280","PTMA","TLR9"
"5281","PTTG1","CCNB1"
"5282","PTTG1","CDC42"
"5283","PTTG1","CDK1"
"5284","PTTG1","DOCK1"
"5285","PTTG1","FGF2"
"5286","PTTG1","ID3"
"5287","PTTG1","KDR"
"5288","PTTG1","LGALS1"
"5289","PTTG1","MYC"
"5290","PTTG1","PTTG1IP"
"5291","PTTG1","RAC1"
"5292","PTTG1","RHOA"
"5293","PTTG1","S100A4"
"5294","PTTG1","TIMP2"
"5295","PTTG1","VEGFA"
"5296","PURA","AR"
"5297","PURA","ERBB2"
"5298","PURA","FAS"
"5299","PURA","PCNA"
"5300","RAD51","SP1"
"5301","RARA","ABCC3"
"5302","RARA","ANXA8"
"5303","RARA","CCNA1"
"5304","RARA","CDKN1A"
"5305","RARA","CRABP1"
"5306","RARA","CRH"
"5307","RARA","CXCR5"
"5308","RARA","CYP1A1"
"5309","RARA","ETS1"
"5310","RARA","FGFBP1"
"5311","RARA","GNRH2"
"5312","RARA","HCK"
"5313","RARA","HNF4A"
"5314","RARA","HSD17B2"
"5315","RARA","ICAM1"
"5316","RARA","MACROD1"
"5317","RARA","MAOB"
"5318","RARA","MUC5AC"
"5319","RARA","NR1I3"
"5320","RARA","PLAU"
"5321","RARA","PRKCA"
"5322","RARA","RARB"
"5323","RARA","RPTOR"
"5324","RARA","SCD"
"5325","RARA","SFTPB"
"5326","RARA","THBD"
"5327","RARB","ADH5"
"5328","RARB","RARB"
"5329","RARB","THBD"
"5330","RARG","BGLAP"
"5331","RARG","CYP19A1"
"5332","RARG","ICAM1"
"5333","RARG","RARB"
"5334","RARG","THBD"
"5335","RB1","ATF2"
"5336","RB1","BIRC5"
"5337","RB1","BRCA1"
"5338","RB1","CDH1"
"5339","RB1","CDK1"
"5340","RB1","CDKN1A"
"5341","RB1","DDIT3"
"5342","RB1","DHFR"
"5343","RB1","DNMT3A"
"5344","RB1","E2F1"
"5345","RB1","E2F2"
"5346","RB1","E2F3"
"5347","RB1","EBNA1BP2"
"5348","RB1","ELF1"
"5349","RB1","FGFR1"
"5350","RB1","FOS"
"5351","RB1","HBP1"
"5352","RB1","IGF1"
"5353","RB1","MAP3K5"
"5354","RB1","MYC"
"5355","RB1","PCNA"
"5356","RB1","PPARG"
"5357","RB1","RB1"
"5358","RB1","RBL1"
"5359","RB1","SFTPD"
"5360","RB1","SP1"
"5361","RB1","TFDP1"
"5362","RB1","TGFBI"
"5363","RB1","TP53BP2"
"5364","RB1","VEGFA"
"5365","RB1","WRN"
"5366","RB1CC1","CDKN2A"
"5367","RB1CC1","RB1"
"5368","RBBP7","CDH1"
"5369","RBL1","BRCA1"
"5370","RBL1","CCNA2"
"5371","RBL1","HIST1H2AE"
"5372","RBL1","MYC"
"5373","RBL1","TFDP1"
"5374","RBL2","BRCA1"
"5375","RBL2","DNMT3B"
"5376","RBL2","E2F4"
"5377","RBL2","RAD51"
"5378","RBMX","EGR1"
"5379","RBMX","FOS"
"5380","RBMX","FOSL1"
"5381","RBMX","JUNB"
"5382","RBMX","JUND"
"5383","RBMX","KIT"
"5384","RBMX","ROS1"
"5385","RBMX","TXNIP"
"5386","RBPJ","CR2"
"5387","RBPJ","IL6"
"5388","RBPJ","NFKB1"
"5389","RBPJ","PTEN"
"5390","REL","BCL2A1"
"5391","REL","BIRC3"
"5392","REL","CCL2"
"5393","REL","CCL5"
"5394","REL","CD40LG"
"5395","REL","CDKN1A"
"5396","REL","CRP"
"5397","REL","CSRP1"
"5398","REL","EPHB2"
"5399","REL","F3"
"5400","REL","ICAM1"
"5401","REL","IER3"
"5402","REL","IL10"
"5403","REL","IL12B"
"5404","REL","IL1B"
"5405","REL","IL2"
"5406","REL","IL2RA"
"5407","REL","IL6"
"5408","REL","KLK3"
"5409","REL","SELE"
"5410","REL","SOD2"
"5411","REL","TNFAIP3"
"5412","RELA","ABCA1"
"5413","RELA","ABCB1"
"5414","RELA","ABCG2"
"5415","RELA","ADORA1"
"5416","RELA","ADORA2A"
"5417","RELA","ADORA3"
"5418","RELA","AGER"
"5419","RELA","AGT"
"5420","RELA","AKT1"
"5421","RELA","AKT2"
"5422","RELA","ALOX5"
"5423","RELA","ALOX5AP"
"5424","RELA","AMH"
"5425","RELA","AR"
"5426","RELA","BACE1"
"5427","RELA","BAD"
"5428","RELA","BAX"
"5429","RELA","BCL2"
"5430","RELA","BCL2A1"
"5431","RELA","BCL2L1"
"5432","RELA","BCL2L11"
"5433","RELA","BCL3"
"5434","RELA","BDKRB1"
"5435","RELA","BGN"
"5436","RELA","BHMT"
"5437","RELA","BIRC2"
"5438","RELA","BIRC3"
"5439","RELA","BIRC5"
"5440","RELA","BMP2"
"5441","RELA","BRCA2"
"5442","RELA","BTG2"
"5443","RELA","BTS1"
"5444","RELA","CARD8"
"5445","RELA","CARM1"
"5446","RELA","CASP3"
"5447","RELA","CASP9"
"5448","RELA","CCK"
"5449","RELA","CCL11"
"5450","RELA","CCL13"
"5451","RELA","CCL19"
"5452","RELA","CCL2"
"5453","RELA","CCL20"
"5454","RELA","CCL22"
"5455","RELA","CCL3"
"5456","RELA","CCL4"
"5457","RELA","CCL5"
"5458","RELA","CCNB1"
"5459","RELA","CCND1"
"5460","RELA","CCND2"
"5461","RELA","CCR2"
"5462","RELA","CCR3"
"5463","RELA","CCR5"
"5464","RELA","CCR7"
"5465","RELA","CD28"
"5466","RELA","CD38"
"5467","RELA","CD40"
"5468","RELA","CD40LG"
"5469","RELA","CD58"
"5470","RELA","CD69"
"5471","RELA","CD74"
"5472","RELA","CD80"
"5473","RELA","CD83"
"5474","RELA","CD86"
"5475","RELA","CDH1"
"5476","RELA","CDK4"
"5477","RELA","CDK6"
"5478","RELA","CDKN1A"
"5479","RELA","CEACAM1"
"5480","RELA","CFI"
"5481","RELA","CFLAR"
"5482","RELA","CFTR"
"5483","RELA","COL1A1"
"5484","RELA","COL1A2"
"5485","RELA","COL2A1"
"5486","RELA","COL7A1"
"5487","RELA","COX1"
"5488","RELA","CR2"
"5489","RELA","CREB3"
"5490","RELA","CRHR1"
"5491","RELA","CRP"
"5492","RELA","CSF1"
"5493","RELA","CSF2"
"5494","RELA","CSNK2A1"
"5495","RELA","CTSB"
"5496","RELA","CXCL1"
"5497","RELA","CXCL10"
"5498","RELA","CXCL12"
"5499","RELA","CXCL2"
"5500","RELA","CXCL5"
"5501","RELA","CXCL8"
"5502","RELA","CXCR2"
"5503","RELA","CXCR4"
"5504","RELA","CYP19A1"
"5505","RELA","CYP1A1"
"5506","RELA","CYP27B1"
"5507","RELA","CYP2E1"
"5508","RELA","CYP3A4"
"5509","RELA","CYP3A7"
"5510","RELA","DEFB4A"
"5511","RELA","DRD2"
"5512","RELA","E2F1"
"5513","RELA","EBI3"
"5514","RELA","EDN1"
"5515","RELA","EGFR"
"5516","RELA","EGR1"
"5517","RELA","ELF3"
"5518","RELA","EPAS1"
"5519","RELA","EPCAM"
"5520","RELA","ERAP1"
"5521","RELA","ERAP2"
"5522","RELA","F3"
"5523","RELA","F8"
"5524","RELA","FAF1"
"5525","RELA","FAS"
"5526","RELA","FASLG"
"5527","RELA","FBP1"
"5528","RELA","FGF7"
"5529","RELA","FGF8"
"5530","RELA","VEGFD"
"5531","RELA","FLT4"
"5532","RELA","FN1"
"5533","RELA","FOXO3"
"5534","RELA","FOXP3"
"5535","RELA","GADD45G"
"5536","RELA","GATA3"
"5537","RELA","GCLC"
"5538","RELA","GFAP"
"5539","RELA","GKN2"
"5540","RELA","GNRH2"
"5541","RELA","GRIN1"
"5542","RELA","GSK3A"
"5543","RELA","GSTP1"
"5544","RELA","GTF2B"
"5545","RELA","HBEGF"
"5546","RELA","HDAC1"
"5547","RELA","HDAC7"
"5548","RELA","HES1"
"5549","RELA","HIF1A"
"5550","RELA","HLA-A"
"5551","RELA","HLA-F"
"5552","RELA","HMOX1"
"5553","RELA","HPSE"
"5554","RELA","HSD11B2"
"5555","RELA","HYAL1"
"5556","RELA","ICAM1"
"5557","RELA","IER3"
"5558","RELA","IFNA1"
"5559","RELA","IFNB1"
"5560","RELA","IFNG"
"5561","RELA","IGF2BP2"
"5562","RELA","IL10"
"5563","RELA","IL12A"
"5564","RELA","IL12B"
"5565","RELA","IL17A"
"5566","RELA","IL17C"
"5567","RELA","IL18"
"5568","RELA","IL1A"
"5569","RELA","IL1B"
"5570","RELA","IL1RN"
"5571","RELA","IL2"
"5572","RELA","IL23A"
"5573","RELA","IL2RA"
"5574","RELA","IL4"
"5575","RELA","IL6"
"5576","RELA","IRF1"
"5577","RELA","IRF4"
"5578","RELA","IRF7"
"5579","RELA","ITGAX"
"5580","RELA","JUNB"
"5581","RELA","KDM2A"
"5582","RELA","KLK3"
"5583","RELA","LCN2"
"5584","RELA","LIPE"
"5585","RELA","LPL"
"5586","RELA","LTC4S"
"5587","RELA","MADCAM1"
"5588","RELA","MAT2A"
"5589","RELA","MCL1"
"5590","RELA","MGMT"
"5591","RELA","MICA"
"5592","RELA","MIF"
"5593","RELA","MMP1"
"5594","RELA","MMP12"
"5595","RELA","MMP13"
"5596","RELA","MMP14"
"5597","RELA","MMP2"
"5598","RELA","MMP3"
"5599","RELA","MMP9"
"5600","RELA","MUC17"
"5601","RELA","MUC2"
"5602","RELA","MUC5AC"
"5603","RELA","MUC5B"
"5604","RELA","MUC6"
"5605","RELA","MYC"
"5606","RELA","NAMPT"
"5607","RELA","NCAM1"
"5608","RELA","NCOR1"
"5609","RELA","NCOR2"
"5610","RELA","NFKB1"
"5611","RELA","NFKBIA"
"5612","RELA","NFKBIZ"
"5613","RELA","NLRP2"
"5614","RELA","NOLC1"
"5615","RELA","NOS1"
"5616","RELA","NOS2"
"5617","RELA","NOS3"
"5618","RELA","NOX4"
"5619","RELA","NOX5"
"5620","RELA","NPPB"
"5621","RELA","NRF1"
"5622","RELA","OLFM4"
"5623","RELA","OLR1"
"5624","RELA","OPTN"
"5625","RELA","OXTR"
"5626","RELA","PCK2"
"5627","RELA","PCYT2"
"5628","RELA","PDK4"
"5629","RELA","PGR"
"5630","RELA","PIGR"
"5631","RELA","PLA2G2A"
"5632","RELA","PLAU"
"5633","RELA","PLAUR"
"5634","RELA","PLIN1"
"5635","RELA","POU2F2"
"5636","RELA","PPARA"
"5637","RELA","PPARD"
"5638","RELA","PPIG"
"5639","RELA","PROX1"
"5640","RELA","PSMB10"
"5641","RELA","PSMB9"
"5642","RELA","PTAFR"
"5643","RELA","PTEN"
"5644","RELA","PTGER4"
"5645","RELA","PTGES"
"5646","RELA","PTGFR"
"5647","RELA","PTGS2"
"5648","RELA","PTHLH"
"5649","RELA","PTPN13"
"5650","RELA","PTPN6"
"5651","RELA","REPS2"
"5652","RELA","RGS4"
"5653","RELA","RIPK2"
"5654","RELA","S100A6"
"5655","RELA","SAA1"
"5656","RELA","SAA2"
"5657","RELA","SDC1"
"5658","RELA","SELE"
"5659","RELA","SERPINA3"
"5660","RELA","SERPINB1"
"5661","RELA","SERPINE1"
"5662","RELA","SFTPA1"
"5663","RELA","SIRT1"
"5664","RELA","SLC25A27"
"5665","RELA","SLC9A2"
"5666","RELA","SNAI1"
"5667","RELA","SOCS3"
"5668","RELA","SOD2"
"5669","RELA","STAT1"
"5670","RELA","STAT3"
"5671","RELA","STAT4"
"5672","RELA","STK39"
"5673","RELA","TAP1"
"5674","RELA","TAP2"
"5675","RELA","TAPBP"
"5676","RELA","TBP"
"5677","RELA","TBX21"
"5678","RELA","TERT"
"5679","RELA","TF"
"5680","RELA","TFF1"
"5681","RELA","TFF3"
"5682","RELA","THBD"
"5683","RELA","TIMP1"
"5684","RELA","TLR2"
"5685","RELA","TLR3"
"5686","RELA","TLR7"
"5687","RELA","TLR9"
"5688","RELA","TNC"
"5689","RELA","TNF"
"5690","RELA","TNFAIP3"
"5691","RELA","TNFRSF10A"
"5692","RELA","TNFRSF10B"
"5693","RELA","TNFRSF13C"
"5694","RELA","TNFRSF9"
"5695","RELA","TNFSF10"
"5696","RELA","TNFSF14"
"5697","RELA","TNIP3"
"5698","RELA","TP53"
"5699","RELA","TRAF1"
"5700","RELA","TRAF2"
"5701","RELA","TRIB3"
"5702","RELA","TRIM21"
"5703","RELA","TRPC1"
"5704","RELA","TSLP"
"5705","RELA","TWIST1"
"5706","RELA","UPP1"
"5707","RELA","VCAM1"
"5708","RELA","VEGFA"
"5709","RELA","VWF"
"5710","RELA","WT1"
"5711","RELA","XIAP"
"5712","RELA","YY1"
"5713","RELB","CCL19"
"5714","RELB","CCL21"
"5715","RELB","CD40"
"5716","RELB","PIGR"
"5717","REST","AR"
"5718","REST","AVP"
"5719","REST","BDNF"
"5720","REST","CACNA1H"
"5721","REST","CARTPT"
"5722","REST","CD59"
"5723","REST","CHGA"
"5724","REST","CHGB"
"5725","REST","DGCR5"
"5726","REST","DYRK1A"
"5727","REST","GABRB3"
"5728","REST","GJD2"
"5729","REST","GLRA1"
"5730","REST","GRIN1"
"5731","REST","KCNN4"
"5732","REST","KCNQ2"
"5733","REST","KCNQ3"
"5734","REST","LIN28A"
"5735","REST","NRP1"
"5736","REST","OPRM1"
"5737","REST","PCSK1"
"5738","REST","PENK"
"5739","REST","SCG3"
"5740","REST","STAT1"
"5741","REST","SYN1"
"5742","REST","TAC1"
"5743","REST","TAC3"
"5744","REST","TH"
"5745","REST","TPH2"
"5746","REST","TUBB3"
"5747","REST","VGF"
"5748","REST","VIP"
"5749","RFWD2","MMP1"
"5750","RFWD2","PLAU"
"5751","RFWD2","COP1"
"5752","RFX1","CD70"
"5753","RFX1","CIITA"
"5754","RFX1","COL1A2"
"5755","RFX1","FGF1"
"5756","RFX1","HDAC1"
"5757","RFX1","HLA-DMB"
"5758","RFX1","HLA-DOB"
"5759","RFX1","HLA-DPB1"
"5760","RFX1","HLA-DRA"
"5761","RFX1","IL5RA"
"5762","RFX1","ITGAL"
"5763","RFX1","MAP1A"
"5764","RFX1","MSLN"
"5765","RFX1","MYC"
"5766","RFX1","PCNA"
"5767","RFX2","FGF1"
"5768","RFX2","IL5RA"
"5769","RFX3","FGF1"
"5770","RFX3","IL5RA"
"5771","RFX3","MAP1A"
"5772","RFX5","COL1A2"
"5773","RFX5","HDAC2"
"5774","RFX5","HLA-DMA"
"5775","RFX5","HLA-DMB"
"5776","RFX5","HLA-DOA"
"5777","RFX5","HLA-DOB"
"5778","RFX5","HLA-DPA1"
"5779","RFX5","HLA-DPB1"
"5780","RFX5","HLA-DQA1"
"5781","RFX5","HLA-DQA2"
"5782","RFX5","HLA-DQB1"
"5783","RFX5","HLA-DQB2"
"5784","RFX5","HLA-DRA"
"5785","RFX5","HLA-DRB1"
"5786","RFX5","HLA-DRB3"
"5787","RFX5","HLA-DRB4"
"5788","RFX5","HLA-DRB5"
"5789","RFX5","IFNG"
"5790","RFXANK","HLA-DMA"
"5791","RFXANK","HLA-DMB"
"5792","RFXANK","HLA-DOA"
"5793","RFXANK","HLA-DOB"
"5794","RFXANK","HLA-DPA1"
"5795","RFXANK","HLA-DPB1"
"5796","RFXANK","HLA-DQA1"
"5797","RFXANK","HLA-DQA2"
"5798","RFXANK","HLA-DQB1"
"5799","RFXANK","HLA-DQB2"
"5800","RFXANK","HLA-DRA"
"5801","RFXANK","HLA-DRB1"
"5802","RFXANK","HLA-DRB3"
"5803","RFXANK","HLA-DRB4"
"5804","RFXANK","HLA-DRB5"
"5805","RFXAP","HLA-DMA"
"5806","RFXAP","HLA-DMB"
"5807","RFXAP","HLA-DOA"
"5808","RFXAP","HLA-DOB"
"5809","RFXAP","HLA-DPA1"
"5810","RFXAP","HLA-DPB1"
"5811","RFXAP","HLA-DQA1"
"5812","RFXAP","HLA-DQA2"
"5813","RFXAP","HLA-DQB1"
"5814","RFXAP","HLA-DQB2"
"5815","RFXAP","HLA-DRA"
"5816","RFXAP","HLA-DRB1"
"5817","RFXAP","HLA-DRB3"
"5818","RFXAP","HLA-DRB4"
"5819","RFXAP","HLA-DRB5"
"5820","RNF14","CCND1"
"5821","RORA","APOA5"
"5822","RORA","E2F1"
"5823","RORA","NPSR1"
"5824","RORA","NR1D1"
"5825","RORA","TUBA1B"
"5826","RORC","IL17A"
"5827","RORC","IL22"
"5828","RREB1","KLK3"
"5829","RREB1","SLC39A3"
"5830","RUNX1","ALOX12"
"5831","RUNX1","BAALC"
"5832","RUNX1","BPI"
"5833","RUNX1","CCL3"
"5834","RUNX1","CCND2"
"5835","RUNX1","CD34"
"5836","RUNX1","CD6"
"5837","RUNX1","CSF1"
"5838","RUNX1","CSF1R"
"5839","RUNX1","CSF2"
"5840","RUNX1","ELANE"
"5841","RUNX1","FHL2"
"5842","RUNX1","GP1BA"
"5843","RUNX1","IL2"
"5844","RUNX1","IL3"
"5845","RUNX1","ITGA2B"
"5846","RUNX1","ITGB2"
"5847","RUNX1","JUN"
"5848","RUNX1","KLF4"
"5849","RUNX1","KLK3"
"5850","RUNX1","LGALS3"
"5851","RUNX1","MAD2L1"
"5852","RUNX1","MECOM"
"5853","RUNX1","MIR27A"
"5854","RUNX1","MPL"
"5855","RUNX1","MPO"
"5856","RUNX1","MYH10"
"5857","RUNX1","MYL9"
"5858","RUNX1","NCAM1"
"5859","RUNX1","NF1"
"5860","RUNX1","NFKB1"
"5861","RUNX1","PF4"
"5862","RUNX1","PIK3CD"
"5863","RUNX1","PRKCQ"
"5864","RUNX1","RELA"
"5865","RUNX1","SLC22A4"
"5866","RUNX1","SPI1"
"5867","RUNX1","SYMPK"
"5868","RUNX1","TIMP1"
"5869","RUNX1","VEGFA"
"5870","RUNX1T1","IL3"
"5871","RUNX2","AR"
"5872","RUNX2","ELANE"
"5873","RUNX2","ESR1"
"5874","RUNX2","IBSP"
"5875","RUNX2","IHH"
"5876","RUNX2","KLK3"
"5877","RUNX2","LGALS3"
"5878","RUNX2","LRP5"
"5879","RUNX2","MMP13"
"5880","RUNX2","MMP2"
"5881","RUNX2","PIP"
"5882","RUNX2","PLAU"
"5883","RUNX2","PTH"
"5884","RUNX2","SNAI2"
"5885","RUNX2","SNAI3"
"5886","RUNX2","SP7"
"5887","RUNX2","TWIST1"
"5888","RUNX2","VEGFA"
"5889","RUNX2","VEGFC"
"5890","RUNX3","CAPN10"
"5891","RUNX3","CASP2"
"5892","RUNX3","CASP3"
"5893","RUNX3","CASP7"
"5894","RUNX3","CASP8"
"5895","RUNX3","CCND1"
"5896","RUNX3","CD36"
"5897","RUNX3","CD6"
"5898","RUNX3","CDKN1A"
"5899","RUNX3","CFLAR"
"5900","RUNX3","CLDN7"
"5901","RUNX3","CLEC4G"
"5902","RUNX3","DNASE1"
"5903","RUNX3","FADD"
"5904","RUNX3","HES1"
"5905","RUNX3","HSPD1"
"5906","RUNX3","ICAM3"
"5907","RUNX3","ING1"
"5908","RUNX3","ING4"
"5909","RUNX3","JAG1"
"5910","RUNX3","MMP9"
"5911","RUNX3","MYC"
"5912","RUNX3","PEA15"
"5913","RUNX3","RUNX1"
"5914","RUNX3","TCF4"
"5915","RUNX3","TIAL1"
"5916","RUNX3","TIMP1"
"5917","RUNX3","TRAF6"
"5918","RUNX3","TXN2"
"5919","RUNX3","WNT4"
"5920","RUVBL1","TP53"
"5921","RXRA","ABCA1"
"5922","RXRA","ABCB11"
"5923","RXRA","ABCC3"
"5924","RXRA","CGB5"
"5925","RXRA","CPT1B"
"5926","RXRA","CXCR5"
"5927","RXRA","CYP3A4"
"5928","RXRA","CYP7A1"
"5929","RXRA","GNRH2"
"5930","RXRA","HNF1A"
"5931","RXRA","HNF4A"
"5932","RXRA","HSD17B2"
"5933","RXRA","IL2RA"
"5934","RXRA","IL2RB"
"5935","RXRA","IL2RG"
"5936","RXRA","NOL7"
"5937","RXRA","PLD1"
"5938","RXRA","SERPINC1"
"5939","RXRA","THBD"
"5940","RXRA","TLR10"
"5941","SALL3","DNMT3A"
"5942","SALL3","HDAC9"
"5943","SALL4","ABCA3"
"5944","SALL4","CDH1"
"5945","SALL4","HOXA9"
"5946","SALL4","POU5F1"
"5947","SALL4","PTEN"
"5948","SALL4","SALL4"
"5949","SALL4","ZEB1"
"5950","SALL4A","ABCA3"
"5951","SALL4A","ABCG2"
"5952","SATB1","BCL2"
"5953","SATB1","CD8B"
"5954","SATB1","CDK4"
"5955","SATB1","CR2"
"5956","SATB1","CYBB"
"5957","SATB1","GATA3"
"5958","SATB1","HBE1"
"5959","SATB1","HDAC1"
"5960","SATB1","IL2"
"5961","SATB1","IL2RA"
"5962","SATB1","IL4"
"5963","SATB1","IL5"
"5964","SATB1","MKI67"
"5965","SATB1","SPARC"
"5966","SATB1","SPI1"
"5967","SATB2","TP63"
"5968","SATB2","UPF3B"
"5969","SCAND1","ZNF202"
"5970","SCD5","EGR2"
"5971","SEC14L2","PSMB9"
"5972","SERTAD1","SET"
"5973","SETBP1","PTPA"
"5974","SETBP1","PTGER2"
"5975","SETBP1","PTGS2"
"5976","SF1","AMH"
"5977","SF1","CYP11A1"
"5978","SF1","HSD3B2"
"5979","SF1","LHB"
"5980","SF1","MC2R"
"5981","SF1","NR0B1"
"5982","SF1","SF3B1"
"5983","SF1","SOX9"
"5984","SF1","STAR"
"5985","SF1","SULT2A1"
"5986","SF1","TCERG1"
"5987","SF1","U2AF2"
"5988","SFPQ","ADARB2"
"5989","SFPQ","CXCL8"
"5990","SFPQ","DNAAF4"
"5991","SFPQ","NEAT1"
"5992","SFPQ","STAT6"
"5993","SFPQ","TH"
"5994","SHOX","ACAN"
"5995","SHOX","FGFR3"
"5996","SHOX","NPPB"
"5997","SHOX2","ACAN"
"5998","SHOX2","NPPB"
"5999","SIM2","BCL2"
"6000","SIM2","CASP3"
"6001","SIM2","PRKN"
"6002","SIN3A","E2F1"
"6003","SIN3A","KLK3"
"6004","SIRT1","ABCB1"
"6005","SIRT1","ACAN"
"6006","SIRT1","ADAMTS5"
"6007","SIRT1","BCL11A"
"6008","SIRT1","CCAR2"
"6009","SIRT1","CCND1"
"6010","SIRT1","CDH1"
"6011","SIRT1","CDKN1A"
"6012","SIRT1","CFH"
"6013","SIRT1","CFLAR"
"6014","SIRT1","COL10A1"
"6015","SIRT1","COL1A2"
"6016","SIRT1","CTNNB1"
"6017","SIRT1","DLL4"
"6018","SIRT1","EGLN1"
"6019","SIRT1","ESRRG"
"6020","SIRT1","EZH2"
"6021","SIRT1","FOXO3"
"6022","SIRT1","FOXP3"
"6023","SIRT1","HBE1"
"6024","SIRT1","HIC1"
"6025","SIRT1","HIF1A"
"6026","SIRT1","HSF1"
"6027","SIRT1","HSPA4"
"6028","SIRT1","HYOU1"
"6029","SIRT1","ICAM1"
"6030","SIRT1","IL1B"
"6031","SIRT1","LIN28A"
"6032","SIRT1","MCL1"
"6033","SIRT1","MMP9"
"6034","SIRT1","MYC"
"6035","SIRT1","NBN"
"6036","SIRT1","NDRG1"
"6037","SIRT1","NOTCH1"
"6038","SIRT1","NQO1"
"6039","SIRT1","PAX6"
"6040","SIRT1","PER1"
"6041","SIRT1","PPARG"
"6042","SIRT1","SELE"
"6043","SIRT1","SHC1"
"6044","SIRT1","TBX3"
"6045","SIRT1","TERT"
"6046","SIRT1","TNF"
"6047","SIRT1","TNFRSF10B"
"6048","SIRT1","TP53"
"6049","SIRT1","TP73"
"6050","SIRT1","WRN"
"6051","SIRT1","XPC"
"6052","SIRT2","AFP"
"6053","SIRT2","CDKN1A"
"6054","SIRT2","NEDD4"
"6055","SIRT3","FOXO3"
"6056","SIX1","CDH1"
"6057","SIX1","VEGFC"
"6058","SKI","FHL2"
"6059","SKI","MDM2"
"6060","SKIL","ADAM12"
"6061","SKIL","SMAD7"
"6062","SLA2","CD69"
"6063","SLC2A4RG","SLC2A4"
"6064","SMAD1","CXCL2"
"6065","SMAD1","IBSP"
"6066","SMAD1","TNFRSF11B"
"6067","SMAD2","AHR"
"6068","SMAD2","BCL2"
"6069","SMAD2","CDKN1A"
"6070","SMAD2","GLI1"
"6071","SMAD2","NKX2-1"
"6072","SMAD3","AHR"
"6073","SMAD3","ANGPTL4"
"6074","SMAD3","APOC3"
"6075","SMAD3","BAMBI"
"6076","SMAD3","BGLAP"
"6077","SMAD3","CCND2"
"6078","SMAD3","CDKN1A"
"6079","SMAD3","COL7A1"
"6080","SMAD3","CYP17A1"
"6081","SMAD3","CYP7A1"
"6082","SMAD3","EPO"
"6083","SMAD3","FOXA2"
"6084","SMAD3","FOXP3"
"6085","SMAD3","FST"
"6086","SMAD3","FSTL3"
"6087","SMAD3","GLI2"
"6088","SMAD3","JUN"
"6089","SMAD3","LTBP4"
"6090","SMAD3","MMP9"
"6091","SMAD3","MXD1"
"6092","SMAD3","MYC"
"6093","SMAD3","POR"
"6094","SMAD3","PTHLH"
"6095","SMAD3","SERPINE1"
"6096","SMAD3","SMAD7"
"6097","SMAD3","TERT"
"6098","SMAD3","TGFB1"
"6099","SMAD3","TNC"
"6100","SMAD3","VDR"
"6101","SMAD3","VEGFA"
"6102","SMAD3","ZFP36"
"6103","SMAD4","AHR"
"6104","SMAD4","APOC3"
"6105","SMAD4","BAMBI"
"6106","SMAD4","BCL2"
"6107","SMAD4","BGLAP"
"6108","SMAD4","BTRC"
"6109","SMAD4","CDKN1A"
"6110","SMAD4","CDKN2B"
"6111","SMAD4","COL7A1"
"6112","SMAD4","DACH1"
"6113","SMAD4","EPO"
"6114","SMAD4","FBXO32"
"6115","SMAD4","FSTL3"
"6116","SMAD4","GLI1"
"6117","SMAD4","HP"
"6118","SMAD4","JUN"
"6119","SMAD4","MYC"
"6120","SMAD4","POR"
"6121","SMAD4","RUNX1T1"
"6122","SMAD4","SERPINE1"
"6123","SMAD4","SKIL"
"6124","SMAD4","SMAD7"
"6125","SMAD4","TGFB1"
"6126","SMAD4","TNC"
"6127","SMAD4","UCP2"
"6128","SMAD4","ZFP36"
"6129","SMAD7","CDK1"
"6130","SMAD7","CDKN1A"
"6131","SMAD7","CDKN2B"
"6132","SMAD7","HMOX1"
"6133","SMAD7","KRT14"
"6134","SMAD7","MET"
"6135","SMAD7","MYC"
"6136","SMAD7","TGFB1"
"6137","SMAD7","TGFBR1"
"6138","SMARCA1","CD44"
"6139","SMARCA1","CDKN2A"
"6140","SMARCA4","ABCG2"
"6141","SMARCA4","CAD"
"6142","SMARCA4","CCND1"
"6143","SMARCA4","CD44"
"6144","SMARCA4","CDH1"
"6145","SMARCA4","CDKN1A"
"6146","SMARCA4","CDKN2A"
"6147","SMARCA4","FOS"
"6148","SMARCA4","MECOM"
"6149","SMARCB1","CD44"
"6150","SMARCB1","CDKN2A"
"6151","SMG6","UPF1"
"6152","SMURF2","KLF5"
"6153","SNAI1","CDH1"
"6154","SNAI1","CDH2"
"6155","SNAI1","CLDN3"
"6156","SNAI1","CXADR"
"6157","SNAI1","FN1"
"6158","SNAI1","HBEGF"
"6159","SNAI1","PEBP1"
"6160","SNAI1","SNAI1"
"6161","SNAI1","THBS1"
"6162","SNAI1","VDR"
"6163","SNAI2","CD44"
"6164","SNAI2","CDH1"
"6165","SNAI2","CDH2"
"6166","SNAI2","CXADR"
"6167","SNAI2","CXCL12"
"6168","SNAI2","CXCR4"
"6169","SNAI2","HPGD"
"6170","SNAI2","JAG1"
"6171","SNAI2","LPAR2"
"6172","SNAI2","MMP17"
"6173","SNAI2","MMP9"
"6174","SNAI2","POU5F1"
"6175","SNAI2","UBE2D3"
"6176","SNAI2","VDR"
"6177","SND1","AGTR1"
"6178","SNIP1","CCND1"
"6179","SNIP1","MYC"
"6180","SNW1","HES1"
"6181","SNW1","RARB"
"6182","SNW1","VDR"
"6183","SOX10","COL11A2"
"6184","SOX10","EDNRB"
"6185","SOX10","GJB1"
"6186","SOX10","GJC2"
"6187","SOX10","MBP"
"6188","SOX10","MIA"
"6189","SOX10","MITF"
"6190","SOX10","MPZ"
"6191","SOX10","NES"
"6192","SOX10","PMP22"
"6193","SOX10","RET"
"6194","SOX11","SPAST"
"6195","SOX11","TUBB3"
"6196","SOX17","CSNK1A1"
"6197","SOX17","FN1"
"6198","SOX17","HNF4A"
"6199","SOX17","MACC1"
"6200","SOX17","NFAT5"
"6201","SOX17","SERBP1"
"6202","SOX2","ABCC3"
"6203","SOX2","ABCC6"
"6204","SOX2","ASXL1"
"6205","SOX2","BMP4"
"6206","SOX2","CCND1"
"6207","SOX2","DKK1"
"6208","SOX2","FGF4"
"6209","SOX2","ISL1"
"6210","SOX2","ITGA6"
"6211","SOX2","L1TD1"
"6212","SOX2","LHX3"
"6213","SOX2","MKI67"
"6214","SOX2","MMP3"
"6215","SOX2","NTRK3"
"6216","SOX2","PAX6"
"6217","SOX2","PGA5"
"6218","SOX2","PLAC1"
"6219","SOX2","POU4F2"
"6220","SOX2","RHO"
"6221","SOX2","SEMA6A"
"6222","SOX2","TUBB3"
"6223","SOX2","VIM"
"6224","SOX4","AGO1"
"6225","SOX4","AXIN2"
"6226","SOX4","DHX9"
"6227","SOX4","DICER1"
"6228","SOX4","HDAC8"
"6229","SOX4","KMT2A"
"6230","SOX4","NCAM1"
"6231","SOX4","NKX3-1"
"6232","SOX5","SPAG6"
"6233","SOX6","CCNA2"
"6234","SOX6","CCND1"
"6235","SOX6","CDK4"
"6236","SOX6","CDKN1A"
"6237","SOX6","CTNNB1"
"6238","SOX6","TP53"
"6239","SOX9","AMH"
"6240","SOX9","AR"
"6241","SOX9","BEST1"
"6242","SOX9","CDK4"
"6243","SOX9","CDKN1A"
"6244","SOX9","CEACAM1"
"6245","SOX9","COL11A2"
"6246","SOX9","COL2A1"
"6247","SOX9","DCC"
"6248","SOX9","DCT"
"6249","SOX9","HES1"
"6250","SOX9","KLF4"
"6251","SOX9","MIA"
"6252","SOX9","MITF"
"6253","SOX9","NES"
"6254","SOX9","NR5A1"
"6255","SOX9","POU3F2"
"6256","SOX9","PRAME"
"6257","SOX9","RXFP2"
"6258","SOX9","SF1"
"6259","SOX9","SHH"
"6260","SOX9","SOX10"
"6261","SOX9","TYR"
"6262","SP1","ABCA1"
"6263","SP1","ABCB1"
"6264","SP1","ABCB8"
"6265","SP1","ABCC1"
"6266","SP1","ABCC3"
"6267","SP1","ABCG2"
"6268","SP1","ACAN"
"6269","SP1","ACO1"
"6270","SP1","ACVRL1"
"6271","SP1","ADA"
"6272","SP1","ADAM10"
"6273","SP1","ADAM17"
"6274","SP1","ADAM23"
"6275","SP1","ADH6"
"6276","SP1","ADIPOQ"
"6277","SP1","ADRA1A"
"6278","SP1","ADRA2B"
"6279","SP1","ADRB3"
"6280","SP1","GRK2"
"6281","SP1","AGT"
"6282","SP1","AGTR1"
"6283","SP1","AHR"
"6284","SP1","ALOX12"
"6285","SP1","ALOX15B"
"6286","SP1","ALOX5"
"6287","SP1","AMACR"
"6288","SP1","APAF1"
"6289","SP1","APEX1"
"6290","SP1","APLNR"
"6291","SP1","APOA1"
"6292","SP1","APOC3"
"6293","SP1","APOE"
"6294","SP1","APP"
"6295","SP1","AR"
"6296","SP1","AREG"
"6297","SP1","ARF6"
"6298","SP1","ASPN"
"6299","SP1","ATF2"
"6300","SP1","ATM"
"6301","SP1","ATP2A2"
"6302","SP1","ATP2A3"
"6303","SP1","ATP2C1"
"6304","SP1","B4GALT1"
"6305","SP1","B4GALT5"
"6306","SP1","BACE1"
"6307","SP1","BACE2"
"6308","SP1","BAG2"
"6309","SP1","BAX"
"6310","SP1","BCL2"
"6311","SP1","BDKRB1"
"6312","SP1","BIRC5"
"6313","SP1","BLMH"
"6314","SP1","BRCA1"
"6315","SP1","BRD7"
"6316","SP1","BSG"
"6317","SP1","BTK"
"6318","SP1","BTS1"
"6319","SP1","C1QBP"
"6320","SP1","C4A"
"6321","SP1","C4B"
"6322","SP1","CA9"
"6323","SP1","CASP3"
"6324","SP1","CAT"
"6325","SP1","CAV1"
"6326","SP1","CBFB"
"6327","SP1","CBS"
"6328","SP1","CCK"
"6329","SP1","CCL2"
"6330","SP1","CCL5"
"6331","SP1","CCNA2"
"6332","SP1","CCND1"
"6333","SP1","CCND2"
"6334","SP1","PROM1"
"6335","SP1","CD14"
"6336","SP1","CD151"
"6337","SP1","CD163"
"6338","SP1","CD1D"
"6339","SP1","CD28"
"6340","SP1","CD2AP"
"6341","SP1","CD44"
"6342","SP1","CD83"
"6343","SP1","ADGRE5"
"6344","SP1","CD99"
"6345","SP1","CDC42BPG"
"6346","SP1","CDH2"
"6347","SP1","CDH3"
"6348","SP1","CDK4"
"6349","SP1","CDK6"
"6350","SP1","CDKN1A"
"6351","SP1","CDKN1B"
"6352","SP1","CDKN2A"
"6353","SP1","CDKN2B"
"6354","SP1","CENPH"
"6355","SP1","CENPW"
"6356","SP1","CERS2"
"6357","SP1","CES1"
"6358","SP1","CETP"
"6359","SP1","CFTR"
"6360","SP1","CHGA"
"6361","SP1","CHI3L1"
"6362","SP1","CHRNB4"
"6363","SP1","CHST4"
"6364","SP1","CIC"
"6365","SP1","CLDN3"
"6366","SP1","COL11A2"
"6367","SP1","COL18A1"
"6368","SP1","COL1A1"
"6369","SP1","COL2A1"
"6370","SP1","COL7A1"
"6371","SP1","COMP"
"6372","SP1","CREB1"
"6373","SP1","CREM"
"6374","SP1","CRMP1"
"6375","SP1","CSNK2A1"
"6376","SP1","CTGF"
"6377","SP1","CTSB"
"6378","SP1","CTSL"
"6379","SP1","CXADR"
"6380","SP1","CXCL1"
"6381","SP1","CXCL14"
"6382","SP1","CXCL5"
"6383","SP1","CYP17A1"
"6384","SP1","CYP19A1"
"6385","SP1","CYP1B1"
"6386","SP1","CYP27A1"
"6387","SP1","CYP2F1"
"6388","SP1","CYP3A4"
"6389","SP1","CYP3A5"
"6390","SP1","CYP3A7"
"6391","SP1","CYP7A1"
"6392","SP1","CYP7B1"
"6393","SP1","DBF4"
"6394","SP1","DCK"
"6395","SP1","DDB1"
"6396","SP1","DDB2"
"6397","SP1","DHCR24"
"6398","SP1","DMRT1"
"6399","SP1","DNASE2"
"6400","SP1","DNMT1"
"6401","SP1","DNMT3A"
"6402","SP1","DNMT3B"
"6403","SP1","DPYSL2"
"6404","SP1","DRG2"
"6405","SP1","E2F1"
"6406","SP1","EAPP"
"6407","SP1","EDNRB"
"6408","SP1","EGF"
"6409","SP1","EGFR"
"6410","SP1","EGR1"
"6411","SP1","ELF4"
"6412","SP1","ELMO3"
"6413","SP1","ENG"
"6414","SP1","EPO"
"6415","SP1","EPOR"
"6416","SP1","ERBB2"
"6417","SP1","ERVW-1"
"6418","SP1","ESR1"
"6419","SP1","EZR"
"6420","SP1","F10"
"6421","SP1","F2R"
"6422","SP1","F3"
"6423","SP1","F7"
"6424","SP1","FABP6"
"6425","SP1","FAS"
"6426","SP1","FASLG"
"6427","SP1","FBLN1"
"6428","SP1","FBN1"
"6429","SP1","FBP1"
"6430","SP1","FES"
"6431","SP1","FGFBP1"
"6432","SP1","FGFR1"
"6433","SP1","FGFR3"
"6434","SP1","FGL2"
"6435","SP1","FMR1"
"6436","SP1","FOLR1"
"6437","SP1","FOS"
"6438","SP1","FOXM1"
"6439","SP1","FPGS"
"6440","SP1","FUT4"
"6441","SP1","FXR2"
"6442","SP1","GAST"
"6443","SP1","GATA3"
"6444","SP1","GCLC"
"6445","SP1","GDA"
"6446","SP1","GDF5"
"6447","SP1","GFER"
"6448","SP1","GH2"
"6449","SP1","GIPR"
"6450","SP1","GJA1"
"6451","SP1","GM2A"
"6452","SP1","GPR39"
"6453","SP1","GRIN1"
"6454","SP1","GSPT1"
"6455","SP1","GSTP1"
"6456","SP1","HAS2"
"6457","SP1","HBEGF"
"6458","SP1","HBZ"
"6459","SP1","HCN2"
"6460","SP1","HCN4"
"6461","SP1","HDAC4"
"6462","SP1","HGF"
"6463","SP1","HIST2H4A"
"6464","SP1","HLA-G"
"6465","SP1","HMGA1"
"6466","SP1","HMGA2"
"6467","SP1","HNF4A"
"6468","SP1","HOXB7"
"6469","SP1","HPR"
"6470","SP1","HRAS"
"6471","SP1","HSD11B2"
"6472","SP1","HSD17B1"
"6473","SP1","HSD17B11"
"6474","SP1","HSD17B2"
"6475","SP1","HSD3B1"
"6476","SP1","HTR1A"
"6477","SP1","HTT"
"6478","SP1","HYAL1"
"6479","SP1","ICAM1"
"6480","SP1","ID4"
"6481","SP1","IFNGR1"
"6482","SP1","IGF1R"
"6483","SP1","IGF2"
"6484","SP1","IGFBP1"
"6485","SP1","IGFBP3"
"6486","SP1","IGFBP4"
"6487","SP1","IL10"
"6488","SP1","IL2"
"6489","SP1","IL2RB"
"6490","SP1","IL3"
"6491","SP1","IL6"
"6492","SP1","IMPDH2"
"6493","SP1","INPP5J"
"6494","SP1","INSR"
"6495","SP1","IRF5"
"6496","SP1","IRS2"
"6497","SP1","ISG20"
"6498","SP1","ITGA2"
"6499","SP1","ITGA5"
"6500","SP1","ITGAD"
"6501","SP1","ITGAV"
"6502","SP1","ITGAX"
"6503","SP1","ITGB2"
"6504","SP1","ITGB3"
"6505","SP1","IVL"
"6506","SP1","KCNH2"
"6507","SP1","KCNQ2"
"6508","SP1","KCNQ3"
"6509","SP1","KCTD11"
"6510","SP1","KDR"
"6511","SP1","KIF2C"
"6512","SP1","KISS1"
"6513","SP1","KIT"
"6514","SP1","KLF8"
"6515","SP1","KLK3"
"6516","SP1","KRT14"
"6517","SP1","KRT16"
"6518","SP1","KRT18"
"6519","SP1","KRT19"
"6520","SP1","KRT5"
"6521","SP1","LAMA1"
"6522","SP1","LCAT"
"6523","SP1","LDHA"
"6524","SP1","LDHC"
"6525","SP1","LDLR"
"6526","SP1","LEP"
"6527","SP1","LMO4"
"6528","SP1","LOR"
"6529","SP1","LOXL4"
"6530","SP1","LPL"
"6531","SP1","LRP5"
"6532","SP1","LSP1"
"6533","SP1","LTBP4"
"6534","SP1","LTC4S"
"6535","SP1","LTF"
"6536","SP1","LYZ"
"6537","SP1","MACROD1"
"6538","SP1","MAOB"
"6539","SP1","MAT2A"
"6540","SP1","MAT2B"
"6541","SP1","MCTS1"
"6542","SP1","MDM2"
"6543","SP1","ME1"
"6544","SP1","MET"
"6545","SP1","MGMT"
"6546","SP1","MICA"
"6547","SP1","MICB"
"6548","SP1","MIF"
"6549","SP1","MME"
"6550","SP1","MMP11"
"6551","SP1","MMP14"
"6552","SP1","MMP2"
"6553","SP1","MMP28"
"6554","SP1","MMP9"
"6555","SP1","MMRN1"
"6556","SP1","MNDA"
"6557","SP1","MPG"
"6558","SP1","MPO"
"6559","SP1","MTA1"
"6560","SP1","MUC2"
"6561","SP1","MUC4"
"6562","SP1","MUC5AC"
"6563","SP1","MUC6"
"6564","SP1","MYBL1"
"6565","SP1","MYBL2"
"6566","SP1","MYC"
"6567","SP1","MYCN"
"6568","SP1","NDUFV1"
"6569","SP1","NDUFV2"
"6570","SP1","NF1"
"6571","SP1","NFKB1"
"6572","SP1","NFKB2"
"6573","SP1","NKX2-1"
"6574","SP1","NOL7"
"6575","SP1","NOS1"
"6576","SP1","NOS3"
"6577","SP1","NPY"
"6578","SP1","NQO2"
"6579","SP1","NR4A1"
"6580","SP1","NR5A1"
"6581","SP1","NT5E"
"6582","SP1","OAT"
"6583","SP1","ODC1"
"6584","SP1","OPRM1"
"6585","SP1","OXTR"
"6586","SP1","P2RX4"
"6587","SP1","P4HA1"
"6588","SP1","PADI1"
"6589","SP1","PADI3"
"6590","SP1","PAX6"
"6591","SP1","PCK1"
"6592","SP1","PDE6A"
"6593","SP1","PDE6B"
"6594","SP1","PDGFB"
"6595","SP1","PDGFC"
"6596","SP1","PDHA1"
"6597","SP1","PDIA2"
"6598","SP1","PELO"
"6599","SP1","PGLYRP2"
"6600","SP1","PGR"
"6601","SP1","PHGDH"
"6602","SP1","PLAA"
"6603","SP1","PLAC1"
"6604","SP1","PLAT"
"6605","SP1","PLAU"
"6606","SP1","PLAUR"
"6607","SP1","PNOC"
"6608","SP1","POLD1"
"6609","SP1","POLD2"
"6610","SP1","POLE2"
"6611","SP1","PON1"
"6612","SP1","POR"
"6613","SP1","PPL"
"6614","SP1","PPP2R2B"
"6615","SP1","PRKCE"
"6616","SP1","PRM1"
"6617","SP1","PRNP"
"6618","SP1","PRSS50"
"6619","SP1","PSEN1"
"6620","SP1","PSIP1"
"6621","SP1","PTEN"
"6622","SP1","PTGES"
"6623","SP1","PTGIR"
"6624","SP1","PTGS2"
"6625","SP1","PTHLH"
"6626","SP1","PTK6"
"6627","SP1","PTN"
"6628","SP1","PTTG1"
"6629","SP1","RARA"
"6630","SP1","RASSF1"
"6631","SP1","RECK"
"6632","SP1","RECQL4"
"6633","SP1","RELA"
"6634","SP1","RETN"
"6635","SP1","RGN"
"6636","SP1","RORA"
"6637","SP1","RPS3A"
"6638","SP1","SCNN1B"
"6639","SP1","SCT"
"6640","SP1","SCTR"
"6641","SP1","SERPINB5"
"6642","SP1","SERPINE1"
"6643","SP1","SGPL1"
"6644","SP1","SIGIRR"
"6645","SP1","SIRT1"
"6646","SP1","SKP2"
"6647","SP1","SLC13A4"
"6648","SP1","SLC15A1"
"6649","SP1","SLC19A1"
"6650","SP1","SLC19A2"
"6651","SP1","SLC19A3"
"6652","SP1","SLC25A20"
"6653","SP1","SLC29A1"
"6654","SP1","SLC31A1"
"6655","SP1","SLC39A1"
"6656","SP1","SLC39A8"
"6657","SP1","SLC3A2"
"6658","SP1","SLC4A2"
"6659","SP1","SLC5A8"
"6660","SP1","SLC7A5"
"6661","SP1","SLC9A2"
"6662","SP1","SMARCA1"
"6663","SP1","SMPD1"
"6664","SP1","SNAP25"
"6665","SP1","SNAPC1"
"6666","SP1","SNRPN"
"6667","SP1","SOCS1"
"6668","SP1","SOD1"
"6669","SP1","SOD2"
"6670","SP1","SOX3"
"6671","SP1","SOX9"
"6672","SP1","SP3"
"6673","SP1","SPN"
"6674","SP1","SPP1"
"6675","SP1","SPRY2"
"6676","SP1","SQSTM1"
"6677","SP1","SRC"
"6678","SP1","SREBF1"
"6679","SP1","SRY"
"6680","SP1","ST6GAL1"
"6681","SP1","STAR"
"6682","SP1","STARD3"
"6683","SP1","STK11"
"6684","SP1","SYP"
"6685","SP1","TAF7"
"6686","SP1","TBX21"
"6687","SP1","TBXA2R"
"6688","SP1","TCN2"
"6689","SP1","TERF2"
"6690","SP1","TERT"
"6691","SP1","TF"
"6692","SP1","TFPI2"
"6693","SP1","TGFA"
"6694","SP1","TGFB1"
"6695","SP1","TGFBR2"
"6696","SP1","TGM4"
"6697","SP1","TH"
"6698","SP1","THBD"
"6699","SP1","TICAM1"
"6700","SP1","TIMP1"
"6701","SP1","TIMP2"
"6702","SP1","TIMP3"
"6703","SP1","TINF2"
"6704","SP1","TK1"
"6705","SP1","TLR2"
"6706","SP1","TMPO"
"6707","SP1","TNC"
"6708","SP1","TNF"
"6709","SP1","TNFRSF10B"
"6710","SP1","TNFSF10"
"6711","SP1","TNFSF14"
"6712","SP1","TNNI3"
"6713","SP1","TPMT"
"6714","SP1","TYMP"
"6715","SP1","TYMS"
"6716","SP1","UBC"
"6717","SP1","UGCG"
"6718","SP1","UGDH"
"6719","SP1","UGT1A4"
"6720","SP1","UGT2B15"
"6721","SP1","USP7"
"6722","SP1","UTRN"
"6723","SP1","VAMP2"
"6724","SP1","VDR"
"6725","SP1","VEGFA"
"6726","SP1","VIM"
"6727","SP1","WAS"
"6728","SP1","WIF1"
"6729","SP1","WRN"
"6730","SP1","WT1"
"6731","SP1","XIAP"
"6732","SP1","XPC"
"6733","SP1","YY1"
"6734","SP100","ETS1"
"6735","SP2","CD14"
"6736","SP2","CEACAM1"
"6737","SP2","DNMT3A"
"6738","SP2","DNMT3B"
"6739","SP2","HSD17B2"
"6740","SP2","MAT2A"
"6741","SP2","MMP9"
"6742","SP2","PAPSS2"
"6743","SP2","TRA"
"6744","SP3","ABCA1"
"6745","SP3","ACE"
"6746","SP3","AGTR1"
"6747","SP3","ALOX12"
"6748","SP3","ALPL"
"6749","SP3","ATP2A2"
"6750","SP3","BIRC5"
"6751","SP3","BPI"
"6752","SP3","BSG"
"6753","SP3","BTK"
"6754","SP3","CA9"
"6755","SP3","CBS"
"6756","SP3","CCND1"
"6757","SP3","CD14"
"6758","SP3","CD2AP"
"6759","SP3","CD83"
"6760","SP3","ADGRE5"
"6761","SP3","CDH2"
"6762","SP3","CDKN1A"
"6763","SP3","CDKN2A"
"6764","SP3","CDKN2B"
"6765","SP3","CENPH"
"6766","SP3","CETP"
"6767","SP3","CFTR"
"6768","SP3","CHRNB4"
"6769","SP3","COL11A2"
"6770","SP3","COL1A1"
"6771","SP3","COL2A1"
"6772","SP3","CTSB"
"6773","SP3","CTSL"
"6774","SP3","CYP17A1"
"6775","SP3","CYP27A1"
"6776","SP3","CYP2F1"
"6777","SP3","CYP3A5"
"6778","SP3","CYP3A7"
"6779","SP3","CYP46A1"
"6780","SP3","DMRT1"
"6781","SP3","DNASE2"
"6782","SP3","DNMT3A"
"6783","SP3","DNMT3B"
"6784","SP3","EAPP"
"6785","SP3","ERBB2"
"6786","SP3","ETF1"
"6787","SP3","F2R"
"6788","SP3","FBLN1"
"6789","SP3","FBP1"
"6790","SP3","FGFR3"
"6791","SP3","FOXP3"
"6792","SP3","GDF5"
"6793","SP3","GIPR"
"6794","SP3","HBEGF"
"6795","SP3","HDAC4"
"6796","SP3","HGF"
"6797","SP3","HMGA2"
"6798","SP3","HOXB7"
"6799","SP3","HSD17B2"
"6800","SP3","ID4"
"6801","SP3","IGFBP1"
"6802","SP3","IGFBP3"
"6803","SP3","IGFBP4"
"6804","SP3","ITGA2"
"6805","SP3","ITGAD"
"6806","SP3","ITGAV"
"6807","SP3","KDR"
"6808","SP3","KLK3"
"6809","SP3","LAMA1"
"6810","SP3","LCAT"
"6811","SP3","CNMD"
"6812","SP3","LOR"
"6813","SP3","LPL"
"6814","SP3","LTC4S"
"6815","SP3","MAOB"
"6816","SP3","MAT2A"
"6817","SP3","MICB"
"6818","SP3","MMP2"
"6819","SP3","MSH6"
"6820","SP3","MUC2"
"6821","SP3","MUC4"
"6822","SP3","MUC6"
"6823","SP3","MYCN"
"6824","SP3","NFKB1"
"6825","SP3","NKX2-1"
"6826","SP3","NOS3"
"6827","SP3","NOX4"
"6828","SP3","OPRM1"
"6829","SP3","PADI1"
"6830","SP3","PADI3"
"6831","SP3","PLAT"
"6832","SP3","PLAUR"
"6833","SP3","RASSF1"
"6834","SP3","RECK"
"6835","SP3","RELA"
"6836","SP3","RORA"
"6837","SP3","SCT"
"6838","SP3","SCTR"
"6839","SP3","SLC19A3"
"6840","SP3","SLC1A3"
"6841","SP3","SLC9A2"
"6842","SP3","SOCS3"
"6843","SP3","SOX18"
"6844","SP3","TCN2"
"6845","SP3","TFF1"
"6846","SP3","TFF2"
"6847","SP3","TGM4"
"6848","SP3","TIMP1"
"6849","SP3","TIMP2"
"6850","SP3","TPMT"
"6851","SP3","TRA"
"6852","SP3","TYMP"
"6853","SP3","UBC"
"6854","SP3","UTRN"
"6855","SP3","VEGFA"
"6856","SP3","YY1"
"6857","SP4","ASS1"
"6858","SP4","BIRC5"
"6859","SP4","CCND1"
"6860","SP4","ERBB2"
"6861","SP4","FGFR3"
"6862","SP4","KDR"
"6863","SP4","MAOB"
"6864","SP4","NFKB1"
"6865","SP4","PDE6B"
"6866","SP4","RELA"
"6867","SP4","YY1"
"6868","SP7","COL11A2"
"6869","SPDEF","AGR2"
"6870","SPDEF","CDH1"
"6871","SPDEF","KLK3"
"6872","SPDEF","MMP9"
"6873","SPDEF","MUC2"
"6874","SPDEF","PLAUR"
"6875","SPDEF","RETNLB"
"6876","SPDEF","SERPINB5"
"6877","SPDEF","SPINK4"
"6878","SPDEF","SQSTM1"
"6879","SPEN","DMPK"
"6880","SPEN","NCOR2"
"6881","SPI1","ACP5"
"6882","SPI1","ALOX15"
"6883","SPI1","BCL6"
"6884","SPI1","BPI"
"6885","SPI1","BTK"
"6886","SPI1","CCL2"
"6887","SPI1","CCL5"
"6888","SPI1","CD163"
"6889","SPI1","CD22"
"6890","SPI1","CD40"
"6891","SPI1","CD68"
"6892","SPI1","CLEC4G"
"6893","SPI1","CSF1"
"6894","SPI1","CSF2RA"
"6895","SPI1","CSF3R"
"6896","SPI1","CTSG"
"6897","SPI1","CTSK"
"6898","SPI1","CTSS"
"6899","SPI1","CXCR1"
"6900","SPI1","CYBB"
"6901","SPI1","DAPK2"
"6902","SPI1","ELANE"
"6903","SPI1","ERAP2"
"6904","SPI1","FCER1A"
"6905","SPI1","FCGR1A"
"6906","SPI1","FES"
"6907","SPI1","FLI1"
"6908","SPI1","GATA1"
"6909","SPI1","HCK"
"6910","SPI1","IFIT3"
"6911","SPI1","JCHAIN"
"6912","SPI1","IL12B"
"6913","SPI1","IL18"
"6914","SPI1","IL1B"
"6915","SPI1","IL5"
"6916","SPI1","ITGA2B"
"6917","SPI1","ITGAM"
"6918","SPI1","ITGAX"
"6919","SPI1","ITGB2"
"6920","SPI1","MACROD1"
"6921","SPI1","MAPK1"
"6922","SPI1","MME"
"6923","SPI1","MNDA"
"6924","SPI1","MS4A1"
"6925","SPI1","MSR1"
"6926","SPI1","NCF2"
"6927","SPI1","NSFL1C"
"6928","SPI1","P2RY10"
"6929","SPI1","PARG"
"6930","SPI1","PEBP1"
"6931","SPI1","PRG2"
"6932","SPI1","PRTN3"
"6933","SPI1","PTGIR"
"6934","SPI1","RNASE2"
"6935","SPI1","SCARB1"
"6936","SPI1","SCARB2"
"6937","SPI1","STAT3"
"6938","SPI1","TLR4"
"6939","SPI1","TNF"
"6940","SPI1","TNFRSF11A"
"6941","SPI1","WAS"
"6942","SPI1","ZNF300"
"6943","SPIB","CD40"
"6944","SPIB","IRF7"
"6945","SPIC","IL4"
"6946","SRCAP","KLK3"
"6947","SRCAP","PCK2"
"6948","SREBF1","ACACB"
"6949","SREBF1","ACLY"
"6950","SREBF1","APOA5"
"6951","SREBF1","AR"
"6952","SREBF1","BCL2L1"
"6953","SREBF1","CAV1"
"6954","SREBF1","CETP"
"6955","SREBF1","CIC"
"6956","SREBF1","FABP6"
"6957","SREBF1","FAS"
"6958","SREBF1","FASN"
"6959","SREBF1","FDFT1"
"6960","SREBF1","FDPS"
"6961","SREBF1","HK2"
"6962","SREBF1","HMOX1"
"6963","SREBF1","IRS2"
"6964","SREBF1","LDLR"
"6965","SREBF1","LPIN1"
"6966","SREBF1","LRP1"
"6967","SREBF1","NR0B2"
"6968","SREBF1","PCK1"
"6969","SREBF1","PCSK9"
"6970","SREBF1","PDX1"
"6971","SREBF1","PPARG"
"6972","SREBF1","SCD"
"6973","SREBF1","SCD5"
"6974","SREBF1","THRSP"
"6975","SREBF2","ABCA1"
"6976","SREBF2","ABCG5"
"6977","SREBF2","ABCG8"
"6978","SREBF2","ACOT7"
"6979","SREBF2","FABP6"
"6980","SREBF2","FAS"
"6981","SREBF2","FDFT1"
"6982","SREBF2","FDPS"
"6983","SREBF2","HMGCR"
"6984","SREBF2","HNF4A"
"6985","SREBF2","LDLR"
"6986","SREBF2","LIPC"
"6987","SREBF2","LRP1"
"6988","SREBF2","MTTP"
"6989","SREBF2","NPC1L1"
"6990","SREBF2","PCSK9"
"6991","SREBF2","PON1"
"6992","SREBF2","PON2"
"6993","SREBF2","PPARG"
"6994","SREBF2","PRSS8"
"6995","SRF","ACTA1"
"6996","SRF","CFTR"
"6997","SRF","CREB1"
"6998","SRF","DMD"
"6999","SRF","FHL2"
"7000","SRF","FOS"
"7001","SRF","FOSL1"
"7002","SRF","FXN"
"7003","SRF","HMGXB4"
"7004","SRF","KPNA1"
"7005","SRF","KPNB1"
"7006","SRF","LMO7"
"7007","SRF","MCL1"
"7008","SRF","MMP14"
"7009","SRF","MMP2"
"7010","SRF","MMP9"
"7011","SRF","MYL9"
"7012","SRF","PLAU"
"7013","SRF","PLG"
"7014","SRF","PRRX1"
"7015","SRF","SAMD4A"
"7016","SRF","SERPINE1"
"7017","SRF","SMN1"
"7018","SRF","TAGLN"
"7019","SRF","UBE2S"
"7020","SRSF1","MYC"
"7021","SRSF1","NFKB1"
"7022","SRY","ETV2"
"7023","SRY","NFKBIB"
"7024","SRY","PROM1"
"7025","SRY","SOX9"
"7026","SRY","TH"
"7027","SRY","WDR5"
"7028","SSB","HAP1"
"7029","SSB","LAMB1"
"7030","SSB","XIAP"
"7031","SSX2","MMP2"
"7032","STAT1","ACAT1"
"7033","STAT1","APP"
"7034","STAT1","BAX"
"7035","STAT1","CCL2"
"7036","STAT1","CCL3"
"7037","STAT1","CCR1"
"7038","STAT1","CD22"
"7039","STAT1","CD40"
"7040","STAT1","CD40LG"
"7041","STAT1","CD86"
"7042","STAT1","CDKN1A"
"7043","STAT1","CEBPE"
"7044","STAT1","CFTR"
"7045","STAT1","CHAT"
"7046","STAT1","CIITA"
"7047","STAT1","CTSB"
"7048","STAT1","CTSL"
"7049","STAT1","CXCL10"
"7050","STAT1","EDN1"
"7051","STAT1","EGFR"
"7052","STAT1","FAS"
"7053","STAT1","FCGR1A"
"7054","STAT1","FCGRT"
"7055","STAT1","FGF2"
"7056","STAT1","FGFR3"
"7057","STAT1","FOXP3"
"7058","STAT1","GAST"
"7059","STAT1","GLS"
"7060","STAT1","HLA-E"
"7061","STAT1","HMOX1"
"7062","STAT1","HSP90AA1"
"7063","STAT1","ICAM1"
"7064","STAT1","IFIT3"
"7065","STAT1","IFNA1"
"7066","STAT1","IFNB1"
"7067","STAT1","IFNG"
"7068","STAT1","IFNLR1"
"7069","STAT1","IL10"
"7070","STAT1","IL1B"
"7071","STAT1","IL1R1"
"7072","STAT1","IL27"
"7073","STAT1","IL2RA"
"7074","STAT1","IL6"
"7075","STAT1","IRF1"
"7076","STAT1","IRF7"
"7077","STAT1","IRF8"
"7078","STAT1","IVL"
"7079","STAT1","JAK2"
"7080","STAT1","KRT17"
"7081","STAT1","LCN2"
"7082","STAT1","LY96"
"7083","STAT1","MMP13"
"7084","STAT1","MMP9"
"7085","STAT1","MUC1"
"7086","STAT1","MUC4"
"7087","STAT1","MVP"
"7088","STAT1","NOS2"
"7089","STAT1","NOX1"
"7090","STAT1","NOX4"
"7091","STAT1","NOX5"
"7092","STAT1","NR1H4"
"7093","STAT1","OPRM1"
"7094","STAT1","PIM1"
"7095","STAT1","PLSCR1"
"7096","STAT1","PML"
"7097","STAT1","PPARA"
"7098","STAT1","PRKCE"
"7099","STAT1","PSMB9"
"7100","STAT1","PTGS2"
"7101","STAT1","S100A10"
"7102","STAT1","SCARB1"
"7103","STAT1","SMARCA4"
"7104","STAT1","SOCS3"
"7105","STAT1","STAT2"
"7106","STAT1","STAT3"
"7107","STAT1","TAP1"
"7108","STAT1","TBX21"
"7109","STAT1","TIMP1"
"7110","STAT1","TLR3"
"7111","STAT1","TNFSF13B"
"7112","STAT1","TP53"
"7113","STAT1","UPP1"
"7114","STAT1","VIP"
"7115","STAT1","XAF1"
"7116","STAT2","CCL2"
"7117","STAT2","IFIT3"
"7118","STAT2","IFNA1"
"7119","STAT2","IRF1"
"7120","STAT2","NOS2"
"7121","STAT2","PML"
"7122","STAT2","PTGS2"
"7123","STAT2","RCAN1"
"7124","STAT2","SCARB1"
"7125","STAT2","SCARB2"
"7126","STAT2","STAT1"
"7127","STAT3","A2M"
"7128","STAT3","ABCA1"
"7129","STAT3","AKAP12"
"7130","STAT3","AKT1"
"7131","STAT3","AR"
"7132","STAT3","BCL2"
"7133","STAT3","BCL2L1"
"7134","STAT3","BCL6"
"7135","STAT3","BIRC5"
"7136","STAT3","CCL11"
"7137","STAT3","CCL2"
"7138","STAT3","CCND1"
"7139","STAT3","CCND2"
"7140","STAT3","CCND3"
"7141","STAT3","CD46"
"7142","STAT3","CDH1"
"7143","STAT3","CDK4"
"7144","STAT3","CDKN1A"
"7145","STAT3","CDKN1B"
"7146","STAT3","CFB"
"7147","STAT3","CFLAR"
"7148","STAT3","CHI3L1"
"7149","STAT3","CISH"
"7150","STAT3","COPS5"
"7151","STAT3","CRP"
"7152","STAT3","CSRP1"
"7153","STAT3","CTGF"
"7154","STAT3","CXCL8"
"7155","STAT3","CYP19A1"
"7156","STAT3","CYR61"
"7157","STAT3","DDIT3"
"7158","STAT3","DIRAS3"
"7159","STAT3","DNMT1"
"7160","STAT3","EGFR"
"7161","STAT3","EPAS1"
"7162","STAT3","ESR2"
"7163","STAT3","ETV6"
"7164","STAT3","F2R"
"7165","STAT3","FAAH"
"7166","STAT3","FAS"
"7167","STAT3","FGF1"
"7168","STAT3","FGF2"
"7169","STAT3","FGG"
"7170","STAT3","FGL1"
"7171","STAT3","FLT3"
"7172","STAT3","FOS"
"7173","STAT3","GAST"
"7174","STAT3","GFAP"
"7175","STAT3","GREB1"
"7176","STAT3","HAMP"
"7177","STAT3","HGF"
"7178","STAT3","HIF1A"
"7179","STAT3","HMOX1"
"7180","STAT3","HP"
"7181","STAT3","HSPA4"
"7182","STAT3","HSPB1"
"7183","STAT3","ICAM1"
"7184","STAT3","IFNAR1"
"7185","STAT3","IFNG"
"7186","STAT3","IKBKE"
"7187","STAT3","IL10"
"7188","STAT3","IL11"
"7189","STAT3","IL1RN"
"7190","STAT3","IL2"
"7191","STAT3","IL21"
"7192","STAT3","IL2RA"
"7193","STAT3","IL6"
"7194","STAT3","IRF1"
"7195","STAT3","JAK2"
"7196","STAT3","JUNB"
"7197","STAT3","KLF11"
"7198","STAT3","KRT17"
"7199","STAT3","LCAT"
"7200","STAT3","LEP"
"7201","STAT3","LGALS3BP"
"7202","STAT3","LTBP1"
"7203","STAT3","MCL1"
"7204","STAT3","MDC1"
"7205","STAT3","MICA"
"7206","STAT3","MMP1"
"7207","STAT3","MMP10"
"7208","STAT3","MMP14"
"7209","STAT3","MMP2"
"7210","STAT3","MMP3"
"7211","STAT3","MMP7"
"7212","STAT3","MMP9"
"7213","STAT3","MUC1"
"7214","STAT3","MUC4"
"7215","STAT3","MUC5B"
"7216","STAT3","MYC"
"7217","STAT3","MYD88"
"7218","STAT3","NANOG"
"7219","STAT3","NLK"
"7220","STAT3","NME1"
"7221","STAT3","NOX1"
"7222","STAT3","NOX4"
"7223","STAT3","NOX5"
"7224","STAT3","NR2C2"
"7225","STAT3","OAS1"
"7226","STAT3","OPRM1"
"7227","STAT3","OSM"
"7228","STAT3","PAX3"
"7229","STAT3","PGF"
"7230","STAT3","PHB"
"7231","STAT3","PIAS3"
"7232","STAT3","PIM1"
"7233","STAT3","POU2F1"
"7234","STAT3","PPARA"
"7235","STAT3","PRDM1"
"7236","STAT3","PROS1"
"7237","STAT3","PSMB5"
"7238","STAT3","PTEN"
"7239","STAT3","PTGS2"
"7240","STAT3","PTPN13"
"7241","STAT3","PTPN6"
"7242","STAT3","ROR1"
"7243","STAT3","S100A11"
"7244","STAT3","S1PR1"
"7245","STAT3","SAA1"
"7246","STAT3","SALL4"
"7247","STAT3","SHH"
"7248","STAT3","SOCS1"
"7249","STAT3","SOCS3"
"7250","STAT3","STAT1"
"7251","STAT3","STK11"
"7252","STAT3","STS"
"7253","STAT3","TERT"
"7254","STAT3","TGFB1"
"7255","STAT3","TIMP1"
"7256","STAT3","TNFRSF10B"
"7257","STAT3","TP53"
"7258","STAT3","TP63"
"7259","STAT3","TRH"
"7260","STAT3","TWIST1"
"7261","STAT3","TWIST2"
"7262","STAT3","TYK2"
"7263","STAT3","UCP2"
"7264","STAT3","USP7"
"7265","STAT3","VDR"
"7266","STAT3","VEGFA"
"7267","STAT3","VEGFB"
"7268","STAT3","ZFP36"
"7269","STAT4","IFNG"
"7270","STAT4","IL2RA"
"7271","STAT4","IRF1"
"7272","STAT4","MYC"
"7273","STAT4","NOX1"
"7274","STAT4","NOX4"
"7275","STAT4","PIM1"
"7276","STAT4","PRF1"
"7277","STAT4","S100A4"
"7278","STAT4","SOCS3"
"7279","STAT4","TBX21"
"7280","STAT5","BCL6"
"7281","STAT5A","BCL2L1"
"7282","STAT5A","BCL6"
"7283","STAT5A","CCND1"
"7284","STAT5A","CCND2"
"7285","STAT5A","CDKN2B"
"7286","STAT5A","CEL"
"7287","STAT5A","CSN2"
"7288","STAT5A","ESR1"
"7289","STAT5A","HRH1"
"7290","STAT5A","IFNG"
"7291","STAT5A","SP1"
"7292","STAT5A","STK11"
"7293","STAT5A","SUMO1"
"7294","STAT5B","BCL2L1"
"7295","STAT5B","BCL6"
"7296","STAT5B","CCND1"
"7297","STAT5B","CEL"
"7298","STAT5B","ESR1"
"7299","STAT5B","ESR2"
"7300","STAT5B","IFNG"
"7301","STAT5B","IGF1"
"7302","STAT6","ADRA2B"
"7303","STAT6","ALOX12"
"7304","STAT6","ALOX15"
"7305","STAT6","CCL11"
"7306","STAT6","CCL17"
"7307","STAT6","CCL26"
"7308","STAT6","CD40"
"7309","STAT6","CISH"
"7310","STAT6","CNR1"
"7311","STAT6","COL1A1"
"7312","STAT6","COL1A2"
"7313","STAT6","CXCL8"
"7314","STAT6","CYP2E1"
"7315","STAT6","CYSLTR1"
"7316","STAT6","DUSP1"
"7317","STAT6","EGLN3"
"7318","STAT6","FCER2"
"7319","STAT6","FOS"
"7320","STAT6","FOSB"
"7321","STAT6","HSD3B2"
"7322","STAT6","IL13"
"7323","STAT6","IL1R1"
"7324","STAT6","IL4"
"7325","STAT6","IRF4"
"7326","STAT6","ITGA2B"
"7327","STAT6","OPRM1"
"7328","STAT6","ORMDL3"
"7329","STAT6","PTGS2"
"7330","STAT6","RHOA"
"7331","STAT6","SELE"
"7332","STAT6","SELP"
"7333","STAT6","SIDT1"
"7334","STAT6","SLC26A4"
"7335","STAT6","SOCS1"
"7336","STAT6","STAT1"
"7337","STAT6","TLR4"
"7338","SUGP1","IL1B"
"7339","SUPT3H","NEDD4L"
"7340","SUZ12","HOXA9"
"7341","SUZ12","IGF2"
"7342","SUZ12","SNAI2"
"7343","SUZ12","TWIST1"
"7344","TAF1","AR"
"7345","TAF1","CDKN1A"
"7346","TAF1","LRIG2"
"7347","TAF1","SRC"
"7348","TAF1","TBP"
"7349","TAF4","ATF7"
"7350","TAF4","CDKN1A"
"7351","TAF5","CDKN1A"
"7352","TAL1","ALDH1A2"
"7353","TAL1","ANGPT2"
"7354","TAL1","CD34"
"7355","TAL1","EPOR"
"7356","TAL1","ERG"
"7357","TAL1","KRT7"
"7358","TAL1","MYB"
"7359","TAL1","MYCN"
"7360","TAL1","NFKB1"
"7361","TAL1","TERT"
"7362","TBC1D22A","ACBD3"
"7363","TBL1X","MYC"
"7364","TBP","APP"
"7365","TBP","BCL2"
"7366","TBP","BDKRB1"
"7367","TBP","CCNB1"
"7368","TBP","CDKN1A"
"7369","TBP","CRP"
"7370","TBP","E2F1"
"7371","TBP","FOS"
"7372","TBP","FUS"
"7373","TBP","IGFBP4"
"7374","TBP","IL6"
"7375","TBP","LIN28B"
"7376","TBP","MYC"
"7377","TBP","NF1"
"7378","TBP","PPBP"
"7379","TBPL1","NF1"
"7380","TBR1","RELN"
"7381","TBX2","CDKN1A"
"7382","TBX2","CDKN2A"
"7383","TBX20","FGF10"
"7384","TBX21","CCR4"
"7385","TBX21","CHST4"
"7386","TBX21","CXCR3"
"7387","TBX21","FUT7"
"7388","TBX21","GATA3"
"7389","TBX21","IFNG"
"7390","TBX21","IL10"
"7391","TBX21","IL13"
"7392","TBX21","IL4"
"7393","TBX21","NELFCD"
"7394","TBX21","PTGDR2"
"7395","TBX21","YY1"
"7396","TBX3","CDKN1A"
"7397","TBX3","CDKN2A"
"7398","TBX5","CDKN2A"
"7399","TBX5","GJA5"
"7400","TBX5","ITGA9"
"7401","TBX5","MYH6"
"7402","TBX5","NPPA"
"7403","TCF12","CDH1"
"7404","TCF19","CCNE1"
"7405","TCF3","AICDA"
"7406","TCF3","BBC3"
"7407","TCF3","BTS1"
"7408","TCF3","CD4"
"7409","TCF3","CDH1"
"7410","TCF3","CDK6"
"7411","TCF3","CDKN1A"
"7412","TCF3","CR2"
"7413","TCF3","EXO1"
"7414","TCF3","IL5RA"
"7415","TCF3","INS"
"7416","TCF3","MYC"
"7417","TCF3","POU5F1"
"7418","TCF3","RAG1"
"7419","TCF4","ABCB1"
"7420","TCF4","BCL2"
"7421","TCF4","BIRC5"
"7422","TCF4","CCND1"
"7423","TCF4","CD44"
"7424","TCF4","CLEC4C"
"7425","TCF4","CNTNAP2"
"7426","TCF4","DEFA5"
"7427","TCF4","DEFA6"
"7428","TCF4","FST"
"7429","TCF4","HECA"
"7430","TCF4","JUN"
"7431","TCF4","KLF4"
"7432","TCF4","LGR5"
"7433","TCF4","MITF"
"7434","TCF4","MYC"
"7435","TCF4","NOTUM"
"7436","TCF4","NRXN1"
"7437","TCF4","PLD1"
"7438","TCF4","PTEN"
"7439","TCF4","SKP2"
"7440","TCF4","VCAN"
"7441","TCF4","VEGFA"
"7442","TCF4","VIM"
"7443","TCF4","WNT4"
"7444","TCF7","SNAI2"
"7445","TCF7L2","ABCB1"
"7446","TCF7L2","ACVRL1"
"7447","TCF7L2","BIRC5"
"7448","TCF7L2","CTNNB1"
"7449","TCF7L2","GATA3"
"7450","TCF7L2","GLCE"
"7451","TCF7L2","HECA"
"7452","TCF7L2","WWC1"
"7453","TCF7L2","PTGS2"
"7454","TCF7L2","SNAI2"
"7455","TCF7L2","STARD7"
"7456","TCF7L2","STAT3"
"7457","TCFL5","CD2"
"7458","TEAD1","ATP6V0A2"
"7459","TEAD1","MSLN"
"7460","TEAD1","NAIP"
"7461","TEAD1","PAX3"
"7462","TEAD1","SRF"
"7463","TEAD4","VEGFA"
"7464","TEF","ALB"
"7465","TEF","DBP"
"7466","TEF","NPPB"
"7467","TFAP2A","ACHE"
"7468","TFAP2A","ADM"
"7469","TFAP2A","ADRA1A"
"7470","TFAP2A","ADRA2B"
"7471","TFAP2A","APP"
"7472","TFAP2A","BACE1"
"7473","TFAP2A","BCL2"
"7474","TFAP2A","BRS3"
"7475","TFAP2A","CCNB1"
"7476","TFAP2A","CD82"
"7477","TFAP2A","CDH1"
"7478","TFAP2A","CDKN1A"
"7479","TFAP2A","CFTR"
"7480","TFAP2A","CGA"
"7481","TFAP2A","CGB3"
"7482","TFAP2A","COL1A1"
"7483","TFAP2A","CRABP2"
"7484","TFAP2A","CRX"
"7485","TFAP2A","CRYAB"
"7486","TFAP2A","CSH1"
"7487","TFAP2A","CYP11A1"
"7488","TFAP2A","DBH"
"7489","TFAP2A","DCBLD2"
"7490","TFAP2A","ECM1"
"7491","TFAP2A","EGFR"
"7492","TFAP2A","ERBB2"
"7493","TFAP2A","ETS1"
"7494","TFAP2A","F2R"
"7495","TFAP2A","FAS"
"7496","TFAP2A","FOXA1"
"7497","TFAP2A","GALNT3"
"7498","TFAP2A","GAST"
"7499","TFAP2A","GPX4"
"7500","TFAP2A","GUSB"
"7501","TFAP2A","HGF"
"7502","TFAP2A","HIP1"
"7503","TFAP2A","HMOX1"
"7504","TFAP2A","HOXA4"
"7505","TFAP2A","HSD17B1"
"7506","TFAP2A","HTT"
"7507","TFAP2A","IGFBP5"
"7508","TFAP2A","IMPDH2"
"7509","TFAP2A","KISS1"
"7510","TFAP2A","KIT"
"7511","TFAP2A","KLF12"
"7512","TFAP2A","KRT5"
"7513","TFAP2A","L1CAM"
"7514","TFAP2A","LNPEP"
"7515","TFAP2A","MCAM"
"7516","TFAP2A","MMP2"
"7517","TFAP2A","MMP9"
"7518","TFAP2A","MPG"
"7519","TFAP2A","MUC4"
"7520","TFAP2A","NME3"
"7521","TFAP2A","NR3C1"
"7522","TFAP2A","OAT"
"7523","TFAP2A","PLAUR"
"7524","TFAP2A","POLD2"
"7525","TFAP2A","PRKCA"
"7526","TFAP2A","PTEN"
"7527","TFAP2A","PTGS2"
"7528","TFAP2A","PVR"
"7529","TFAP2A","SLC19A1"
"7530","TFAP2A","SNAP91"
"7531","TFAP2A","SOD2"
"7532","TFAP2A","SPRY2"
"7533","TFAP2A","SULT1E1"
"7534","TFAP2A","TAF7"
"7535","TFAP2A","TH"
"7536","TFAP2A","TIMP2"
"7537","TFAP2A","VEGFA"
"7538","TFAP2B","ADIPOQ"
"7539","TFAP2B","CRYAB"
"7540","TFAP2B","DRD1"
"7541","TFAP2B","ERBB2"
"7542","TFAP2B","PTGDS"
"7543","TFAP2C","CDKN1A"
"7544","TFAP2C","CRABP2"
"7545","TFAP2C","CSTA"
"7546","TFAP2C","ECM1"
"7547","TFAP2C","ERBB2"
"7548","TFAP2C","ESR1"
"7549","TFAP2C","GPX1"
"7550","TFAP2C","MMP2"
"7551","TFAP2C","RET"
"7552","TFAP2C","SULT1E1"
"7553","TFAP4","CDKN1A"
"7554","TFAP4","CLCN5"
"7555","TFAP4","IFNG"
"7556","TFAP4","MDM2"
"7557","TFAP4","MUC4"
"7558","TFAP4","PPP2R2B"
"7559","TFAP4","SALL2"
"7560","TFCP2","A2M"
"7561","TFCP2","FGA"
"7562","TFCP2","GSK3B"
"7563","TFCP2","PAX6"
"7564","TFCP2","SPP1"
"7565","TFCP2","SRY"
"7566","TFCP2","TF"
"7567","TFCP2","TYMS"
"7568","TFCP2","WT1"
"7569","TFCP2L1","CYP11A1"
"7570","TFDP1","CAV1"
"7571","TFDP1","CCNE1"
"7572","TFDP1","CDK1"
"7573","TFDP1","DHFR"
"7574","TFDP1","MYBL2"
"7575","TFDP1","NRIP1"
"7576","TFDP1","PCNA"
"7577","TFDP1","RRM1"
"7578","TFDP1","TP53"
"7579","TFDP1","TYMS"
"7580","TFDP3","E2F1"
"7581","TFDP3","MAP1LC3B"
"7582","TFEB","TYR"
"7583","TFEB","TYRP1"
"7584","TFPT","EAF1"
"7585","TFPT","EAF2"
"7586","TGIF1","SERPINE1"
"7587","TGIF1","SOX3"
"7588","THRA","CGA"
"7589","THRA","SERPINC1"
"7590","THRB","CGA"
"7591","THRB","POR"
"7592","TIAL1","PF4"
"7593","TLE3","RUNX1"
"7594","TLX1","ALDH1A1"
"7595","TLX1","FHL1"
"7596","TLX1","MYC"
"7597","TLX1","NR4A3"
"7598","TNFAIP3","IRF7"
"7599","TNFAIP3","JUN"
"7600","TNFAIP3","NFKB1"
"7601","TNFAIP3","RELA"
"7602","TNFAIP3","SATB1"
"7603","TOB1","IL2"
"7604","TOP2B","RUNX1"
"7605","TP53","ABCB1"
"7606","TP53","AFP"
"7607","TP53","AKT1"
"7608","TP53","ALKBH2"
"7609","TP53","ALOX5"
"7610","TP53","ANKRD1"
"7611","TP53","ANTXR1"
"7612","TP53","APAF1"
"7613","TP53","APCS"
"7614","TP53","AQP3"
"7615","TP53","ATF3"
"7616","TP53","ADGRB1"
"7617","TP53","BAX"
"7618","TP53","BBC3"
"7619","TP53","BCL2"
"7620","TP53","BCL2L1"
"7621","TP53","BCL3"
"7622","TP53","BDKRB2"
"7623","TP53","BGLAP"
"7624","TP53","BIRC5"
"7625","TP53","BRCA1"
"7626","TP53","BRCA2"
"7627","TP53","BTG2"
"7628","TP53","BTG3"
"7629","TP53","BTS1"
"7630","TP53","CABLES1"
"7631","TP53","CARM1"
"7632","TP53","CASP1"
"7633","TP53","CASP3"
"7634","TP53","CAV1"
"7635","TP53","CCNA1"
"7636","TP53","CCNA2"
"7637","TP53","CCNB1"
"7638","TP53","CCNB2"
"7639","TP53","CCND1"
"7640","TP53","CD82"
"7641","TP53","CDK1"
"7642","TP53","CDK2"
"7643","TP53","CDK4"
"7644","TP53","CDKN1A"
"7645","TP53","CDKN1B"
"7646","TP53","CHEK1"
"7647","TP53","CHEK2"
"7648","TP53","CHUK"
"7649","TP53","CKM"
"7650","TP53","CRYAB"
"7651","TP53","CTNNB1"
"7652","TP53","CTSD"
"7653","TP53","CYFIP2"
"7654","TP53","DDB1"
"7655","TP53","DDB2"
"7656","TP53","DKK1"
"7657","TP53","DNMT1"
"7658","TP53","DUSP1"
"7659","TP53","E2F1"
"7660","TP53","E2F3"
"7661","TP53","E2F7"
"7662","TP53","EGFR"
"7663","TP53","EGR1"
"7664","TP53","ELF4"
"7665","TP53","EPHA2"
"7666","TP53","ESR1"
"7667","TP53","EZH2"
"7668","TP53","FAS"
"7669","TP53","FDXR"
"7670","TP53","FGF2"
"7671","TP53","FLT1"
"7672","TP53","FOXM1"
"7673","TP53","FOXO3"
"7674","TP53","FRMD5"
"7675","TP53","FUS"
"7676","TP53","GADD45A"
"7677","TP53","GC"
"7678","TP53","GDF15"
"7679","TP53","GLI2"
"7680","TP53","GML"
"7681","TP53","GPNMB"
"7682","TP53","GSTP1"
"7683","TP53","HIPK2"
"7684","TP53","HNF4A"
"7685","TP53","HRAS"
"7686","TP53","HSF1"
"7687","TP53","HSP90AB1"
"7688","TP53","ID1"
"7689","TP53","ID2"
"7690","TP53","IER3"
"7691","TP53","IFI16"
"7692","TP53","IGF1R"
"7693","TP53","IGFBP3"
"7694","TP53","ING1"
"7695","TP53","IPO7"
"7696","TP53","KLF2"
"7697","TP53","MAD1L1"
"7698","TP53","MAP4"
"7699","TP53","MCL1"
"7700","TP53","MCM7"
"7701","TP53","MDM2"
"7702","TP53","MDM4"
"7703","TP53","MET"
"7704","TP53","MGMT"
"7705","TP53","MKI67"
"7706","TP53","MMP1"
"7707","TP53","MMP2"
"7708","TP53","MUC2"
"7709","TP53","MYC"
"7710","TP53","NFKB1"
"7711","TP53","NKX3-1"
"7712","TP53","NLRC4"
"7713","TP53","NME1"
"7714","TP53","OGG1"
"7715","TP53","PAX5"
"7716","TP53","PDGFRB"
"7717","TP53","PERP"
"7718","TP53","PIAS3"
"7719","TP53","PLAGL1"
"7720","TP53","PLK1"
"7721","TP53","PLK3"
"7722","TP53","PMAIP1"
"7723","TP53","PML"
"7724","TP53","POLD1"
"7725","TP53","PPARGC1A"
"7726","TP53","PTPA"
"7727","TP53","PRC1"
"7728","TP53","PRG3"
"7729","TP53","PRKAB1"
"7730","TP53","PTEN"
"7731","TP53","PTPN13"
"7732","TP53","PTTG1"
"7733","TP53","RAD51B"
"7734","TP53","RASSF1"
"7735","TP53","RB1"
"7736","TP53","RECQL4"
"7737","TP53","REEP5"
"7738","TP53","RELA"
"7739","TP53","RRM2B"
"7740","TP53","S100B"
"7741","TP53","SFN"
"7742","TP53","SIAH1"
"7743","TP53","SIVA1"
"7744","TP53","SLC2A1"
"7745","TP53","SLC6A6"
"7746","TP53","SMAD3"
"7747","TP53","SSTR2"
"7748","TP53","STAT1"
"7749","TP53","STAT3"
"7750","TP53","TBXAS1"
"7751","TP53","TCEAL1"
"7752","TP53","TCF7L2"
"7753","TP53","TERT"
"7754","TP53","THBS1"
"7755","TP53","TNFRSF10A"
"7756","TP53","TNFRSF10B"
"7757","TP53","TP53"
"7758","TP53","TP53I3"
"7759","TP53","TP73"
"7760","TP53","TRIM22"
"7761","TP53","TYMS"
"7762","TP53","UHRF1"
"7763","TP53","UHRF1BP1"
"7764","TP53","VCAN"
"7765","TP53","VEGFA"
"7766","TP53","WRN"
"7767","TP53","XPC"
"7768","TP53","XPO1"
"7769","TP53BP1","BRCA1"
"7770","TP63","BAX"
"7771","TP63","BRCA1"
"7772","TP63","CDKN1A"
"7773","TP63","DDB2"
"7774","TP63","DEC1"
"7775","TP63","EVPL"
"7776","TP63","FDXR"
"7777","TP63","ID2"
"7778","TP63","KLF4"
"7779","TP63","PPARA"
"7780","TP63","SMARCD3"
"7781","TP63","TCF4"
"7782","TP63","VDR"
"7783","TP63","XPC"
"7784","TP63","ZNF750"
"7785","TP65","CDK6"
"7786","TP73","AQP3"
"7787","TP73","BAX"
"7788","TP73","BBC3"
"7789","TP73","BIRC5"
"7790","TP73","CABLES1"
"7791","TP73","CDK1"
"7792","TP73","CDKN1A"
"7793","TP73","E2F1"
"7794","TP73","FDXR"
"7795","TP73","MDM2"
"7796","TP73","PMAIP1"
"7797","TP73","TERT"
"7798","TP73","VDR"
"7799","TRAF6","CD40"
"7800","TRAF6","TICAM1"
"7801","TRAF6","VEGFA"
"7802","TRERF1","CCR7"
"7803","TRERF1","CD40"
"7804","TRERF1","CD80"
"7805","TRERF1","CD86"
"7806","TRERF1","LILRB1"
"7807","TRERF1","LILRB2"
"7808","TRERF1","LILRB4"
"7809","TRIB3","ATF4"
"7810","TRIB3","SMAD3"
"7811","TRIM16","DES"
"7812","TRIM16","E2F1"
"7813","TRIM16","VIM"
"7814","TRIM22","NFKB1"
"7815","TRIM22","RELA"
"7816","TRIM25","DDX58"
"7817","TRIM28","E2F3"
"7818","TRIM28","E2F4"
"7819","TRIM28","ID1"
"7820","TRIM28","ZNF274"
"7821","TRIP6","CDK6"
"7822","TRPS1","KLK3"
"7823","TRPS1","RUNX2"
"7824","TRRAP","CCND2"
"7825","TRRAP","MITF"
"7826","TSC22D1","CNP"
"7827","TSC22D3","CCND1"
"7828","TSC22D3","CDKN1A"
"7829","TSC22D3","FOXO1"
"7830","TSC22D3","FOXO3"
"7831","TSC22D3","FOXO4"
"7832","TSG101","CEP55"
"7833","TSG101","EGFR"
"7834","TSG101","REG4"
"7835","TTF2","TPO"
"7836","TTF2","TSG101"
"7837","TWIST1","AKR1C2"
"7838","TWIST1","AKT2"
"7839","TWIST1","ATM"
"7840","TWIST1","BCL2"
"7841","TWIST1","BMI1"
"7842","TWIST1","CD44"
"7843","TWIST1","CDH1"
"7844","TWIST1","CDH2"
"7845","TWIST1","CTPS1"
"7846","TWIST1","DKK1"
"7847","TWIST1","DNM3"
"7848","TWIST1","ERBB3"
"7849","TWIST1","ESR1"
"7850","TWIST1","F2R"
"7851","TWIST1","FN1"
"7852","TWIST1","FOS"
"7853","TWIST1","GDF15"
"7854","TWIST1","ICAM1"
"7855","TWIST1","ILK"
"7856","TWIST1","ITGB1"
"7857","TWIST1","KLF17"
"7858","TWIST1","MAPK1"
"7859","TWIST1","MAPK3"
"7860","TWIST1","MMP1"
"7861","TWIST1","MMP2"
"7862","TWIST1","MYB"
"7863","TWIST1","NF1"
"7864","TWIST1","NR2F1"
"7865","TWIST1","PFDN4"
"7866","TWIST1","RAP1A"
"7867","TWIST1","RBL2"
"7868","TWIST1","RUNX2"
"7869","TWIST1","SRPX"
"7870","TWIST1","TIMP1"
"7871","TWIST1","YBX1"
"7872","TWIST2","AKR1C2"
"7873","TWIST2","ATM"
"7874","TWIST2","CD44"
"7875","TWIST2","CDH1"
"7876","TWIST2","CDH2"
"7877","TWIST2","CTPS1"
"7878","TWIST2","DKK1"
"7879","TWIST2","ERBB3"
"7880","TWIST2","F2R"
"7881","TWIST2","FN1"
"7882","TWIST2","FOS"
"7883","TWIST2","GDF15"
"7884","TWIST2","ICAM1"
"7885","TWIST2","ILK"
"7886","TWIST2","ITGB1"
"7887","TWIST2","MMP2"
"7888","TWIST2","MYB"
"7889","TWIST2","NF1"
"7890","TWIST2","NR2F1"
"7891","TWIST2","PFDN4"
"7892","TWIST2","POSTN"
"7893","TWIST2","RAP1A"
"7894","TWIST2","RBL2"
"7895","TWIST2","RUNX2"
"7896","TWIST2","SRPX"
"7897","UBP1","CYP11A1"
"7898","UBTF","TAF1B"
"7899","UHRF1","ABCB1"
"7900","UHRF1","PPARG"
"7901","UHRF1","RB1"
"7902","UHRF1","TOP2A"
"7903","UHRF1","VEGFA"
"7904","UPF1","NCBP1"
"7905","UPF1","SLBP"
"7906","UPF2","UPF1"
"7907","URI1","AR"
"7908","USF1","ABCA1"
"7909","USF1","AGT"
"7910","USF1","APC"
"7911","USF1","APEX1"
"7912","USF1","APOA2"
"7913","USF1","APOA5"
"7914","USF1","ASCL2"
"7915","USF1","ASPH"
"7916","USF1","B2M"
"7917","USF1","BRCA2"
"7918","USF1","CCNB1"
"7919","USF1","CD2"
"7920","USF1","CEACAM1"
"7921","USF1","CEACAM5"
"7922","USF1","CIITA"
"7923","USF1","CTSB"
"7924","USF1","CTSD"
"7925","USF1","CXCR4"
"7926","USF1","CYP19A1"
"7927","USF1","CYP1A1"
"7928","USF1","EXT1"
"7929","USF1","FBP1"
"7930","USF1","FCER1A"
"7931","USF1","FMO3"
"7932","USF1","FMR1"
"7933","USF1","FOXA2"
"7934","USF1","GATA5"
"7935","USF1","GCK"
"7936","USF1","HMOX1"
"7937","USF1","HOXB4"
"7938","USF1","HOXB7"
"7939","USF1","ID4"
"7940","USF1","IFNG"
"7941","USF1","ISG20"
"7942","USF1","LIPC"
"7943","USF1","MVP"
"7944","USF1","MYH9"
"7945","USF1","NFKB1"
"7946","USF1","NPHS2"
"7947","USF1","P4HA1"
"7948","USF1","PF4"
"7949","USF1","PIGR"
"7950","USF1","PKLR"
"7951","USF1","POU2F1"
"7952","USF1","PTGDS"
"7953","USF1","PTGS2"
"7954","USF1","PTPN6"
"7955","USF1","RELA"
"7956","USF1","S100A6"
"7957","USF1","SCN9A"
"7958","USF1","SERBP1"
"7959","USF1","SERPINE1"
"7960","USF1","SF1"
"7961","USF1","SLC16A1"
"7962","USF1","SLC19A1"
"7963","USF1","SLC1A3"
"7964","USF1","SLC22A2"
"7965","USF1","TBX21"
"7966","USF1","TCN2"
"7967","USF1","TERT"
"7968","USF1","TGFB1"
"7969","USF1","TGFB2"
"7970","USF1","TOP3A"
"7971","USF1","TRAP"
"7972","USF1","TYMS"
"7973","USF2","ABCA1"
"7974","USF2","APC"
"7975","USF2","APOA2"
"7976","USF2","APOA5"
"7977","USF2","ASCL2"
"7978","USF2","ASPH"
"7979","USF2","ATP5F1A"
"7980","USF2","B2M"
"7981","USF2","BRCA1"
"7982","USF2","BRCA2"
"7983","USF2","CD2"
"7984","USF2","CEACAM1"
"7985","USF2","CEACAM5"
"7986","USF2","CFTR"
"7987","USF2","CTSB"
"7988","USF2","CTSD"
"7989","USF2","CXCR2"
"7990","USF2","CXCR4"
"7991","USF2","CYP19A1"
"7992","USF2","EPAS1"
"7993","USF2","FBP1"
"7994","USF2","FCER1A"
"7995","USF2","FMR1"
"7996","USF2","HIF1A"
"7997","USF2","HMOX1"
"7998","USF2","HOXB4"
"7999","USF2","IGF2R"
"8000","USF2","LIPC"
"8001","USF2","MYH9"
"8002","USF2","NR5A1"
"8003","USF2","P4HA1"
"8004","USF2","PDX1"
"8005","USF2","PF4"
"8006","USF2","PIGR"
"8007","USF2","PKLR"
"8008","USF2","POU2F1"
"8009","USF2","PTGS2"
"8010","USF2","PTPN6"
"8011","USF2","SF1"
"8012","USF2","SLC19A1"
"8013","USF2","TCN2"
"8014","USF2","TERT"
"8015","USF2","TGFB1"
"8016","USF2","TGFB2"
"8017","USF2","THBS1"
"8018","USF2","TOP3A"
"8019","USF2","TRAP"
"8020","UTF1","CDKN1B"
"8021","VDR","AMH"
"8022","VDR","ASAP2"
"8023","VDR","BGLAP"
"8024","VDR","BHLHE40"
"8025","VDR","CALB1"
"8026","VDR","CAMP"
"8027","VDR","CD14"
"8028","VDR","CDH1"
"8029","VDR","CDKN1A"
"8030","VDR","CDKN1B"
"8031","VDR","CST5"
"8032","VDR","CXCL8"
"8033","VDR","CYP1A1"
"8034","VDR","CYP24A1"
"8035","VDR","CYP3A4"
"8036","VDR","CYP3A5"
"8037","VDR","CYP3A7"
"8038","VDR","CYP7A1"
"8039","VDR","DDIT4"
"8040","VDR","DKK4"
"8041","VDR","EGFR"
"8042","VDR","ERBB2"
"8043","VDR","FOXP3"
"8044","VDR","HLA-DRB1"
"8045","VDR","HOXA10"
"8046","VDR","IGFBP3"
"8047","VDR","IL10"
"8048","VDR","IL12B"
"8049","VDR","IL2"
"8050","VDR","IL6"
"8051","VDR","NCOR1"
"8052","VDR","PHB"
"8053","VDR","PLD1"
"8054","VDR","PODXL"
"8055","VDR","PRL"
"8056","VDR","PTH"
"8057","VDR","SKP2"
"8058","VDR","TLR10"
"8059","VDR","TNFRSF21"
"8060","VDR","TPT1"
"8061","VDR","TRPV6"
"8062","VDR","UCP1"
"8063","VEZF1","IL3"
"8064","VHL","ANGPT2"
"8065","VHL","AR"
"8066","VHL","CA12"
"8067","VHL","CA9"
"8068","VHL","CCND1"
"8069","VHL","CDKN1B"
"8070","VHL","CDKN1C"
"8071","VHL","COL4A2"
"8072","VHL","CXCR4"
"8073","VHL","DAB2"
"8074","VHL","HIF1A"
"8075","VHL","IGF1R"
"8076","VHL","KLF10"
"8077","VHL","NMU"
"8078","VHL","SPARC"
"8079","VHL","BHLHE40"
"8080","VHL","TCF4"
"8081","VHL","TFRC"
"8082","VHL","TP53"
"8083","VHL","VEGFA"
"8084","WDR5","MYC"
"8085","WHSC1","AR"
"8086","WHSC1","ID1"
"8087","WT1","ABCB1"
"8088","WT1","AMH"
"8089","WT1","AR"
"8090","WT1","BCL2"
"8091","WT1","CAMP"
"8092","WT1","CCNE1"
"8093","WT1","CD14"
"8094","WT1","ADGRE5"
"8095","WT1","CDC73"
"8096","WT1","CDH1"
"8097","WT1","CDKN1A"
"8098","WT1","CIAO1"
"8099","WT1","CKM"
"8100","WT1","CTCF"
"8101","WT1","CTGF"
"8102","WT1","CX3CL1"
"8103","WT1","CXXC5"
"8104","WT1","CYP19A1"
"8105","WT1","DNMT3A"
"8106","WT1","EGFR"
"8107","WT1","EREG"
"8108","WT1","ETS1"
"8109","WT1","HBEGF"
"8110","WT1","HOXA10"
"8111","WT1","IGF1"
"8112","WT1","IGF1R"
"8113","WT1","IGF2"
"8114","WT1","IL2RB"
"8115","WT1","IRF8"
"8116","WT1","ITGAX"
"8117","WT1","JUN"
"8118","WT1","JUNB"
"8119","WT1","KLK3"
"8120","WT1","MYB"
"8121","WT1","MYC"
"8122","WT1","MYCN"
"8123","WT1","NDRG2"
"8124","WT1","NOV"
"8125","WT1","NPHS1"
"8126","WT1","NR5A1"
"8127","WT1","ODC1"
"8128","WT1","PAX2"
"8129","WT1","PDGFA"
"8130","WT1","PODXL"
"8131","WT1","SMAD3"
"8132","WT1","SNAI2"
"8133","WT1","SRY"
"8134","WT1","STIM1"
"8135","WT1","TBXA2R"
"8136","WT1","TERT"
"8137","WT1","THBS1"
"8138","WT1","U2AF2"
"8139","WT1","UBE2I"
"8140","WT1","VDR"
"8141","WT1","VEGFA"
"8142","WT1","VEGFB"
"8143","WT1","WTAP"
"8144","WWP1","ERBB4"
"8145","WWP1","SPART"
"8146","WWP1","TGFBR1"
"8147","WWTR1","ASNS"
"8148","WWTR1","BAK1"
"8149","WWTR1","BAX"
"8150","WWTR1","IGFBP1"
"8151","WWTR1","LTBR"
"8152","WWTR1","SMAD3"
"8153","XBP1","CCL2"
"8154","XBP1","CXCL8"
"8155","XBP1","DDIT3"
"8156","XBP1","EDEM2"
"8157","XBP1","ERN1"
"8158","XBP1","ERP29"
"8159","XBP1","ESR1"
"8160","XBP1","GAD1"
"8161","XBP1","HSPA1A"
"8162","XBP1","HSPA5"
"8163","XBP1","IL6"
"8164","XBP1","NOS2"
"8165","XBP1","NPPB"
"8166","XBP1","PRNP"
"8167","XBP1","PTGER4"
"8168","XBP1","SOD2"
"8169","XBP1","VEGFA"
"8170","XBP1","WFS1"
"8171","XBP1","ZHX2"
"8172","XPC","CASP2"
"8173","XPC","CPD"
"8174","XPC","KIN"
"8175","XPC","RNF111"
"8176","XRCC5","CD40"
"8177","XRCC5","ERBB2"
"8178","XRCC5","ETS1"
"8179","XRCC6","CD40"
"8180","XRCC6","ERBB2"
"8181","YBX1","ABCB1"
"8182","YBX1","AGT"
"8183","YBX1","ANAPC4"
"8184","YBX1","AR"
"8185","YBX1","CCNB1"
"8186","YBX1","CCNC"
"8187","YBX1","CDC20"
"8188","YBX1","CDH1"
"8189","YBX1","CDKN3"
"8190","YBX1","CKS2"
"8191","YBX1","CXCR4"
"8192","YBX1","E2F1"
"8193","YBX1","EGFR"
"8194","YBX1","ERBB2"
"8195","YBX1","ERBB3"
"8196","YBX1","FAS"
"8197","YBX1","KPNA2"
"8198","YBX1","MET"
"8199","YBX1","MIA"
"8200","YBX1","MMP13"
"8201","YBX1","MMP2"
"8202","YBX1","MNAT1"
"8203","YBX1","MYCN"
"8204","YBX1","RAD9A"
"8205","YBX1","RBBP8"
"8206","YBX1","SKP2"
"8207","YBX1","SLC6A4"
"8208","YBX1","SUMO1"
"8209","YBX1","TOP2A"
"8210","YBX1","TYMS"
"8211","YEATS4","TP53"
"8212","YY1","ACTC1"
"8213","YY1","ADORA2A"
"8214","YY1","APC"
"8215","YY1","APH1A"
"8216","YY1","ATP2C1"
"8217","YY1","BDKRB1"
"8218","YY1","BRCA1"
"8219","YY1","CBX5"
"8220","YY1","CCL13"
"8221","YY1","CCR5"
"8222","YY1","CETP"
"8223","YY1","CFTR"
"8224","YY1","COL1A2"
"8225","YY1","COX6A1"
"8226","YY1","COX7C"
"8227","YY1","CREBBP"
"8228","YY1","CTCF"
"8229","YY1","CXCR4"
"8230","YY1","CYP3A5"
"8231","YY1","DBH"
"8232","YY1","DEK"
"8233","YY1","DNAJB4"
"8234","YY1","EGFR"
"8235","YY1","EPAS1"
"8236","YY1","ERBB2"
"8237","YY1","ERCC5"
"8238","YY1","FAS"
"8239","YY1","FCER1A"
"8240","YY1","FCGR2B"
"8241","YY1","FCGR3B"
"8242","YY1","FDPS"
"8243","YY1","FMO3"
"8244","YY1","GBP1"
"8245","YY1","GDAP1"
"8246","YY1","GNAS"
"8247","YY1","HAS2"
"8248","YY1","HBE1"
"8249","YY1","HCFC1"
"8250","YY1","HDAC1"
"8251","YY1","HDAC2"
"8252","YY1","HDAC3"
"8253","YY1","HIF1A"
"8254","YY1","HLA-DRA"
"8255","YY1","HOXB13"
"8256","YY1","HOXB7"
"8257","YY1","HSD3B2"
"8258","YY1","HSPA5"
"8259","YY1","IFNB1"
"8260","YY1","IFNG"
"8261","YY1","IL1B"
"8262","YY1","IL4"
"8263","YY1","IL5"
"8264","YY1","INO80"
"8265","YY1","IRF7"
"8266","YY1","IVL"
"8267","YY1","KIR3DL1"
"8268","YY1","LDLR"
"8269","YY1","LRIG2"
"8270","YY1","LSS"
"8271","YY1","MUC4"
"8272","YY1","MYC"
"8273","YY1","NF1"
"8274","YY1","NOS2"
"8275","YY1","NR3C1"
"8276","YY1","OPRM1"
"8277","YY1","PARP1"
"8278","YY1","PCNA"
"8279","YY1","PDIA6"
"8280","YY1","PEG3"
"8281","YY1","POSTN"
"8282","YY1","PRDM2"
"8283","YY1","SAP30"
"8284","YY1","SLC26A3"
"8285","YY1","SMAD7"
"8286","YY1","SNRPN"
"8287","YY1","STAR"
"8288","YY1","SURF1"
"8289","YY1","SURF2"
"8290","YY1","TDO2"
"8291","YY1","TF"
"8292","YY1","TFAP2A"
"8293","YY1","TFRC"
"8294","YY1","TNFRSF10B"
"8295","YY1","TOP3A"
"8296","YY1","TP53"
"8297","YY1","TP73"
"8298","YY1","TSIX"
"8299","YY1","VEGFB"
"8300","YY1","VWF"
"8301","YY1","WDFY4"
"8302","YY1","ZNF175"
"8303","ZBTB14","FHL2"
"8304","ZBTB16","BCL2"
"8305","ZBTB16","BID"
"8306","ZBTB16","CCNA2"
"8307","ZBTB16","CEBPA"
"8308","ZBTB16","CRABP1"
"8309","ZBTB16","CXCR4"
"8310","ZBTB16","GFI1"
"8311","ZBTB16","ID2"
"8312","ZBTB16","LEF1"
"8313","ZBTB16","SOX9"
"8314","ZBTB17","CDKN1A"
"8315","ZBTB17","CDKN2B"
"8316","ZBTB2","ARF1"
"8317","ZBTB2","CDKN1A"
"8318","ZBTB2","MDM2"
"8319","ZBTB2","TP53"
"8320","ZBTB5","CDKN1A"
"8321","ZBTB7A","CDKN2A"
"8322","ZBTB7A","FOS"
"8323","ZBTB7A","MYC"
"8324","ZBTB7A","PFKP"
"8325","ZBTB7A","PKM"
"8326","ZBTB7A","SLC2A3"
"8327","ZEB1","AR"
"8328","ZEB1","BCL6"
"8329","ZEB1","CDH1"
"8330","ZEB1","COL4A3"
"8331","ZEB1","CXADR"
"8332","ZEB1","EPCAM"
"8333","ZEB1","GRHL2"
"8334","ZEB1","ITGB4"
"8335","ZEB1","LAMC2"
"8336","ZEB1","MUC1"
"8337","ZEB1","PKP3"
"8338","ZEB1","POU5F1"
"8339","ZEB1","SPRR1B"
"8340","ZEB2","CDH1"
"8341","ZEB2","CXADR"
"8342","ZEB2","ITGA5"
"8343","ZEB2","MEOX2"
"8344","ZEB2","POU5F1"
"8345","ZEB2","VIM"
"8346","ZFHX3","AFP"
"8347","ZFHX3","CDKN1A"
"8348","ZFHX3","MUC5AC"
"8349","ZFHX3","MYB"
"8350","ZFP36","CXCL8"
"8351","ZFP36","ELAVL1"
"8352","ZFP36","HIF1A"
"8353","ZFP36","IL2"
"8354","ZFP36","IL6"
"8355","ZFP36","LATS2"
"8356","ZFP36","SERPINB2"
"8357","ZFP36","VEGFA"
"8358","ZFP36L1","VEGFA"
"8359","ZHX2","AFP"
"8360","ZHX2","CCNA2"
"8361","ZHX2","CCNE1"
"8362","ZHX2","HNF1A"
"8363","ZIC1","BCL2L13"
"8364","ZIC1","EIF3M"
"8365","ZIC1","FAM57A"
"8366","ZIC1","JUND"
"8367","ZIC2","SLC13A4"
"8368","ZIC2","TCF4"
"8369","ZIC3","NPPA"
"8370","ZMYND11","IL6"
"8371","ZNF143","BUB1B"
"8372","ZNF143","ESCO2"
"8373","ZNF143","PCYT1A"
"8374","ZNF143","TALDO1"
"8375","ZNF148","ADORA2A"
"8376","ZNF148","CDKN2A"
"8377","ZNF148","CXCL5"
"8378","ZNF148","GAST"
"8379","ZNF148","IRS2"
"8380","ZNF148","MMP3"
"8381","ZNF148","ODC1"
"8382","ZNF148","SOX18"
"8383","ZNF148","VIM"
"8384","ZNF160","TLR4"
"8385","ZNF175","NTF3"
"8386","ZNF202","ABCA1"
"8387","ZNF202","AMACR"
"8388","ZNF202","POMGNT1"
"8389","ZNF217","CDH1"
"8390","ZNF224","ALDOA"
"8391","ZNF224","VDR"
"8392","ZNF239","RBP3"
"8393","ZNF24","CCND1"
"8394","ZNF24","CTNNB1"
"8395","ZNF24","MSLN"
"8396","ZNF24","PDGFRB"
"8397","ZNF24","VEGFA"
"8398","ZNF267","MMP10"
"8399","ZNF300","CDKN1A"
"8400","ZNF300","CDKN1B"
"8401","ZNF300","CXCL8"
"8402","ZNF300","IL6"
"8403","ZNF300","MYC"
"8404","ZNF335","REST"
"8405","ZNF350","ATXN2"
"8406","ZNF350","HMGA2"
"8407","ZNF350","RBBP8"
"8408","ZNF350","TRIM28"
"8409","ZNF382","CDK6"
"8410","ZNF382","HMGA2"
"8411","ZNF382","ID1"
"8412","ZNF382","IKBKE"
"8413","ZNF382","JUN"
"8414","ZNF382","MITF"
"8415","ZNF382","MYC"
"8416","ZNF382","NFKB1"
"8417","ZNF382","STAT3"
"8418","ZNF382","STAT5B"
"8419","ZNF383","JUN"
"8420","ZNF410","MMP1"
"8421","ZNF423","BRCA1"
"8422","ZNF444","SCARF1"
"8423","ZNF76","CDKN1A"
"8424","ZNF76","PCYT1A"
"8425","ZNF76","TALDO1"
"8426","ZNRD1","ABCB1"
"8427","ZNRD1","BCL2"
